code_stichtag|code_ags|desc_ags|code_geschlecht|fact_altenquotient|fact_alter_median
2020-12-31|DG|Deutschland||36.9|
2020-12-31|01|Schleswig-Holstein||40.0|
2020-12-31|02|Hamburg||28.8|
2020-12-31|03|Niedersachsen||37.9|
2020-12-31|04|Bremen||35.2|
2020-12-31|05|Nordrhein-Westfalen||35.8|
2020-12-31|06|Hessen||34.8|
2020-12-31|07|Rheinland-Pfalz||37.4|
2020-12-31|08|Baden-Württemberg||34.1|
2020-12-31|09|Bayern||34.1|
2020-12-31|10|Saarland||41.5|
2020-12-31|11|Berlin||30.9|
2020-12-31|12|Brandenburg||44.1|
2020-12-31|13|Mecklenburg-Vorpommern||45.1|
2020-12-31|14|Sachsen||47.8|
2020-12-31|15|Sachsen-Anhalt||48.8|
2020-12-31|16|Thüringen||47.4|
2020-12-31|01001|Flensburg, kreisfreie Stadt||32.9|
2020-12-31|01002|Kiel, kreisfreie Stadt||29.4|
2020-12-31|01003|Lübeck, kreisfreie Stadt, Hansestadt||39.5|
2020-12-31|01004|Neumünster, kreisfreie Stadt||38.9|
2020-12-31|01051|Dithmarschen, Kreis||44.4|
2020-12-31|01053|Herzogtum Lauenburg, Kreis||39.1|
2020-12-31|01054|Nordfriesland, Kreis||42.5|
2020-12-31|01055|Ostholstein, Kreis||50.1|
2020-12-31|01056|Pinneberg, Kreis||38.0|
2020-12-31|01057|Plön, Kreis||48.1|
2020-12-31|01058|Rendsburg-Eckernförde, Kreis||42.0|
2020-12-31|01059|Schleswig-Flensburg, Kreis||42.8|
2020-12-31|01060|Segeberg, Kreis||37.6|
2020-12-31|01061|Steinburg, Kreis||39.5|
2020-12-31|01062|Stormarn, Kreis||41.0|
2020-12-31|02000|Hamburg, kreisfreie Stadt, Freie und Hansestadt||28.8|
2020-12-31|03101|Braunschweig, kreisfreie Stadt||34.0|
2020-12-31|03102|Salzgitter, kreisfreie Stadt||40.8|
2020-12-31|03103|Wolfsburg, kreisfreie Stadt||38.1|
2020-12-31|03151|Gifhorn, Landkreis||34.8|
2020-12-31|03153|Goslar, Landkreis||48.9|
2020-12-31|03154|Helmstedt, Landkreis||40.6|
2020-12-31|03155|Northeim, Landkreis||45.4|
2020-12-31|03157|Peine, Landkreis||36.9|
2020-12-31|03158|Wolfenbüttel, Landkreis||41.4|
2020-12-31|03159|Göttingen, Landkreis||38.9|
2020-12-31|03241|Region Hannover, Landkreis||35.6|
2020-12-31|03241001|Hannover, Landeshauptstadt||30.0|
2020-12-31|03251|Diepholz, Landkreis||38.9|
2020-12-31|03252|Hameln-Pyrmont, Landkreis||45.5|
2020-12-31|03254|Hildesheim, Landkreis||40.4|
2020-12-31|03255|Holzminden, Landkreis||47.8|
2020-12-31|03256|Nienburg (Weser), Landkreis||39.0|
2020-12-31|03257|Schaumburg, Landkreis||43.3|
2020-12-31|03351|Celle, Landkreis||41.8|
2020-12-31|03352|Cuxhaven, Landkreis||46.0|
2020-12-31|03353|Harburg, Landkreis||38.7|
2020-12-31|03354|Lüchow-Dannenberg, Landkreis||52.3|
2020-12-31|03355|Lüneburg, Landkreis||34.3|
2020-12-31|03356|Osterholz, Landkreis||41.4|
2020-12-31|03357|Rotenburg (Wümme), Landkreis||36.8|
2020-12-31|03358|Heidekreis||38.9|
2020-12-31|03359|Stade, Landkreis||37.2|
2020-12-31|03360|Uelzen, Landkreis||45.2|
2020-12-31|03361|Verden, Landkreis||39.7|
2020-12-31|03401|Delmenhorst, kreisfreie Stadt||38.3|
2020-12-31|03402|Emden, kreisfreie Stadt||36.4|
2020-12-31|03403|Oldenburg (Oldenburg), kreisfreie Stadt||30.7|
2020-12-31|03404|Osnabrück, kreisfreie Stadt||29.3|
2020-12-31|03405|Wilhelmshaven, kreisfreie Stadt||45.8|
2020-12-31|03451|Ammerland, Landkreis||41.2|
2020-12-31|03452|Aurich, Landkreis||40.8|
2020-12-31|03453|Cloppenburg, Landkreis||27.7|
2020-12-31|03454|Emsland, Landkreis||32.6|
2020-12-31|03455|Friesland, Landkreis||47.5|
2020-12-31|03456|Grafschaft Bentheim, Landkreis||35.8|
2020-12-31|03457|Leer, Landkreis||37.1|
2020-12-31|03458|Oldenburg, Landkreis||37.0|
2020-12-31|03459|Osnabrück, Landkreis||36.2|
2020-12-31|03460|Vechta, Landkreis||27.3|
2020-12-31|03461|Wesermarsch, Landkreis||41.4|
2020-12-31|03462|Wittmund, Landkreis||44.1|
2020-12-31|04011|Bremen, kreisfreie Stadt||34.7|
2020-12-31|04012|Bremerhaven, kreisfreie Stadt||38.1|
2020-12-31|05111|Düsseldorf, kreisfreie Stadt||30.8|
2020-12-31|05112|Duisburg, kreisfreie Stadt||34.2|
2020-12-31|05113|Essen, kreisfreie Stadt||36.3|
2020-12-31|05114|Krefeld, kreisfreie Stadt||37.4|
2020-12-31|05116|Mönchengladbach, kreisfreie Stadt||35.5|
2020-12-31|05117|Mülheim an der Ruhr, kreisfreie Stadt||41.4|
2020-12-31|05119|Oberhausen, kreisfreie Stadt||37.5|
2020-12-31|05120|Remscheid, kreisfreie Stadt||37.6|
2020-12-31|05122|Solingen, kreisfreie Stadt||36.1|
2020-12-31|05124|Wuppertal, kreisfreie Stadt||34.8|
2020-12-31|05154|Kleve, Kreis||35.2|
2020-12-31|05158|Mettmann, Kreis||42.1|
2020-12-31|05162|Rhein-Kreis Neuss||38.1|
2020-12-31|05166|Viersen, Kreis||38.5|
2020-12-31|05170|Wesel, Kreis||41.2|
2020-12-31|05314|Bonn, kreisfreie Stadt||29.2|
2020-12-31|05315|Köln, kreisfreie Stadt||27.2|
2020-12-31|05316|Leverkusen, kreisfreie Stadt||36.9|
2020-12-31|05334|Städteregion Aachen, Kreis||33.5|
2020-12-31|05334002|Aachen, kreisfreie Stadt||28.2|
2020-12-31|05358|Düren, Kreis||36.6|
2020-12-31|05362|Rhein-Erft-Kreis||37.1|
2020-12-31|05366|Euskirchen, Kreis||37.6|
2020-12-31|05370|Heinsberg, Kreis||36.0|
2020-12-31|05374|Oberbergischer Kreis||37.3|
2020-12-31|05378|Rheinisch-Bergischer Kreis||41.0|
2020-12-31|05382|Rhein-Sieg-Kreis||37.6|
2020-12-31|05512|Bottrop, kreisfreie Stadt||38.8|
2020-12-31|05513|Gelsenkirchen, kreisfreie Stadt||35.2|
2020-12-31|05515|Münster, kreisfreie Stadt||26.9|
2020-12-31|05554|Borken, Kreis||32.6|
2020-12-31|05558|Coesfeld, Kreis||36.7|
2020-12-31|05562|Recklinghausen, Kreis||40.0|
2020-12-31|05566|Steinfurt, Kreis||34.3|
2020-12-31|05570|Warendorf, Kreis||37.1|
2020-12-31|05711|Bielefeld, kreisfreie Stadt||33.2|
2020-12-31|05754|Gütersloh, Kreis||33.6|
2020-12-31|05758|Herford, Kreis||38.7|
2020-12-31|05762|Höxter, Kreis||40.5|
2020-12-31|05766|Lippe, Kreis||40.2|
2020-12-31|05770|Minden-Lübbecke, Kreis||38.5|
2020-12-31|05774|Paderborn, Kreis||30.6|
2020-12-31|05911|Bochum, kreisfreie Stadt||36.6|
2020-12-31|05913|Dortmund, kreisfreie Stadt||34.0|
2020-12-31|05914|Hagen, kreisfreie Stadt||38.2|
2020-12-31|05915|Hamm, kreisfreie Stadt||35.9|
2020-12-31|05916|Herne, kreisfreie Stadt||36.7|
2020-12-31|05954|Ennepe-Ruhr-Kreis||41.2|
2020-12-31|05958|Hochsauerlandkreis||38.5|
2020-12-31|05962|Märkischer Kreis||38.4|
2020-12-31|05966|Olpe, Kreis||34.9|
2020-12-31|05970|Siegen-Wittgenstein, Kreis||37.1|
2020-12-31|05974|Soest, Kreis||37.1|
2020-12-31|05978|Unna, Kreis||39.8|
2020-12-31|06411|Darmstadt, kreisfreie Stadt, Wissenschaftsstadt||27.1|
2020-12-31|06412|Frankfurt am Main, kreisfreie Stadt||24.0|
2020-12-31|06413|Offenbach am Main, kreisfreie Stadt||26.1|
2020-12-31|06414|Wiesbaden, kreisfreie Stadt, Landeshauptstadt||33.6|
2020-12-31|06431|Bergstraße, Landkreis||38.5|
2020-12-31|06432|Darmstadt-Dieburg, Landkreis||35.8|
2020-12-31|06433|Groß-Gerau, Landkreis||32.2|
2020-12-31|06434|Hochtaunuskreis||39.9|
2020-12-31|06435|Main-Kinzig-Kreis||36.9|
2020-12-31|06436|Main-Taunus-Kreis||36.3|
2020-12-31|06437|Odenwaldkreis||41.9|
2020-12-31|06438|Offenbach, Landkreis||36.3|
2020-12-31|06439|Rheingau-Taunus-Kreis||40.2|
2020-12-31|06440|Wetteraukreis||36.0|
2020-12-31|06531|Gießen, Landkreis||31.6|
2020-12-31|06532|Lahn-Dill-Kreis||38.4|
2020-12-31|06533|Limburg-Weilburg, Landkreis||37.3|
2020-12-31|06534|Marburg-Biedenkopf, Landkreis||32.6|
2020-12-31|06535|Vogelsbergkreis||43.0|
2020-12-31|06611|Kassel, kreisfreie Stadt, documenta-Stadt||32.0|
2020-12-31|06631|Fulda, Landkreis||36.4|
2020-12-31|06632|Hersfeld-Rotenburg, Landkreis||42.6|
2020-12-31|06633|Kassel, Landkreis||44.2|
2020-12-31|06634|Schwalm-Eder-Kreis||40.4|
2020-12-31|06635|Waldeck-Frankenberg, Landkreis||40.8|
2020-12-31|06636|Werra-Meißner-Kreis||45.5|
2020-12-31|07111|Koblenz, kreisfreie Stadt||35.9|
2020-12-31|07131|Ahrweiler, Landkreis||43.7|
2020-12-31|07132|Altenkirchen (Westerwald), Landkreis||39.0|
2020-12-31|07133|Bad Kreuznach, Landkreis||41.3|
2020-12-31|07134|Birkenfeld, Landkreis||43.1|
2020-12-31|07135|Cochem-Zell, Landkreis||43.4|
2020-12-31|07137|Mayen-Koblenz, Landkreis||38.1|
2020-12-31|07138|Neuwied, Landkreis||38.9|
2020-12-31|07140|Rhein-Hunsrück-Kreis||40.1|
2020-12-31|07141|Rhein-Lahn-Kreis||40.7|
2020-12-31|07143|Westerwaldkreis||36.5|
2020-12-31|07211|Trier, kreisfreie Stadt||27.8|
2020-12-31|07231|Bernkastel-Wittlich, Landkreis||40.4|
2020-12-31|07232|Eifelkreis Bitburg-Prüm||35.3|
2020-12-31|07233|Vulkaneifel, Landkreis||43.3|
2020-12-31|07235|Trier-Saarburg, Landkreis||35.6|
2020-12-31|07311|Frankenthal (Pfalz), kreisfreie Stadt||39.6|
2020-12-31|07312|Kaiserslautern, kreisfreie Stadt||33.2|
2020-12-31|07313|Landau in der Pfalz, kreisfreie Stadt||31.4|
2020-12-31|07314|Ludwigshafen am Rhein, kreisfreie Stadt||31.1|
2020-12-31|07315|Mainz, kreisfreie Stadt||27.2|
2020-12-31|07316|Neustadt an der Weinstraße, kreisfreie Stadt||43.5|
2020-12-31|07317|Pirmasens, kreisfreie Stadt||45.6|
2020-12-31|07318|Speyer, kreisfreie Stadt||38.9|
2020-12-31|07319|Worms, kreisfreie Stadt||34.9|
2020-12-31|07320|Zweibrücken, kreisfreie Stadt||40.5|
2020-12-31|07331|Alzey-Worms, Landkreis||34.9|
2020-12-31|07332|Bad Dürkheim, Landkreis||42.6|
2020-12-31|07333|Donnersbergkreis||38.4|
2020-12-31|07334|Germersheim, Landkreis||34.0|
2020-12-31|07335|Kaiserslautern, Landkreis||38.6|
2020-12-31|07336|Kusel, Landkreis||42.8|
2020-12-31|07337|Südliche Weinstraße, Landkreis||40.9|
2020-12-31|07338|Rhein-Pfalz-Kreis||39.7|
2020-12-31|07339|Mainz-Bingen, Landkreis||36.2|
2020-12-31|07340|Südwestpfalz, Landkreis||44.9|
2020-12-31|08111|Stuttgart, Stadtkreis||28.0|
2020-12-31|08115|Böblingen, Landkreis||33.9|
2020-12-31|08116|Esslingen, Landkreis||34.4|
2020-12-31|08117|Göppingen, Landkreis||37.0|
2020-12-31|08118|Ludwigsburg, Landkreis||33.4|
2020-12-31|08119|Rems-Murr-Kreis, Landkreis||36.0|
2020-12-31|08121|Heilbronn, Stadtkreis||32.1|
2020-12-31|08125|Heilbronn, Landkreis||32.5|
2020-12-31|08126|Hohenlohekreis, Landkreis||33.0|
2020-12-31|08127|Schwäbisch Hall, Landkreis||32.7|
2020-12-31|08128|Main-Tauber-Kreis, Landkreis||39.6|
2020-12-31|08135|Heidenheim, Landkreis||37.8|
2020-12-31|08136|Ostalbkreis, Landkreis||35.2|
2020-12-31|08211|Baden-Baden, Stadtkreis||45.6|
2020-12-31|08212|Karlsruhe, Stadtkreis||29.1|
2020-12-31|08215|Karlsruhe, Landkreis||36.2|
2020-12-31|08216|Rastatt, Landkreis||37.2|
2020-12-31|08221|Heidelberg, Stadtkreis||25.7|
2020-12-31|08222|Mannheim, Stadtkreis||28.8|
2020-12-31|08225|Neckar-Odenwald-Kreis, Landkreis||37.3|
2020-12-31|08226|Rhein-Neckar-Kreis, Landkreis||37.1|
2020-12-31|08231|Pforzheim, Stadtkreis||33.7|
2020-12-31|08235|Calw, Landkreis||35.9|
2020-12-31|08236|Enzkreis, Landkreis||36.6|
2020-12-31|08237|Freudenstadt, Landkreis||35.5|
2020-12-31|08311|Freiburg im Breisgau, Stadtkreis||26.1|
2020-12-31|08315|Breisgau-Hochschwarzwald, Landkreis||38.6|
2020-12-31|08316|Emmendingen, Landkreis||36.6|
2020-12-31|08317|Ortenaukreis, Landkreis||36.1|
2020-12-31|08325|Rottweil, Landkreis||36.3|
2020-12-31|08326|Schwarzwald-Baar-Kreis, Landkreis||38.6|
2020-12-31|08327|Tuttlingen, Landkreis||33.3|
2020-12-31|08335|Konstanz, Landkreis||35.5|
2020-12-31|08336|Lörrach, Landkreis||34.9|
2020-12-31|08337|Waldshut, Landkreis||37.1|
2020-12-31|08415|Reutlingen, Landkreis||35.3|
2020-12-31|08416|Tübingen, Landkreis||28.7|
2020-12-31|08417|Zollernalbkreis, Landkreis||37.8|
2020-12-31|08421|Ulm, Stadtkreis||29.7|
2020-12-31|08425|Alb-Donau-Kreis, Landkreis||32.9|
2020-12-31|08426|Biberach, Landkreis||31.8|
2020-12-31|08435|Bodenseekreis, Landkreis||39.6|
2020-12-31|08436|Ravensburg, Landkreis||33.9|
2020-12-31|08437|Sigmaringen, Landkreis||35.2|
2020-12-31|09161|Ingolstadt, kreisfreie Stadt||29.9|
2020-12-31|09162|München, kreisfreie Stadt||26.9|
2020-12-31|09163|Rosenheim, kreisfreie Stadt||33.0|
2020-12-31|09171|Altötting, Landkreis||37.7|
2020-12-31|09172|Berchtesgadener Land, Landkreis||40.5|
2020-12-31|09173|Bad Tölz-Wolfratshausen, Landkreis||36.7|
2020-12-31|09174|Dachau, Landkreis||30.7|
2020-12-31|09175|Ebersberg, Landkreis||31.2|
2020-12-31|09176|Eichstätt, Landkreis||29.6|
2020-12-31|09177|Erding, Landkreis||27.7|
2020-12-31|09178|Freising, Landkreis||25.3|
2020-12-31|09179|Fürstenfeldbruck, Landkreis||37.3|
2020-12-31|09180|Garmisch-Partenkirchen, Landkreis||43.9|
2020-12-31|09181|Landsberg am Lech, Landkreis||34.1|
2020-12-31|09182|Miesbach, Landkreis||38.6|
2020-12-31|09183|Mühldorf a.Inn, Landkreis||33.4|
2020-12-31|09184|München, Landkreis||34.9|
2020-12-31|09185|Neuburg-Schrobenhausen, Landkreis||32.3|
2020-12-31|09186|Pfaffenhofen a.d.Ilm, Landkreis||30.0|
2020-12-31|09187|Rosenheim, Landkreis||36.9|
2020-12-31|09188|Starnberg, Landkreis||41.0|
2020-12-31|09189|Traunstein, Landkreis||39.3|
2020-12-31|09190|Weilheim-Schongau, Landkreis||37.9|
2020-12-31|09261|Landshut, kreisfreie Stadt||33.3|
2020-12-31|09262|Passau, kreisfreie Stadt||34.3|
2020-12-31|09263|Straubing, kreisfreie Stadt||35.2|
2020-12-31|09271|Deggendorf, Landkreis||34.4|
2020-12-31|09272|Freyung-Grafenau, Landkreis||37.8|
2020-12-31|09273|Kelheim, Landkreis||31.1|
2020-12-31|09274|Landshut, Landkreis||31.2|
2020-12-31|09275|Passau, Landkreis||38.3|
2020-12-31|09276|Regen, Landkreis||38.7|
2020-12-31|09277|Rottal-Inn, Landkreis||36.3|
2020-12-31|09278|Straubing-Bogen, Landkreis||33.1|
2020-12-31|09279|Dingolfing-Landau, Landkreis||31.4|
2020-12-31|09361|Amberg, kreisfreie Stadt||40.3|
2020-12-31|09362|Regensburg, kreisfreie Stadt||26.4|
2020-12-31|09363|Weiden i.d.OPf., kreisfreie Stadt||39.0|
2020-12-31|09371|Amberg-Sulzbach, Landkreis||36.0|
2020-12-31|09372|Cham, Landkreis||36.6|
2020-12-31|09373|Neumarkt i.d.OPf., Landkreis||32.0|
2020-12-31|09374|Neustadt a.d.Waldnaab, Landkreis||35.8|
2020-12-31|09375|Regensburg, Landkreis||33.1|
2020-12-31|09376|Schwandorf, Landkreis||34.5|
2020-12-31|09377|Tirschenreuth, Landkreis||39.1|
2020-12-31|09461|Bamberg, kreisfreie Stadt||30.7|
2020-12-31|09462|Bayreuth, kreisfreie Stadt||34.6|
2020-12-31|09463|Coburg, kreisfreie Stadt||39.8|
2020-12-31|09464|Hof, kreisfreie Stadt||42.3|
2020-12-31|09471|Bamberg, Landkreis||32.3|
2020-12-31|09472|Bayreuth, Landkreis||38.7|
2020-12-31|09473|Coburg, Landkreis||40.0|
2020-12-31|09474|Forchheim, Landkreis||34.9|
2020-12-31|09475|Hof, Landkreis||45.6|
2020-12-31|09476|Kronach, Landkreis||42.2|
2020-12-31|09477|Kulmbach, Landkreis||41.8|
2020-12-31|09478|Lichtenfels, Landkreis||39.0|
2020-12-31|09479|Wunsiedel i.Fichtelgebirge, Landkreis||46.5|
2020-12-31|09561|Ansbach, kreisfreie Stadt||36.5|
2020-12-31|09562|Erlangen, kreisfreie Stadt||27.6|
2020-12-31|09563|Fürth, kreisfreie Stadt||29.6|
2020-12-31|09564|Nürnberg, kreisfreie Stadt||32.6|
2020-12-31|09565|Schwabach, kreisfreie Stadt||36.6|
2020-12-31|09571|Ansbach, Landkreis||34.0|
2020-12-31|09572|Erlangen-Höchstadt, Landkreis||35.6|
2020-12-31|09573|Fürth, Landkreis||39.8|
2020-12-31|09574|Nürnberger Land, Landkreis||38.4|
2020-12-31|09575|Neustadt a.d.Aisch-Bad Windsheim, Landkreis||35.9|
2020-12-31|09576|Roth, Landkreis||35.9|
2020-12-31|09577|Weißenburg-Gunzenhausen, Landkreis||37.7|
2020-12-31|09661|Aschaffenburg, kreisfreie Stadt||34.5|
2020-12-31|09662|Schweinfurt, kreisfreie Stadt||41.6|
2020-12-31|09663|Würzburg, kreisfreie Stadt||31.3|
2020-12-31|09671|Aschaffenburg, Landkreis||37.1|
2020-12-31|09672|Bad Kissingen, Landkreis||43.9|
2020-12-31|09673|Rhön-Grabfeld, Landkreis||39.3|
2020-12-31|09674|Haßberge, Landkreis||36.4|
2020-12-31|09675|Kitzingen, Landkreis||35.1|
2020-12-31|09676|Miltenberg, Landkreis||37.0|
2020-12-31|09677|Main-Spessart, Landkreis||40.5|
2020-12-31|09678|Schweinfurt, Landkreis||37.7|
2020-12-31|09679|Würzburg, Landkreis||37.2|
2020-12-31|09761|Augsburg, kreisfreie Stadt||30.9|
2020-12-31|09762|Kaufbeuren, kreisfreie Stadt||39.1|
2020-12-31|09763|Kempten (Allgäu), kreisfreie Stadt||37.3|
2020-12-31|09764|Memmingen, kreisfreie Stadt||36.8|
2020-12-31|09771|Aichach-Friedberg, Landkreis||33.7|
2020-12-31|09772|Augsburg, Landkreis||35.2|
2020-12-31|09773|Dillingen a.d.Donau, Landkreis||34.4|
2020-12-31|09774|Günzburg, Landkreis||32.6|
2020-12-31|09775|Neu-Ulm, Landkreis||34.2|
2020-12-31|09776|Lindau (Bodensee), Landkreis||38.8|
2020-12-31|09777|Ostallgäu, Landkreis||36.6|
2020-12-31|09778|Unterallgäu, Landkreis||36.1|
2020-12-31|09779|Donau-Ries, Landkreis||33.7|
2020-12-31|09780|Oberallgäu, Landkreis||39.5|
2020-12-31|10041|Saarbrücken, Regionalverband||39.5|
2020-12-31|10041100|Saarbrücken, Landeshauptstadt||35.7|
2020-12-31|10042|Merzig-Wadern, Landkreis||39.7|
2020-12-31|10043|Neunkirchen, Landkreis||42.4|
2020-12-31|10044|Saarlouis, Landkreis||42.3|
2020-12-31|10045|Saarpfalz-Kreis||44.2|
2020-12-31|10046|St. Wendel, Landkreis||43.8|
2020-12-31|11000|Berlin, kreisfreie Stadt||30.9|
2020-12-31|11001001|Berlin-Mitte|||
2020-12-31|11002002|Berlin-Friedrichshain-Kreuzberg|||
2020-12-31|11003003|Berlin-Pankow|||
2020-12-31|11004004|Berlin-Charlottenburg-Wilmersdorf|||
2020-12-31|11005005|Berlin-Spandau|||
2020-12-31|11006006|Berlin-Steglitz-Zehlendorf|||
2020-12-31|11007007|Berlin-Tempelhof-Schöneberg|||
2020-12-31|11008008|Berlin-Neukölln|||
2020-12-31|11009009|Berlin-Treptow-Köpenick|||
2020-12-31|11010010|Berlin-Marzahn-Hellersdorf|||
2020-12-31|11011011|Berlin-Lichtenberg|||
2020-12-31|11012012|Berlin-Reinickendorf|||
2020-12-31|12051|Brandenburg an der Havel, kreisfreie Stadt||50.1|
2020-12-31|12052|Cottbus, kreisfreie Stadt||46.3|
2020-12-31|12053|Frankfurt (Oder), kreisfreie Stadt||48.1|
2020-12-31|12054|Potsdam, kreisfreie Stadt||32.7|
2020-12-31|12060|Barnim, Landkreis||42.1|
2020-12-31|12061|Dahme-Spreewald, Landkreis||42.3|
2020-12-31|12062|Elbe-Elster, Landkreis||52.7|
2020-12-31|12063|Havelland, Landkreis||39.4|
2020-12-31|12064|Märkisch-Oderland, Landkreis||42.9|
2020-12-31|12065|Oberhavel, Landkreis||40.5|
2020-12-31|12066|Oberspreewald-Lausitz, Landkreis||53.7|
2020-12-31|12067|Oder-Spree, Landkreis||49.6|
2020-12-31|12068|Ostprignitz-Ruppin, Landkreis||47.2|
2020-12-31|12069|Potsdam-Mittelmark, Landkreis||40.3|
2020-12-31|12070|Prignitz, Landkreis||52.2|
2020-12-31|12071|Spree-Neiße, Landkreis||52.5|
2020-12-31|12072|Teltow-Fläming, Landkreis||38.8|
2020-12-31|12073|Uckermark, Landkreis||52.4|
2020-12-31|13003|Rostock, kreisfreie Stadt||41.0|
2020-12-31|13004|Schwerin, kreisfreie Stadt||47.5|
2020-12-31|13071|Mecklenburgische Seenplatte, Landkreis||48.5|
2020-12-31|13072|Landkreis Rostock||44.0|
2020-12-31|13073|Vorpommern-Rügen, Landkreis||47.9|
2020-12-31|13074|Nordwestmecklenburg, Landkreis||42.5|
2020-12-31|13075|Vorpommern-Greifswald, Landkreis||46.1|
2020-12-31|13076|Ludwigslust-Parchim, Landkreis||43.4|
2020-12-31|14511|Chemnitz, kreisfreie Stadt||51.4|
2020-12-31|14521|Erzgebirgskreis||58.1|
2020-12-31|14522|Mittelsachsen, Landkreis||53.2|
2020-12-31|14523|Vogtlandkreis||57.9|
2020-12-31|14524|Zwickau, Landkreis||55.9|
2020-12-31|14612|Dresden, kreisfreie Stadt||37.4|
2020-12-31|14625|Bautzen, Landkreis||52.1|
2020-12-31|14626|Görlitz, Landkreis||57.5|
2020-12-31|14627|Meißen, Landkreis||52.2|
2020-12-31|14628|Sächsische Schweiz-Osterzgebirge, Landkreis||52.1|
2020-12-31|14713|Leipzig, kreisfreie Stadt||33.0|
2020-12-31|14729|Leipzig, Landkreis||49.2|
2020-12-31|14730|Nordsachsen, Landkreis||47.0|
2020-12-31|15001|Dessau-Roßlau, kreisfreie Stadt||61.4|
2020-12-31|15002|Halle (Saale), kreisfreie Stadt||42.7|
2020-12-31|15003|Magdeburg, kreisfreie Stadt, Landeshauptstadt||42.8|
2020-12-31|15081|Altmarkkreis Salzwedel||44.2|
2020-12-31|15082|Anhalt-Bitterfeld, Landkreis||52.0|
2020-12-31|15083|Börde, Landkreis||42.9|
2020-12-31|15084|Burgenlandkreis||52.1|
2020-12-31|15085|Harz, Landkreis||52.7|
2020-12-31|15086|Jerichower Land, Landkreis||47.3|
2020-12-31|15087|Mansfeld-Südharz, Landkreis||56.6|
2020-12-31|15088|Saalekreis||47.0|
2020-12-31|15089|Salzlandkreis||51.9|
2020-12-31|15090|Stendal, Landkreis||47.3|
2020-12-31|15091|Wittenberg, Landkreis||54.0|
2020-12-31|16051|Erfurt, kreisfreie Stadt||38.6|
2020-12-31|16052|Gera, kreisfreie Stadt||56.5|
2020-12-31|16053|Jena, kreisfreie Stadt||36.1|
2020-12-31|16054|Suhl, kreisfreie Stadt||63.0|
2020-12-31|16055|Weimar, kreisfreie Stadt||40.9|
2020-12-31|16056|Eisenach, kreisfreie Stadt||46.8|
2020-12-31|16061|Eichsfeld, Landkreis||44.3|
2020-12-31|16062|Nordhausen, Landkreis||49.4|
2020-12-31|16063|Wartburgkreis||46.8|
2020-12-31|16064|Unstrut-Hainich-Kreis||46.8|
2020-12-31|16065|Kyffhäuserkreis||51.5|
2020-12-31|16066|Schmalkalden-Meiningen, Landkreis||48.5|
2020-12-31|16067|Gotha, Landkreis||45.7|
2020-12-31|16068|Sömmerda, Landkreis||45.8|
2020-12-31|16069|Hildburghausen, Landkreis||45.1|
2020-12-31|16070|Ilm-Kreis||47.3|
2020-12-31|16071|Weimarer Land, Landkreis||44.3|
2020-12-31|16072|Sonneberg, Landkreis||51.9|
2020-12-31|16073|Saalfeld-Rudolstadt, Landkreis||55.2|
2020-12-31|16074|Saale-Holzland-Kreis||48.2|
2020-12-31|16075|Saale-Orla-Kreis||49.9|
2020-12-31|16076|Greiz, Landkreis||56.7|
2020-12-31|16077|Altenburger Land, Landkreis||59.2|
2020-12-31|010|Schleswig-Holstein||40.0|
2020-12-31|020|Hamburg||28.8|
2020-12-31|031|Braunschweig, Statistische Region||39.1|
2020-12-31|032|Hannover, Statistische Region||38.3|
2020-12-31|033|Lüneburg, Statistische Region||40.0|
2020-12-31|034|Weser-Ems, Statistische Region||35.5|
2020-12-31|040|Bremen||35.2|
2020-12-31|051|Düsseldorf, Regierungsbezirk||36.7|
2020-12-31|053|Köln, Regierungsbezirk||33.7|
2020-12-31|055|Münster, Regierungsbezirk||35.2|
2020-12-31|057|Detmold, Regierungsbezirk||35.9|
2020-12-31|059|Arnsberg, Regierungsbezirk||37.3|
2020-12-31|064|Darmstadt, Regierungsbezirk||33.2|
2020-12-31|065|Gießen, Regierungsbezirk||35.5|
2020-12-31|066|Kassel, Regierungsbezirk||39.6|
2020-12-31|071|Koblenz, Statistische Region||39.5|
2020-12-31|072|Trier, Statistische Region||35.6|
2020-12-31|073|Rheinhessen-Pfalz, Statistische Region||36.5|
2020-12-31|081|Stuttgart, Regierungsbezirk||33.5|
2020-12-31|082|Karlsruhe, Regierungsbezirk||34.2|
2020-12-31|083|Freiburg, Regierungsbezirk||35.3|
2020-12-31|084|Tübingen, Regierungsbezirk||33.9|
2020-12-31|091|Oberbayern, Regierungsbezirk||31.9|
2020-12-31|092|Niederbayern, Regierungsbezirk||34.5|
2020-12-31|093|Oberpfalz, Regierungsbezirk||33.9|
2020-12-31|094|Oberfranken, Regierungsbezirk||38.3|
2020-12-31|095|Mittelfranken, Regierungsbezirk||34.3|
2020-12-31|096|Unterfranken, Regierungsbezirk||37.4|
2020-12-31|097|Schwaben, Regierungsbezirk||34.8|
2020-12-31|100|Saarland, Regierungsbezirk||41.5|
2020-12-31|110|Berlin||30.9|
2020-12-31|120|Brandenburg||44.1|
2020-12-31|130|Mecklenburg-Vorpommern, Statistische Region||45.1|
2020-12-31|145|Chemnitz, Statistische Region||55.3|
2020-12-31|146|Dresden, Statistische Region||47.5|
2020-12-31|147|Leipzig, Statistische Region||39.2|
2020-12-31|150|Sachsen-Anhalt||48.8|
2020-12-31|160|Thüringen||47.4|
2021-12-31|DG|Deutschland||37.3|
2021-12-31|01|Schleswig-Holstein||40.3|
2021-12-31|02|Hamburg||28.8|
2021-12-31|03|Niedersachsen||38.4|
2021-12-31|04|Bremen||35.5|
2021-12-31|05|Nordrhein-Westfalen||36.2|
2021-12-31|06|Hessen||35.3|
2021-12-31|07|Rheinland-Pfalz||38.1|
2021-12-31|08|Baden-Württemberg||34.7|
2021-12-31|09|Bayern||34.6|
2021-12-31|10|Saarland||42.3|
2021-12-31|11|Berlin||30.8|
2021-12-31|12|Brandenburg||44.9|
2021-12-31|13|Mecklenburg-Vorpommern||46.3|
2021-12-31|14|Sachsen||48.2|
2021-12-31|15|Sachsen-Anhalt||49.5|
2021-12-31|16|Thüringen||48.3|
2021-12-31|01001|Flensburg, kreisfreie Stadt||32.6|
2021-12-31|01002|Kiel, kreisfreie Stadt||29.6|
2021-12-31|01003|Lübeck, kreisfreie Stadt, Hansestadt||39.5|
2021-12-31|01004|Neumünster, kreisfreie Stadt||39.4|
2021-12-31|01051|Dithmarschen, Kreis||44.8|
2021-12-31|01053|Herzogtum Lauenburg, Kreis||39.3|
2021-12-31|01054|Nordfriesland, Kreis||43.0|
2021-12-31|01055|Ostholstein, Kreis||50.6|
2021-12-31|01056|Pinneberg, Kreis||38.2|
2021-12-31|01057|Plön, Kreis||48.7|
2021-12-31|01058|Rendsburg-Eckernförde, Kreis||42.4|
2021-12-31|01059|Schleswig-Flensburg, Kreis||43.3|
2021-12-31|01060|Segeberg, Kreis||37.8|
2021-12-31|01061|Steinburg, Kreis||39.9|
2021-12-31|01062|Stormarn, Kreis||41.4|
2021-12-31|02000|Hamburg, kreisfreie Stadt, Freie und Hansestadt||28.8|
2021-12-31|03101|Braunschweig, kreisfreie Stadt||34.1|
2021-12-31|03102|Salzgitter, kreisfreie Stadt||41.0|
2021-12-31|03103|Wolfsburg, kreisfreie Stadt||38.6|
2021-12-31|03151|Gifhorn, Landkreis||35.6|
2021-12-31|03153|Goslar, Landkreis||49.1|
2021-12-31|03154|Helmstedt, Landkreis||41.2|
2021-12-31|03155|Northeim, Landkreis||46.2|
2021-12-31|03157|Peine, Landkreis||37.4|
2021-12-31|03158|Wolfenbüttel, Landkreis||42.2|
2021-12-31|03159|Göttingen, Landkreis||39.4|
2021-12-31|03241|Region Hannover, Landkreis||35.9|
2021-12-31|03241001|Hannover, Landeshauptstadt||30.2|
2021-12-31|03251|Diepholz, Landkreis||39.4|
2021-12-31|03252|Hameln-Pyrmont, Landkreis||45.8|
2021-12-31|03254|Hildesheim, Landkreis||40.9|
2021-12-31|03255|Holzminden, Landkreis||48.1|
2021-12-31|03256|Nienburg (Weser), Landkreis||39.4|
2021-12-31|03257|Schaumburg, Landkreis||43.8|
2021-12-31|03351|Celle, Landkreis||42.2|
2021-12-31|03352|Cuxhaven, Landkreis||46.7|
2021-12-31|03353|Harburg, Landkreis||38.9|
2021-12-31|03354|Lüchow-Dannenberg, Landkreis||52.7|
2021-12-31|03355|Lüneburg, Landkreis||34.7|
2021-12-31|03356|Osterholz, Landkreis||42.2|
2021-12-31|03357|Rotenburg (Wümme), Landkreis||37.4|
2021-12-31|03358|Heidekreis||39.1|
2021-12-31|03359|Stade, Landkreis||37.6|
2021-12-31|03360|Uelzen, Landkreis||45.7|
2021-12-31|03361|Verden, Landkreis||40.1|
2021-12-31|03401|Delmenhorst, kreisfreie Stadt||38.7|
2021-12-31|03402|Emden, kreisfreie Stadt||36.4|
2021-12-31|03403|Oldenburg (Oldenburg), kreisfreie Stadt||31.2|
2021-12-31|03404|Osnabrück, kreisfreie Stadt||29.4|
2021-12-31|03405|Wilhelmshaven, kreisfreie Stadt||46.0|
2021-12-31|03451|Ammerland, Landkreis||41.9|
2021-12-31|03452|Aurich, Landkreis||41.8|
2021-12-31|03453|Cloppenburg, Landkreis||28.2|
2021-12-31|03454|Emsland, Landkreis||33.2|
2021-12-31|03455|Friesland, Landkreis||48.1|
2021-12-31|03456|Grafschaft Bentheim, Landkreis||36.4|
2021-12-31|03457|Leer, Landkreis||37.8|
2021-12-31|03458|Oldenburg, Landkreis||37.5|
2021-12-31|03459|Osnabrück, Landkreis||36.8|
2021-12-31|03460|Vechta, Landkreis||27.9|
2021-12-31|03461|Wesermarsch, Landkreis||41.7|
2021-12-31|03462|Wittmund, Landkreis||44.9|
2021-12-31|04011|Bremen, kreisfreie Stadt||35.0|
2021-12-31|04012|Bremerhaven, kreisfreie Stadt||38.1|
2021-12-31|05111|Düsseldorf, kreisfreie Stadt||30.8|
2021-12-31|05112|Duisburg, kreisfreie Stadt||34.6|
2021-12-31|05113|Essen, kreisfreie Stadt||36.4|
2021-12-31|05114|Krefeld, kreisfreie Stadt||37.6|
2021-12-31|05116|Mönchengladbach, kreisfreie Stadt||35.7|
2021-12-31|05117|Mülheim an der Ruhr, kreisfreie Stadt||41.8|
2021-12-31|05119|Oberhausen, kreisfreie Stadt||38.0|
2021-12-31|05120|Remscheid, kreisfreie Stadt||37.5|
2021-12-31|05122|Solingen, kreisfreie Stadt||36.3|
2021-12-31|05124|Wuppertal, kreisfreie Stadt||34.9|
2021-12-31|05154|Kleve, Kreis||35.8|
2021-12-31|05158|Mettmann, Kreis||42.3|
2021-12-31|05162|Rhein-Kreis Neuss||38.7|
2021-12-31|05166|Viersen, Kreis||39.2|
2021-12-31|05170|Wesel, Kreis||42.0|
2021-12-31|05314|Bonn, kreisfreie Stadt||29.6|
2021-12-31|05315|Köln, kreisfreie Stadt||27.5|
2021-12-31|05316|Leverkusen, kreisfreie Stadt||37.2|
2021-12-31|05334|Städteregion Aachen, Kreis||33.9|
2021-12-31|05334002|Aachen, kreisfreie Stadt||28.3|
2021-12-31|05358|Düren, Kreis||37.3|
2021-12-31|05362|Rhein-Erft-Kreis||37.6|
2021-12-31|05366|Euskirchen, Kreis||38.1|
2021-12-31|05370|Heinsberg, Kreis||36.7|
2021-12-31|05374|Oberbergischer Kreis||37.8|
2021-12-31|05378|Rheinisch-Bergischer Kreis||41.6|
2021-12-31|05382|Rhein-Sieg-Kreis||38.3|
2021-12-31|05512|Bottrop, kreisfreie Stadt||39.5|
2021-12-31|05513|Gelsenkirchen, kreisfreie Stadt||35.4|
2021-12-31|05515|Münster, kreisfreie Stadt||27.2|
2021-12-31|05554|Borken, Kreis||33.1|
2021-12-31|05558|Coesfeld, Kreis||37.7|
2021-12-31|05562|Recklinghausen, Kreis||40.7|
2021-12-31|05566|Steinfurt, Kreis||34.8|
2021-12-31|05570|Warendorf, Kreis||37.8|
2021-12-31|05711|Bielefeld, kreisfreie Stadt||33.4|
2021-12-31|05754|Gütersloh, Kreis||34.1|
2021-12-31|05758|Herford, Kreis||39.1|
2021-12-31|05762|Höxter, Kreis||41.3|
2021-12-31|05766|Lippe, Kreis||40.8|
2021-12-31|05770|Minden-Lübbecke, Kreis||39.0|
2021-12-31|05774|Paderborn, Kreis||31.5|
2021-12-31|05911|Bochum, kreisfreie Stadt||37.2|
2021-12-31|05913|Dortmund, kreisfreie Stadt||34.2|
2021-12-31|05914|Hagen, kreisfreie Stadt||38.2|
2021-12-31|05915|Hamm, kreisfreie Stadt||36.2|
2021-12-31|05916|Herne, kreisfreie Stadt||36.8|
2021-12-31|05954|Ennepe-Ruhr-Kreis||41.9|
2021-12-31|05958|Hochsauerlandkreis||39.1|
2021-12-31|05962|Märkischer Kreis||38.8|
2021-12-31|05966|Olpe, Kreis||35.6|
2021-12-31|05970|Siegen-Wittgenstein, Kreis||37.7|
2021-12-31|05974|Soest, Kreis||37.7|
2021-12-31|05978|Unna, Kreis||40.5|
2021-12-31|06411|Darmstadt, kreisfreie Stadt, Wissenschaftsstadt||27.3|
2021-12-31|06412|Frankfurt am Main, kreisfreie Stadt||24.3|
2021-12-31|06413|Offenbach am Main, kreisfreie Stadt||26.3|
2021-12-31|06414|Wiesbaden, kreisfreie Stadt, Landeshauptstadt||33.7|
2021-12-31|06431|Bergstraße, Landkreis||39.3|
2021-12-31|06432|Darmstadt-Dieburg, Landkreis||36.6|
2021-12-31|06433|Groß-Gerau, Landkreis||32.7|
2021-12-31|06434|Hochtaunuskreis||40.4|
2021-12-31|06435|Main-Kinzig-Kreis||37.4|
2021-12-31|06436|Main-Taunus-Kreis||36.7|
2021-12-31|06437|Odenwaldkreis||42.7|
2021-12-31|06438|Offenbach, Landkreis||36.7|
2021-12-31|06439|Rheingau-Taunus-Kreis||41.1|
2021-12-31|06440|Wetteraukreis||36.6|
2021-12-31|06531|Gießen, Landkreis||32.2|
2021-12-31|06532|Lahn-Dill-Kreis||39.1|
2021-12-31|06533|Limburg-Weilburg, Landkreis||37.9|
2021-12-31|06534|Marburg-Biedenkopf, Landkreis||33.2|
2021-12-31|06535|Vogelsbergkreis||43.9|
2021-12-31|06611|Kassel, kreisfreie Stadt, documenta-Stadt||32.3|
2021-12-31|06631|Fulda, Landkreis||36.8|
2021-12-31|06632|Hersfeld-Rotenburg, Landkreis||43.1|
2021-12-31|06633|Kassel, Landkreis||44.7|
2021-12-31|06634|Schwalm-Eder-Kreis||41.0|
2021-12-31|06635|Waldeck-Frankenberg, Landkreis||41.3|
2021-12-31|06636|Werra-Meißner-Kreis||45.8|
2021-12-31|07111|Koblenz, kreisfreie Stadt||36.2|
2021-12-31|07131|Ahrweiler, Landkreis||43.6|
2021-12-31|07132|Altenkirchen (Westerwald), Landkreis||39.4|
2021-12-31|07133|Bad Kreuznach, Landkreis||42.0|
2021-12-31|07134|Birkenfeld, Landkreis||43.7|
2021-12-31|07135|Cochem-Zell, Landkreis||44.1|
2021-12-31|07137|Mayen-Koblenz, Landkreis||38.9|
2021-12-31|07138|Neuwied, Landkreis||39.6|
2021-12-31|07140|Rhein-Hunsrück-Kreis||40.9|
2021-12-31|07141|Rhein-Lahn-Kreis||41.3|
2021-12-31|07143|Westerwaldkreis||37.1|
2021-12-31|07211|Trier, kreisfreie Stadt||28.3|
2021-12-31|07231|Bernkastel-Wittlich, Landkreis||41.1|
2021-12-31|07232|Eifelkreis Bitburg-Prüm||35.9|
2021-12-31|07233|Vulkaneifel, Landkreis||43.8|
2021-12-31|07235|Trier-Saarburg, Landkreis||36.5|
2021-12-31|07311|Frankenthal (Pfalz), kreisfreie Stadt||39.9|
2021-12-31|07312|Kaiserslautern, kreisfreie Stadt||33.6|
2021-12-31|07313|Landau in der Pfalz, kreisfreie Stadt||32.0|
2021-12-31|07314|Ludwigshafen am Rhein, kreisfreie Stadt||31.5|
2021-12-31|07315|Mainz, kreisfreie Stadt||27.6|
2021-12-31|07316|Neustadt an der Weinstraße, kreisfreie Stadt||43.8|
2021-12-31|07317|Pirmasens, kreisfreie Stadt||45.8|
2021-12-31|07318|Speyer, kreisfreie Stadt||40.1|
2021-12-31|07319|Worms, kreisfreie Stadt||35.4|
2021-12-31|07320|Zweibrücken, kreisfreie Stadt||41.1|
2021-12-31|07331|Alzey-Worms, Landkreis||35.9|
2021-12-31|07332|Bad Dürkheim, Landkreis||43.5|
2021-12-31|07333|Donnersbergkreis||39.4|
2021-12-31|07334|Germersheim, Landkreis||34.9|
2021-12-31|07335|Kaiserslautern, Landkreis||39.8|
2021-12-31|07336|Kusel, Landkreis||44.3|
2021-12-31|07337|Südliche Weinstraße, Landkreis||41.6|
2021-12-31|07338|Rhein-Pfalz-Kreis||40.4|
2021-12-31|07339|Mainz-Bingen, Landkreis||37.2|
2021-12-31|07340|Südwestpfalz, Landkreis||46.1|
2021-12-31|08111|Stuttgart, Stadtkreis||28.4|
2021-12-31|08115|Böblingen, Landkreis||34.7|
2021-12-31|08116|Esslingen, Landkreis||34.9|
2021-12-31|08117|Göppingen, Landkreis||37.6|
2021-12-31|08118|Ludwigsburg, Landkreis||34.0|
2021-12-31|08119|Rems-Murr-Kreis, Landkreis||36.6|
2021-12-31|08121|Heilbronn, Stadtkreis||32.2|
2021-12-31|08125|Heilbronn, Landkreis||33.1|
2021-12-31|08126|Hohenlohekreis, Landkreis||33.8|
2021-12-31|08127|Schwäbisch Hall, Landkreis||33.3|
2021-12-31|08128|Main-Tauber-Kreis, Landkreis||40.2|
2021-12-31|08135|Heidenheim, Landkreis||38.2|
2021-12-31|08136|Ostalbkreis, Landkreis||35.9|
2021-12-31|08211|Baden-Baden, Stadtkreis||46.1|
2021-12-31|08212|Karlsruhe, Stadtkreis||29.5|
2021-12-31|08215|Karlsruhe, Landkreis||36.8|
2021-12-31|08216|Rastatt, Landkreis||38.0|
2021-12-31|08221|Heidelberg, Stadtkreis||26.1|
2021-12-31|08222|Mannheim, Stadtkreis||28.7|
2021-12-31|08225|Neckar-Odenwald-Kreis, Landkreis||38.4|
2021-12-31|08226|Rhein-Neckar-Kreis, Landkreis||37.8|
2021-12-31|08231|Pforzheim, Stadtkreis||34.2|
2021-12-31|08235|Calw, Landkreis||36.4|
2021-12-31|08236|Enzkreis, Landkreis||37.2|
2021-12-31|08237|Freudenstadt, Landkreis||36.0|
2021-12-31|08311|Freiburg im Breisgau, Stadtkreis||26.6|
2021-12-31|08315|Breisgau-Hochschwarzwald, Landkreis||39.6|
2021-12-31|08316|Emmendingen, Landkreis||37.4|
2021-12-31|08317|Ortenaukreis, Landkreis||36.6|
2021-12-31|08325|Rottweil, Landkreis||36.9|
2021-12-31|08326|Schwarzwald-Baar-Kreis, Landkreis||39.2|
2021-12-31|08327|Tuttlingen, Landkreis||33.7|
2021-12-31|08335|Konstanz, Landkreis||36.1|
2021-12-31|08336|Lörrach, Landkreis||35.6|
2021-12-31|08337|Waldshut, Landkreis||38.0|
2021-12-31|08415|Reutlingen, Landkreis||35.9|
2021-12-31|08416|Tübingen, Landkreis||29.4|
2021-12-31|08417|Zollernalbkreis, Landkreis||38.3|
2021-12-31|08421|Ulm, Stadtkreis||29.8|
2021-12-31|08425|Alb-Donau-Kreis, Landkreis||33.6|
2021-12-31|08426|Biberach, Landkreis||32.6|
2021-12-31|08435|Bodenseekreis, Landkreis||40.2|
2021-12-31|08436|Ravensburg, Landkreis||34.4|
2021-12-31|08437|Sigmaringen, Landkreis||35.8|
2021-12-31|09161|Ingolstadt, kreisfreie Stadt||30.1|
2021-12-31|09162|München, kreisfreie Stadt||26.9|
2021-12-31|09163|Rosenheim, kreisfreie Stadt||33.1|
2021-12-31|09171|Altötting, Landkreis||38.0|
2021-12-31|09172|Berchtesgadener Land, Landkreis||40.6|
2021-12-31|09173|Bad Tölz-Wolfratshausen, Landkreis||37.3|
2021-12-31|09174|Dachau, Landkreis||31.3|
2021-12-31|09175|Ebersberg, Landkreis||31.6|
2021-12-31|09176|Eichstätt, Landkreis||30.5|
2021-12-31|09177|Erding, Landkreis||28.3|
2021-12-31|09178|Freising, Landkreis||25.7|
2021-12-31|09179|Fürstenfeldbruck, Landkreis||37.7|
2021-12-31|09180|Garmisch-Partenkirchen, Landkreis||44.1|
2021-12-31|09181|Landsberg am Lech, Landkreis||34.7|
2021-12-31|09182|Miesbach, Landkreis||39.0|
2021-12-31|09183|Mühldorf a.Inn, Landkreis||33.7|
2021-12-31|09184|München, Landkreis||35.3|
2021-12-31|09185|Neuburg-Schrobenhausen, Landkreis||32.8|
2021-12-31|09186|Pfaffenhofen a.d.Ilm, Landkreis||30.7|
2021-12-31|09187|Rosenheim, Landkreis||37.3|
2021-12-31|09188|Starnberg, Landkreis||41.4|
2021-12-31|09189|Traunstein, Landkreis||39.7|
2021-12-31|09190|Weilheim-Schongau, Landkreis||38.4|
2021-12-31|09261|Landshut, kreisfreie Stadt||33.7|
2021-12-31|09262|Passau, kreisfreie Stadt||34.4|
2021-12-31|09263|Straubing, kreisfreie Stadt||35.4|
2021-12-31|09271|Deggendorf, Landkreis||34.6|
2021-12-31|09272|Freyung-Grafenau, Landkreis||38.5|
2021-12-31|09273|Kelheim, Landkreis||31.9|
2021-12-31|09274|Landshut, Landkreis||31.9|
2021-12-31|09275|Passau, Landkreis||39.2|
2021-12-31|09276|Regen, Landkreis||39.6|
2021-12-31|09277|Rottal-Inn, Landkreis||36.7|
2021-12-31|09278|Straubing-Bogen, Landkreis||33.8|
2021-12-31|09279|Dingolfing-Landau, Landkreis||31.9|
2021-12-31|09361|Amberg, kreisfreie Stadt||40.6|
2021-12-31|09362|Regensburg, kreisfreie Stadt||26.3|
2021-12-31|09363|Weiden i.d.OPf., kreisfreie Stadt||39.1|
2021-12-31|09371|Amberg-Sulzbach, Landkreis||36.8|
2021-12-31|09372|Cham, Landkreis||37.2|
2021-12-31|09373|Neumarkt i.d.OPf., Landkreis||32.6|
2021-12-31|09374|Neustadt a.d.Waldnaab, Landkreis||36.4|
2021-12-31|09375|Regensburg, Landkreis||34.0|
2021-12-31|09376|Schwandorf, Landkreis||35.1|
2021-12-31|09377|Tirschenreuth, Landkreis||40.0|
2021-12-31|09461|Bamberg, kreisfreie Stadt||30.4|
2021-12-31|09462|Bayreuth, kreisfreie Stadt||34.9|
2021-12-31|09463|Coburg, kreisfreie Stadt||39.9|
2021-12-31|09464|Hof, kreisfreie Stadt||42.1|
2021-12-31|09471|Bamberg, Landkreis||33.2|
2021-12-31|09472|Bayreuth, Landkreis||39.6|
2021-12-31|09473|Coburg, Landkreis||40.9|
2021-12-31|09474|Forchheim, Landkreis||35.9|
2021-12-31|09475|Hof, Landkreis||45.8|
2021-12-31|09476|Kronach, Landkreis||42.7|
2021-12-31|09477|Kulmbach, Landkreis||42.7|
2021-12-31|09478|Lichtenfels, Landkreis||39.7|
2021-12-31|09479|Wunsiedel i.Fichtelgebirge, Landkreis||47.0|
2021-12-31|09561|Ansbach, kreisfreie Stadt||37.0|
2021-12-31|09562|Erlangen, kreisfreie Stadt||27.5|
2021-12-31|09563|Fürth, kreisfreie Stadt||29.9|
2021-12-31|09564|Nürnberg, kreisfreie Stadt||33.0|
2021-12-31|09565|Schwabach, kreisfreie Stadt||37.1|
2021-12-31|09571|Ansbach, Landkreis||34.6|
2021-12-31|09572|Erlangen-Höchstadt, Landkreis||36.1|
2021-12-31|09573|Fürth, Landkreis||40.1|
2021-12-31|09574|Nürnberger Land, Landkreis||39.2|
2021-12-31|09575|Neustadt a.d.Aisch-Bad Windsheim, Landkreis||36.4|
2021-12-31|09576|Roth, Landkreis||36.6|
2021-12-31|09577|Weißenburg-Gunzenhausen, Landkreis||38.6|
2021-12-31|09661|Aschaffenburg, kreisfreie Stadt||34.7|
2021-12-31|09662|Schweinfurt, kreisfreie Stadt||41.8|
2021-12-31|09663|Würzburg, kreisfreie Stadt||31.3|
2021-12-31|09671|Aschaffenburg, Landkreis||38.0|
2021-12-31|09672|Bad Kissingen, Landkreis||44.7|
2021-12-31|09673|Rhön-Grabfeld, Landkreis||40.0|
2021-12-31|09674|Haßberge, Landkreis||37.5|
2021-12-31|09675|Kitzingen, Landkreis||35.6|
2021-12-31|09676|Miltenberg, Landkreis||37.9|
2021-12-31|09677|Main-Spessart, Landkreis||41.4|
2021-12-31|09678|Schweinfurt, Landkreis||38.7|
2021-12-31|09679|Würzburg, Landkreis||38.3|
2021-12-31|09761|Augsburg, kreisfreie Stadt||31.0|
2021-12-31|09762|Kaufbeuren, kreisfreie Stadt||39.0|
2021-12-31|09763|Kempten (Allgäu), kreisfreie Stadt||37.7|
2021-12-31|09764|Memmingen, kreisfreie Stadt||36.8|
2021-12-31|09771|Aichach-Friedberg, Landkreis||34.4|
2021-12-31|09772|Augsburg, Landkreis||35.6|
2021-12-31|09773|Dillingen a.d.Donau, Landkreis||35.1|
2021-12-31|09774|Günzburg, Landkreis||33.0|
2021-12-31|09775|Neu-Ulm, Landkreis||34.5|
2021-12-31|09776|Lindau (Bodensee), Landkreis||39.3|
2021-12-31|09777|Ostallgäu, Landkreis||37.1|
2021-12-31|09778|Unterallgäu, Landkreis||36.3|
2021-12-31|09779|Donau-Ries, Landkreis||34.3|
2021-12-31|09780|Oberallgäu, Landkreis||39.9|
2021-12-31|10041|Saarbrücken, Regionalverband||40.0|
2021-12-31|10041100|Saarbrücken, Landeshauptstadt||36.0|
2021-12-31|10042|Merzig-Wadern, Landkreis||40.4|
2021-12-31|10043|Neunkirchen, Landkreis||43.2|
2021-12-31|10044|Saarlouis, Landkreis||43.3|
2021-12-31|10045|Saarpfalz-Kreis||45.1|
2021-12-31|10046|St. Wendel, Landkreis||45.1|
2021-12-31|11000|Berlin, kreisfreie Stadt||30.8|
2021-12-31|11001001|Berlin-Mitte|||
2021-12-31|11002002|Berlin-Friedrichshain-Kreuzberg|||
2021-12-31|11003003|Berlin-Pankow|||
2021-12-31|11004004|Berlin-Charlottenburg-Wilmersdorf|||
2021-12-31|11005005|Berlin-Spandau|||
2021-12-31|11006006|Berlin-Steglitz-Zehlendorf|||
2021-12-31|11007007|Berlin-Tempelhof-Schöneberg|||
2021-12-31|11008008|Berlin-Neukölln|||
2021-12-31|11009009|Berlin-Treptow-Köpenick|||
2021-12-31|11010010|Berlin-Marzahn-Hellersdorf|||
2021-12-31|11011011|Berlin-Lichtenberg|||
2021-12-31|11012012|Berlin-Reinickendorf|||
2021-12-31|12051|Brandenburg an der Havel, kreisfreie Stadt||50.0|
2021-12-31|12052|Cottbus, kreisfreie Stadt||47.0|
2021-12-31|12053|Frankfurt (Oder), kreisfreie Stadt||49.1|
2021-12-31|12054|Potsdam, kreisfreie Stadt||32.9|
2021-12-31|12060|Barnim, Landkreis||42.9|
2021-12-31|12061|Dahme-Spreewald, Landkreis||42.5|
2021-12-31|12062|Elbe-Elster, Landkreis||53.8|
2021-12-31|12063|Havelland, Landkreis||40.0|
2021-12-31|12064|Märkisch-Oderland, Landkreis||43.9|
2021-12-31|12065|Oberhavel, Landkreis||41.3|
2021-12-31|12066|Oberspreewald-Lausitz, Landkreis||54.6|
2021-12-31|12067|Oder-Spree, Landkreis||50.5|
2021-12-31|12068|Ostprignitz-Ruppin, Landkreis||48.4|
2021-12-31|12069|Potsdam-Mittelmark, Landkreis||41.4|
2021-12-31|12070|Prignitz, Landkreis||53.1|
2021-12-31|12071|Spree-Neiße, Landkreis||54.3|
2021-12-31|12072|Teltow-Fläming, Landkreis||39.3|
2021-12-31|12073|Uckermark, Landkreis||54.1|
2021-12-31|13003|Rostock, kreisfreie Stadt||41.5|
2021-12-31|13004|Schwerin, kreisfreie Stadt||48.2|
2021-12-31|13071|Mecklenburgische Seenplatte, Landkreis||50.0|
2021-12-31|13072|Landkreis Rostock||45.4|
2021-12-31|13073|Vorpommern-Rügen, Landkreis||49.1|
2021-12-31|13074|Nordwestmecklenburg, Landkreis||43.8|
2021-12-31|13075|Vorpommern-Greifswald, Landkreis||47.3|
2021-12-31|13076|Ludwigslust-Parchim, Landkreis||44.7|
2021-12-31|14511|Chemnitz, kreisfreie Stadt||51.4|
2021-12-31|14521|Erzgebirgskreis||59.2|
2021-12-31|14522|Mittelsachsen, Landkreis||54.0|
2021-12-31|14523|Vogtlandkreis||58.6|
2021-12-31|14524|Zwickau, Landkreis||56.4|
2021-12-31|14612|Dresden, kreisfreie Stadt||37.4|
2021-12-31|14625|Bautzen, Landkreis||53.0|
2021-12-31|14626|Görlitz, Landkreis||58.5|
2021-12-31|14627|Meißen, Landkreis||53.0|
2021-12-31|14628|Sächsische Schweiz-Osterzgebirge, Landkreis||52.8|
2021-12-31|14713|Leipzig, kreisfreie Stadt||32.6|
2021-12-31|14729|Leipzig, Landkreis||49.8|
2021-12-31|14730|Nordsachsen, Landkreis||48.1|
2021-12-31|15001|Dessau-Roßlau, kreisfreie Stadt||61.9|
2021-12-31|15002|Halle (Saale), kreisfreie Stadt||42.6|
2021-12-31|15003|Magdeburg, kreisfreie Stadt, Landeshauptstadt||42.7|
2021-12-31|15081|Altmarkkreis Salzwedel||45.6|
2021-12-31|15082|Anhalt-Bitterfeld, Landkreis||52.8|
2021-12-31|15083|Börde, Landkreis||44.2|
2021-12-31|15084|Burgenlandkreis||52.8|
2021-12-31|15085|Harz, Landkreis||53.9|
2021-12-31|15086|Jerichower Land, Landkreis||48.5|
2021-12-31|15087|Mansfeld-Südharz, Landkreis||57.8|
2021-12-31|15088|Saalekreis||47.9|
2021-12-31|15089|Salzlandkreis||52.7|
2021-12-31|15090|Stendal, Landkreis||48.6|
2021-12-31|15091|Wittenberg, Landkreis||55.1|
2021-12-31|16051|Erfurt, kreisfreie Stadt||39.1|
2021-12-31|16052|Gera, kreisfreie Stadt||57.3|
2021-12-31|16053|Jena, kreisfreie Stadt||36.3|
2021-12-31|16054|Suhl, kreisfreie Stadt||63.8|
2021-12-31|16055|Weimar, kreisfreie Stadt||41.4|
2021-12-31|16061|Eichsfeld, Landkreis||45.3|
2021-12-31|16062|Nordhausen, Landkreis||50.5|
2021-12-31|16063|Wartburgkreis||48.0|
2021-12-31|16064|Unstrut-Hainich-Kreis||47.8|
2021-12-31|16065|Kyffhäuserkreis||52.4|
2021-12-31|16066|Schmalkalden-Meiningen, Landkreis||49.5|
2021-12-31|16067|Gotha, Landkreis||46.2|
2021-12-31|16068|Sömmerda, Landkreis||46.7|
2021-12-31|16069|Hildburghausen, Landkreis||46.0|
2021-12-31|16070|Ilm-Kreis||47.7|
2021-12-31|16071|Weimarer Land, Landkreis||45.8|
2021-12-31|16072|Sonneberg, Landkreis||52.6|
2021-12-31|16073|Saalfeld-Rudolstadt, Landkreis||55.9|
2021-12-31|16074|Saale-Holzland-Kreis||49.4|
2021-12-31|16075|Saale-Orla-Kreis||50.9|
2021-12-31|16076|Greiz, Landkreis||57.9|
2021-12-31|16077|Altenburger Land, Landkreis||60.1|
2021-12-31|010|Schleswig-Holstein||40.3|
2021-12-31|020|Hamburg||28.8|
2021-12-31|031|Braunschweig, Statistische Region||39.6|
2021-12-31|032|Hannover, Statistische Region||38.7|
2021-12-31|033|Lüneburg, Statistische Region||40.4|
2021-12-31|034|Weser-Ems, Statistische Region||36.0|
2021-12-31|040|Bremen||35.5|
2021-12-31|051|Düsseldorf, Regierungsbezirk||37.0|
2021-12-31|053|Köln, Regierungsbezirk||34.2|
2021-12-31|055|Münster, Regierungsbezirk||35.7|
2021-12-31|057|Detmold, Regierungsbezirk||36.5|
2021-12-31|059|Arnsberg, Regierungsbezirk||37.8|
2021-12-31|064|Darmstadt, Regierungsbezirk||33.7|
2021-12-31|065|Gießen, Regierungsbezirk||36.1|
2021-12-31|066|Kassel, Regierungsbezirk||40.0|
2021-12-31|071|Koblenz, Statistische Region||40.1|
2021-12-31|072|Trier, Statistische Region||36.3|
2021-12-31|073|Rheinhessen-Pfalz, Statistische Region||37.2|
2021-12-31|081|Stuttgart, Regierungsbezirk||34.1|
2021-12-31|082|Karlsruhe, Regierungsbezirk||34.8|
2021-12-31|083|Freiburg, Regierungsbezirk||35.9|
2021-12-31|084|Tübingen, Regierungsbezirk||34.5|
2021-12-31|091|Oberbayern, Regierungsbezirk||32.2|
2021-12-31|092|Niederbayern, Regierungsbezirk||35.1|
2021-12-31|093|Oberpfalz, Regierungsbezirk||34.5|
2021-12-31|094|Oberfranken, Regierungsbezirk||38.9|
2021-12-31|095|Mittelfranken, Regierungsbezirk||34.8|
2021-12-31|096|Unterfranken, Regierungsbezirk||38.1|
2021-12-31|097|Schwaben, Regierungsbezirk||35.2|
2021-12-31|100|Saarland, Regierungsbezirk||42.3|
2021-12-31|110|Berlin||30.8|
2021-12-31|120|Brandenburg||44.9|
2021-12-31|130|Mecklenburg-Vorpommern, Statistische Region||46.3|
2021-12-31|145|Chemnitz, Statistische Region||56.0|
2021-12-31|146|Dresden, Statistische Region||47.9|
2021-12-31|147|Leipzig, Statistische Region||39.2|
2021-12-31|150|Sachsen-Anhalt||49.5|
2021-12-31|160|Thüringen||48.3|
2022-12-31|DG|Deutschland||37.6|
2022-12-31|DG|Deutschland|Insgesamt||45.7
2022-12-31|DG|Deutschland|männlich||44.0
2022-12-31|DG|Deutschland|weiblich||47.4
2022-12-31|01|Schleswig-Holstein||40.6|
2022-12-31|01|Schleswig-Holstein|Insgesamt||47.7
2022-12-31|01|Schleswig-Holstein|männlich||46.0
2022-12-31|01|Schleswig-Holstein|weiblich||49.4
2022-12-31|02|Hamburg||28.7|
2022-12-31|02|Hamburg|Insgesamt||41.1
2022-12-31|02|Hamburg|männlich||40.0
2022-12-31|02|Hamburg|weiblich||42.1
2022-12-31|03|Niedersachsen||38.8|
2022-12-31|03|Niedersachsen|Insgesamt||46.5
2022-12-31|03|Niedersachsen|männlich||44.8
2022-12-31|03|Niedersachsen|weiblich||48.2
2022-12-31|04|Bremen||34.7|
2022-12-31|04|Bremen|Insgesamt||42.6
2022-12-31|04|Bremen|männlich||40.8
2022-12-31|04|Bremen|weiblich||44.6
2022-12-31|05|Nordrhein-Westfalen||36.2|
2022-12-31|05|Nordrhein-Westfalen|Insgesamt||45.3
2022-12-31|05|Nordrhein-Westfalen|männlich||43.5
2022-12-31|05|Nordrhein-Westfalen|weiblich||47.0
2022-12-31|06|Hessen||35.5|
2022-12-31|06|Hessen|Insgesamt||44.9
2022-12-31|06|Hessen|männlich||43.5
2022-12-31|06|Hessen|weiblich||46.3
2022-12-31|07|Rheinland-Pfalz||38.5|
2022-12-31|07|Rheinland-Pfalz|Insgesamt||46.5
2022-12-31|07|Rheinland-Pfalz|männlich||44.9
2022-12-31|07|Rheinland-Pfalz|weiblich||48.2
2022-12-31|08|Baden-Württemberg||35.1|
2022-12-31|08|Baden-Württemberg|Insgesamt||44.2
2022-12-31|08|Baden-Württemberg|männlich||42.7
2022-12-31|08|Baden-Württemberg|weiblich||45.8
2022-12-31|09|Bayern||35.0|
2022-12-31|09|Bayern|Insgesamt||44.8
2022-12-31|09|Bayern|männlich||43.2
2022-12-31|09|Bayern|weiblich||46.3
2022-12-31|10|Saarland||42.1|
2022-12-31|10|Saarland|Insgesamt||48.6
2022-12-31|10|Saarland|männlich||46.4
2022-12-31|10|Saarland|weiblich||50.7
2022-12-31|11|Berlin||30.8|
2022-12-31|11|Berlin|Insgesamt||41.4
2022-12-31|11|Berlin|männlich||40.4
2022-12-31|11|Berlin|weiblich||42.4
2022-12-31|12|Brandenburg||45.5|
2022-12-31|12|Brandenburg|Insgesamt||50.4
2022-12-31|12|Brandenburg|männlich||48.5
2022-12-31|12|Brandenburg|weiblich||52.1
2022-12-31|13|Mecklenburg-Vorpommern||48.2|
2022-12-31|13|Mecklenburg-Vorpommern|Insgesamt||51.2
2022-12-31|13|Mecklenburg-Vorpommern|männlich||49.0
2022-12-31|13|Mecklenburg-Vorpommern|weiblich||53.1
2022-12-31|14|Sachsen||48.3|
2022-12-31|14|Sachsen|Insgesamt||48.5
2022-12-31|14|Sachsen|männlich||46.1
2022-12-31|14|Sachsen|weiblich||51.1
2022-12-31|15|Sachsen-Anhalt||50.1|
2022-12-31|15|Sachsen-Anhalt|Insgesamt||51.5
2022-12-31|15|Sachsen-Anhalt|männlich||48.9
2022-12-31|15|Sachsen-Anhalt|weiblich||53.8
2022-12-31|16|Thüringen||48.8|
2022-12-31|16|Thüringen|Insgesamt||50.5
2022-12-31|16|Thüringen|männlich||48.1
2022-12-31|16|Thüringen|weiblich||52.7
2022-12-31|01001|Flensburg, kreisfreie Stadt||31.8|
2022-12-31|01001|Flensburg, kreisfreie Stadt|Insgesamt||41.0
2022-12-31|01001|Flensburg, kreisfreie Stadt|männlich||39.7
2022-12-31|01001|Flensburg, kreisfreie Stadt|weiblich||42.3
2022-12-31|01002|Kiel, kreisfreie Stadt||30.1|
2022-12-31|01002|Kiel, kreisfreie Stadt|Insgesamt||40.2
2022-12-31|01002|Kiel, kreisfreie Stadt|männlich||38.8
2022-12-31|01002|Kiel, kreisfreie Stadt|weiblich||41.6
2022-12-31|01003|Lübeck, kreisfreie Stadt, Hansestadt||39.1|
2022-12-31|01003|Lübeck, kreisfreie Stadt, Hansestadt|Insgesamt||46.1
2022-12-31|01003|Lübeck, kreisfreie Stadt, Hansestadt|männlich||43.8
2022-12-31|01003|Lübeck, kreisfreie Stadt, Hansestadt|weiblich||48.1
2022-12-31|01004|Neumünster, kreisfreie Stadt||39.2|
2022-12-31|01004|Neumünster, kreisfreie Stadt|Insgesamt||46.6
2022-12-31|01004|Neumünster, kreisfreie Stadt|männlich||44.2
2022-12-31|01004|Neumünster, kreisfreie Stadt|weiblich||49.0
2022-12-31|01051|Dithmarschen, Kreis||45.4|
2022-12-31|01051|Dithmarschen, Kreis|Insgesamt||50.3
2022-12-31|01051|Dithmarschen, Kreis|männlich||48.6
2022-12-31|01051|Dithmarschen, Kreis|weiblich||51.8
2022-12-31|01053|Herzogtum Lauenburg, Kreis||39.7|
2022-12-31|01053|Herzogtum Lauenburg, Kreis|Insgesamt||47.3
2022-12-31|01053|Herzogtum Lauenburg, Kreis|männlich||45.8
2022-12-31|01053|Herzogtum Lauenburg, Kreis|weiblich||48.8
2022-12-31|01054|Nordfriesland, Kreis||44.0|
2022-12-31|01054|Nordfriesland, Kreis|Insgesamt||49.9
2022-12-31|01054|Nordfriesland, Kreis|männlich||47.6
2022-12-31|01054|Nordfriesland, Kreis|weiblich||51.6
2022-12-31|01055|Ostholstein, Kreis||51.3|
2022-12-31|01055|Ostholstein, Kreis|Insgesamt||52.9
2022-12-31|01055|Ostholstein, Kreis|männlich||51.8
2022-12-31|01055|Ostholstein, Kreis|weiblich||53.9
2022-12-31|01056|Pinneberg, Kreis||38.4|
2022-12-31|01056|Pinneberg, Kreis|Insgesamt||47.1
2022-12-31|01056|Pinneberg, Kreis|männlich||45.4
2022-12-31|01056|Pinneberg, Kreis|weiblich||48.7
2022-12-31|01057|Plön, Kreis||49.2|
2022-12-31|01057|Plön, Kreis|Insgesamt||51.7
2022-12-31|01057|Plön, Kreis|männlich||50.4
2022-12-31|01057|Plön, Kreis|weiblich||52.7
2022-12-31|01058|Rendsburg-Eckernförde, Kreis||42.6|
2022-12-31|01058|Rendsburg-Eckernförde, Kreis|Insgesamt||49.3
2022-12-31|01058|Rendsburg-Eckernförde, Kreis|männlich||47.5
2022-12-31|01058|Rendsburg-Eckernförde, Kreis|weiblich||50.7
2022-12-31|01059|Schleswig-Flensburg, Kreis||44.3|
2022-12-31|01059|Schleswig-Flensburg, Kreis|Insgesamt||49.4
2022-12-31|01059|Schleswig-Flensburg, Kreis|männlich||48.1
2022-12-31|01059|Schleswig-Flensburg, Kreis|weiblich||50.5
2022-12-31|01060|Segeberg, Kreis||37.9|
2022-12-31|01060|Segeberg, Kreis|Insgesamt||46.9
2022-12-31|01060|Segeberg, Kreis|männlich||45.3
2022-12-31|01060|Segeberg, Kreis|weiblich||48.5
2022-12-31|01061|Steinburg, Kreis||40.2|
2022-12-31|01061|Steinburg, Kreis|Insgesamt||49.4
2022-12-31|01061|Steinburg, Kreis|männlich||47.8
2022-12-31|01061|Steinburg, Kreis|weiblich||50.9
2022-12-31|01062|Stormarn, Kreis||41.8|
2022-12-31|01062|Stormarn, Kreis|Insgesamt||48.2
2022-12-31|01062|Stormarn, Kreis|männlich||46.7
2022-12-31|01062|Stormarn, Kreis|weiblich||49.7
2022-12-31|02000|Hamburg, kreisfreie Stadt, Freie und Hansestadt||28.7|
2022-12-31|02000|Hamburg, kreisfreie Stadt, Freie und Hansestadt|Insgesamt||41.1
2022-12-31|02000|Hamburg, kreisfreie Stadt, Freie und Hansestadt|männlich||40.0
2022-12-31|02000|Hamburg, kreisfreie Stadt, Freie und Hansestadt|weiblich||42.1
2022-12-31|03101|Braunschweig, kreisfreie Stadt||34.1|
2022-12-31|03101|Braunschweig, kreisfreie Stadt|Insgesamt||43.0
2022-12-31|03101|Braunschweig, kreisfreie Stadt|männlich||41.0
2022-12-31|03101|Braunschweig, kreisfreie Stadt|weiblich||45.2
2022-12-31|03102|Salzgitter, kreisfreie Stadt||40.3|
2022-12-31|03102|Salzgitter, kreisfreie Stadt|Insgesamt||45.1
2022-12-31|03102|Salzgitter, kreisfreie Stadt|männlich||43.2
2022-12-31|03102|Salzgitter, kreisfreie Stadt|weiblich||47.2
2022-12-31|03103|Wolfsburg, kreisfreie Stadt||38.2|
2022-12-31|03103|Wolfsburg, kreisfreie Stadt|Insgesamt||44.1
2022-12-31|03103|Wolfsburg, kreisfreie Stadt|männlich||42.5
2022-12-31|03103|Wolfsburg, kreisfreie Stadt|weiblich||46.0
2022-12-31|03151|Gifhorn, Landkreis||36.7|
2022-12-31|03151|Gifhorn, Landkreis|Insgesamt||46.4
2022-12-31|03151|Gifhorn, Landkreis|männlich||45.1
2022-12-31|03151|Gifhorn, Landkreis|weiblich||47.7
2022-12-31|03153|Goslar, Landkreis||50.0|
2022-12-31|03153|Goslar, Landkreis|Insgesamt||52.0
2022-12-31|03153|Goslar, Landkreis|männlich||50.1
2022-12-31|03153|Goslar, Landkreis|weiblich||53.7
2022-12-31|03154|Helmstedt, Landkreis||41.6|
2022-12-31|03154|Helmstedt, Landkreis|Insgesamt||48.6
2022-12-31|03154|Helmstedt, Landkreis|männlich||46.9
2022-12-31|03154|Helmstedt, Landkreis|weiblich||50.4
2022-12-31|03155|Northeim, Landkreis||47.1|
2022-12-31|03155|Northeim, Landkreis|Insgesamt||51.1
2022-12-31|03155|Northeim, Landkreis|männlich||49.7
2022-12-31|03155|Northeim, Landkreis|weiblich||52.3
2022-12-31|03157|Peine, Landkreis||38.0|
2022-12-31|03157|Peine, Landkreis|Insgesamt||46.6
2022-12-31|03157|Peine, Landkreis|männlich||45.3
2022-12-31|03157|Peine, Landkreis|weiblich||47.9
2022-12-31|03158|Wolfenbüttel, Landkreis||43.0|
2022-12-31|03158|Wolfenbüttel, Landkreis|Insgesamt||49.8
2022-12-31|03158|Wolfenbüttel, Landkreis|männlich||48.1
2022-12-31|03158|Wolfenbüttel, Landkreis|weiblich||51.2
2022-12-31|03159|Göttingen, Landkreis||40.2|
2022-12-31|03159|Göttingen, Landkreis|Insgesamt||46.6
2022-12-31|03159|Göttingen, Landkreis|männlich||44.7
2022-12-31|03159|Göttingen, Landkreis|weiblich||48.4
2022-12-31|03241|Region Hannover, Landkreis||36.2|
2022-12-31|03241|Region Hannover, Landkreis|Insgesamt||44.6
2022-12-31|03241|Region Hannover, Landkreis|männlich||43.0
2022-12-31|03241|Region Hannover, Landkreis|weiblich||46.2
2022-12-31|03241001|Hannover, Landeshauptstadt||30.4|
2022-12-31|03241001|Hannover, Landeshauptstadt|Insgesamt||41.3
2022-12-31|03241001|Hannover, Landeshauptstadt|männlich||39.8
2022-12-31|03241001|Hannover, Landeshauptstadt|weiblich||42.8
2022-12-31|03251|Diepholz, Landkreis||40.1|
2022-12-31|03251|Diepholz, Landkreis|Insgesamt||48.1
2022-12-31|03251|Diepholz, Landkreis|männlich||46.5
2022-12-31|03251|Diepholz, Landkreis|weiblich||49.5
2022-12-31|03252|Hameln-Pyrmont, Landkreis||45.9|
2022-12-31|03252|Hameln-Pyrmont, Landkreis|Insgesamt||49.9
2022-12-31|03252|Hameln-Pyrmont, Landkreis|männlich||47.6
2022-12-31|03252|Hameln-Pyrmont, Landkreis|weiblich||51.8
2022-12-31|03254|Hildesheim, Landkreis||41.1|
2022-12-31|03254|Hildesheim, Landkreis|Insgesamt||48.0
2022-12-31|03254|Hildesheim, Landkreis|männlich||46.3
2022-12-31|03254|Hildesheim, Landkreis|weiblich||49.6
2022-12-31|03255|Holzminden, Landkreis||48.2|
2022-12-31|03255|Holzminden, Landkreis|Insgesamt||50.9
2022-12-31|03255|Holzminden, Landkreis|männlich||49.3
2022-12-31|03255|Holzminden, Landkreis|weiblich||52.3
2022-12-31|03256|Nienburg (Weser), Landkreis||39.7|
2022-12-31|03256|Nienburg (Weser), Landkreis|Insgesamt||47.8
2022-12-31|03256|Nienburg (Weser), Landkreis|männlich||46.2
2022-12-31|03256|Nienburg (Weser), Landkreis|weiblich||49.5
2022-12-31|03257|Schaumburg, Landkreis||44.8|
2022-12-31|03257|Schaumburg, Landkreis|Insgesamt||50.2
2022-12-31|03257|Schaumburg, Landkreis|männlich||48.2
2022-12-31|03257|Schaumburg, Landkreis|weiblich||51.7
2022-12-31|03351|Celle, Landkreis||42.8|
2022-12-31|03351|Celle, Landkreis|Insgesamt||47.6
2022-12-31|03351|Celle, Landkreis|männlich||45.8
2022-12-31|03351|Celle, Landkreis|weiblich||49.1
2022-12-31|03352|Cuxhaven, Landkreis||46.6|
2022-12-31|03352|Cuxhaven, Landkreis|Insgesamt||50.5
2022-12-31|03352|Cuxhaven, Landkreis|männlich||48.7
2022-12-31|03352|Cuxhaven, Landkreis|weiblich||51.9
2022-12-31|03353|Harburg, Landkreis||39.0|
2022-12-31|03353|Harburg, Landkreis|Insgesamt||47.6
2022-12-31|03353|Harburg, Landkreis|männlich||45.9
2022-12-31|03353|Harburg, Landkreis|weiblich||49.3
2022-12-31|03354|Lüchow-Dannenberg, Landkreis||53.8|
2022-12-31|03354|Lüchow-Dannenberg, Landkreis|Insgesamt||53.1
2022-12-31|03354|Lüchow-Dannenberg, Landkreis|männlich||51.5
2022-12-31|03354|Lüchow-Dannenberg, Landkreis|weiblich||54.4
2022-12-31|03355|Lüneburg, Landkreis||35.2|
2022-12-31|03355|Lüneburg, Landkreis|Insgesamt||45.7
2022-12-31|03355|Lüneburg, Landkreis|männlich||44.4
2022-12-31|03355|Lüneburg, Landkreis|weiblich||47.0
2022-12-31|03356|Osterholz, Landkreis||42.6|
2022-12-31|03356|Osterholz, Landkreis|Insgesamt||49.4
2022-12-31|03356|Osterholz, Landkreis|männlich||48.2
2022-12-31|03356|Osterholz, Landkreis|weiblich||50.6
2022-12-31|03357|Rotenburg (Wümme), Landkreis||38.0|
2022-12-31|03357|Rotenburg (Wümme), Landkreis|Insgesamt||47.1
2022-12-31|03357|Rotenburg (Wümme), Landkreis|männlich||45.5
2022-12-31|03357|Rotenburg (Wümme), Landkreis|weiblich||48.7
2022-12-31|03358|Heidekreis||39.5|
2022-12-31|03358|Heidekreis|Insgesamt||47.1
2022-12-31|03358|Heidekreis|männlich||45.2
2022-12-31|03358|Heidekreis|weiblich||49.1
2022-12-31|03359|Stade, Landkreis||38.1|
2022-12-31|03359|Stade, Landkreis|Insgesamt||46.0
2022-12-31|03359|Stade, Landkreis|männlich||44.2
2022-12-31|03359|Stade, Landkreis|weiblich||47.9
2022-12-31|03360|Uelzen, Landkreis||45.9|
2022-12-31|03360|Uelzen, Landkreis|Insgesamt||50.8
2022-12-31|03360|Uelzen, Landkreis|männlich||49.1
2022-12-31|03360|Uelzen, Landkreis|weiblich||52.2
2022-12-31|03361|Verden, Landkreis||40.3|
2022-12-31|03361|Verden, Landkreis|Insgesamt||46.9
2022-12-31|03361|Verden, Landkreis|männlich||45.2
2022-12-31|03361|Verden, Landkreis|weiblich||48.6
2022-12-31|03401|Delmenhorst, kreisfreie Stadt||38.3|
2022-12-31|03401|Delmenhorst, kreisfreie Stadt|Insgesamt||45.4
2022-12-31|03401|Delmenhorst, kreisfreie Stadt|männlich||43.2
2022-12-31|03401|Delmenhorst, kreisfreie Stadt|weiblich||47.3
2022-12-31|03402|Emden, kreisfreie Stadt||37.0|
2022-12-31|03402|Emden, kreisfreie Stadt|Insgesamt||44.7
2022-12-31|03402|Emden, kreisfreie Stadt|männlich||43.0
2022-12-31|03402|Emden, kreisfreie Stadt|weiblich||46.5
2022-12-31|03403|Oldenburg (Oldenburg), kreisfreie Stadt||31.6|
2022-12-31|03403|Oldenburg (Oldenburg), kreisfreie Stadt|Insgesamt||42.1
2022-12-31|03403|Oldenburg (Oldenburg), kreisfreie Stadt|männlich||40.2
2022-12-31|03403|Oldenburg (Oldenburg), kreisfreie Stadt|weiblich||44.0
2022-12-31|03404|Osnabrück, kreisfreie Stadt||29.9|
2022-12-31|03404|Osnabrück, kreisfreie Stadt|Insgesamt||40.3
2022-12-31|03404|Osnabrück, kreisfreie Stadt|männlich||39.1
2022-12-31|03404|Osnabrück, kreisfreie Stadt|weiblich||41.4
2022-12-31|03405|Wilhelmshaven, kreisfreie Stadt||45.2|
2022-12-31|03405|Wilhelmshaven, kreisfreie Stadt|Insgesamt||48.1
2022-12-31|03405|Wilhelmshaven, kreisfreie Stadt|männlich||44.7
2022-12-31|03405|Wilhelmshaven, kreisfreie Stadt|weiblich||51.5
2022-12-31|03451|Ammerland, Landkreis||42.6|
2022-12-31|03451|Ammerland, Landkreis|Insgesamt||48.3
2022-12-31|03451|Ammerland, Landkreis|männlich||46.6
2022-12-31|03451|Ammerland, Landkreis|weiblich||49.8
2022-12-31|03452|Aurich, Landkreis||42.2|
2022-12-31|03452|Aurich, Landkreis|Insgesamt||49.4
2022-12-31|03452|Aurich, Landkreis|männlich||47.5
2022-12-31|03452|Aurich, Landkreis|weiblich||51.0
2022-12-31|03453|Cloppenburg, Landkreis||28.8|
2022-12-31|03453|Cloppenburg, Landkreis|Insgesamt||41.2
2022-12-31|03453|Cloppenburg, Landkreis|männlich||39.8
2022-12-31|03453|Cloppenburg, Landkreis|weiblich||42.7
2022-12-31|03454|Emsland, Landkreis||33.6|
2022-12-31|03454|Emsland, Landkreis|Insgesamt||44.1
2022-12-31|03454|Emsland, Landkreis|männlich||42.8
2022-12-31|03454|Emsland, Landkreis|weiblich||45.6
2022-12-31|03455|Friesland, Landkreis||47.8|
2022-12-31|03455|Friesland, Landkreis|Insgesamt||51.3
2022-12-31|03455|Friesland, Landkreis|männlich||49.5
2022-12-31|03455|Friesland, Landkreis|weiblich||52.6
2022-12-31|03456|Grafschaft Bentheim, Landkreis||36.3|
2022-12-31|03456|Grafschaft Bentheim, Landkreis|Insgesamt||45.6
2022-12-31|03456|Grafschaft Bentheim, Landkreis|männlich||43.9
2022-12-31|03456|Grafschaft Bentheim, Landkreis|weiblich||47.2
2022-12-31|03457|Leer, Landkreis||38.3|
2022-12-31|03457|Leer, Landkreis|Insgesamt||46.6
2022-12-31|03457|Leer, Landkreis|männlich||44.9
2022-12-31|03457|Leer, Landkreis|weiblich||48.3
2022-12-31|03458|Oldenburg, Landkreis||38.2|
2022-12-31|03458|Oldenburg, Landkreis|Insgesamt||47.9
2022-12-31|03458|Oldenburg, Landkreis|männlich||46.3
2022-12-31|03458|Oldenburg, Landkreis|weiblich||49.4
2022-12-31|03459|Osnabrück, Landkreis||37.7|
2022-12-31|03459|Osnabrück, Landkreis|Insgesamt||46.5
2022-12-31|03459|Osnabrück, Landkreis|männlich||44.8
2022-12-31|03459|Osnabrück, Landkreis|weiblich||48.1
2022-12-31|03460|Vechta, Landkreis||28.6|
2022-12-31|03460|Vechta, Landkreis|Insgesamt||41.5
2022-12-31|03460|Vechta, Landkreis|männlich||40.6
2022-12-31|03460|Vechta, Landkreis|weiblich||42.5
2022-12-31|03461|Wesermarsch, Landkreis||42.1|
2022-12-31|03461|Wesermarsch, Landkreis|Insgesamt||49.3
2022-12-31|03461|Wesermarsch, Landkreis|männlich||47.8
2022-12-31|03461|Wesermarsch, Landkreis|weiblich||50.6
2022-12-31|03462|Wittmund, Landkreis||46.1|
2022-12-31|03462|Wittmund, Landkreis|Insgesamt||50.6
2022-12-31|03462|Wittmund, Landkreis|männlich||48.8
2022-12-31|03462|Wittmund, Landkreis|weiblich||51.9
2022-12-31|04011|Bremen, kreisfreie Stadt||34.3|
2022-12-31|04011|Bremen, kreisfreie Stadt|Insgesamt||42.5
2022-12-31|04011|Bremen, kreisfreie Stadt|männlich||40.7
2022-12-31|04011|Bremen, kreisfreie Stadt|weiblich||44.5
2022-12-31|04012|Bremerhaven, kreisfreie Stadt||36.9|
2022-12-31|04012|Bremerhaven, kreisfreie Stadt|Insgesamt||43.2
2022-12-31|04012|Bremerhaven, kreisfreie Stadt|männlich||41.3
2022-12-31|04012|Bremerhaven, kreisfreie Stadt|weiblich||45.2
2022-12-31|05111|Düsseldorf, kreisfreie Stadt||30.0|
2022-12-31|05111|Düsseldorf, kreisfreie Stadt|Insgesamt||42.1
2022-12-31|05111|Düsseldorf, kreisfreie Stadt|männlich||41.1
2022-12-31|05111|Düsseldorf, kreisfreie Stadt|weiblich||43.1
2022-12-31|05112|Duisburg, kreisfreie Stadt||33.8|
2022-12-31|05112|Duisburg, kreisfreie Stadt|Insgesamt||43.4
2022-12-31|05112|Duisburg, kreisfreie Stadt|männlich||41.8
2022-12-31|05112|Duisburg, kreisfreie Stadt|weiblich||45.2
2022-12-31|05113|Essen, kreisfreie Stadt||36.6|
2022-12-31|05113|Essen, kreisfreie Stadt|Insgesamt||44.1
2022-12-31|05113|Essen, kreisfreie Stadt|männlich||42.2
2022-12-31|05113|Essen, kreisfreie Stadt|weiblich||46.0
2022-12-31|05114|Krefeld, kreisfreie Stadt||37.0|
2022-12-31|05114|Krefeld, kreisfreie Stadt|Insgesamt||45.9
2022-12-31|05114|Krefeld, kreisfreie Stadt|männlich||43.9
2022-12-31|05114|Krefeld, kreisfreie Stadt|weiblich||47.8
2022-12-31|05116|Mönchengladbach, kreisfreie Stadt||35.5|
2022-12-31|05116|Mönchengladbach, kreisfreie Stadt|Insgesamt||44.4
2022-12-31|05116|Mönchengladbach, kreisfreie Stadt|männlich||42.5
2022-12-31|05116|Mönchengladbach, kreisfreie Stadt|weiblich||46.4
2022-12-31|05117|Mülheim an der Ruhr, kreisfreie Stadt||41.3|
2022-12-31|05117|Mülheim an der Ruhr, kreisfreie Stadt|Insgesamt||47.2
2022-12-31|05117|Mülheim an der Ruhr, kreisfreie Stadt|männlich||45.0
2022-12-31|05117|Mülheim an der Ruhr, kreisfreie Stadt|weiblich||49.3
2022-12-31|05119|Oberhausen, kreisfreie Stadt||38.0|
2022-12-31|05119|Oberhausen, kreisfreie Stadt|Insgesamt||45.9
2022-12-31|05119|Oberhausen, kreisfreie Stadt|männlich||44.4
2022-12-31|05119|Oberhausen, kreisfreie Stadt|weiblich||47.5
2022-12-31|05120|Remscheid, kreisfreie Stadt||37.0|
2022-12-31|05120|Remscheid, kreisfreie Stadt|Insgesamt||46.0
2022-12-31|05120|Remscheid, kreisfreie Stadt|männlich||44.3
2022-12-31|05120|Remscheid, kreisfreie Stadt|weiblich||47.7
2022-12-31|05122|Solingen, kreisfreie Stadt||36.7|
2022-12-31|05122|Solingen, kreisfreie Stadt|Insgesamt||46.2
2022-12-31|05122|Solingen, kreisfreie Stadt|männlich||44.4
2022-12-31|05122|Solingen, kreisfreie Stadt|weiblich||48.0
2022-12-31|05124|Wuppertal, kreisfreie Stadt||34.8|
2022-12-31|05124|Wuppertal, kreisfreie Stadt|Insgesamt||43.5
2022-12-31|05124|Wuppertal, kreisfreie Stadt|männlich||41.8
2022-12-31|05124|Wuppertal, kreisfreie Stadt|weiblich||45.5
2022-12-31|05154|Kleve, Kreis||36.1|
2022-12-31|05154|Kleve, Kreis|Insgesamt||46.0
2022-12-31|05154|Kleve, Kreis|männlich||44.2
2022-12-31|05154|Kleve, Kreis|weiblich||47.9
2022-12-31|05158|Mettmann, Kreis||42.5|
2022-12-31|05158|Mettmann, Kreis|Insgesamt||48.6
2022-12-31|05158|Mettmann, Kreis|männlich||46.7
2022-12-31|05158|Mettmann, Kreis|weiblich||50.4
2022-12-31|05162|Rhein-Kreis Neuss||38.7|
2022-12-31|05162|Rhein-Kreis Neuss|Insgesamt||47.0
2022-12-31|05162|Rhein-Kreis Neuss|männlich||45.4
2022-12-31|05162|Rhein-Kreis Neuss|weiblich||48.6
2022-12-31|05166|Viersen, Kreis||39.8|
2022-12-31|05166|Viersen, Kreis|Insgesamt||49.0
2022-12-31|05166|Viersen, Kreis|männlich||47.3
2022-12-31|05166|Viersen, Kreis|weiblich||50.5
2022-12-31|05170|Wesel, Kreis||42.2|
2022-12-31|05170|Wesel, Kreis|Insgesamt||49.2
2022-12-31|05170|Wesel, Kreis|männlich||47.1
2022-12-31|05170|Wesel, Kreis|weiblich||51.0
2022-12-31|05314|Bonn, kreisfreie Stadt||30.1|
2022-12-31|05314|Bonn, kreisfreie Stadt|Insgesamt||40.9
2022-12-31|05314|Bonn, kreisfreie Stadt|männlich||39.5
2022-12-31|05314|Bonn, kreisfreie Stadt|weiblich||42.2
2022-12-31|05315|Köln, kreisfreie Stadt||27.7|
2022-12-31|05315|Köln, kreisfreie Stadt|Insgesamt||41.3
2022-12-31|05315|Köln, kreisfreie Stadt|männlich||40.5
2022-12-31|05315|Köln, kreisfreie Stadt|weiblich||42.1
2022-12-31|05316|Leverkusen, kreisfreie Stadt||36.2|
2022-12-31|05316|Leverkusen, kreisfreie Stadt|Insgesamt||45.3
2022-12-31|05316|Leverkusen, kreisfreie Stadt|männlich||43.4
2022-12-31|05316|Leverkusen, kreisfreie Stadt|weiblich||47.1
2022-12-31|05334|Städteregion Aachen, Kreis||33.6|
2022-12-31|05334|Städteregion Aachen, Kreis|Insgesamt||42.5
2022-12-31|05334|Städteregion Aachen, Kreis|männlich||40.0
2022-12-31|05334|Städteregion Aachen, Kreis|weiblich||45.2
2022-12-31|05334002|Aachen, kreisfreie Stadt||28.2|
2022-12-31|05334002|Aachen, kreisfreie Stadt|Insgesamt||37.1
2022-12-31|05334002|Aachen, kreisfreie Stadt|männlich||34.2
2022-12-31|05334002|Aachen, kreisfreie Stadt|weiblich||40.9
2022-12-31|05358|Düren, Kreis||37.2|
2022-12-31|05358|Düren, Kreis|Insgesamt||46.0
2022-12-31|05358|Düren, Kreis|männlich||44.2
2022-12-31|05358|Düren, Kreis|weiblich||47.9
2022-12-31|05362|Rhein-Erft-Kreis||37.1|
2022-12-31|05362|Rhein-Erft-Kreis|Insgesamt||46.0
2022-12-31|05362|Rhein-Erft-Kreis|männlich||44.4
2022-12-31|05362|Rhein-Erft-Kreis|weiblich||47.5
2022-12-31|05366|Euskirchen, Kreis||38.7|
2022-12-31|05366|Euskirchen, Kreis|Insgesamt||47.6
2022-12-31|05366|Euskirchen, Kreis|männlich||45.8
2022-12-31|05366|Euskirchen, Kreis|weiblich||49.4
2022-12-31|05370|Heinsberg, Kreis||37.3|
2022-12-31|05370|Heinsberg, Kreis|Insgesamt||46.8
2022-12-31|05370|Heinsberg, Kreis|männlich||45.1
2022-12-31|05370|Heinsberg, Kreis|weiblich||48.5
2022-12-31|05374|Oberbergischer Kreis||37.9|
2022-12-31|05374|Oberbergischer Kreis|Insgesamt||46.4
2022-12-31|05374|Oberbergischer Kreis|männlich||44.9
2022-12-31|05374|Oberbergischer Kreis|weiblich||47.9
2022-12-31|05378|Rheinisch-Bergischer Kreis||41.3|
2022-12-31|05378|Rheinisch-Bergischer Kreis|Insgesamt||49.0
2022-12-31|05378|Rheinisch-Bergischer Kreis|männlich||47.4
2022-12-31|05378|Rheinisch-Bergischer Kreis|weiblich||50.5
2022-12-31|05382|Rhein-Sieg-Kreis||38.5|
2022-12-31|05382|Rhein-Sieg-Kreis|Insgesamt||47.0
2022-12-31|05382|Rhein-Sieg-Kreis|männlich||45.1
2022-12-31|05382|Rhein-Sieg-Kreis|weiblich||48.8
2022-12-31|05512|Bottrop, kreisfreie Stadt||40.5|
2022-12-31|05512|Bottrop, kreisfreie Stadt|Insgesamt||47.7
2022-12-31|05512|Bottrop, kreisfreie Stadt|männlich||45.4
2022-12-31|05512|Bottrop, kreisfreie Stadt|weiblich||50.0
2022-12-31|05513|Gelsenkirchen, kreisfreie Stadt||34.6|
2022-12-31|05513|Gelsenkirchen, kreisfreie Stadt|Insgesamt||43.3
2022-12-31|05513|Gelsenkirchen, kreisfreie Stadt|männlich||41.7
2022-12-31|05513|Gelsenkirchen, kreisfreie Stadt|weiblich||44.9
2022-12-31|05515|Münster, kreisfreie Stadt||28.4|
2022-12-31|05515|Münster, kreisfreie Stadt|Insgesamt||39.1
2022-12-31|05515|Münster, kreisfreie Stadt|männlich||38.2
2022-12-31|05515|Münster, kreisfreie Stadt|weiblich||40.0
2022-12-31|05554|Borken, Kreis||33.4|
2022-12-31|05554|Borken, Kreis|Insgesamt||44.7
2022-12-31|05554|Borken, Kreis|männlich||43.2
2022-12-31|05554|Borken, Kreis|weiblich||46.2
2022-12-31|05558|Coesfeld, Kreis||38.5|
2022-12-31|05558|Coesfeld, Kreis|Insgesamt||47.3
2022-12-31|05558|Coesfeld, Kreis|männlich||45.5
2022-12-31|05558|Coesfeld, Kreis|weiblich||49.2
2022-12-31|05562|Recklinghausen, Kreis||40.3|
2022-12-31|05562|Recklinghausen, Kreis|Insgesamt||47.6
2022-12-31|05562|Recklinghausen, Kreis|männlich||45.4
2022-12-31|05562|Recklinghausen, Kreis|weiblich||49.7
2022-12-31|05566|Steinfurt, Kreis||35.1|
2022-12-31|05566|Steinfurt, Kreis|Insgesamt||45.7
2022-12-31|05566|Steinfurt, Kreis|männlich||43.9
2022-12-31|05566|Steinfurt, Kreis|weiblich||47.5
2022-12-31|05570|Warendorf, Kreis||37.7|
2022-12-31|05570|Warendorf, Kreis|Insgesamt||46.6
2022-12-31|05570|Warendorf, Kreis|männlich||45.0
2022-12-31|05570|Warendorf, Kreis|weiblich||48.2
2022-12-31|05711|Bielefeld, kreisfreie Stadt||33.1|
2022-12-31|05711|Bielefeld, kreisfreie Stadt|Insgesamt||42.2
2022-12-31|05711|Bielefeld, kreisfreie Stadt|männlich||40.7
2022-12-31|05711|Bielefeld, kreisfreie Stadt|weiblich||43.6
2022-12-31|05754|Gütersloh, Kreis||34.4|
2022-12-31|05754|Gütersloh, Kreis|Insgesamt||45.2
2022-12-31|05754|Gütersloh, Kreis|männlich||43.3
2022-12-31|05754|Gütersloh, Kreis|weiblich||47.1
2022-12-31|05758|Herford, Kreis||38.8|
2022-12-31|05758|Herford, Kreis|Insgesamt||46.8
2022-12-31|05758|Herford, Kreis|männlich||44.9
2022-12-31|05758|Herford, Kreis|weiblich||48.7
2022-12-31|05762|Höxter, Kreis||42.2|
2022-12-31|05762|Höxter, Kreis|Insgesamt||48.7
2022-12-31|05762|Höxter, Kreis|männlich||46.7
2022-12-31|05762|Höxter, Kreis|weiblich||50.5
2022-12-31|05766|Lippe, Kreis||41.0|
2022-12-31|05766|Lippe, Kreis|Insgesamt||46.7
2022-12-31|05766|Lippe, Kreis|männlich||44.6
2022-12-31|05766|Lippe, Kreis|weiblich||48.7
2022-12-31|05770|Minden-Lübbecke, Kreis||38.7|
2022-12-31|05770|Minden-Lübbecke, Kreis|Insgesamt||46.3
2022-12-31|05770|Minden-Lübbecke, Kreis|männlich||44.3
2022-12-31|05770|Minden-Lübbecke, Kreis|weiblich||48.5
2022-12-31|05774|Paderborn, Kreis||32.5|
2022-12-31|05774|Paderborn, Kreis|Insgesamt||42.8
2022-12-31|05774|Paderborn, Kreis|männlich||41.2
2022-12-31|05774|Paderborn, Kreis|weiblich||44.6
2022-12-31|05911|Bochum, kreisfreie Stadt||36.6|
2022-12-31|05911|Bochum, kreisfreie Stadt|Insgesamt||44.5
2022-12-31|05911|Bochum, kreisfreie Stadt|männlich||42.5
2022-12-31|05911|Bochum, kreisfreie Stadt|weiblich||46.5
2022-12-31|05913|Dortmund, kreisfreie Stadt||33.5|
2022-12-31|05913|Dortmund, kreisfreie Stadt|Insgesamt||43.0
2022-12-31|05913|Dortmund, kreisfreie Stadt|männlich||41.5
2022-12-31|05913|Dortmund, kreisfreie Stadt|weiblich||44.7
2022-12-31|05914|Hagen, kreisfreie Stadt||36.6|
2022-12-31|05914|Hagen, kreisfreie Stadt|Insgesamt||44.6
2022-12-31|05914|Hagen, kreisfreie Stadt|männlich||42.9
2022-12-31|05914|Hagen, kreisfreie Stadt|weiblich||46.5
2022-12-31|05915|Hamm, kreisfreie Stadt||36.3|
2022-12-31|05915|Hamm, kreisfreie Stadt|Insgesamt||44.5
2022-12-31|05915|Hamm, kreisfreie Stadt|männlich||42.8
2022-12-31|05915|Hamm, kreisfreie Stadt|weiblich||46.3
2022-12-31|05916|Herne, kreisfreie Stadt||37.0|
2022-12-31|05916|Herne, kreisfreie Stadt|Insgesamt||45.4
2022-12-31|05916|Herne, kreisfreie Stadt|männlich||43.5
2022-12-31|05916|Herne, kreisfreie Stadt|weiblich||47.3
2022-12-31|05954|Ennepe-Ruhr-Kreis||42.2|
2022-12-31|05954|Ennepe-Ruhr-Kreis|Insgesamt||49.1
2022-12-31|05954|Ennepe-Ruhr-Kreis|männlich||47.0
2022-12-31|05954|Ennepe-Ruhr-Kreis|weiblich||50.9
2022-12-31|05958|Hochsauerlandkreis||39.5|
2022-12-31|05958|Hochsauerlandkreis|Insgesamt||48.2
2022-12-31|05958|Hochsauerlandkreis|männlich||46.3
2022-12-31|05958|Hochsauerlandkreis|weiblich||50.0
2022-12-31|05962|Märkischer Kreis||38.9|
2022-12-31|05962|Märkischer Kreis|Insgesamt||47.5
2022-12-31|05962|Märkischer Kreis|männlich||45.5
2022-12-31|05962|Märkischer Kreis|weiblich||49.3
2022-12-31|05966|Olpe, Kreis||35.3|
2022-12-31|05966|Olpe, Kreis|Insgesamt||46.4
2022-12-31|05966|Olpe, Kreis|männlich||44.6
2022-12-31|05966|Olpe, Kreis|weiblich||48.2
2022-12-31|05970|Siegen-Wittgenstein, Kreis||37.7|
2022-12-31|05970|Siegen-Wittgenstein, Kreis|Insgesamt||45.6
2022-12-31|05970|Siegen-Wittgenstein, Kreis|männlich||43.5
2022-12-31|05970|Siegen-Wittgenstein, Kreis|weiblich||47.8
2022-12-31|05974|Soest, Kreis||38.2|
2022-12-31|05974|Soest, Kreis|Insgesamt||47.2
2022-12-31|05974|Soest, Kreis|männlich||45.3
2022-12-31|05974|Soest, Kreis|weiblich||49.1
2022-12-31|05978|Unna, Kreis||40.5|
2022-12-31|05978|Unna, Kreis|Insgesamt||47.9
2022-12-31|05978|Unna, Kreis|männlich||45.8
2022-12-31|05978|Unna, Kreis|weiblich||49.9
2022-12-31|06411|Darmstadt, kreisfreie Stadt, Wissenschaftsstadt||26.8|
2022-12-31|06411|Darmstadt, kreisfreie Stadt, Wissenschaftsstadt|Insgesamt||38.2
2022-12-31|06411|Darmstadt, kreisfreie Stadt, Wissenschaftsstadt|männlich||36.0
2022-12-31|06411|Darmstadt, kreisfreie Stadt, Wissenschaftsstadt|weiblich||40.8
2022-12-31|06412|Frankfurt am Main, kreisfreie Stadt||24.3|
2022-12-31|06412|Frankfurt am Main, kreisfreie Stadt|Insgesamt||39.7
2022-12-31|06412|Frankfurt am Main, kreisfreie Stadt|männlich||39.2
2022-12-31|06412|Frankfurt am Main, kreisfreie Stadt|weiblich||40.1
2022-12-31|06413|Offenbach am Main, kreisfreie Stadt||25.1|
2022-12-31|06413|Offenbach am Main, kreisfreie Stadt|Insgesamt||40.1
2022-12-31|06413|Offenbach am Main, kreisfreie Stadt|männlich||39.7
2022-12-31|06413|Offenbach am Main, kreisfreie Stadt|weiblich||40.5
2022-12-31|06414|Wiesbaden, kreisfreie Stadt, Landeshauptstadt||32.5|
2022-12-31|06414|Wiesbaden, kreisfreie Stadt, Landeshauptstadt|Insgesamt||43.1
2022-12-31|06414|Wiesbaden, kreisfreie Stadt, Landeshauptstadt|männlich||41.8
2022-12-31|06414|Wiesbaden, kreisfreie Stadt, Landeshauptstadt|weiblich||44.3
2022-12-31|06431|Bergstraße, Landkreis||39.5|
2022-12-31|06431|Bergstraße, Landkreis|Insgesamt||47.6
2022-12-31|06431|Bergstraße, Landkreis|männlich||46.1
2022-12-31|06431|Bergstraße, Landkreis|weiblich||49.2
2022-12-31|06432|Darmstadt-Dieburg, Landkreis||36.6|
2022-12-31|06432|Darmstadt-Dieburg, Landkreis|Insgesamt||46.3
2022-12-31|06432|Darmstadt-Dieburg, Landkreis|männlich||44.9
2022-12-31|06432|Darmstadt-Dieburg, Landkreis|weiblich||47.6
2022-12-31|06433|Groß-Gerau, Landkreis||32.5|
2022-12-31|06433|Groß-Gerau, Landkreis|Insgesamt||43.7
2022-12-31|06433|Groß-Gerau, Landkreis|männlich||42.5
2022-12-31|06433|Groß-Gerau, Landkreis|weiblich||44.9
2022-12-31|06434|Hochtaunuskreis||40.9|
2022-12-31|06434|Hochtaunuskreis|Insgesamt||47.8
2022-12-31|06434|Hochtaunuskreis|männlich||46.1
2022-12-31|06434|Hochtaunuskreis|weiblich||49.4
2022-12-31|06435|Main-Kinzig-Kreis||37.8|
2022-12-31|06435|Main-Kinzig-Kreis|Insgesamt||46.3
2022-12-31|06435|Main-Kinzig-Kreis|männlich||44.8
2022-12-31|06435|Main-Kinzig-Kreis|weiblich||47.9
2022-12-31|06436|Main-Taunus-Kreis||36.4|
2022-12-31|06436|Main-Taunus-Kreis|Insgesamt||46.0
2022-12-31|06436|Main-Taunus-Kreis|männlich||44.6
2022-12-31|06436|Main-Taunus-Kreis|weiblich||47.3
2022-12-31|06437|Odenwaldkreis||43.5|
2022-12-31|06437|Odenwaldkreis|Insgesamt||49.2
2022-12-31|06437|Odenwaldkreis|männlich||47.5
2022-12-31|06437|Odenwaldkreis|weiblich||50.9
2022-12-31|06438|Offenbach, Landkreis||36.8|
2022-12-31|06438|Offenbach, Landkreis|Insgesamt||45.2
2022-12-31|06438|Offenbach, Landkreis|männlich||43.8
2022-12-31|06438|Offenbach, Landkreis|weiblich||46.6
2022-12-31|06439|Rheingau-Taunus-Kreis||41.4|
2022-12-31|06439|Rheingau-Taunus-Kreis|Insgesamt||49.0
2022-12-31|06439|Rheingau-Taunus-Kreis|männlich||47.4
2022-12-31|06439|Rheingau-Taunus-Kreis|weiblich||50.5
2022-12-31|06440|Wetteraukreis||37.3|
2022-12-31|06440|Wetteraukreis|Insgesamt||46.5
2022-12-31|06440|Wetteraukreis|männlich||45.1
2022-12-31|06440|Wetteraukreis|weiblich||47.9
2022-12-31|06531|Gießen, Landkreis||33.2|
2022-12-31|06531|Gießen, Landkreis|Insgesamt||42.0
2022-12-31|06531|Gießen, Landkreis|männlich||40.8
2022-12-31|06531|Gießen, Landkreis|weiblich||43.3
2022-12-31|06532|Lahn-Dill-Kreis||39.0|
2022-12-31|06532|Lahn-Dill-Kreis|Insgesamt||46.9
2022-12-31|06532|Lahn-Dill-Kreis|männlich||44.8
2022-12-31|06532|Lahn-Dill-Kreis|weiblich||48.9
2022-12-31|06533|Limburg-Weilburg, Landkreis||38.3|
2022-12-31|06533|Limburg-Weilburg, Landkreis|Insgesamt||47.1
2022-12-31|06533|Limburg-Weilburg, Landkreis|männlich||45.5
2022-12-31|06533|Limburg-Weilburg, Landkreis|weiblich||48.7
2022-12-31|06534|Marburg-Biedenkopf, Landkreis||33.8|
2022-12-31|06534|Marburg-Biedenkopf, Landkreis|Insgesamt||43.5
2022-12-31|06534|Marburg-Biedenkopf, Landkreis|männlich||42.2
2022-12-31|06534|Marburg-Biedenkopf, Landkreis|weiblich||44.9
2022-12-31|06535|Vogelsbergkreis||45.2|
2022-12-31|06535|Vogelsbergkreis|Insgesamt||50.6
2022-12-31|06535|Vogelsbergkreis|männlich||48.8
2022-12-31|06535|Vogelsbergkreis|weiblich||52.1
2022-12-31|06611|Kassel, kreisfreie Stadt, documenta-Stadt||32.8|
2022-12-31|06611|Kassel, kreisfreie Stadt, documenta-Stadt|Insgesamt||41.3
2022-12-31|06611|Kassel, kreisfreie Stadt, documenta-Stadt|männlich||39.9
2022-12-31|06611|Kassel, kreisfreie Stadt, documenta-Stadt|weiblich||42.9
2022-12-31|06631|Fulda, Landkreis||37.4|
2022-12-31|06631|Fulda, Landkreis|Insgesamt||45.6
2022-12-31|06631|Fulda, Landkreis|männlich||43.8
2022-12-31|06631|Fulda, Landkreis|weiblich||47.4
2022-12-31|06632|Hersfeld-Rotenburg, Landkreis||44.2|
2022-12-31|06632|Hersfeld-Rotenburg, Landkreis|Insgesamt||49.1
2022-12-31|06632|Hersfeld-Rotenburg, Landkreis|männlich||47.1
2022-12-31|06632|Hersfeld-Rotenburg, Landkreis|weiblich||51.0
2022-12-31|06633|Kassel, Landkreis||45.6|
2022-12-31|06633|Kassel, Landkreis|Insgesamt||50.1
2022-12-31|06633|Kassel, Landkreis|männlich||48.3
2022-12-31|06633|Kassel, Landkreis|weiblich||51.5
2022-12-31|06634|Schwalm-Eder-Kreis||41.7|
2022-12-31|06634|Schwalm-Eder-Kreis|Insgesamt||48.8
2022-12-31|06634|Schwalm-Eder-Kreis|männlich||47.1
2022-12-31|06634|Schwalm-Eder-Kreis|weiblich||50.4
2022-12-31|06635|Waldeck-Frankenberg, Landkreis||41.6|
2022-12-31|06635|Waldeck-Frankenberg, Landkreis|Insgesamt||48.8
2022-12-31|06635|Waldeck-Frankenberg, Landkreis|männlich||46.8
2022-12-31|06635|Waldeck-Frankenberg, Landkreis|weiblich||50.5
2022-12-31|06636|Werra-Meißner-Kreis||46.4|
2022-12-31|06636|Werra-Meißner-Kreis|Insgesamt||51.0
2022-12-31|06636|Werra-Meißner-Kreis|männlich||48.8
2022-12-31|06636|Werra-Meißner-Kreis|weiblich||52.7
2022-12-31|07111|Koblenz, kreisfreie Stadt||36.0|
2022-12-31|07111|Koblenz, kreisfreie Stadt|Insgesamt||42.4
2022-12-31|07111|Koblenz, kreisfreie Stadt|männlich||40.1
2022-12-31|07111|Koblenz, kreisfreie Stadt|weiblich||45.1
2022-12-31|07131|Ahrweiler, Landkreis||44.5|
2022-12-31|07131|Ahrweiler, Landkreis|Insgesamt||49.8
2022-12-31|07131|Ahrweiler, Landkreis|männlich||47.8
2022-12-31|07131|Ahrweiler, Landkreis|weiblich||51.5
2022-12-31|07132|Altenkirchen (Westerwald), Landkreis||39.4|
2022-12-31|07132|Altenkirchen (Westerwald), Landkreis|Insgesamt||47.3
2022-12-31|07132|Altenkirchen (Westerwald), Landkreis|männlich||45.4
2022-12-31|07132|Altenkirchen (Westerwald), Landkreis|weiblich||49.1
2022-12-31|07133|Bad Kreuznach, Landkreis||41.8|
2022-12-31|07133|Bad Kreuznach, Landkreis|Insgesamt||48.2
2022-12-31|07133|Bad Kreuznach, Landkreis|männlich||46.2
2022-12-31|07133|Bad Kreuznach, Landkreis|weiblich||50.0
2022-12-31|07134|Birkenfeld, Landkreis||43.7|
2022-12-31|07134|Birkenfeld, Landkreis|Insgesamt||48.9
2022-12-31|07134|Birkenfeld, Landkreis|männlich||46.6
2022-12-31|07134|Birkenfeld, Landkreis|weiblich||51.1
2022-12-31|07135|Cochem-Zell, Landkreis||44.2|
2022-12-31|07135|Cochem-Zell, Landkreis|Insgesamt||50.4
2022-12-31|07135|Cochem-Zell, Landkreis|männlich||48.5
2022-12-31|07135|Cochem-Zell, Landkreis|weiblich||52.0
2022-12-31|07137|Mayen-Koblenz, Landkreis||39.4|
2022-12-31|07137|Mayen-Koblenz, Landkreis|Insgesamt||47.1
2022-12-31|07137|Mayen-Koblenz, Landkreis|männlich||45.5
2022-12-31|07137|Mayen-Koblenz, Landkreis|weiblich||48.6
2022-12-31|07138|Neuwied, Landkreis||40.0|
2022-12-31|07138|Neuwied, Landkreis|Insgesamt||47.0
2022-12-31|07138|Neuwied, Landkreis|männlich||45.4
2022-12-31|07138|Neuwied, Landkreis|weiblich||48.7
2022-12-31|07140|Rhein-Hunsrück-Kreis||40.8|
2022-12-31|07140|Rhein-Hunsrück-Kreis|Insgesamt||48.4
2022-12-31|07140|Rhein-Hunsrück-Kreis|männlich||46.6
2022-12-31|07140|Rhein-Hunsrück-Kreis|weiblich||50.1
2022-12-31|07141|Rhein-Lahn-Kreis||41.4|
2022-12-31|07141|Rhein-Lahn-Kreis|Insgesamt||48.5
2022-12-31|07141|Rhein-Lahn-Kreis|männlich||46.8
2022-12-31|07141|Rhein-Lahn-Kreis|weiblich||50.2
2022-12-31|07143|Westerwaldkreis||37.3|
2022-12-31|07143|Westerwaldkreis|Insgesamt||47.0
2022-12-31|07143|Westerwaldkreis|männlich||45.6
2022-12-31|07143|Westerwaldkreis|weiblich||48.4
2022-12-31|07211|Trier, kreisfreie Stadt||30.2|
2022-12-31|07211|Trier, kreisfreie Stadt|Insgesamt||40.6
2022-12-31|07211|Trier, kreisfreie Stadt|männlich||39.0
2022-12-31|07211|Trier, kreisfreie Stadt|weiblich||42.4
2022-12-31|07231|Bernkastel-Wittlich, Landkreis||41.2|
2022-12-31|07231|Bernkastel-Wittlich, Landkreis|Insgesamt||48.4
2022-12-31|07231|Bernkastel-Wittlich, Landkreis|männlich||46.9
2022-12-31|07231|Bernkastel-Wittlich, Landkreis|weiblich||49.9
2022-12-31|07232|Eifelkreis Bitburg-Prüm||36.1|
2022-12-31|07232|Eifelkreis Bitburg-Prüm|Insgesamt||45.9
2022-12-31|07232|Eifelkreis Bitburg-Prüm|männlich||44.0
2022-12-31|07232|Eifelkreis Bitburg-Prüm|weiblich||47.8
2022-12-31|07233|Vulkaneifel, Landkreis||44.2|
2022-12-31|07233|Vulkaneifel, Landkreis|Insgesamt||50.2
2022-12-31|07233|Vulkaneifel, Landkreis|männlich||48.9
2022-12-31|07233|Vulkaneifel, Landkreis|weiblich||51.4
2022-12-31|07235|Trier-Saarburg, Landkreis||36.8|
2022-12-31|07235|Trier-Saarburg, Landkreis|Insgesamt||46.5
2022-12-31|07235|Trier-Saarburg, Landkreis|männlich||45.0
2022-12-31|07235|Trier-Saarburg, Landkreis|weiblich||48.0
2022-12-31|07311|Frankenthal (Pfalz), kreisfreie Stadt||40.6|
2022-12-31|07311|Frankenthal (Pfalz), kreisfreie Stadt|Insgesamt||45.7
2022-12-31|07311|Frankenthal (Pfalz), kreisfreie Stadt|männlich||43.4
2022-12-31|07311|Frankenthal (Pfalz), kreisfreie Stadt|weiblich||48.5
2022-12-31|07312|Kaiserslautern, kreisfreie Stadt||34.4|
2022-12-31|07312|Kaiserslautern, kreisfreie Stadt|Insgesamt||42.3
2022-12-31|07312|Kaiserslautern, kreisfreie Stadt|männlich||39.2
2022-12-31|07312|Kaiserslautern, kreisfreie Stadt|weiblich||45.6
2022-12-31|07313|Landau in der Pfalz, kreisfreie Stadt||32.6|
2022-12-31|07313|Landau in der Pfalz, kreisfreie Stadt|Insgesamt||42.5
2022-12-31|07313|Landau in der Pfalz, kreisfreie Stadt|männlich||41.8
2022-12-31|07313|Landau in der Pfalz, kreisfreie Stadt|weiblich||43.2
2022-12-31|07314|Ludwigshafen am Rhein, kreisfreie Stadt||31.5|
2022-12-31|07314|Ludwigshafen am Rhein, kreisfreie Stadt|Insgesamt||42.0
2022-12-31|07314|Ludwigshafen am Rhein, kreisfreie Stadt|männlich||40.8
2022-12-31|07314|Ludwigshafen am Rhein, kreisfreie Stadt|weiblich||43.2
2022-12-31|07315|Mainz, kreisfreie Stadt||27.4|
2022-12-31|07315|Mainz, kreisfreie Stadt|Insgesamt||38.7
2022-12-31|07315|Mainz, kreisfreie Stadt|männlich||38.3
2022-12-31|07315|Mainz, kreisfreie Stadt|weiblich||39.0
2022-12-31|07316|Neustadt an der Weinstraße, kreisfreie Stadt||44.8|
2022-12-31|07316|Neustadt an der Weinstraße, kreisfreie Stadt|Insgesamt||49.1
2022-12-31|07316|Neustadt an der Weinstraße, kreisfreie Stadt|männlich||46.7
2022-12-31|07316|Neustadt an der Weinstraße, kreisfreie Stadt|weiblich||51.1
2022-12-31|07317|Pirmasens, kreisfreie Stadt||44.8|
2022-12-31|07317|Pirmasens, kreisfreie Stadt|Insgesamt||48.6
2022-12-31|07317|Pirmasens, kreisfreie Stadt|männlich||45.6
2022-12-31|07317|Pirmasens, kreisfreie Stadt|weiblich||51.5
2022-12-31|07318|Speyer, kreisfreie Stadt||40.3|
2022-12-31|07318|Speyer, kreisfreie Stadt|Insgesamt||47.3
2022-12-31|07318|Speyer, kreisfreie Stadt|männlich||44.4
2022-12-31|07318|Speyer, kreisfreie Stadt|weiblich||50.1
2022-12-31|07319|Worms, kreisfreie Stadt||34.1|
2022-12-31|07319|Worms, kreisfreie Stadt|Insgesamt||43.7
2022-12-31|07319|Worms, kreisfreie Stadt|männlich||42.3
2022-12-31|07319|Worms, kreisfreie Stadt|weiblich||45.2
2022-12-31|07320|Zweibrücken, kreisfreie Stadt||42.3|
2022-12-31|07320|Zweibrücken, kreisfreie Stadt|Insgesamt||47.2
2022-12-31|07320|Zweibrücken, kreisfreie Stadt|männlich||45.6
2022-12-31|07320|Zweibrücken, kreisfreie Stadt|weiblich||48.7
2022-12-31|07331|Alzey-Worms, Landkreis||37.1|
2022-12-31|07331|Alzey-Worms, Landkreis|Insgesamt||46.7
2022-12-31|07331|Alzey-Worms, Landkreis|männlich||45.4
2022-12-31|07331|Alzey-Worms, Landkreis|weiblich||48.1
2022-12-31|07332|Bad Dürkheim, Landkreis||44.1|
2022-12-31|07332|Bad Dürkheim, Landkreis|Insgesamt||50.7
2022-12-31|07332|Bad Dürkheim, Landkreis|männlich||49.6
2022-12-31|07332|Bad Dürkheim, Landkreis|weiblich||51.6
2022-12-31|07333|Donnersbergkreis||40.4|
2022-12-31|07333|Donnersbergkreis|Insgesamt||48.6
2022-12-31|07333|Donnersbergkreis|männlich||47.1
2022-12-31|07333|Donnersbergkreis|weiblich||50.0
2022-12-31|07334|Germersheim, Landkreis||35.2|
2022-12-31|07334|Germersheim, Landkreis|Insgesamt||45.8
2022-12-31|07334|Germersheim, Landkreis|männlich||44.7
2022-12-31|07334|Germersheim, Landkreis|weiblich||46.9
2022-12-31|07335|Kaiserslautern, Landkreis||40.3|
2022-12-31|07335|Kaiserslautern, Landkreis|Insgesamt||47.4
2022-12-31|07335|Kaiserslautern, Landkreis|männlich||46.1
2022-12-31|07335|Kaiserslautern, Landkreis|weiblich||48.6
2022-12-31|07336|Kusel, Landkreis||43.8|
2022-12-31|07336|Kusel, Landkreis|Insgesamt||50.0
2022-12-31|07336|Kusel, Landkreis|männlich||48.0
2022-12-31|07336|Kusel, Landkreis|weiblich||51.6
2022-12-31|07337|Südliche Weinstraße, Landkreis||41.9|
2022-12-31|07337|Südliche Weinstraße, Landkreis|Insgesamt||49.6
2022-12-31|07337|Südliche Weinstraße, Landkreis|männlich||47.7
2022-12-31|07337|Südliche Weinstraße, Landkreis|weiblich||51.2
2022-12-31|07338|Rhein-Pfalz-Kreis||41.2|
2022-12-31|07338|Rhein-Pfalz-Kreis|Insgesamt||48.0
2022-12-31|07338|Rhein-Pfalz-Kreis|männlich||46.3
2022-12-31|07338|Rhein-Pfalz-Kreis|weiblich||49.7
2022-12-31|07339|Mainz-Bingen, Landkreis||38.1|
2022-12-31|07339|Mainz-Bingen, Landkreis|Insgesamt||47.5
2022-12-31|07339|Mainz-Bingen, Landkreis|männlich||46.2
2022-12-31|07339|Mainz-Bingen, Landkreis|weiblich||48.7
2022-12-31|07340|Südwestpfalz, Landkreis||47.6|
2022-12-31|07340|Südwestpfalz, Landkreis|Insgesamt||52.2
2022-12-31|07340|Südwestpfalz, Landkreis|männlich||51.0
2022-12-31|07340|Südwestpfalz, Landkreis|weiblich||53.4
2022-12-31|08111|Stuttgart, Stadtkreis||28.4|
2022-12-31|08111|Stuttgart, Stadtkreis|Insgesamt||40.4
2022-12-31|08111|Stuttgart, Stadtkreis|männlich||39.4
2022-12-31|08111|Stuttgart, Stadtkreis|weiblich||41.4
2022-12-31|08115|Böblingen, Landkreis||34.5|
2022-12-31|08115|Böblingen, Landkreis|Insgesamt||44.0
2022-12-31|08115|Böblingen, Landkreis|männlich||42.9
2022-12-31|08115|Böblingen, Landkreis|weiblich||45.1
2022-12-31|08116|Esslingen, Landkreis||35.1|
2022-12-31|08116|Esslingen, Landkreis|Insgesamt||44.8
2022-12-31|08116|Esslingen, Landkreis|männlich||43.2
2022-12-31|08116|Esslingen, Landkreis|weiblich||46.4
2022-12-31|08117|Göppingen, Landkreis||38.0|
2022-12-31|08117|Göppingen, Landkreis|Insgesamt||45.8
2022-12-31|08117|Göppingen, Landkreis|männlich||44.0
2022-12-31|08117|Göppingen, Landkreis|weiblich||47.6
2022-12-31|08118|Ludwigsburg, Landkreis||34.4|
2022-12-31|08118|Ludwigsburg, Landkreis|Insgesamt||44.3
2022-12-31|08118|Ludwigsburg, Landkreis|männlich||42.9
2022-12-31|08118|Ludwigsburg, Landkreis|weiblich||45.7
2022-12-31|08119|Rems-Murr-Kreis, Landkreis||36.7|
2022-12-31|08119|Rems-Murr-Kreis, Landkreis|Insgesamt||45.7
2022-12-31|08119|Rems-Murr-Kreis, Landkreis|männlich||44.3
2022-12-31|08119|Rems-Murr-Kreis, Landkreis|weiblich||47.1
2022-12-31|08121|Heilbronn, Stadtkreis||31.2|
2022-12-31|08121|Heilbronn, Stadtkreis|Insgesamt||41.1
2022-12-31|08121|Heilbronn, Stadtkreis|männlich||38.7
2022-12-31|08121|Heilbronn, Stadtkreis|weiblich||43.3
2022-12-31|08125|Heilbronn, Landkreis||33.7|
2022-12-31|08125|Heilbronn, Landkreis|Insgesamt||44.3
2022-12-31|08125|Heilbronn, Landkreis|männlich||42.8
2022-12-31|08125|Heilbronn, Landkreis|weiblich||46.0
2022-12-31|08126|Hohenlohekreis, Landkreis||34.1|
2022-12-31|08126|Hohenlohekreis, Landkreis|Insgesamt||44.6
2022-12-31|08126|Hohenlohekreis, Landkreis|männlich||42.7
2022-12-31|08126|Hohenlohekreis, Landkreis|weiblich||46.5
2022-12-31|08127|Schwäbisch Hall, Landkreis||34.0|
2022-12-31|08127|Schwäbisch Hall, Landkreis|Insgesamt||44.0
2022-12-31|08127|Schwäbisch Hall, Landkreis|männlich||42.5
2022-12-31|08127|Schwäbisch Hall, Landkreis|weiblich||45.6
2022-12-31|08128|Main-Tauber-Kreis, Landkreis||41.3|
2022-12-31|08128|Main-Tauber-Kreis, Landkreis|Insgesamt||47.8
2022-12-31|08128|Main-Tauber-Kreis, Landkreis|männlich||45.6
2022-12-31|08128|Main-Tauber-Kreis, Landkreis|weiblich||50.0
2022-12-31|08135|Heidenheim, Landkreis||38.0|
2022-12-31|08135|Heidenheim, Landkreis|Insgesamt||45.5
2022-12-31|08135|Heidenheim, Landkreis|männlich||43.6
2022-12-31|08135|Heidenheim, Landkreis|weiblich||47.4
2022-12-31|08136|Ostalbkreis, Landkreis||36.3|
2022-12-31|08136|Ostalbkreis, Landkreis|Insgesamt||45.2
2022-12-31|08136|Ostalbkreis, Landkreis|männlich||43.6
2022-12-31|08136|Ostalbkreis, Landkreis|weiblich||46.8
2022-12-31|08211|Baden-Baden, Stadtkreis||48.3|
2022-12-31|08211|Baden-Baden, Stadtkreis|Insgesamt||50.2
2022-12-31|08211|Baden-Baden, Stadtkreis|männlich||49.4
2022-12-31|08211|Baden-Baden, Stadtkreis|weiblich||50.9
2022-12-31|08212|Karlsruhe, Stadtkreis||30.2|
2022-12-31|08212|Karlsruhe, Stadtkreis|Insgesamt||41.1
2022-12-31|08212|Karlsruhe, Stadtkreis|männlich||38.6
2022-12-31|08212|Karlsruhe, Stadtkreis|weiblich||43.7
2022-12-31|08215|Karlsruhe, Landkreis||37.3|
2022-12-31|08215|Karlsruhe, Landkreis|Insgesamt||46.3
2022-12-31|08215|Karlsruhe, Landkreis|männlich||44.5
2022-12-31|08215|Karlsruhe, Landkreis|weiblich||48.2
2022-12-31|08216|Rastatt, Landkreis||38.8|
2022-12-31|08216|Rastatt, Landkreis|Insgesamt||47.1
2022-12-31|08216|Rastatt, Landkreis|männlich||45.3
2022-12-31|08216|Rastatt, Landkreis|weiblich||48.8
2022-12-31|08221|Heidelberg, Stadtkreis||24.9|
2022-12-31|08221|Heidelberg, Stadtkreis|Insgesamt||35.6
2022-12-31|08221|Heidelberg, Stadtkreis|männlich||35.2
2022-12-31|08221|Heidelberg, Stadtkreis|weiblich||36.0
2022-12-31|08222|Mannheim, Stadtkreis||29.3|
2022-12-31|08222|Mannheim, Stadtkreis|Insgesamt||41.0
2022-12-31|08222|Mannheim, Stadtkreis|männlich||40.1
2022-12-31|08222|Mannheim, Stadtkreis|weiblich||42.0
2022-12-31|08225|Neckar-Odenwald-Kreis, Landkreis||39.0|
2022-12-31|08225|Neckar-Odenwald-Kreis, Landkreis|Insgesamt||47.3
2022-12-31|08225|Neckar-Odenwald-Kreis, Landkreis|männlich||45.5
2022-12-31|08225|Neckar-Odenwald-Kreis, Landkreis|weiblich||49.2
2022-12-31|08226|Rhein-Neckar-Kreis, Landkreis||38.1|
2022-12-31|08226|Rhein-Neckar-Kreis, Landkreis|Insgesamt||46.4
2022-12-31|08226|Rhein-Neckar-Kreis, Landkreis|männlich||44.8
2022-12-31|08226|Rhein-Neckar-Kreis, Landkreis|weiblich||48.0
2022-12-31|08231|Pforzheim, Stadtkreis||33.6|
2022-12-31|08231|Pforzheim, Stadtkreis|Insgesamt||41.8
2022-12-31|08231|Pforzheim, Stadtkreis|männlich||39.8
2022-12-31|08231|Pforzheim, Stadtkreis|weiblich||43.8
2022-12-31|08235|Calw, Landkreis||36.9|
2022-12-31|08235|Calw, Landkreis|Insgesamt||45.9
2022-12-31|08235|Calw, Landkreis|männlich||44.1
2022-12-31|08235|Calw, Landkreis|weiblich||47.7
2022-12-31|08236|Enzkreis, Landkreis||37.8|
2022-12-31|08236|Enzkreis, Landkreis|Insgesamt||46.3
2022-12-31|08236|Enzkreis, Landkreis|männlich||44.8
2022-12-31|08236|Enzkreis, Landkreis|weiblich||47.9
2022-12-31|08237|Freudenstadt, Landkreis||36.2|
2022-12-31|08237|Freudenstadt, Landkreis|Insgesamt||45.8
2022-12-31|08237|Freudenstadt, Landkreis|männlich||43.9
2022-12-31|08237|Freudenstadt, Landkreis|weiblich||47.7
2022-12-31|08311|Freiburg im Breisgau, Stadtkreis||27.0|
2022-12-31|08311|Freiburg im Breisgau, Stadtkreis|Insgesamt||37.6
2022-12-31|08311|Freiburg im Breisgau, Stadtkreis|männlich||37.1
2022-12-31|08311|Freiburg im Breisgau, Stadtkreis|weiblich||38.1
2022-12-31|08315|Breisgau-Hochschwarzwald, Landkreis||39.8|
2022-12-31|08315|Breisgau-Hochschwarzwald, Landkreis|Insgesamt||46.5
2022-12-31|08315|Breisgau-Hochschwarzwald, Landkreis|männlich||44.7
2022-12-31|08315|Breisgau-Hochschwarzwald, Landkreis|weiblich||48.2
2022-12-31|08316|Emmendingen, Landkreis||37.8|
2022-12-31|08316|Emmendingen, Landkreis|Insgesamt||46.0
2022-12-31|08316|Emmendingen, Landkreis|männlich||44.2
2022-12-31|08316|Emmendingen, Landkreis|weiblich||47.8
2022-12-31|08317|Ortenaukreis, Landkreis||37.2|
2022-12-31|08317|Ortenaukreis, Landkreis|Insgesamt||45.6
2022-12-31|08317|Ortenaukreis, Landkreis|männlich||43.9
2022-12-31|08317|Ortenaukreis, Landkreis|weiblich||47.2
2022-12-31|08325|Rottweil, Landkreis||37.5|
2022-12-31|08325|Rottweil, Landkreis|Insgesamt||45.8
2022-12-31|08325|Rottweil, Landkreis|männlich||44.2
2022-12-31|08325|Rottweil, Landkreis|weiblich||47.4
2022-12-31|08326|Schwarzwald-Baar-Kreis, Landkreis||39.5|
2022-12-31|08326|Schwarzwald-Baar-Kreis, Landkreis|Insgesamt||45.5
2022-12-31|08326|Schwarzwald-Baar-Kreis, Landkreis|männlich||43.7
2022-12-31|08326|Schwarzwald-Baar-Kreis, Landkreis|weiblich||47.4
2022-12-31|08327|Tuttlingen, Landkreis||34.3|
2022-12-31|08327|Tuttlingen, Landkreis|Insgesamt||43.4
2022-12-31|08327|Tuttlingen, Landkreis|männlich||41.8
2022-12-31|08327|Tuttlingen, Landkreis|weiblich||45.1
2022-12-31|08335|Konstanz, Landkreis||36.4|
2022-12-31|08335|Konstanz, Landkreis|Insgesamt||44.4
2022-12-31|08335|Konstanz, Landkreis|männlich||42.7
2022-12-31|08335|Konstanz, Landkreis|weiblich||46.1
2022-12-31|08336|Lörrach, Landkreis||36.0|
2022-12-31|08336|Lörrach, Landkreis|Insgesamt||45.3
2022-12-31|08336|Lörrach, Landkreis|männlich||43.6
2022-12-31|08336|Lörrach, Landkreis|weiblich||47.0
2022-12-31|08337|Waldshut, Landkreis||38.6|
2022-12-31|08337|Waldshut, Landkreis|Insgesamt||45.4
2022-12-31|08337|Waldshut, Landkreis|männlich||43.9
2022-12-31|08337|Waldshut, Landkreis|weiblich||47.1
2022-12-31|08415|Reutlingen, Landkreis||36.2|
2022-12-31|08415|Reutlingen, Landkreis|Insgesamt||45.1
2022-12-31|08415|Reutlingen, Landkreis|männlich||43.4
2022-12-31|08415|Reutlingen, Landkreis|weiblich||46.8
2022-12-31|08416|Tübingen, Landkreis||30.2|
2022-12-31|08416|Tübingen, Landkreis|Insgesamt||40.5
2022-12-31|08416|Tübingen, Landkreis|männlich||39.9
2022-12-31|08416|Tübingen, Landkreis|weiblich||41.0
2022-12-31|08417|Zollernalbkreis, Landkreis||38.7|
2022-12-31|08417|Zollernalbkreis, Landkreis|Insgesamt||46.7
2022-12-31|08417|Zollernalbkreis, Landkreis|männlich||44.8
2022-12-31|08417|Zollernalbkreis, Landkreis|weiblich||48.6
2022-12-31|08421|Ulm, Stadtkreis||30.8|
2022-12-31|08421|Ulm, Stadtkreis|Insgesamt||40.5
2022-12-31|08421|Ulm, Stadtkreis|männlich||38.9
2022-12-31|08421|Ulm, Stadtkreis|weiblich||42.0
2022-12-31|08425|Alb-Donau-Kreis, Landkreis||34.0|
2022-12-31|08425|Alb-Donau-Kreis, Landkreis|Insgesamt||44.0
2022-12-31|08425|Alb-Donau-Kreis, Landkreis|männlich||42.7
2022-12-31|08425|Alb-Donau-Kreis, Landkreis|weiblich||45.4
2022-12-31|08426|Biberach, Landkreis||33.2|
2022-12-31|08426|Biberach, Landkreis|Insgesamt||43.5
2022-12-31|08426|Biberach, Landkreis|männlich||42.3
2022-12-31|08426|Biberach, Landkreis|weiblich||44.9
2022-12-31|08435|Bodenseekreis, Landkreis||41.2|
2022-12-31|08435|Bodenseekreis, Landkreis|Insgesamt||46.9
2022-12-31|08435|Bodenseekreis, Landkreis|männlich||45.1
2022-12-31|08435|Bodenseekreis, Landkreis|weiblich||48.8
2022-12-31|08436|Ravensburg, Landkreis||35.2|
2022-12-31|08436|Ravensburg, Landkreis|Insgesamt||44.4
2022-12-31|08436|Ravensburg, Landkreis|männlich||42.9
2022-12-31|08436|Ravensburg, Landkreis|weiblich||45.9
2022-12-31|08437|Sigmaringen, Landkreis||36.0|
2022-12-31|08437|Sigmaringen, Landkreis|Insgesamt||45.5
2022-12-31|08437|Sigmaringen, Landkreis|männlich||43.4
2022-12-31|08437|Sigmaringen, Landkreis|weiblich||47.8
2022-12-31|09161|Ingolstadt, kreisfreie Stadt||29.7|
2022-12-31|09161|Ingolstadt, kreisfreie Stadt|Insgesamt||41.1
2022-12-31|09161|Ingolstadt, kreisfreie Stadt|männlich||39.6
2022-12-31|09161|Ingolstadt, kreisfreie Stadt|weiblich||42.8
2022-12-31|09162|München, kreisfreie Stadt||26.2|
2022-12-31|09162|München, kreisfreie Stadt|Insgesamt||39.8
2022-12-31|09162|München, kreisfreie Stadt|männlich||38.9
2022-12-31|09162|München, kreisfreie Stadt|weiblich||40.8
2022-12-31|09163|Rosenheim, kreisfreie Stadt||33.3|
2022-12-31|09163|Rosenheim, kreisfreie Stadt|Insgesamt||42.8
2022-12-31|09163|Rosenheim, kreisfreie Stadt|männlich||41.0
2022-12-31|09163|Rosenheim, kreisfreie Stadt|weiblich||44.7
2022-12-31|09171|Altötting, Landkreis||38.4|
2022-12-31|09171|Altötting, Landkreis|Insgesamt||46.2
2022-12-31|09171|Altötting, Landkreis|männlich||44.2
2022-12-31|09171|Altötting, Landkreis|weiblich||48.3
2022-12-31|09172|Berchtesgadener Land, Landkreis||41.4|
2022-12-31|09172|Berchtesgadener Land, Landkreis|Insgesamt||46.7
2022-12-31|09172|Berchtesgadener Land, Landkreis|männlich||44.3
2022-12-31|09172|Berchtesgadener Land, Landkreis|weiblich||49.1
2022-12-31|09173|Bad Tölz-Wolfratshausen, Landkreis||37.5|
2022-12-31|09173|Bad Tölz-Wolfratshausen, Landkreis|Insgesamt||46.2
2022-12-31|09173|Bad Tölz-Wolfratshausen, Landkreis|männlich||44.5
2022-12-31|09173|Bad Tölz-Wolfratshausen, Landkreis|weiblich||48.0
2022-12-31|09174|Dachau, Landkreis||31.8|
2022-12-31|09174|Dachau, Landkreis|Insgesamt||44.1
2022-12-31|09174|Dachau, Landkreis|männlich||42.7
2022-12-31|09174|Dachau, Landkreis|weiblich||45.5
2022-12-31|09175|Ebersberg, Landkreis||32.5|
2022-12-31|09175|Ebersberg, Landkreis|Insgesamt||44.5
2022-12-31|09175|Ebersberg, Landkreis|männlich||43.4
2022-12-31|09175|Ebersberg, Landkreis|weiblich||45.5
2022-12-31|09176|Eichstätt, Landkreis||31.4|
2022-12-31|09176|Eichstätt, Landkreis|Insgesamt||43.0
2022-12-31|09176|Eichstätt, Landkreis|männlich||42.3
2022-12-31|09176|Eichstätt, Landkreis|weiblich||43.7
2022-12-31|09177|Erding, Landkreis||28.9|
2022-12-31|09177|Erding, Landkreis|Insgesamt||43.9
2022-12-31|09177|Erding, Landkreis|männlich||43.4
2022-12-31|09177|Erding, Landkreis|weiblich||44.5
2022-12-31|09178|Freising, Landkreis||26.0|
2022-12-31|09178|Freising, Landkreis|Insgesamt||42.0
2022-12-31|09178|Freising, Landkreis|männlich||40.9
2022-12-31|09178|Freising, Landkreis|weiblich||43.1
2022-12-31|09179|Fürstenfeldbruck, Landkreis||37.7|
2022-12-31|09179|Fürstenfeldbruck, Landkreis|Insgesamt||45.6
2022-12-31|09179|Fürstenfeldbruck, Landkreis|männlich||44.0
2022-12-31|09179|Fürstenfeldbruck, Landkreis|weiblich||47.1
2022-12-31|09180|Garmisch-Partenkirchen, Landkreis||43.8|
2022-12-31|09180|Garmisch-Partenkirchen, Landkreis|Insgesamt||49.1
2022-12-31|09180|Garmisch-Partenkirchen, Landkreis|männlich||46.9
2022-12-31|09180|Garmisch-Partenkirchen, Landkreis|weiblich||50.9
2022-12-31|09181|Landsberg am Lech, Landkreis||35.8|
2022-12-31|09181|Landsberg am Lech, Landkreis|Insgesamt||46.5
2022-12-31|09181|Landsberg am Lech, Landkreis|männlich||44.9
2022-12-31|09181|Landsberg am Lech, Landkreis|weiblich||48.1
2022-12-31|09182|Miesbach, Landkreis||39.3|
2022-12-31|09182|Miesbach, Landkreis|Insgesamt||47.8
2022-12-31|09182|Miesbach, Landkreis|männlich||46.0
2022-12-31|09182|Miesbach, Landkreis|weiblich||49.4
2022-12-31|09183|Mühldorf a.Inn, Landkreis||34.2|
2022-12-31|09183|Mühldorf a.Inn, Landkreis|Insgesamt||44.9
2022-12-31|09183|Mühldorf a.Inn, Landkreis|männlich||43.5
2022-12-31|09183|Mühldorf a.Inn, Landkreis|weiblich||46.3
2022-12-31|09184|München, Landkreis||35.4|
2022-12-31|09184|München, Landkreis|Insgesamt||44.7
2022-12-31|09184|München, Landkreis|männlich||43.3
2022-12-31|09184|München, Landkreis|weiblich||46.1
2022-12-31|09185|Neuburg-Schrobenhausen, Landkreis||33.6|
2022-12-31|09185|Neuburg-Schrobenhausen, Landkreis|Insgesamt||44.3
2022-12-31|09185|Neuburg-Schrobenhausen, Landkreis|männlich||43.3
2022-12-31|09185|Neuburg-Schrobenhausen, Landkreis|weiblich||45.5
2022-12-31|09186|Pfaffenhofen a.d.Ilm, Landkreis||31.2|
2022-12-31|09186|Pfaffenhofen a.d.Ilm, Landkreis|Insgesamt||43.6
2022-12-31|09186|Pfaffenhofen a.d.Ilm, Landkreis|männlich||42.5
2022-12-31|09186|Pfaffenhofen a.d.Ilm, Landkreis|weiblich||44.8
2022-12-31|09187|Rosenheim, Landkreis||38.3|
2022-12-31|09187|Rosenheim, Landkreis|Insgesamt||46.7
2022-12-31|09187|Rosenheim, Landkreis|männlich||44.7
2022-12-31|09187|Rosenheim, Landkreis|weiblich||48.6
2022-12-31|09188|Starnberg, Landkreis||41.7|
2022-12-31|09188|Starnberg, Landkreis|Insgesamt||48.2
2022-12-31|09188|Starnberg, Landkreis|männlich||46.7
2022-12-31|09188|Starnberg, Landkreis|weiblich||49.5
2022-12-31|09189|Traunstein, Landkreis||40.8|
2022-12-31|09189|Traunstein, Landkreis|Insgesamt||47.5
2022-12-31|09189|Traunstein, Landkreis|männlich||45.6
2022-12-31|09189|Traunstein, Landkreis|weiblich||49.2
2022-12-31|09190|Weilheim-Schongau, Landkreis||39.0|
2022-12-31|09190|Weilheim-Schongau, Landkreis|Insgesamt||46.5
2022-12-31|09190|Weilheim-Schongau, Landkreis|männlich||44.9
2022-12-31|09190|Weilheim-Schongau, Landkreis|weiblich||48.2
2022-12-31|09261|Landshut, kreisfreie Stadt||33.8|
2022-12-31|09261|Landshut, kreisfreie Stadt|Insgesamt||43.3
2022-12-31|09261|Landshut, kreisfreie Stadt|männlich||41.6
2022-12-31|09261|Landshut, kreisfreie Stadt|weiblich||45.0
2022-12-31|09262|Passau, kreisfreie Stadt||35.9|
2022-12-31|09262|Passau, kreisfreie Stadt|Insgesamt||42.4
2022-12-31|09262|Passau, kreisfreie Stadt|männlich||40.6
2022-12-31|09262|Passau, kreisfreie Stadt|weiblich||44.2
2022-12-31|09263|Straubing, kreisfreie Stadt||35.8|
2022-12-31|09263|Straubing, kreisfreie Stadt|Insgesamt||45.1
2022-12-31|09263|Straubing, kreisfreie Stadt|männlich||42.9
2022-12-31|09263|Straubing, kreisfreie Stadt|weiblich||47.8
2022-12-31|09271|Deggendorf, Landkreis||35.4|
2022-12-31|09271|Deggendorf, Landkreis|Insgesamt||45.7
2022-12-31|09271|Deggendorf, Landkreis|männlich||43.8
2022-12-31|09271|Deggendorf, Landkreis|weiblich||47.6
2022-12-31|09272|Freyung-Grafenau, Landkreis||39.8|
2022-12-31|09272|Freyung-Grafenau, Landkreis|Insgesamt||49.1
2022-12-31|09272|Freyung-Grafenau, Landkreis|männlich||47.4
2022-12-31|09272|Freyung-Grafenau, Landkreis|weiblich||50.6
2022-12-31|09273|Kelheim, Landkreis||32.6|
2022-12-31|09273|Kelheim, Landkreis|Insgesamt||44.3
2022-12-31|09273|Kelheim, Landkreis|männlich||43.2
2022-12-31|09273|Kelheim, Landkreis|weiblich||45.4
2022-12-31|09274|Landshut, Landkreis||32.8|
2022-12-31|09274|Landshut, Landkreis|Insgesamt||44.9
2022-12-31|09274|Landshut, Landkreis|männlich||43.9
2022-12-31|09274|Landshut, Landkreis|weiblich||45.9
2022-12-31|09275|Passau, Landkreis||40.4|
2022-12-31|09275|Passau, Landkreis|Insgesamt||48.2
2022-12-31|09275|Passau, Landkreis|männlich||46.3
2022-12-31|09275|Passau, Landkreis|weiblich||50.0
2022-12-31|09276|Regen, Landkreis||40.6|
2022-12-31|09276|Regen, Landkreis|Insgesamt||48.4
2022-12-31|09276|Regen, Landkreis|männlich||46.8
2022-12-31|09276|Regen, Landkreis|weiblich||50.1
2022-12-31|09277|Rottal-Inn, Landkreis||38.3|
2022-12-31|09277|Rottal-Inn, Landkreis|Insgesamt||46.7
2022-12-31|09277|Rottal-Inn, Landkreis|männlich||45.0
2022-12-31|09277|Rottal-Inn, Landkreis|weiblich||48.5
2022-12-31|09278|Straubing-Bogen, Landkreis||34.8|
2022-12-31|09278|Straubing-Bogen, Landkreis|Insgesamt||46.0
2022-12-31|09278|Straubing-Bogen, Landkreis|männlich||44.6
2022-12-31|09278|Straubing-Bogen, Landkreis|weiblich||47.3
2022-12-31|09279|Dingolfing-Landau, Landkreis||32.2|
2022-12-31|09279|Dingolfing-Landau, Landkreis|Insgesamt||44.5
2022-12-31|09279|Dingolfing-Landau, Landkreis|männlich||43.1
2022-12-31|09279|Dingolfing-Landau, Landkreis|weiblich||46.1
2022-12-31|09361|Amberg, kreisfreie Stadt||40.9|
2022-12-31|09361|Amberg, kreisfreie Stadt|Insgesamt||46.9
2022-12-31|09361|Amberg, kreisfreie Stadt|männlich||43.9
2022-12-31|09361|Amberg, kreisfreie Stadt|weiblich||50.2
2022-12-31|09362|Regensburg, kreisfreie Stadt||26.8|
2022-12-31|09362|Regensburg, kreisfreie Stadt|Insgesamt||39.1
2022-12-31|09362|Regensburg, kreisfreie Stadt|männlich||38.0
2022-12-31|09362|Regensburg, kreisfreie Stadt|weiblich||40.3
2022-12-31|09363|Weiden i.d.OPf., kreisfreie Stadt||39.0|
2022-12-31|09363|Weiden i.d.OPf., kreisfreie Stadt|Insgesamt||46.7
2022-12-31|09363|Weiden i.d.OPf., kreisfreie Stadt|männlich||43.9
2022-12-31|09363|Weiden i.d.OPf., kreisfreie Stadt|weiblich||49.1
2022-12-31|09371|Amberg-Sulzbach, Landkreis||37.7|
2022-12-31|09371|Amberg-Sulzbach, Landkreis|Insgesamt||47.9
2022-12-31|09371|Amberg-Sulzbach, Landkreis|männlich||46.4
2022-12-31|09371|Amberg-Sulzbach, Landkreis|weiblich||49.3
2022-12-31|09372|Cham, Landkreis||38.4|
2022-12-31|09372|Cham, Landkreis|Insgesamt||47.4
2022-12-31|09372|Cham, Landkreis|männlich||46.0
2022-12-31|09372|Cham, Landkreis|weiblich||48.8
2022-12-31|09373|Neumarkt i.d.OPf., Landkreis||33.6|
2022-12-31|09373|Neumarkt i.d.OPf., Landkreis|Insgesamt||45.2
2022-12-31|09373|Neumarkt i.d.OPf., Landkreis|männlich||43.6
2022-12-31|09373|Neumarkt i.d.OPf., Landkreis|weiblich||46.8
2022-12-31|09374|Neustadt a.d.Waldnaab, Landkreis||37.6|
2022-12-31|09374|Neustadt a.d.Waldnaab, Landkreis|Insgesamt||47.6
2022-12-31|09374|Neustadt a.d.Waldnaab, Landkreis|männlich||46.2
2022-12-31|09374|Neustadt a.d.Waldnaab, Landkreis|weiblich||49.0
2022-12-31|09375|Regensburg, Landkreis||35.2|
2022-12-31|09375|Regensburg, Landkreis|Insgesamt||46.0
2022-12-31|09375|Regensburg, Landkreis|männlich||44.9
2022-12-31|09375|Regensburg, Landkreis|weiblich||47.2
2022-12-31|09376|Schwandorf, Landkreis||35.7|
2022-12-31|09376|Schwandorf, Landkreis|Insgesamt||46.1
2022-12-31|09376|Schwandorf, Landkreis|männlich||44.7
2022-12-31|09376|Schwandorf, Landkreis|weiblich||47.7
2022-12-31|09377|Tirschenreuth, Landkreis||40.3|
2022-12-31|09377|Tirschenreuth, Landkreis|Insgesamt||49.0
2022-12-31|09377|Tirschenreuth, Landkreis|männlich||47.7
2022-12-31|09377|Tirschenreuth, Landkreis|weiblich||50.2
2022-12-31|09461|Bamberg, kreisfreie Stadt||31.5|
2022-12-31|09461|Bamberg, kreisfreie Stadt|Insgesamt||41.2
2022-12-31|09461|Bamberg, kreisfreie Stadt|männlich||39.0
2022-12-31|09461|Bamberg, kreisfreie Stadt|weiblich||43.7
2022-12-31|09462|Bayreuth, kreisfreie Stadt||35.9|
2022-12-31|09462|Bayreuth, kreisfreie Stadt|Insgesamt||42.4
2022-12-31|09462|Bayreuth, kreisfreie Stadt|männlich||39.4
2022-12-31|09462|Bayreuth, kreisfreie Stadt|weiblich||45.8
2022-12-31|09463|Coburg, kreisfreie Stadt||39.7|
2022-12-31|09463|Coburg, kreisfreie Stadt|Insgesamt||45.9
2022-12-31|09463|Coburg, kreisfreie Stadt|männlich||42.7
2022-12-31|09463|Coburg, kreisfreie Stadt|weiblich||49.3
2022-12-31|09464|Hof, kreisfreie Stadt||40.9|
2022-12-31|09464|Hof, kreisfreie Stadt|Insgesamt||45.8
2022-12-31|09464|Hof, kreisfreie Stadt|männlich||42.3
2022-12-31|09464|Hof, kreisfreie Stadt|weiblich||49.4
2022-12-31|09471|Bamberg, Landkreis||34.3|
2022-12-31|09471|Bamberg, Landkreis|Insgesamt||46.3
2022-12-31|09471|Bamberg, Landkreis|männlich||45.1
2022-12-31|09471|Bamberg, Landkreis|weiblich||47.6
2022-12-31|09472|Bayreuth, Landkreis||40.5|
2022-12-31|09472|Bayreuth, Landkreis|Insgesamt||49.2
2022-12-31|09472|Bayreuth, Landkreis|männlich||47.6
2022-12-31|09472|Bayreuth, Landkreis|weiblich||50.6
2022-12-31|09473|Coburg, Landkreis||41.9|
2022-12-31|09473|Coburg, Landkreis|Insgesamt||49.6
2022-12-31|09473|Coburg, Landkreis|männlich||47.4
2022-12-31|09473|Coburg, Landkreis|weiblich||51.4
2022-12-31|09474|Forchheim, Landkreis||37.0|
2022-12-31|09474|Forchheim, Landkreis|Insgesamt||46.9
2022-12-31|09474|Forchheim, Landkreis|männlich||45.8
2022-12-31|09474|Forchheim, Landkreis|weiblich||48.3
2022-12-31|09475|Hof, Landkreis||46.0|
2022-12-31|09475|Hof, Landkreis|Insgesamt||51.5
2022-12-31|09475|Hof, Landkreis|männlich||49.9
2022-12-31|09475|Hof, Landkreis|weiblich||52.7
2022-12-31|09476|Kronach, Landkreis||43.4|
2022-12-31|09476|Kronach, Landkreis|Insgesamt||51.3
2022-12-31|09476|Kronach, Landkreis|männlich||49.6
2022-12-31|09476|Kronach, Landkreis|weiblich||52.7
2022-12-31|09477|Kulmbach, Landkreis||43.4|
2022-12-31|09477|Kulmbach, Landkreis|Insgesamt||50.6
2022-12-31|09477|Kulmbach, Landkreis|männlich||48.7
2022-12-31|09477|Kulmbach, Landkreis|weiblich||52.3
2022-12-31|09478|Lichtenfels, Landkreis||40.0|
2022-12-31|09478|Lichtenfels, Landkreis|Insgesamt||48.8
2022-12-31|09478|Lichtenfels, Landkreis|männlich||47.2
2022-12-31|09478|Lichtenfels, Landkreis|weiblich||50.4
2022-12-31|09479|Wunsiedel i.Fichtelgebirge, Landkreis||47.5|
2022-12-31|09479|Wunsiedel i.Fichtelgebirge, Landkreis|Insgesamt||51.5
2022-12-31|09479|Wunsiedel i.Fichtelgebirge, Landkreis|männlich||49.6
2022-12-31|09479|Wunsiedel i.Fichtelgebirge, Landkreis|weiblich||53.0
2022-12-31|09561|Ansbach, kreisfreie Stadt||37.3|
2022-12-31|09561|Ansbach, kreisfreie Stadt|Insgesamt||45.1
2022-12-31|09561|Ansbach, kreisfreie Stadt|männlich||42.5
2022-12-31|09561|Ansbach, kreisfreie Stadt|weiblich||47.5
2022-12-31|09562|Erlangen, kreisfreie Stadt||28.9|
2022-12-31|09562|Erlangen, kreisfreie Stadt|Insgesamt||39.5
2022-12-31|09562|Erlangen, kreisfreie Stadt|männlich||37.3
2022-12-31|09562|Erlangen, kreisfreie Stadt|weiblich||41.7
2022-12-31|09563|Fürth, kreisfreie Stadt||30.5|
2022-12-31|09563|Fürth, kreisfreie Stadt|Insgesamt||43.4
2022-12-31|09563|Fürth, kreisfreie Stadt|männlich||41.7
2022-12-31|09563|Fürth, kreisfreie Stadt|weiblich||45.2
2022-12-31|09564|Nürnberg, kreisfreie Stadt||32.6|
2022-12-31|09564|Nürnberg, kreisfreie Stadt|Insgesamt||42.7
2022-12-31|09564|Nürnberg, kreisfreie Stadt|männlich||41.1
2022-12-31|09564|Nürnberg, kreisfreie Stadt|weiblich||44.3
2022-12-31|09565|Schwabach, kreisfreie Stadt||39.5|
2022-12-31|09565|Schwabach, kreisfreie Stadt|Insgesamt||46.9
2022-12-31|09565|Schwabach, kreisfreie Stadt|männlich||45.5
2022-12-31|09565|Schwabach, kreisfreie Stadt|weiblich||48.4
2022-12-31|09571|Ansbach, Landkreis||35.3|
2022-12-31|09571|Ansbach, Landkreis|Insgesamt||45.6
2022-12-31|09571|Ansbach, Landkreis|männlich||44.0
2022-12-31|09571|Ansbach, Landkreis|weiblich||47.2
2022-12-31|09572|Erlangen-Höchstadt, Landkreis||37.1|
2022-12-31|09572|Erlangen-Höchstadt, Landkreis|Insgesamt||45.9
2022-12-31|09572|Erlangen-Höchstadt, Landkreis|männlich||44.5
2022-12-31|09572|Erlangen-Höchstadt, Landkreis|weiblich||47.3
2022-12-31|09573|Fürth, Landkreis||40.8|
2022-12-31|09573|Fürth, Landkreis|Insgesamt||47.6
2022-12-31|09573|Fürth, Landkreis|männlich||45.9
2022-12-31|09573|Fürth, Landkreis|weiblich||49.5
2022-12-31|09574|Nürnberger Land, Landkreis||39.6|
2022-12-31|09574|Nürnberger Land, Landkreis|Insgesamt||47.8
2022-12-31|09574|Nürnberger Land, Landkreis|männlich||46.1
2022-12-31|09574|Nürnberger Land, Landkreis|weiblich||49.4
2022-12-31|09575|Neustadt a.d.Aisch-Bad Windsheim, Landkreis||37.5|
2022-12-31|09575|Neustadt a.d.Aisch-Bad Windsheim, Landkreis|Insgesamt||46.8
2022-12-31|09575|Neustadt a.d.Aisch-Bad Windsheim, Landkreis|männlich||45.5
2022-12-31|09575|Neustadt a.d.Aisch-Bad Windsheim, Landkreis|weiblich||48.3
2022-12-31|09576|Roth, Landkreis||37.7|
2022-12-31|09576|Roth, Landkreis|Insgesamt||47.1
2022-12-31|09576|Roth, Landkreis|männlich||45.7
2022-12-31|09576|Roth, Landkreis|weiblich||48.6
2022-12-31|09577|Weißenburg-Gunzenhausen, Landkreis||39.0|
2022-12-31|09577|Weißenburg-Gunzenhausen, Landkreis|Insgesamt||46.8
2022-12-31|09577|Weißenburg-Gunzenhausen, Landkreis|männlich||45.2
2022-12-31|09577|Weißenburg-Gunzenhausen, Landkreis|weiblich||48.4
2022-12-31|09661|Aschaffenburg, kreisfreie Stadt||35.4|
2022-12-31|09661|Aschaffenburg, kreisfreie Stadt|Insgesamt||44.7
2022-12-31|09661|Aschaffenburg, kreisfreie Stadt|männlich||42.6
2022-12-31|09661|Aschaffenburg, kreisfreie Stadt|weiblich||46.9
2022-12-31|09662|Schweinfurt, kreisfreie Stadt||42.7|
2022-12-31|09662|Schweinfurt, kreisfreie Stadt|Insgesamt||44.8
2022-12-31|09662|Schweinfurt, kreisfreie Stadt|männlich||41.4
2022-12-31|09662|Schweinfurt, kreisfreie Stadt|weiblich||48.4
2022-12-31|09663|Würzburg, kreisfreie Stadt||32.0|
2022-12-31|09663|Würzburg, kreisfreie Stadt|Insgesamt||39.4
2022-12-31|09663|Würzburg, kreisfreie Stadt|männlich||38.2
2022-12-31|09663|Würzburg, kreisfreie Stadt|weiblich||40.8
2022-12-31|09671|Aschaffenburg, Landkreis||38.6|
2022-12-31|09671|Aschaffenburg, Landkreis|Insgesamt||48.0
2022-12-31|09671|Aschaffenburg, Landkreis|männlich||46.5
2022-12-31|09671|Aschaffenburg, Landkreis|weiblich||49.4
2022-12-31|09672|Bad Kissingen, Landkreis||45.9|
2022-12-31|09672|Bad Kissingen, Landkreis|Insgesamt||50.2
2022-12-31|09672|Bad Kissingen, Landkreis|männlich||48.9
2022-12-31|09672|Bad Kissingen, Landkreis|weiblich||51.3
2022-12-31|09673|Rhön-Grabfeld, Landkreis||41.0|
2022-12-31|09673|Rhön-Grabfeld, Landkreis|Insgesamt||48.2
2022-12-31|09673|Rhön-Grabfeld, Landkreis|männlich||46.5
2022-12-31|09673|Rhön-Grabfeld, Landkreis|weiblich||49.9
2022-12-31|09674|Haßberge, Landkreis||38.6|
2022-12-31|09674|Haßberge, Landkreis|Insgesamt||47.8
2022-12-31|09674|Haßberge, Landkreis|männlich||46.4
2022-12-31|09674|Haßberge, Landkreis|weiblich||49.2
2022-12-31|09675|Kitzingen, Landkreis||36.2|
2022-12-31|09675|Kitzingen, Landkreis|Insgesamt||46.2
2022-12-31|09675|Kitzingen, Landkreis|männlich||44.7
2022-12-31|09675|Kitzingen, Landkreis|weiblich||47.7
2022-12-31|09676|Miltenberg, Landkreis||38.3|
2022-12-31|09676|Miltenberg, Landkreis|Insgesamt||47.7
2022-12-31|09676|Miltenberg, Landkreis|männlich||46.2
2022-12-31|09676|Miltenberg, Landkreis|weiblich||49.1
2022-12-31|09677|Main-Spessart, Landkreis||42.2|
2022-12-31|09677|Main-Spessart, Landkreis|Insgesamt||49.5
2022-12-31|09677|Main-Spessart, Landkreis|männlich||47.9
2022-12-31|09677|Main-Spessart, Landkreis|weiblich||50.8
2022-12-31|09678|Schweinfurt, Landkreis||39.6|
2022-12-31|09678|Schweinfurt, Landkreis|Insgesamt||47.3
2022-12-31|09678|Schweinfurt, Landkreis|männlich||45.0
2022-12-31|09678|Schweinfurt, Landkreis|weiblich||49.5
2022-12-31|09679|Würzburg, Landkreis||39.5|
2022-12-31|09679|Würzburg, Landkreis|Insgesamt||46.9
2022-12-31|09679|Würzburg, Landkreis|männlich||45.5
2022-12-31|09679|Würzburg, Landkreis|weiblich||48.4
2022-12-31|09761|Augsburg, kreisfreie Stadt||31.0|
2022-12-31|09761|Augsburg, kreisfreie Stadt|Insgesamt||41.4
2022-12-31|09761|Augsburg, kreisfreie Stadt|männlich||39.8
2022-12-31|09761|Augsburg, kreisfreie Stadt|weiblich||43.1
2022-12-31|09762|Kaufbeuren, kreisfreie Stadt||39.5|
2022-12-31|09762|Kaufbeuren, kreisfreie Stadt|Insgesamt||45.1
2022-12-31|09762|Kaufbeuren, kreisfreie Stadt|männlich||42.9
2022-12-31|09762|Kaufbeuren, kreisfreie Stadt|weiblich||47.6
2022-12-31|09763|Kempten (Allgäu), kreisfreie Stadt||37.7|
2022-12-31|09763|Kempten (Allgäu), kreisfreie Stadt|Insgesamt||43.7
2022-12-31|09763|Kempten (Allgäu), kreisfreie Stadt|männlich||41.6
2022-12-31|09763|Kempten (Allgäu), kreisfreie Stadt|weiblich||45.9
2022-12-31|09764|Memmingen, kreisfreie Stadt||37.5|
2022-12-31|09764|Memmingen, kreisfreie Stadt|Insgesamt||44.5
2022-12-31|09764|Memmingen, kreisfreie Stadt|männlich||43.5
2022-12-31|09764|Memmingen, kreisfreie Stadt|weiblich||45.6
2022-12-31|09771|Aichach-Friedberg, Landkreis||35.2|
2022-12-31|09771|Aichach-Friedberg, Landkreis|Insgesamt||45.5
2022-12-31|09771|Aichach-Friedberg, Landkreis|männlich||44.4
2022-12-31|09771|Aichach-Friedberg, Landkreis|weiblich||46.6
2022-12-31|09772|Augsburg, Landkreis||36.1|
2022-12-31|09772|Augsburg, Landkreis|Insgesamt||45.4
2022-12-31|09772|Augsburg, Landkreis|männlich||44.0
2022-12-31|09772|Augsburg, Landkreis|weiblich||46.9
2022-12-31|09773|Dillingen a.d.Donau, Landkreis||36.0|
2022-12-31|09773|Dillingen a.d.Donau, Landkreis|Insgesamt||45.6
2022-12-31|09773|Dillingen a.d.Donau, Landkreis|männlich||44.0
2022-12-31|09773|Dillingen a.d.Donau, Landkreis|weiblich||47.1
2022-12-31|09774|Günzburg, Landkreis||33.6|
2022-12-31|09774|Günzburg, Landkreis|Insgesamt||44.8
2022-12-31|09774|Günzburg, Landkreis|männlich||43.4
2022-12-31|09774|Günzburg, Landkreis|weiblich||46.2
2022-12-31|09775|Neu-Ulm, Landkreis||34.6|
2022-12-31|09775|Neu-Ulm, Landkreis|Insgesamt||43.9
2022-12-31|09775|Neu-Ulm, Landkreis|männlich||42.7
2022-12-31|09775|Neu-Ulm, Landkreis|weiblich||45.3
2022-12-31|09776|Lindau (Bodensee), Landkreis||39.7|
2022-12-31|09776|Lindau (Bodensee), Landkreis|Insgesamt||47.4
2022-12-31|09776|Lindau (Bodensee), Landkreis|männlich||45.4
2022-12-31|09776|Lindau (Bodensee), Landkreis|weiblich||49.4
2022-12-31|09777|Ostallgäu, Landkreis||37.7|
2022-12-31|09777|Ostallgäu, Landkreis|Insgesamt||46.0
2022-12-31|09777|Ostallgäu, Landkreis|männlich||44.5
2022-12-31|09777|Ostallgäu, Landkreis|weiblich||47.5
2022-12-31|09778|Unterallgäu, Landkreis||36.6|
2022-12-31|09778|Unterallgäu, Landkreis|Insgesamt||45.6
2022-12-31|09778|Unterallgäu, Landkreis|männlich||44.0
2022-12-31|09778|Unterallgäu, Landkreis|weiblich||47.1
2022-12-31|09779|Donau-Ries, Landkreis||35.2|
2022-12-31|09779|Donau-Ries, Landkreis|Insgesamt||45.3
2022-12-31|09779|Donau-Ries, Landkreis|männlich||44.0
2022-12-31|09779|Donau-Ries, Landkreis|weiblich||46.8
2022-12-31|09780|Oberallgäu, Landkreis||40.9|
2022-12-31|09780|Oberallgäu, Landkreis|Insgesamt||47.8
2022-12-31|09780|Oberallgäu, Landkreis|männlich||46.3
2022-12-31|09780|Oberallgäu, Landkreis|weiblich||49.2
2022-12-31|10041|Saarbrücken, Regionalverband||39.9|
2022-12-31|10041|Saarbrücken, Regionalverband|Insgesamt||46.1
2022-12-31|10041|Saarbrücken, Regionalverband|männlich||43.9
2022-12-31|10041|Saarbrücken, Regionalverband|weiblich||48.5
2022-12-31|10041100|Saarbrücken, Landeshauptstadt||35.9|
2022-12-31|10041100|Saarbrücken, Landeshauptstadt|Insgesamt||43.4
2022-12-31|10041100|Saarbrücken, Landeshauptstadt|männlich||41.3
2022-12-31|10041100|Saarbrücken, Landeshauptstadt|weiblich||45.8
2022-12-31|10042|Merzig-Wadern, Landkreis||39.9|
2022-12-31|10042|Merzig-Wadern, Landkreis|Insgesamt||48.7
2022-12-31|10042|Merzig-Wadern, Landkreis|männlich||46.6
2022-12-31|10042|Merzig-Wadern, Landkreis|weiblich||50.5
2022-12-31|10043|Neunkirchen, Landkreis||43.1|
2022-12-31|10043|Neunkirchen, Landkreis|Insgesamt||49.5
2022-12-31|10043|Neunkirchen, Landkreis|männlich||47.2
2022-12-31|10043|Neunkirchen, Landkreis|weiblich||51.6
2022-12-31|10044|Saarlouis, Landkreis||42.9|
2022-12-31|10044|Saarlouis, Landkreis|Insgesamt||49.2
2022-12-31|10044|Saarlouis, Landkreis|männlich||46.8
2022-12-31|10044|Saarlouis, Landkreis|weiblich||51.3
2022-12-31|10045|Saarpfalz-Kreis||45.2|
2022-12-31|10045|Saarpfalz-Kreis|Insgesamt||50.4
2022-12-31|10045|Saarpfalz-Kreis|männlich||48.4
2022-12-31|10045|Saarpfalz-Kreis|weiblich||52.0
2022-12-31|10046|St. Wendel, Landkreis||45.4|
2022-12-31|10046|St. Wendel, Landkreis|Insgesamt||51.6
2022-12-31|10046|St. Wendel, Landkreis|männlich||50.9
2022-12-31|10046|St. Wendel, Landkreis|weiblich||52.2
2022-12-31|11000|Berlin, kreisfreie Stadt||30.8|
2022-12-31|11000|Berlin, kreisfreie Stadt|Insgesamt||41.4
2022-12-31|11000|Berlin, kreisfreie Stadt|männlich||40.4
2022-12-31|11000|Berlin, kreisfreie Stadt|weiblich||42.4
2022-12-31|11001001|Berlin-Mitte||18.5|
2022-12-31|11001001|Berlin-Mitte|Insgesamt||
2022-12-31|11001001|Berlin-Mitte|männlich||
2022-12-31|11001001|Berlin-Mitte|weiblich||
2022-12-31|11002002|Berlin-Friedrichshain-Kreuzberg||14.7|
2022-12-31|11002002|Berlin-Friedrichshain-Kreuzberg|Insgesamt||
2022-12-31|11002002|Berlin-Friedrichshain-Kreuzberg|männlich||
2022-12-31|11002002|Berlin-Friedrichshain-Kreuzberg|weiblich||
2022-12-31|11003003|Berlin-Pankow||23.0|
2022-12-31|11003003|Berlin-Pankow|Insgesamt||
2022-12-31|11003003|Berlin-Pankow|männlich||
2022-12-31|11003003|Berlin-Pankow|weiblich||
2022-12-31|11004004|Berlin-Charlottenburg-Wilmersdorf||38.3|
2022-12-31|11004004|Berlin-Charlottenburg-Wilmersdorf|Insgesamt||
2022-12-31|11004004|Berlin-Charlottenburg-Wilmersdorf|männlich||
2022-12-31|11004004|Berlin-Charlottenburg-Wilmersdorf|weiblich||
2022-12-31|11005005|Berlin-Spandau||36.3|
2022-12-31|11005005|Berlin-Spandau|Insgesamt||
2022-12-31|11005005|Berlin-Spandau|männlich||
2022-12-31|11005005|Berlin-Spandau|weiblich||
2022-12-31|11006006|Berlin-Steglitz-Zehlendorf||45.8|
2022-12-31|11006006|Berlin-Steglitz-Zehlendorf|Insgesamt||
2022-12-31|11006006|Berlin-Steglitz-Zehlendorf|männlich||
2022-12-31|11006006|Berlin-Steglitz-Zehlendorf|weiblich||
2022-12-31|11007007|Berlin-Tempelhof-Schöneberg||34.9|
2022-12-31|11007007|Berlin-Tempelhof-Schöneberg|Insgesamt||
2022-12-31|11007007|Berlin-Tempelhof-Schöneberg|männlich||
2022-12-31|11007007|Berlin-Tempelhof-Schöneberg|weiblich||
2022-12-31|11008008|Berlin-Neukölln||27.6|
2022-12-31|11008008|Berlin-Neukölln|Insgesamt||
2022-12-31|11008008|Berlin-Neukölln|männlich||
2022-12-31|11008008|Berlin-Neukölln|weiblich||
2022-12-31|11009009|Berlin-Treptow-Köpenick||34.5|
2022-12-31|11009009|Berlin-Treptow-Köpenick|Insgesamt||
2022-12-31|11009009|Berlin-Treptow-Köpenick|männlich||
2022-12-31|11009009|Berlin-Treptow-Köpenick|weiblich||
2022-12-31|11010010|Berlin-Marzahn-Hellersdorf||37.5|
2022-12-31|11010010|Berlin-Marzahn-Hellersdorf|Insgesamt||
2022-12-31|11010010|Berlin-Marzahn-Hellersdorf|männlich||
2022-12-31|11010010|Berlin-Marzahn-Hellersdorf|weiblich||
2022-12-31|11011011|Berlin-Lichtenberg||31.2|
2022-12-31|11011011|Berlin-Lichtenberg|Insgesamt||
2022-12-31|11011011|Berlin-Lichtenberg|männlich||
2022-12-31|11011011|Berlin-Lichtenberg|weiblich||
2022-12-31|11012012|Berlin-Reinickendorf||40.9|
2022-12-31|11012012|Berlin-Reinickendorf|Insgesamt||
2022-12-31|11012012|Berlin-Reinickendorf|männlich||
2022-12-31|11012012|Berlin-Reinickendorf|weiblich||
2022-12-31|12051|Brandenburg an der Havel, kreisfreie Stadt||49.9|
2022-12-31|12051|Brandenburg an der Havel, kreisfreie Stadt|Insgesamt||50.0
2022-12-31|12051|Brandenburg an der Havel, kreisfreie Stadt|männlich||46.9
2022-12-31|12051|Brandenburg an der Havel, kreisfreie Stadt|weiblich||52.8
2022-12-31|12052|Cottbus, kreisfreie Stadt||48.7|
2022-12-31|12052|Cottbus, kreisfreie Stadt|Insgesamt||49.3
2022-12-31|12052|Cottbus, kreisfreie Stadt|männlich||45.3
2022-12-31|12052|Cottbus, kreisfreie Stadt|weiblich||52.8
2022-12-31|12053|Frankfurt (Oder), kreisfreie Stadt||50.5|
2022-12-31|12053|Frankfurt (Oder), kreisfreie Stadt|Insgesamt||50.7
2022-12-31|12053|Frankfurt (Oder), kreisfreie Stadt|männlich||47.5
2022-12-31|12053|Frankfurt (Oder), kreisfreie Stadt|weiblich||53.4
2022-12-31|12054|Potsdam, kreisfreie Stadt||33.8|
2022-12-31|12054|Potsdam, kreisfreie Stadt|Insgesamt||42.5
2022-12-31|12054|Potsdam, kreisfreie Stadt|männlich||41.3
2022-12-31|12054|Potsdam, kreisfreie Stadt|weiblich||43.7
2022-12-31|12060|Barnim, Landkreis||43.8|
2022-12-31|12060|Barnim, Landkreis|Insgesamt||49.5
2022-12-31|12060|Barnim, Landkreis|männlich||47.9
2022-12-31|12060|Barnim, Landkreis|weiblich||51.1
2022-12-31|12061|Dahme-Spreewald, Landkreis||42.9|
2022-12-31|12061|Dahme-Spreewald, Landkreis|Insgesamt||49.1
2022-12-31|12061|Dahme-Spreewald, Landkreis|männlich||47.6
2022-12-31|12061|Dahme-Spreewald, Landkreis|weiblich||50.5
2022-12-31|12062|Elbe-Elster, Landkreis||54.7|
2022-12-31|12062|Elbe-Elster, Landkreis|Insgesamt||54.0
2022-12-31|12062|Elbe-Elster, Landkreis|männlich||52.1
2022-12-31|12062|Elbe-Elster, Landkreis|weiblich||55.9
2022-12-31|12063|Havelland, Landkreis||40.2|
2022-12-31|12063|Havelland, Landkreis|Insgesamt||49.0
2022-12-31|12063|Havelland, Landkreis|männlich||47.7
2022-12-31|12063|Havelland, Landkreis|weiblich||50.3
2022-12-31|12064|Märkisch-Oderland, Landkreis||44.7|
2022-12-31|12064|Märkisch-Oderland, Landkreis|Insgesamt||50.8
2022-12-31|12064|Märkisch-Oderland, Landkreis|männlich||49.3
2022-12-31|12064|Märkisch-Oderland, Landkreis|weiblich||52.2
2022-12-31|12065|Oberhavel, Landkreis||41.6|
2022-12-31|12065|Oberhavel, Landkreis|Insgesamt||49.8
2022-12-31|12065|Oberhavel, Landkreis|männlich||48.3
2022-12-31|12065|Oberhavel, Landkreis|weiblich||51.0
2022-12-31|12066|Oberspreewald-Lausitz, Landkreis||55.0|
2022-12-31|12066|Oberspreewald-Lausitz, Landkreis|Insgesamt||53.6
2022-12-31|12066|Oberspreewald-Lausitz, Landkreis|männlich||51.1
2022-12-31|12066|Oberspreewald-Lausitz, Landkreis|weiblich||56.2
2022-12-31|12067|Oder-Spree, Landkreis||50.6|
2022-12-31|12067|Oder-Spree, Landkreis|Insgesamt||52.1
2022-12-31|12067|Oder-Spree, Landkreis|männlich||50.5
2022-12-31|12067|Oder-Spree, Landkreis|weiblich||53.6
2022-12-31|12068|Ostprignitz-Ruppin, Landkreis||49.4|
2022-12-31|12068|Ostprignitz-Ruppin, Landkreis|Insgesamt||52.4
2022-12-31|12068|Ostprignitz-Ruppin, Landkreis|männlich||50.7
2022-12-31|12068|Ostprignitz-Ruppin, Landkreis|weiblich||54.1
2022-12-31|12069|Potsdam-Mittelmark, Landkreis||42.3|
2022-12-31|12069|Potsdam-Mittelmark, Landkreis|Insgesamt||50.1
2022-12-31|12069|Potsdam-Mittelmark, Landkreis|männlich||48.8
2022-12-31|12069|Potsdam-Mittelmark, Landkreis|weiblich||51.3
2022-12-31|12070|Prignitz, Landkreis||53.0|
2022-12-31|12070|Prignitz, Landkreis|Insgesamt||53.9
2022-12-31|12070|Prignitz, Landkreis|männlich||51.6
2022-12-31|12070|Prignitz, Landkreis|weiblich||56.0
2022-12-31|12071|Spree-Neiße, Landkreis||55.5|
2022-12-31|12071|Spree-Neiße, Landkreis|Insgesamt||54.8
2022-12-31|12071|Spree-Neiße, Landkreis|männlich||53.3
2022-12-31|12071|Spree-Neiße, Landkreis|weiblich||56.2
2022-12-31|12072|Teltow-Fläming, Landkreis||39.3|
2022-12-31|12072|Teltow-Fläming, Landkreis|Insgesamt||47.7
2022-12-31|12072|Teltow-Fläming, Landkreis|männlich||46.0
2022-12-31|12072|Teltow-Fläming, Landkreis|weiblich||49.6
2022-12-31|12073|Uckermark, Landkreis||55.1|
2022-12-31|12073|Uckermark, Landkreis|Insgesamt||54.4
2022-12-31|12073|Uckermark, Landkreis|männlich||52.4
2022-12-31|12073|Uckermark, Landkreis|weiblich||56.1
2022-12-31|13003|Rostock, kreisfreie Stadt||43.6|
2022-12-31|13003|Rostock, kreisfreie Stadt|Insgesamt||45.0
2022-12-31|13003|Rostock, kreisfreie Stadt|männlich||42.7
2022-12-31|13003|Rostock, kreisfreie Stadt|weiblich||48.1
2022-12-31|13004|Schwerin, kreisfreie Stadt||48.4|
2022-12-31|13004|Schwerin, kreisfreie Stadt|Insgesamt||47.9
2022-12-31|13004|Schwerin, kreisfreie Stadt|männlich||45.1
2022-12-31|13004|Schwerin, kreisfreie Stadt|weiblich||51.3
2022-12-31|13071|Mecklenburgische Seenplatte, Landkreis||52.4|
2022-12-31|13071|Mecklenburgische Seenplatte, Landkreis|Insgesamt||53.2
2022-12-31|13071|Mecklenburgische Seenplatte, Landkreis|männlich||51.1
2022-12-31|13071|Mecklenburgische Seenplatte, Landkreis|weiblich||55.3
2022-12-31|13072|Landkreis Rostock||47.2|
2022-12-31|13072|Landkreis Rostock|Insgesamt||51.4
2022-12-31|13072|Landkreis Rostock|männlich||49.9
2022-12-31|13072|Landkreis Rostock|weiblich||52.8
2022-12-31|13073|Vorpommern-Rügen, Landkreis||51.4|
2022-12-31|13073|Vorpommern-Rügen, Landkreis|Insgesamt||53.2
2022-12-31|13073|Vorpommern-Rügen, Landkreis|männlich||51.4
2022-12-31|13073|Vorpommern-Rügen, Landkreis|weiblich||54.9
2022-12-31|13074|Nordwestmecklenburg, Landkreis||45.5|
2022-12-31|13074|Nordwestmecklenburg, Landkreis|Insgesamt||50.5
2022-12-31|13074|Nordwestmecklenburg, Landkreis|männlich||48.7
2022-12-31|13074|Nordwestmecklenburg, Landkreis|weiblich||52.1
2022-12-31|13075|Vorpommern-Greifswald, Landkreis||49.5|
2022-12-31|13075|Vorpommern-Greifswald, Landkreis|Insgesamt||51.7
2022-12-31|13075|Vorpommern-Greifswald, Landkreis|männlich||50.0
2022-12-31|13075|Vorpommern-Greifswald, Landkreis|weiblich||53.3
2022-12-31|13076|Ludwigslust-Parchim, Landkreis||46.5|
2022-12-31|13076|Ludwigslust-Parchim, Landkreis|Insgesamt||51.8
2022-12-31|13076|Ludwigslust-Parchim, Landkreis|männlich||50.3
2022-12-31|13076|Ludwigslust-Parchim, Landkreis|weiblich||53.2
2022-12-31|14511|Chemnitz, kreisfreie Stadt||51.7|
2022-12-31|14511|Chemnitz, kreisfreie Stadt|Insgesamt||47.5
2022-12-31|14511|Chemnitz, kreisfreie Stadt|männlich||44.4
2022-12-31|14511|Chemnitz, kreisfreie Stadt|weiblich||51.3
2022-12-31|14521|Erzgebirgskreis||60.0|
2022-12-31|14521|Erzgebirgskreis|Insgesamt||52.9
2022-12-31|14521|Erzgebirgskreis|männlich||50.7
2022-12-31|14521|Erzgebirgskreis|weiblich||55.3
2022-12-31|14522|Mittelsachsen, Landkreis||54.8|
2022-12-31|14522|Mittelsachsen, Landkreis|Insgesamt||52.2
2022-12-31|14522|Mittelsachsen, Landkreis|männlich||50.0
2022-12-31|14522|Mittelsachsen, Landkreis|weiblich||54.3
2022-12-31|14523|Vogtlandkreis||58.7|
2022-12-31|14523|Vogtlandkreis|Insgesamt||53.5
2022-12-31|14523|Vogtlandkreis|männlich||51.1
2022-12-31|14523|Vogtlandkreis|weiblich||56.0
2022-12-31|14524|Zwickau, Landkreis||56.0|
2022-12-31|14524|Zwickau, Landkreis|Insgesamt||52.5
2022-12-31|14524|Zwickau, Landkreis|männlich||50.1
2022-12-31|14524|Zwickau, Landkreis|weiblich||55.0
2022-12-31|14612|Dresden, kreisfreie Stadt||37.2|
2022-12-31|14612|Dresden, kreisfreie Stadt|Insgesamt||41.7
2022-12-31|14612|Dresden, kreisfreie Stadt|männlich||40.1
2022-12-31|14612|Dresden, kreisfreie Stadt|weiblich||43.6
2022-12-31|14625|Bautzen, Landkreis||53.8|
2022-12-31|14625|Bautzen, Landkreis|Insgesamt||52.0
2022-12-31|14625|Bautzen, Landkreis|männlich||49.8
2022-12-31|14625|Bautzen, Landkreis|weiblich||54.3
2022-12-31|14626|Görlitz, Landkreis||59.4|
2022-12-31|14626|Görlitz, Landkreis|Insgesamt||53.7
2022-12-31|14626|Görlitz, Landkreis|männlich||51.6
2022-12-31|14626|Görlitz, Landkreis|weiblich||55.8
2022-12-31|14627|Meißen, Landkreis||53.4|
2022-12-31|14627|Meißen, Landkreis|Insgesamt||51.9
2022-12-31|14627|Meißen, Landkreis|männlich||50.1
2022-12-31|14627|Meißen, Landkreis|weiblich||53.8
2022-12-31|14628|Sächsische Schweiz-Osterzgebirge, Landkreis||53.0|
2022-12-31|14628|Sächsische Schweiz-Osterzgebirge, Landkreis|Insgesamt||50.9
2022-12-31|14628|Sächsische Schweiz-Osterzgebirge, Landkreis|männlich||49.0
2022-12-31|14628|Sächsische Schweiz-Osterzgebirge, Landkreis|weiblich||52.8
2022-12-31|14713|Leipzig, kreisfreie Stadt||32.0|
2022-12-31|14713|Leipzig, kreisfreie Stadt|Insgesamt||39.6
2022-12-31|14713|Leipzig, kreisfreie Stadt|männlich||38.7
2022-12-31|14713|Leipzig, kreisfreie Stadt|weiblich||40.6
2022-12-31|14729|Leipzig, Landkreis||50.1|
2022-12-31|14729|Leipzig, Landkreis|Insgesamt||51.4
2022-12-31|14729|Leipzig, Landkreis|männlich||49.5
2022-12-31|14729|Leipzig, Landkreis|weiblich||53.0
2022-12-31|14730|Nordsachsen, Landkreis||48.1|
2022-12-31|14730|Nordsachsen, Landkreis|Insgesamt||50.9
2022-12-31|14730|Nordsachsen, Landkreis|männlich||48.5
2022-12-31|14730|Nordsachsen, Landkreis|weiblich||53.0
2022-12-31|15001|Dessau-Roßlau, kreisfreie Stadt||62.5|
2022-12-31|15001|Dessau-Roßlau, kreisfreie Stadt|Insgesamt||54.7
2022-12-31|15001|Dessau-Roßlau, kreisfreie Stadt|männlich||52.3
2022-12-31|15001|Dessau-Roßlau, kreisfreie Stadt|weiblich||56.8
2022-12-31|15002|Halle (Saale), kreisfreie Stadt||43.3|
2022-12-31|15002|Halle (Saale), kreisfreie Stadt|Insgesamt||43.9
2022-12-31|15002|Halle (Saale), kreisfreie Stadt|männlich||41.5
2022-12-31|15002|Halle (Saale), kreisfreie Stadt|weiblich||46.6
2022-12-31|15003|Magdeburg, kreisfreie Stadt, Landeshauptstadt||42.1|
2022-12-31|15003|Magdeburg, kreisfreie Stadt, Landeshauptstadt|Insgesamt||44.4
2022-12-31|15003|Magdeburg, kreisfreie Stadt, Landeshauptstadt|männlich||41.5
2022-12-31|15003|Magdeburg, kreisfreie Stadt, Landeshauptstadt|weiblich||48.0
2022-12-31|15081|Altmarkkreis Salzwedel||46.6|
2022-12-31|15081|Altmarkkreis Salzwedel|Insgesamt||52.2
2022-12-31|15081|Altmarkkreis Salzwedel|männlich||49.8
2022-12-31|15081|Altmarkkreis Salzwedel|weiblich||54.4
2022-12-31|15082|Anhalt-Bitterfeld, Landkreis||52.9|
2022-12-31|15082|Anhalt-Bitterfeld, Landkreis|Insgesamt||53.2
2022-12-31|15082|Anhalt-Bitterfeld, Landkreis|männlich||51.1
2022-12-31|15082|Anhalt-Bitterfeld, Landkreis|weiblich||55.3
2022-12-31|15083|Börde, Landkreis||45.3|
2022-12-31|15083|Börde, Landkreis|Insgesamt||51.1
2022-12-31|15083|Börde, Landkreis|männlich||49.0
2022-12-31|15083|Börde, Landkreis|weiblich||52.9
2022-12-31|15084|Burgenlandkreis||54.0|
2022-12-31|15084|Burgenlandkreis|Insgesamt||53.1
2022-12-31|15084|Burgenlandkreis|männlich||51.0
2022-12-31|15084|Burgenlandkreis|weiblich||55.2
2022-12-31|15085|Harz, Landkreis||54.6|
2022-12-31|15085|Harz, Landkreis|Insgesamt||53.5
2022-12-31|15085|Harz, Landkreis|männlich||51.4
2022-12-31|15085|Harz, Landkreis|weiblich||55.6
2022-12-31|15086|Jerichower Land, Landkreis||49.4|
2022-12-31|15086|Jerichower Land, Landkreis|Insgesamt||52.6
2022-12-31|15086|Jerichower Land, Landkreis|männlich||50.8
2022-12-31|15086|Jerichower Land, Landkreis|weiblich||54.4
2022-12-31|15087|Mansfeld-Südharz, Landkreis||58.6|
2022-12-31|15087|Mansfeld-Südharz, Landkreis|Insgesamt||54.9
2022-12-31|15087|Mansfeld-Südharz, Landkreis|männlich||52.7
2022-12-31|15087|Mansfeld-Südharz, Landkreis|weiblich||56.9
2022-12-31|15088|Saalekreis||48.5|
2022-12-31|15088|Saalekreis|Insgesamt||51.5
2022-12-31|15088|Saalekreis|männlich||49.5
2022-12-31|15088|Saalekreis|weiblich||53.2
2022-12-31|15089|Salzlandkreis||53.1|
2022-12-31|15089|Salzlandkreis|Insgesamt||53.2
2022-12-31|15089|Salzlandkreis|männlich||50.8
2022-12-31|15089|Salzlandkreis|weiblich||55.6
2022-12-31|15090|Stendal, Landkreis||49.7|
2022-12-31|15090|Stendal, Landkreis|Insgesamt||52.9
2022-12-31|15090|Stendal, Landkreis|männlich||51.1
2022-12-31|15090|Stendal, Landkreis|weiblich||54.6
2022-12-31|15091|Wittenberg, Landkreis||55.8|
2022-12-31|15091|Wittenberg, Landkreis|Insgesamt||54.0
2022-12-31|15091|Wittenberg, Landkreis|männlich||51.7
2022-12-31|15091|Wittenberg, Landkreis|weiblich||56.2
2022-12-31|16051|Erfurt, kreisfreie Stadt||39.0|
2022-12-31|16051|Erfurt, kreisfreie Stadt|Insgesamt||44.2
2022-12-31|16051|Erfurt, kreisfreie Stadt|männlich||42.8
2022-12-31|16051|Erfurt, kreisfreie Stadt|weiblich||45.9
2022-12-31|16052|Gera, kreisfreie Stadt||55.0|
2022-12-31|16052|Gera, kreisfreie Stadt|Insgesamt||51.6
2022-12-31|16052|Gera, kreisfreie Stadt|männlich||48.5
2022-12-31|16052|Gera, kreisfreie Stadt|weiblich||54.5
2022-12-31|16053|Jena, kreisfreie Stadt||37.6|
2022-12-31|16053|Jena, kreisfreie Stadt|Insgesamt||40.9
2022-12-31|16053|Jena, kreisfreie Stadt|männlich||39.4
2022-12-31|16053|Jena, kreisfreie Stadt|weiblich||42.7
2022-12-31|16054|Suhl, kreisfreie Stadt||61.8|
2022-12-31|16054|Suhl, kreisfreie Stadt|Insgesamt||54.9
2022-12-31|16054|Suhl, kreisfreie Stadt|männlich||51.5
2022-12-31|16054|Suhl, kreisfreie Stadt|weiblich||57.9
2022-12-31|16055|Weimar, kreisfreie Stadt||42.1|
2022-12-31|16055|Weimar, kreisfreie Stadt|Insgesamt||45.0
2022-12-31|16055|Weimar, kreisfreie Stadt|männlich||43.5
2022-12-31|16055|Weimar, kreisfreie Stadt|weiblich||46.8
2022-12-31|16061|Eichsfeld, Landkreis||46.3|
2022-12-31|16061|Eichsfeld, Landkreis|Insgesamt||48.9
2022-12-31|16061|Eichsfeld, Landkreis|männlich||47.7
2022-12-31|16061|Eichsfeld, Landkreis|weiblich||50.3
2022-12-31|16062|Nordhausen, Landkreis||51.5|
2022-12-31|16062|Nordhausen, Landkreis|Insgesamt||51.6
2022-12-31|16062|Nordhausen, Landkreis|männlich||49.1
2022-12-31|16062|Nordhausen, Landkreis|weiblich||53.8
2022-12-31|16063|Wartburgkreis||49.2|
2022-12-31|16063|Wartburgkreis|Insgesamt||51.5
2022-12-31|16063|Wartburgkreis|männlich||49.6
2022-12-31|16063|Wartburgkreis|weiblich||53.4
2022-12-31|16064|Unstrut-Hainich-Kreis||48.9|
2022-12-31|16064|Unstrut-Hainich-Kreis|Insgesamt||50.9
2022-12-31|16064|Unstrut-Hainich-Kreis|männlich||48.3
2022-12-31|16064|Unstrut-Hainich-Kreis|weiblich||53.1
2022-12-31|16065|Kyffhäuserkreis||53.1|
2022-12-31|16065|Kyffhäuserkreis|Insgesamt||53.1
2022-12-31|16065|Kyffhäuserkreis|männlich||50.6
2022-12-31|16065|Kyffhäuserkreis|weiblich||55.6
2022-12-31|16066|Schmalkalden-Meiningen, Landkreis||50.6|
2022-12-31|16066|Schmalkalden-Meiningen, Landkreis|Insgesamt||52.1
2022-12-31|16066|Schmalkalden-Meiningen, Landkreis|männlich||49.7
2022-12-31|16066|Schmalkalden-Meiningen, Landkreis|weiblich||54.5
2022-12-31|16067|Gotha, Landkreis||46.6|
2022-12-31|16067|Gotha, Landkreis|Insgesamt||50.3
2022-12-31|16067|Gotha, Landkreis|männlich||48.2
2022-12-31|16067|Gotha, Landkreis|weiblich||52.2
2022-12-31|16068|Sömmerda, Landkreis||47.9|
2022-12-31|16068|Sömmerda, Landkreis|Insgesamt||50.9
2022-12-31|16068|Sömmerda, Landkreis|männlich||48.9
2022-12-31|16068|Sömmerda, Landkreis|weiblich||53.0
2022-12-31|16069|Hildburghausen, Landkreis||47.4|
2022-12-31|16069|Hildburghausen, Landkreis|Insgesamt||51.4
2022-12-31|16069|Hildburghausen, Landkreis|männlich||49.3
2022-12-31|16069|Hildburghausen, Landkreis|weiblich||53.6
2022-12-31|16070|Ilm-Kreis||48.1|
2022-12-31|16070|Ilm-Kreis|Insgesamt||50.1
2022-12-31|16070|Ilm-Kreis|männlich||46.8
2022-12-31|16070|Ilm-Kreis|weiblich||52.9
2022-12-31|16071|Weimarer Land, Landkreis||46.1|
2022-12-31|16071|Weimarer Land, Landkreis|Insgesamt||49.7
2022-12-31|16071|Weimarer Land, Landkreis|männlich||48.4
2022-12-31|16071|Weimarer Land, Landkreis|weiblich||51.2
2022-12-31|16072|Sonneberg, Landkreis||52.5|
2022-12-31|16072|Sonneberg, Landkreis|Insgesamt||52.8
2022-12-31|16072|Sonneberg, Landkreis|männlich||50.6
2022-12-31|16072|Sonneberg, Landkreis|weiblich||55.3
2022-12-31|16073|Saalfeld-Rudolstadt, Landkreis||55.9|
2022-12-31|16073|Saalfeld-Rudolstadt, Landkreis|Insgesamt||53.8
2022-12-31|16073|Saalfeld-Rudolstadt, Landkreis|männlich||51.5
2022-12-31|16073|Saalfeld-Rudolstadt, Landkreis|weiblich||56.2
2022-12-31|16074|Saale-Holzland-Kreis||50.5|
2022-12-31|16074|Saale-Holzland-Kreis|Insgesamt||51.7
2022-12-31|16074|Saale-Holzland-Kreis|männlich||50.1
2022-12-31|16074|Saale-Holzland-Kreis|weiblich||53.3
2022-12-31|16075|Saale-Orla-Kreis||52.0|
2022-12-31|16075|Saale-Orla-Kreis|Insgesamt||52.7
2022-12-31|16075|Saale-Orla-Kreis|männlich||50.8
2022-12-31|16075|Saale-Orla-Kreis|weiblich||54.6
2022-12-31|16076|Greiz, Landkreis||59.3|
2022-12-31|16076|Greiz, Landkreis|Insgesamt||54.7
2022-12-31|16076|Greiz, Landkreis|männlich||52.5
2022-12-31|16076|Greiz, Landkreis|weiblich||56.8
2022-12-31|16077|Altenburger Land, Landkreis||60.3|
2022-12-31|16077|Altenburger Land, Landkreis|Insgesamt||54.5
2022-12-31|16077|Altenburger Land, Landkreis|männlich||52.3
2022-12-31|16077|Altenburger Land, Landkreis|weiblich||56.5
2022-12-31|010|Schleswig-Holstein||40.6|
2022-12-31|010|Schleswig-Holstein|Insgesamt||47.7
2022-12-31|010|Schleswig-Holstein|männlich||46.0
2022-12-31|010|Schleswig-Holstein|weiblich||49.4
2022-12-31|020|Hamburg||28.7|
2022-12-31|020|Hamburg|Insgesamt||41.1
2022-12-31|020|Hamburg|männlich||40.0
2022-12-31|020|Hamburg|weiblich||42.1
2022-12-31|031|Braunschweig, Statistische Region||40.0|
2022-12-31|031|Braunschweig, Statistische Region|Insgesamt||46.8
2022-12-31|031|Braunschweig, Statistische Region|männlich||45.0
2022-12-31|031|Braunschweig, Statistische Region|weiblich||48.7
2022-12-31|032|Hannover, Statistische Region||39.1|
2022-12-31|032|Hannover, Statistische Region|Insgesamt||46.5
2022-12-31|032|Hannover, Statistische Region|männlich||44.8
2022-12-31|032|Hannover, Statistische Region|weiblich||48.2
2022-12-31|033|Lüneburg, Statistische Region||40.7|
2022-12-31|033|Lüneburg, Statistische Region|Insgesamt||47.9
2022-12-31|033|Lüneburg, Statistische Region|männlich||46.1
2022-12-31|033|Lüneburg, Statistische Region|weiblich||49.5
2022-12-31|034|Weser-Ems, Statistische Region||36.5|
2022-12-31|034|Weser-Ems, Statistische Region|Insgesamt||45.4
2022-12-31|034|Weser-Ems, Statistische Region|männlich||43.7
2022-12-31|034|Weser-Ems, Statistische Region|weiblich||47.1
2022-12-31|040|Bremen||34.7|
2022-12-31|040|Bremen|Insgesamt||42.6
2022-12-31|040|Bremen|männlich||40.8
2022-12-31|040|Bremen|weiblich||44.6
2022-12-31|051|Düsseldorf, Regierungsbezirk||36.9|
2022-12-31|051|Düsseldorf, Regierungsbezirk|Insgesamt||45.6
2022-12-31|051|Düsseldorf, Regierungsbezirk|männlich||43.8
2022-12-31|051|Düsseldorf, Regierungsbezirk|weiblich||47.3
2022-12-31|053|Köln, Regierungsbezirk||34.4|
2022-12-31|053|Köln, Regierungsbezirk|Insgesamt||44.4
2022-12-31|053|Köln, Regierungsbezirk|männlich||42.8
2022-12-31|053|Köln, Regierungsbezirk|weiblich||46.0
2022-12-31|055|Münster, Regierungsbezirk||36.0|
2022-12-31|055|Münster, Regierungsbezirk|Insgesamt||45.3
2022-12-31|055|Münster, Regierungsbezirk|männlich||43.5
2022-12-31|055|Münster, Regierungsbezirk|weiblich||47.0
2022-12-31|057|Detmold, Regierungsbezirk||36.7|
2022-12-31|057|Detmold, Regierungsbezirk|Insgesamt||45.2
2022-12-31|057|Detmold, Regierungsbezirk|männlich||43.3
2022-12-31|057|Detmold, Regierungsbezirk|weiblich||47.1
2022-12-31|059|Arnsberg, Regierungsbezirk||37.6|
2022-12-31|059|Arnsberg, Regierungsbezirk|Insgesamt||46.0
2022-12-31|059|Arnsberg, Regierungsbezirk|männlich||44.1
2022-12-31|059|Arnsberg, Regierungsbezirk|weiblich||48.0
2022-12-31|064|Darmstadt, Regierungsbezirk||33.7|
2022-12-31|064|Darmstadt, Regierungsbezirk|Insgesamt||44.2
2022-12-31|064|Darmstadt, Regierungsbezirk|männlich||42.9
2022-12-31|064|Darmstadt, Regierungsbezirk|weiblich||45.4
2022-12-31|065|Gießen, Regierungsbezirk||36.7|
2022-12-31|065|Gießen, Regierungsbezirk|Insgesamt||45.3
2022-12-31|065|Gießen, Regierungsbezirk|männlich||43.6
2022-12-31|065|Gießen, Regierungsbezirk|weiblich||46.9
2022-12-31|066|Kassel, Regierungsbezirk||40.7|
2022-12-31|066|Kassel, Regierungsbezirk|Insgesamt||47.4
2022-12-31|066|Kassel, Regierungsbezirk|männlich||45.5
2022-12-31|066|Kassel, Regierungsbezirk|weiblich||49.3
2022-12-31|071|Koblenz, Statistische Region||40.3|
2022-12-31|071|Koblenz, Statistische Region|Insgesamt||47.5
2022-12-31|071|Koblenz, Statistische Region|männlich||45.7
2022-12-31|071|Koblenz, Statistische Region|weiblich||49.3
2022-12-31|072|Trier, Statistische Region||37.0|
2022-12-31|072|Trier, Statistische Region|Insgesamt||46.0
2022-12-31|072|Trier, Statistische Region|männlich||44.3
2022-12-31|072|Trier, Statistische Region|weiblich||47.7
2022-12-31|073|Rheinhessen-Pfalz, Statistische Region||37.6|
2022-12-31|073|Rheinhessen-Pfalz, Statistische Region|Insgesamt||46.0
2022-12-31|073|Rheinhessen-Pfalz, Statistische Region|männlich||44.4
2022-12-31|073|Rheinhessen-Pfalz, Statistische Region|weiblich||47.5
2022-12-31|081|Stuttgart, Regierungsbezirk||34.3|
2022-12-31|081|Stuttgart, Regierungsbezirk|Insgesamt||44.0
2022-12-31|081|Stuttgart, Regierungsbezirk|männlich||42.6
2022-12-31|081|Stuttgart, Regierungsbezirk|weiblich||45.5
2022-12-31|082|Karlsruhe, Regierungsbezirk||35.2|
2022-12-31|082|Karlsruhe, Regierungsbezirk|Insgesamt||44.4
2022-12-31|082|Karlsruhe, Regierungsbezirk|männlich||42.7
2022-12-31|082|Karlsruhe, Regierungsbezirk|weiblich||46.1
2022-12-31|083|Freiburg, Regierungsbezirk||36.3|
2022-12-31|083|Freiburg, Regierungsbezirk|Insgesamt||44.5
2022-12-31|083|Freiburg, Regierungsbezirk|männlich||42.9
2022-12-31|083|Freiburg, Regierungsbezirk|weiblich||46.1
2022-12-31|084|Tübingen, Regierungsbezirk||35.1|
2022-12-31|084|Tübingen, Regierungsbezirk|Insgesamt||44.2
2022-12-31|084|Tübingen, Regierungsbezirk|männlich||42.7
2022-12-31|084|Tübingen, Regierungsbezirk|weiblich||45.7
2022-12-31|091|Oberbayern, Regierungsbezirk||32.2|
2022-12-31|091|Oberbayern, Regierungsbezirk|Insgesamt||43.3
2022-12-31|091|Oberbayern, Regierungsbezirk|männlich||41.9
2022-12-31|091|Oberbayern, Regierungsbezirk|weiblich||44.6
2022-12-31|092|Niederbayern, Regierungsbezirk||36.0|
2022-12-31|092|Niederbayern, Regierungsbezirk|Insgesamt||45.9
2022-12-31|092|Niederbayern, Regierungsbezirk|männlich||44.3
2022-12-31|092|Niederbayern, Regierungsbezirk|weiblich||47.5
2022-12-31|093|Oberpfalz, Regierungsbezirk||35.3|
2022-12-31|093|Oberpfalz, Regierungsbezirk|Insgesamt||45.6
2022-12-31|093|Oberpfalz, Regierungsbezirk|männlich||44.1
2022-12-31|093|Oberpfalz, Regierungsbezirk|weiblich||47.1
2022-12-31|094|Oberfranken, Regierungsbezirk||39.6|
2022-12-31|094|Oberfranken, Regierungsbezirk|Insgesamt||48.0
2022-12-31|094|Oberfranken, Regierungsbezirk|männlich||45.8
2022-12-31|094|Oberfranken, Regierungsbezirk|weiblich||49.9
2022-12-31|095|Mittelfranken, Regierungsbezirk||35.2|
2022-12-31|095|Mittelfranken, Regierungsbezirk|Insgesamt||44.7
2022-12-31|095|Mittelfranken, Regierungsbezirk|männlich||43.1
2022-12-31|095|Mittelfranken, Regierungsbezirk|weiblich||46.4
2022-12-31|096|Unterfranken, Regierungsbezirk||38.9|
2022-12-31|096|Unterfranken, Regierungsbezirk|Insgesamt||46.8
2022-12-31|096|Unterfranken, Regierungsbezirk|männlich||45.1
2022-12-31|096|Unterfranken, Regierungsbezirk|weiblich||48.5
2022-12-31|097|Schwaben, Regierungsbezirk||35.7|
2022-12-31|097|Schwaben, Regierungsbezirk|Insgesamt||44.8
2022-12-31|097|Schwaben, Regierungsbezirk|männlich||43.2
2022-12-31|097|Schwaben, Regierungsbezirk|weiblich||46.4
2022-12-31|100|Saarland, Regierungsbezirk||42.1|
2022-12-31|100|Saarland, Regierungsbezirk|Insgesamt||48.6
2022-12-31|100|Saarland, Regierungsbezirk|männlich||46.4
2022-12-31|100|Saarland, Regierungsbezirk|weiblich||50.7
2022-12-31|110|Berlin||30.8|
2022-12-31|110|Berlin|Insgesamt||41.4
2022-12-31|110|Berlin|männlich||40.4
2022-12-31|110|Berlin|weiblich||42.4
2022-12-31|120|Brandenburg||45.5|
2022-12-31|120|Brandenburg|Insgesamt||50.4
2022-12-31|120|Brandenburg|männlich||48.5
2022-12-31|120|Brandenburg|weiblich||52.1
2022-12-31|130|Mecklenburg-Vorpommern, Statistische Region||48.2|
2022-12-31|130|Mecklenburg-Vorpommern, Statistische Region|Insgesamt||51.2
2022-12-31|130|Mecklenburg-Vorpommern, Statistische Region|männlich||49.0
2022-12-31|130|Mecklenburg-Vorpommern, Statistische Region|weiblich||53.1
2022-12-31|145|Chemnitz, Statistische Region||56.3|
2022-12-31|145|Chemnitz, Statistische Region|Insgesamt||52.0
2022-12-31|145|Chemnitz, Statistische Region|männlich||49.5
2022-12-31|145|Chemnitz, Statistische Region|weiblich||54.5
2022-12-31|146|Dresden, Statistische Region||48.2|
2022-12-31|146|Dresden, Statistische Region|Insgesamt||48.3
2022-12-31|146|Dresden, Statistische Region|männlich||46.1
2022-12-31|146|Dresden, Statistische Region|weiblich||50.8
2022-12-31|147|Leipzig, Statistische Region||39.0|
2022-12-31|147|Leipzig, Statistische Region|Insgesamt||44.0
2022-12-31|147|Leipzig, Statistische Region|männlich||42.6
2022-12-31|147|Leipzig, Statistische Region|weiblich||45.6
2022-12-31|150|Sachsen-Anhalt||50.1|
2022-12-31|150|Sachsen-Anhalt|Insgesamt||51.5
2022-12-31|150|Sachsen-Anhalt|männlich||48.9
2022-12-31|150|Sachsen-Anhalt|weiblich||53.8
2022-12-31|160|Thüringen||48.8|
2022-12-31|160|Thüringen|Insgesamt||50.5
2022-12-31|160|Thüringen|männlich||48.1
2022-12-31|160|Thüringen|weiblich||52.7
2023-12-31|DG|Deutschland||38.1|
2023-12-31|DG|Deutschland|Insgesamt||45.5
2023-12-31|DG|Deutschland|männlich||43.8
2023-12-31|DG|Deutschland|weiblich||47.3
2023-12-31|01|Schleswig-Holstein||40.9|
2023-12-31|01|Schleswig-Holstein|Insgesamt||47.5
2023-12-31|01|Schleswig-Holstein|männlich||45.7
2023-12-31|01|Schleswig-Holstein|weiblich||49.3
2023-12-31|02|Hamburg||28.5|
2023-12-31|02|Hamburg|Insgesamt||41.0
2023-12-31|02|Hamburg|männlich||39.8
2023-12-31|02|Hamburg|weiblich||42.1
2023-12-31|03|Niedersachsen||39.2|
2023-12-31|03|Niedersachsen|Insgesamt||46.3
2023-12-31|03|Niedersachsen|männlich||44.6
2023-12-31|03|Niedersachsen|weiblich||48.1
2023-12-31|04|Bremen||34.6|
2023-12-31|04|Bremen|Insgesamt||42.3
2023-12-31|04|Bremen|männlich||40.5
2023-12-31|04|Bremen|weiblich||44.3
2023-12-31|05|Nordrhein-Westfalen||36.7|
2023-12-31|05|Nordrhein-Westfalen|Insgesamt||45.1
2023-12-31|05|Nordrhein-Westfalen|männlich||43.3
2023-12-31|05|Nordrhein-Westfalen|weiblich||46.9
2023-12-31|06|Hessen||35.9|
2023-12-31|06|Hessen|Insgesamt||44.8
2023-12-31|06|Hessen|männlich||43.3
2023-12-31|06|Hessen|weiblich||46.3
2023-12-31|07|Rheinland-Pfalz||39.1|
2023-12-31|07|Rheinland-Pfalz|Insgesamt||46.3
2023-12-31|07|Rheinland-Pfalz|männlich||44.6
2023-12-31|07|Rheinland-Pfalz|weiblich||48.1
2023-12-31|08|Baden-Württemberg||35.6|
2023-12-31|08|Baden-Württemberg|Insgesamt||44.1
2023-12-31|08|Baden-Württemberg|männlich||42.6
2023-12-31|08|Baden-Württemberg|weiblich||45.8
2023-12-31|09|Bayern||35.5|
2023-12-31|09|Bayern|Insgesamt||44.7
2023-12-31|09|Bayern|männlich||43.1
2023-12-31|09|Bayern|weiblich||46.3
2023-12-31|10|Saarland||43.0|
2023-12-31|10|Saarland|Insgesamt||48.3
2023-12-31|10|Saarland|männlich||46.1
2023-12-31|10|Saarland|weiblich||50.5
2023-12-31|11|Berlin||30.6|
2023-12-31|11|Berlin|Insgesamt||41.3
2023-12-31|11|Berlin|männlich||40.3
2023-12-31|11|Berlin|weiblich||42.4
2023-12-31|12|Brandenburg||46.2|
2023-12-31|12|Brandenburg|Insgesamt||50.1
2023-12-31|12|Brandenburg|männlich||48.1
2023-12-31|12|Brandenburg|weiblich||52.1
2023-12-31|13|Mecklenburg-Vorpommern||49.4|
2023-12-31|13|Mecklenburg-Vorpommern|Insgesamt||51.0
2023-12-31|13|Mecklenburg-Vorpommern|männlich||48.7
2023-12-31|13|Mecklenburg-Vorpommern|weiblich||53.2
2023-12-31|14|Sachsen||48.6|
2023-12-31|14|Sachsen|Insgesamt||48.2
2023-12-31|14|Sachsen|männlich||46.0
2023-12-31|14|Sachsen|weiblich||50.9
2023-12-31|15|Sachsen-Anhalt||50.8|
2023-12-31|15|Sachsen-Anhalt|Insgesamt||51.5
2023-12-31|15|Sachsen-Anhalt|männlich||48.5
2023-12-31|15|Sachsen-Anhalt|weiblich||53.9
2023-12-31|16|Thüringen||49.6|
2023-12-31|16|Thüringen|Insgesamt||50.4
2023-12-31|16|Thüringen|männlich||47.9
2023-12-31|16|Thüringen|weiblich||52.8
2023-12-31|01001|Flensburg, kreisfreie Stadt||32.1|
2023-12-31|01001|Flensburg, kreisfreie Stadt|Insgesamt||41.0
2023-12-31|01001|Flensburg, kreisfreie Stadt|männlich||39.7
2023-12-31|01001|Flensburg, kreisfreie Stadt|weiblich||42.4
2023-12-31|01002|Kiel, kreisfreie Stadt||30.3|
2023-12-31|01002|Kiel, kreisfreie Stadt|Insgesamt||40.1
2023-12-31|01002|Kiel, kreisfreie Stadt|männlich||38.6
2023-12-31|01002|Kiel, kreisfreie Stadt|weiblich||41.6
2023-12-31|01003|Lübeck, kreisfreie Stadt, Hansestadt||39.1|
2023-12-31|01003|Lübeck, kreisfreie Stadt, Hansestadt|Insgesamt||45.8
2023-12-31|01003|Lübeck, kreisfreie Stadt, Hansestadt|männlich||43.5
2023-12-31|01003|Lübeck, kreisfreie Stadt, Hansestadt|weiblich||47.9
2023-12-31|01004|Neumünster, kreisfreie Stadt||39.0|
2023-12-31|01004|Neumünster, kreisfreie Stadt|Insgesamt||46.1
2023-12-31|01004|Neumünster, kreisfreie Stadt|männlich||43.6
2023-12-31|01004|Neumünster, kreisfreie Stadt|weiblich||48.6
2023-12-31|01051|Dithmarschen, Kreis||45.9|
2023-12-31|01051|Dithmarschen, Kreis|Insgesamt||50.2
2023-12-31|01051|Dithmarschen, Kreis|männlich||48.3
2023-12-31|01051|Dithmarschen, Kreis|weiblich||51.9
2023-12-31|01053|Herzogtum Lauenburg, Kreis||40.2|
2023-12-31|01053|Herzogtum Lauenburg, Kreis|Insgesamt||47.2
2023-12-31|01053|Herzogtum Lauenburg, Kreis|männlich||45.6
2023-12-31|01053|Herzogtum Lauenburg, Kreis|weiblich||48.8
2023-12-31|01054|Nordfriesland, Kreis||44.2|
2023-12-31|01054|Nordfriesland, Kreis|Insgesamt||49.6
2023-12-31|01054|Nordfriesland, Kreis|männlich||47.1
2023-12-31|01054|Nordfriesland, Kreis|weiblich||51.6
2023-12-31|01055|Ostholstein, Kreis||51.6|
2023-12-31|01055|Ostholstein, Kreis|Insgesamt||53.1
2023-12-31|01055|Ostholstein, Kreis|männlich||51.7
2023-12-31|01055|Ostholstein, Kreis|weiblich||54.2
2023-12-31|01056|Pinneberg, Kreis||38.7|
2023-12-31|01056|Pinneberg, Kreis|Insgesamt||47.0
2023-12-31|01056|Pinneberg, Kreis|männlich||45.3
2023-12-31|01056|Pinneberg, Kreis|weiblich||48.7
2023-12-31|01057|Plön, Kreis||49.7|
2023-12-31|01057|Plön, Kreis|Insgesamt||51.8
2023-12-31|01057|Plön, Kreis|männlich||50.3
2023-12-31|01057|Plön, Kreis|weiblich||53.0
2023-12-31|01058|Rendsburg-Eckernförde, Kreis||43.0|
2023-12-31|01058|Rendsburg-Eckernförde, Kreis|Insgesamt||49.1
2023-12-31|01058|Rendsburg-Eckernförde, Kreis|männlich||47.2
2023-12-31|01058|Rendsburg-Eckernförde, Kreis|weiblich||50.9
2023-12-31|01059|Schleswig-Flensburg, Kreis||44.8|
2023-12-31|01059|Schleswig-Flensburg, Kreis|Insgesamt||49.2
2023-12-31|01059|Schleswig-Flensburg, Kreis|männlich||47.8
2023-12-31|01059|Schleswig-Flensburg, Kreis|weiblich||50.6
2023-12-31|01060|Segeberg, Kreis||38.1|
2023-12-31|01060|Segeberg, Kreis|Insgesamt||46.7
2023-12-31|01060|Segeberg, Kreis|männlich||45.0
2023-12-31|01060|Segeberg, Kreis|weiblich||48.4
2023-12-31|01061|Steinburg, Kreis||40.6|
2023-12-31|01061|Steinburg, Kreis|Insgesamt||49.1
2023-12-31|01061|Steinburg, Kreis|männlich||47.2
2023-12-31|01061|Steinburg, Kreis|weiblich||50.9
2023-12-31|01062|Stormarn, Kreis||42.1|
2023-12-31|01062|Stormarn, Kreis|Insgesamt||48.1
2023-12-31|01062|Stormarn, Kreis|männlich||46.6
2023-12-31|01062|Stormarn, Kreis|weiblich||49.7
2023-12-31|02000|Hamburg, kreisfreie Stadt, Freie und Hansestadt||28.5|
2023-12-31|02000|Hamburg, kreisfreie Stadt, Freie und Hansestadt|Insgesamt||41.0
2023-12-31|02000|Hamburg, kreisfreie Stadt, Freie und Hansestadt|männlich||39.8
2023-12-31|02000|Hamburg, kreisfreie Stadt, Freie und Hansestadt|weiblich||42.1
2023-12-31|03101|Braunschweig, kreisfreie Stadt||34.4|
2023-12-31|03101|Braunschweig, kreisfreie Stadt|Insgesamt||43.0
2023-12-31|03101|Braunschweig, kreisfreie Stadt|männlich||41.0
2023-12-31|03101|Braunschweig, kreisfreie Stadt|weiblich||45.1
2023-12-31|03102|Salzgitter, kreisfreie Stadt||40.1|
2023-12-31|03102|Salzgitter, kreisfreie Stadt|Insgesamt||44.7
2023-12-31|03102|Salzgitter, kreisfreie Stadt|männlich||42.8
2023-12-31|03102|Salzgitter, kreisfreie Stadt|weiblich||47.0
2023-12-31|03103|Wolfsburg, kreisfreie Stadt||37.8|
2023-12-31|03103|Wolfsburg, kreisfreie Stadt|Insgesamt||43.8
2023-12-31|03103|Wolfsburg, kreisfreie Stadt|männlich||42.2
2023-12-31|03103|Wolfsburg, kreisfreie Stadt|weiblich||45.6
2023-12-31|03151|Gifhorn, Landkreis||37.7|
2023-12-31|03151|Gifhorn, Landkreis|Insgesamt||46.3
2023-12-31|03151|Gifhorn, Landkreis|männlich||45.0
2023-12-31|03151|Gifhorn, Landkreis|weiblich||47.6
2023-12-31|03153|Goslar, Landkreis||50.2|
2023-12-31|03153|Goslar, Landkreis|Insgesamt||51.9
2023-12-31|03153|Goslar, Landkreis|männlich||49.5
2023-12-31|03153|Goslar, Landkreis|weiblich||53.7
2023-12-31|03154|Helmstedt, Landkreis||42.4|
2023-12-31|03154|Helmstedt, Landkreis|Insgesamt||48.4
2023-12-31|03154|Helmstedt, Landkreis|männlich||46.7
2023-12-31|03154|Helmstedt, Landkreis|weiblich||50.3
2023-12-31|03155|Northeim, Landkreis||47.5|
2023-12-31|03155|Northeim, Landkreis|Insgesamt||51.0
2023-12-31|03155|Northeim, Landkreis|männlich||49.3
2023-12-31|03155|Northeim, Landkreis|weiblich||52.4
2023-12-31|03157|Peine, Landkreis||38.5|
2023-12-31|03157|Peine, Landkreis|Insgesamt||46.4
2023-12-31|03157|Peine, Landkreis|männlich||45.0
2023-12-31|03157|Peine, Landkreis|weiblich||47.7
2023-12-31|03158|Wolfenbüttel, Landkreis||43.3|
2023-12-31|03158|Wolfenbüttel, Landkreis|Insgesamt||49.5
2023-12-31|03158|Wolfenbüttel, Landkreis|männlich||47.6
2023-12-31|03158|Wolfenbüttel, Landkreis|weiblich||51.1
2023-12-31|03159|Göttingen, Landkreis||40.7|
2023-12-31|03159|Göttingen, Landkreis|Insgesamt||46.3
2023-12-31|03159|Göttingen, Landkreis|männlich||44.4
2023-12-31|03159|Göttingen, Landkreis|weiblich||48.1
2023-12-31|03241|Region Hannover, Landkreis||36.3|
2023-12-31|03241|Region Hannover, Landkreis|Insgesamt||44.5
2023-12-31|03241|Region Hannover, Landkreis|männlich||42.9
2023-12-31|03241|Region Hannover, Landkreis|weiblich||46.1
2023-12-31|03241001|Hannover, Landeshauptstadt||30.4|
2023-12-31|03241001|Hannover, Landeshauptstadt|Insgesamt||41.2
2023-12-31|03241001|Hannover, Landeshauptstadt|männlich||39.7
2023-12-31|03241001|Hannover, Landeshauptstadt|weiblich||42.8
2023-12-31|03251|Diepholz, Landkreis||40.7|
2023-12-31|03251|Diepholz, Landkreis|Insgesamt||47.9
2023-12-31|03251|Diepholz, Landkreis|männlich||46.3
2023-12-31|03251|Diepholz, Landkreis|weiblich||49.4
2023-12-31|03252|Hameln-Pyrmont, Landkreis||46.4|
2023-12-31|03252|Hameln-Pyrmont, Landkreis|Insgesamt||49.7
2023-12-31|03252|Hameln-Pyrmont, Landkreis|männlich||47.2
2023-12-31|03252|Hameln-Pyrmont, Landkreis|weiblich||51.8
2023-12-31|03254|Hildesheim, Landkreis||41.5|
2023-12-31|03254|Hildesheim, Landkreis|Insgesamt||47.7
2023-12-31|03254|Hildesheim, Landkreis|männlich||45.9
2023-12-31|03254|Hildesheim, Landkreis|weiblich||49.4
2023-12-31|03255|Holzminden, Landkreis||48.5|
2023-12-31|03255|Holzminden, Landkreis|Insgesamt||50.7
2023-12-31|03255|Holzminden, Landkreis|männlich||48.8
2023-12-31|03255|Holzminden, Landkreis|weiblich||52.3
2023-12-31|03256|Nienburg (Weser), Landkreis||40.4|
2023-12-31|03256|Nienburg (Weser), Landkreis|Insgesamt||47.6
2023-12-31|03256|Nienburg (Weser), Landkreis|männlich||46.1
2023-12-31|03256|Nienburg (Weser), Landkreis|weiblich||49.4
2023-12-31|03257|Schaumburg, Landkreis||45.1|
2023-12-31|03257|Schaumburg, Landkreis|Insgesamt||49.9
2023-12-31|03257|Schaumburg, Landkreis|männlich||47.8
2023-12-31|03257|Schaumburg, Landkreis|weiblich||51.8
2023-12-31|03351|Celle, Landkreis||43.2|
2023-12-31|03351|Celle, Landkreis|Insgesamt||47.3
2023-12-31|03351|Celle, Landkreis|männlich||45.6
2023-12-31|03351|Celle, Landkreis|weiblich||49.1
2023-12-31|03352|Cuxhaven, Landkreis||47.1|
2023-12-31|03352|Cuxhaven, Landkreis|Insgesamt||50.4
2023-12-31|03352|Cuxhaven, Landkreis|männlich||48.4
2023-12-31|03352|Cuxhaven, Landkreis|weiblich||52.1
2023-12-31|03353|Harburg, Landkreis||39.2|
2023-12-31|03353|Harburg, Landkreis|Insgesamt||47.4
2023-12-31|03353|Harburg, Landkreis|männlich||45.6
2023-12-31|03353|Harburg, Landkreis|weiblich||49.2
2023-12-31|03354|Lüchow-Dannenberg, Landkreis||55.1|
2023-12-31|03354|Lüchow-Dannenberg, Landkreis|Insgesamt||53.3
2023-12-31|03354|Lüchow-Dannenberg, Landkreis|männlich||51.7
2023-12-31|03354|Lüchow-Dannenberg, Landkreis|weiblich||54.8
2023-12-31|03355|Lüneburg, Landkreis||35.4|
2023-12-31|03355|Lüneburg, Landkreis|Insgesamt||45.5
2023-12-31|03355|Lüneburg, Landkreis|männlich||44.2
2023-12-31|03355|Lüneburg, Landkreis|weiblich||46.8
2023-12-31|03356|Osterholz, Landkreis||43.4|
2023-12-31|03356|Osterholz, Landkreis|Insgesamt||49.3
2023-12-31|03356|Osterholz, Landkreis|männlich||48.0
2023-12-31|03356|Osterholz, Landkreis|weiblich||50.6
2023-12-31|03357|Rotenburg (Wümme), Landkreis||38.5|
2023-12-31|03357|Rotenburg (Wümme), Landkreis|Insgesamt||46.9
2023-12-31|03357|Rotenburg (Wümme), Landkreis|männlich||45.2
2023-12-31|03357|Rotenburg (Wümme), Landkreis|weiblich||48.6
2023-12-31|03358|Heidekreis||40.7|
2023-12-31|03358|Heidekreis|Insgesamt||47.5
2023-12-31|03358|Heidekreis|männlich||45.7
2023-12-31|03358|Heidekreis|weiblich||49.4
2023-12-31|03359|Stade, Landkreis||38.5|
2023-12-31|03359|Stade, Landkreis|Insgesamt||45.9
2023-12-31|03359|Stade, Landkreis|männlich||44.1
2023-12-31|03359|Stade, Landkreis|weiblich||47.8
2023-12-31|03360|Uelzen, Landkreis||45.9|
2023-12-31|03360|Uelzen, Landkreis|Insgesamt||50.4
2023-12-31|03360|Uelzen, Landkreis|männlich||48.2
2023-12-31|03360|Uelzen, Landkreis|weiblich||52.2
2023-12-31|03361|Verden, Landkreis||41.1|
2023-12-31|03361|Verden, Landkreis|Insgesamt||46.7
2023-12-31|03361|Verden, Landkreis|männlich||45.0
2023-12-31|03361|Verden, Landkreis|weiblich||48.4
2023-12-31|03401|Delmenhorst, kreisfreie Stadt||38.3|
2023-12-31|03401|Delmenhorst, kreisfreie Stadt|Insgesamt||45.0
2023-12-31|03401|Delmenhorst, kreisfreie Stadt|männlich||42.8
2023-12-31|03401|Delmenhorst, kreisfreie Stadt|weiblich||47.0
2023-12-31|03402|Emden, kreisfreie Stadt||37.1|
2023-12-31|03402|Emden, kreisfreie Stadt|Insgesamt||44.6
2023-12-31|03402|Emden, kreisfreie Stadt|männlich||42.8
2023-12-31|03402|Emden, kreisfreie Stadt|weiblich||46.5
2023-12-31|03403|Oldenburg (Oldenburg), kreisfreie Stadt||31.8|
2023-12-31|03403|Oldenburg (Oldenburg), kreisfreie Stadt|Insgesamt||41.9
2023-12-31|03403|Oldenburg (Oldenburg), kreisfreie Stadt|männlich||40.0
2023-12-31|03403|Oldenburg (Oldenburg), kreisfreie Stadt|weiblich||43.8
2023-12-31|03404|Osnabrück, kreisfreie Stadt||30.2|
2023-12-31|03404|Osnabrück, kreisfreie Stadt|Insgesamt||40.3
2023-12-31|03404|Osnabrück, kreisfreie Stadt|männlich||39.3
2023-12-31|03404|Osnabrück, kreisfreie Stadt|weiblich||41.5
2023-12-31|03405|Wilhelmshaven, kreisfreie Stadt||45.2|
2023-12-31|03405|Wilhelmshaven, kreisfreie Stadt|Insgesamt||47.6
2023-12-31|03405|Wilhelmshaven, kreisfreie Stadt|männlich||44.1
2023-12-31|03405|Wilhelmshaven, kreisfreie Stadt|weiblich||51.3
2023-12-31|03451|Ammerland, Landkreis||43.0|
2023-12-31|03451|Ammerland, Landkreis|Insgesamt||48.1
2023-12-31|03451|Ammerland, Landkreis|männlich||46.3
2023-12-31|03451|Ammerland, Landkreis|weiblich||49.9
2023-12-31|03452|Aurich, Landkreis||43.1|
2023-12-31|03452|Aurich, Landkreis|Insgesamt||49.4
2023-12-31|03452|Aurich, Landkreis|männlich||47.4
2023-12-31|03452|Aurich, Landkreis|weiblich||51.2
2023-12-31|03453|Cloppenburg, Landkreis||29.6|
2023-12-31|03453|Cloppenburg, Landkreis|Insgesamt||41.3
2023-12-31|03453|Cloppenburg, Landkreis|männlich||39.8
2023-12-31|03453|Cloppenburg, Landkreis|weiblich||42.8
2023-12-31|03454|Emsland, Landkreis||34.3|
2023-12-31|03454|Emsland, Landkreis|Insgesamt||44.1
2023-12-31|03454|Emsland, Landkreis|männlich||42.7
2023-12-31|03454|Emsland, Landkreis|weiblich||45.7
2023-12-31|03455|Friesland, Landkreis||48.0|
2023-12-31|03455|Friesland, Landkreis|Insgesamt||51.3
2023-12-31|03455|Friesland, Landkreis|männlich||49.2
2023-12-31|03455|Friesland, Landkreis|weiblich||52.8
2023-12-31|03456|Grafschaft Bentheim, Landkreis||36.6|
2023-12-31|03456|Grafschaft Bentheim, Landkreis|Insgesamt||45.4
2023-12-31|03456|Grafschaft Bentheim, Landkreis|männlich||43.8
2023-12-31|03456|Grafschaft Bentheim, Landkreis|weiblich||47.2
2023-12-31|03457|Leer, Landkreis||39.3|
2023-12-31|03457|Leer, Landkreis|Insgesamt||46.5
2023-12-31|03457|Leer, Landkreis|männlich||44.7
2023-12-31|03457|Leer, Landkreis|weiblich||48.3
2023-12-31|03458|Oldenburg, Landkreis||38.9|
2023-12-31|03458|Oldenburg, Landkreis|Insgesamt||47.8
2023-12-31|03458|Oldenburg, Landkreis|männlich||46.2
2023-12-31|03458|Oldenburg, Landkreis|weiblich||49.3
2023-12-31|03459|Osnabrück, Landkreis||38.7|
2023-12-31|03459|Osnabrück, Landkreis|Insgesamt||46.5
2023-12-31|03459|Osnabrück, Landkreis|männlich||44.8
2023-12-31|03459|Osnabrück, Landkreis|weiblich||48.2
2023-12-31|03460|Vechta, Landkreis||29.4|
2023-12-31|03460|Vechta, Landkreis|Insgesamt||41.7
2023-12-31|03460|Vechta, Landkreis|männlich||40.8
2023-12-31|03460|Vechta, Landkreis|weiblich||42.7
2023-12-31|03461|Wesermarsch, Landkreis||42.8|
2023-12-31|03461|Wesermarsch, Landkreis|Insgesamt||49.1
2023-12-31|03461|Wesermarsch, Landkreis|männlich||47.4
2023-12-31|03461|Wesermarsch, Landkreis|weiblich||50.7
2023-12-31|03462|Wittmund, Landkreis||47.4|
2023-12-31|03462|Wittmund, Landkreis|Insgesamt||50.7
2023-12-31|03462|Wittmund, Landkreis|männlich||48.6
2023-12-31|03462|Wittmund, Landkreis|weiblich||52.3
2023-12-31|04011|Bremen, kreisfreie Stadt||34.1|
2023-12-31|04011|Bremen, kreisfreie Stadt|Insgesamt||42.2
2023-12-31|04011|Bremen, kreisfreie Stadt|männlich||40.3
2023-12-31|04011|Bremen, kreisfreie Stadt|weiblich||44.1
2023-12-31|04012|Bremerhaven, kreisfreie Stadt||37.3|
2023-12-31|04012|Bremerhaven, kreisfreie Stadt|Insgesamt||43.0
2023-12-31|04012|Bremerhaven, kreisfreie Stadt|männlich||41.2
2023-12-31|04012|Bremerhaven, kreisfreie Stadt|weiblich||45.2
2023-12-31|05111|Düsseldorf, kreisfreie Stadt||29.9|
2023-12-31|05111|Düsseldorf, kreisfreie Stadt|Insgesamt||42.1
2023-12-31|05111|Düsseldorf, kreisfreie Stadt|männlich||41.0
2023-12-31|05111|Düsseldorf, kreisfreie Stadt|weiblich||43.1
2023-12-31|05112|Duisburg, kreisfreie Stadt||33.9|
2023-12-31|05112|Duisburg, kreisfreie Stadt|Insgesamt||43.2
2023-12-31|05112|Duisburg, kreisfreie Stadt|männlich||41.6
2023-12-31|05112|Duisburg, kreisfreie Stadt|weiblich||44.9
2023-12-31|05113|Essen, kreisfreie Stadt||36.8|
2023-12-31|05113|Essen, kreisfreie Stadt|Insgesamt||43.8
2023-12-31|05113|Essen, kreisfreie Stadt|männlich||42.0
2023-12-31|05113|Essen, kreisfreie Stadt|weiblich||45.7
2023-12-31|05114|Krefeld, kreisfreie Stadt||37.5|
2023-12-31|05114|Krefeld, kreisfreie Stadt|Insgesamt||45.8
2023-12-31|05114|Krefeld, kreisfreie Stadt|männlich||43.8
2023-12-31|05114|Krefeld, kreisfreie Stadt|weiblich||47.8
2023-12-31|05116|Mönchengladbach, kreisfreie Stadt||35.9|
2023-12-31|05116|Mönchengladbach, kreisfreie Stadt|Insgesamt||44.2
2023-12-31|05116|Mönchengladbach, kreisfreie Stadt|männlich||42.2
2023-12-31|05116|Mönchengladbach, kreisfreie Stadt|weiblich||46.4
2023-12-31|05117|Mülheim an der Ruhr, kreisfreie Stadt||41.4|
2023-12-31|05117|Mülheim an der Ruhr, kreisfreie Stadt|Insgesamt||46.9
2023-12-31|05117|Mülheim an der Ruhr, kreisfreie Stadt|männlich||44.6
2023-12-31|05117|Mülheim an der Ruhr, kreisfreie Stadt|weiblich||49.1
2023-12-31|05119|Oberhausen, kreisfreie Stadt||38.6|
2023-12-31|05119|Oberhausen, kreisfreie Stadt|Insgesamt||45.8
2023-12-31|05119|Oberhausen, kreisfreie Stadt|männlich||44.3
2023-12-31|05119|Oberhausen, kreisfreie Stadt|weiblich||47.2
2023-12-31|05120|Remscheid, kreisfreie Stadt||37.4|
2023-12-31|05120|Remscheid, kreisfreie Stadt|Insgesamt||45.8
2023-12-31|05120|Remscheid, kreisfreie Stadt|männlich||44.1
2023-12-31|05120|Remscheid, kreisfreie Stadt|weiblich||47.5
2023-12-31|05122|Solingen, kreisfreie Stadt||37.0|
2023-12-31|05122|Solingen, kreisfreie Stadt|Insgesamt||45.9
2023-12-31|05122|Solingen, kreisfreie Stadt|männlich||44.1
2023-12-31|05122|Solingen, kreisfreie Stadt|weiblich||47.8
2023-12-31|05124|Wuppertal, kreisfreie Stadt||35.2|
2023-12-31|05124|Wuppertal, kreisfreie Stadt|Insgesamt||43.4
2023-12-31|05124|Wuppertal, kreisfreie Stadt|männlich||41.7
2023-12-31|05124|Wuppertal, kreisfreie Stadt|weiblich||45.3
2023-12-31|05154|Kleve, Kreis||36.4|
2023-12-31|05154|Kleve, Kreis|Insgesamt||45.7
2023-12-31|05154|Kleve, Kreis|männlich||43.8
2023-12-31|05154|Kleve, Kreis|weiblich||47.6
2023-12-31|05158|Mettmann, Kreis||42.8|
2023-12-31|05158|Mettmann, Kreis|Insgesamt||48.3
2023-12-31|05158|Mettmann, Kreis|männlich||46.3
2023-12-31|05158|Mettmann, Kreis|weiblich||50.2
2023-12-31|05162|Rhein-Kreis Neuss||39.1|
2023-12-31|05162|Rhein-Kreis Neuss|Insgesamt||46.8
2023-12-31|05162|Rhein-Kreis Neuss|männlich||45.1
2023-12-31|05162|Rhein-Kreis Neuss|weiblich||48.5
2023-12-31|05166|Viersen, Kreis||40.3|
2023-12-31|05166|Viersen, Kreis|Insgesamt||48.6
2023-12-31|05166|Viersen, Kreis|männlich||46.7
2023-12-31|05166|Viersen, Kreis|weiblich||50.4
2023-12-31|05170|Wesel, Kreis||43.0|
2023-12-31|05170|Wesel, Kreis|Insgesamt||48.8
2023-12-31|05170|Wesel, Kreis|männlich||46.7
2023-12-31|05170|Wesel, Kreis|weiblich||50.9
2023-12-31|05314|Bonn, kreisfreie Stadt||30.4|
2023-12-31|05314|Bonn, kreisfreie Stadt|Insgesamt||41.0
2023-12-31|05314|Bonn, kreisfreie Stadt|männlich||39.7
2023-12-31|05314|Bonn, kreisfreie Stadt|weiblich||42.4
2023-12-31|05315|Köln, kreisfreie Stadt||27.8|
2023-12-31|05315|Köln, kreisfreie Stadt|Insgesamt||41.3
2023-12-31|05315|Köln, kreisfreie Stadt|männlich||40.5
2023-12-31|05315|Köln, kreisfreie Stadt|weiblich||42.1
2023-12-31|05316|Leverkusen, kreisfreie Stadt||36.4|
2023-12-31|05316|Leverkusen, kreisfreie Stadt|Insgesamt||45.1
2023-12-31|05316|Leverkusen, kreisfreie Stadt|männlich||43.2
2023-12-31|05316|Leverkusen, kreisfreie Stadt|weiblich||46.9
2023-12-31|05334|Städteregion Aachen, Kreis||34.1|
2023-12-31|05334|Städteregion Aachen, Kreis|Insgesamt||42.5
2023-12-31|05334|Städteregion Aachen, Kreis|männlich||39.9
2023-12-31|05334|Städteregion Aachen, Kreis|weiblich||45.1
2023-12-31|05334002|Aachen, kreisfreie Stadt||28.4|
2023-12-31|05334002|Aachen, kreisfreie Stadt|Insgesamt||37.0
2023-12-31|05334002|Aachen, kreisfreie Stadt|männlich||34.2
2023-12-31|05334002|Aachen, kreisfreie Stadt|weiblich||40.9
2023-12-31|05358|Düren, Kreis||37.7|
2023-12-31|05358|Düren, Kreis|Insgesamt||45.7
2023-12-31|05358|Düren, Kreis|männlich||43.8
2023-12-31|05358|Düren, Kreis|weiblich||47.7
2023-12-31|05362|Rhein-Erft-Kreis||37.4|
2023-12-31|05362|Rhein-Erft-Kreis|Insgesamt||45.8
2023-12-31|05362|Rhein-Erft-Kreis|männlich||44.1
2023-12-31|05362|Rhein-Erft-Kreis|weiblich||47.4
2023-12-31|05366|Euskirchen, Kreis||39.2|
2023-12-31|05366|Euskirchen, Kreis|Insgesamt||47.2
2023-12-31|05366|Euskirchen, Kreis|männlich||45.3
2023-12-31|05366|Euskirchen, Kreis|weiblich||49.2
2023-12-31|05370|Heinsberg, Kreis||38.3|
2023-12-31|05370|Heinsberg, Kreis|Insgesamt||46.7
2023-12-31|05370|Heinsberg, Kreis|männlich||45.0
2023-12-31|05370|Heinsberg, Kreis|weiblich||48.4
2023-12-31|05374|Oberbergischer Kreis||38.6|
2023-12-31|05374|Oberbergischer Kreis|Insgesamt||46.3
2023-12-31|05374|Oberbergischer Kreis|männlich||44.7
2023-12-31|05374|Oberbergischer Kreis|weiblich||47.9
2023-12-31|05378|Rheinisch-Bergischer Kreis||41.9|
2023-12-31|05378|Rheinisch-Bergischer Kreis|Insgesamt||48.8
2023-12-31|05378|Rheinisch-Bergischer Kreis|männlich||47.1
2023-12-31|05378|Rheinisch-Bergischer Kreis|weiblich||50.4
2023-12-31|05382|Rhein-Sieg-Kreis||39.1|
2023-12-31|05382|Rhein-Sieg-Kreis|Insgesamt||46.8
2023-12-31|05382|Rhein-Sieg-Kreis|männlich||44.9
2023-12-31|05382|Rhein-Sieg-Kreis|weiblich||48.7
2023-12-31|05512|Bottrop, kreisfreie Stadt||41.3|
2023-12-31|05512|Bottrop, kreisfreie Stadt|Insgesamt||47.4
2023-12-31|05512|Bottrop, kreisfreie Stadt|männlich||45.1
2023-12-31|05512|Bottrop, kreisfreie Stadt|weiblich||49.7
2023-12-31|05513|Gelsenkirchen, kreisfreie Stadt||34.6|
2023-12-31|05513|Gelsenkirchen, kreisfreie Stadt|Insgesamt||42.9
2023-12-31|05513|Gelsenkirchen, kreisfreie Stadt|männlich||41.3
2023-12-31|05513|Gelsenkirchen, kreisfreie Stadt|weiblich||44.6
2023-12-31|05515|Münster, kreisfreie Stadt||28.7|
2023-12-31|05515|Münster, kreisfreie Stadt|Insgesamt||39.0
2023-12-31|05515|Münster, kreisfreie Stadt|männlich||38.1
2023-12-31|05515|Münster, kreisfreie Stadt|weiblich||39.9
2023-12-31|05554|Borken, Kreis||33.9|
2023-12-31|05554|Borken, Kreis|Insgesamt||44.5
2023-12-31|05554|Borken, Kreis|männlich||43.0
2023-12-31|05554|Borken, Kreis|weiblich||46.2
2023-12-31|05558|Coesfeld, Kreis||39.4|
2023-12-31|05558|Coesfeld, Kreis|Insgesamt||47.2
2023-12-31|05558|Coesfeld, Kreis|männlich||45.2
2023-12-31|05558|Coesfeld, Kreis|weiblich||49.1
2023-12-31|05562|Recklinghausen, Kreis||41.1|
2023-12-31|05562|Recklinghausen, Kreis|Insgesamt||47.4
2023-12-31|05562|Recklinghausen, Kreis|männlich||45.2
2023-12-31|05562|Recklinghausen, Kreis|weiblich||49.6
2023-12-31|05566|Steinfurt, Kreis||35.6|
2023-12-31|05566|Steinfurt, Kreis|Insgesamt||45.5
2023-12-31|05566|Steinfurt, Kreis|männlich||43.6
2023-12-31|05566|Steinfurt, Kreis|weiblich||47.4
2023-12-31|05570|Warendorf, Kreis||38.3|
2023-12-31|05570|Warendorf, Kreis|Insgesamt||46.5
2023-12-31|05570|Warendorf, Kreis|männlich||44.9
2023-12-31|05570|Warendorf, Kreis|weiblich||48.1
2023-12-31|05711|Bielefeld, kreisfreie Stadt||33.3|
2023-12-31|05711|Bielefeld, kreisfreie Stadt|Insgesamt||42.1
2023-12-31|05711|Bielefeld, kreisfreie Stadt|männlich||40.7
2023-12-31|05711|Bielefeld, kreisfreie Stadt|weiblich||43.6
2023-12-31|05754|Gütersloh, Kreis||35.0|
2023-12-31|05754|Gütersloh, Kreis|Insgesamt||45.1
2023-12-31|05754|Gütersloh, Kreis|männlich||43.2
2023-12-31|05754|Gütersloh, Kreis|weiblich||47.2
2023-12-31|05758|Herford, Kreis||39.5|
2023-12-31|05758|Herford, Kreis|Insgesamt||46.8
2023-12-31|05758|Herford, Kreis|männlich||44.9
2023-12-31|05758|Herford, Kreis|weiblich||48.8
2023-12-31|05762|Höxter, Kreis||42.9|
2023-12-31|05762|Höxter, Kreis|Insgesamt||48.6
2023-12-31|05762|Höxter, Kreis|männlich||46.6
2023-12-31|05762|Höxter, Kreis|weiblich||50.5
2023-12-31|05766|Lippe, Kreis||41.6|
2023-12-31|05766|Lippe, Kreis|Insgesamt||46.6
2023-12-31|05766|Lippe, Kreis|männlich||44.4
2023-12-31|05766|Lippe, Kreis|weiblich||48.7
2023-12-31|05770|Minden-Lübbecke, Kreis||39.5|
2023-12-31|05770|Minden-Lübbecke, Kreis|Insgesamt||46.2
2023-12-31|05770|Minden-Lübbecke, Kreis|männlich||44.2
2023-12-31|05770|Minden-Lübbecke, Kreis|weiblich||48.4
2023-12-31|05774|Paderborn, Kreis||33.3|
2023-12-31|05774|Paderborn, Kreis|Insgesamt||42.9
2023-12-31|05774|Paderborn, Kreis|männlich||41.1
2023-12-31|05774|Paderborn, Kreis|weiblich||44.7
2023-12-31|05911|Bochum, kreisfreie Stadt||36.8|
2023-12-31|05911|Bochum, kreisfreie Stadt|Insgesamt||44.2
2023-12-31|05911|Bochum, kreisfreie Stadt|männlich||42.3
2023-12-31|05911|Bochum, kreisfreie Stadt|weiblich||46.2
2023-12-31|05913|Dortmund, kreisfreie Stadt||33.7|
2023-12-31|05913|Dortmund, kreisfreie Stadt|Insgesamt||42.9
2023-12-31|05913|Dortmund, kreisfreie Stadt|männlich||41.4
2023-12-31|05913|Dortmund, kreisfreie Stadt|weiblich||44.5
2023-12-31|05914|Hagen, kreisfreie Stadt||36.7|
2023-12-31|05914|Hagen, kreisfreie Stadt|Insgesamt||44.3
2023-12-31|05914|Hagen, kreisfreie Stadt|männlich||42.6
2023-12-31|05914|Hagen, kreisfreie Stadt|weiblich||46.2
2023-12-31|05915|Hamm, kreisfreie Stadt||36.8|
2023-12-31|05915|Hamm, kreisfreie Stadt|Insgesamt||44.5
2023-12-31|05915|Hamm, kreisfreie Stadt|männlich||42.8
2023-12-31|05915|Hamm, kreisfreie Stadt|weiblich||46.3
2023-12-31|05916|Herne, kreisfreie Stadt||37.3|
2023-12-31|05916|Herne, kreisfreie Stadt|Insgesamt||45.1
2023-12-31|05916|Herne, kreisfreie Stadt|männlich||43.1
2023-12-31|05916|Herne, kreisfreie Stadt|weiblich||47.0
2023-12-31|05954|Ennepe-Ruhr-Kreis||42.7|
2023-12-31|05954|Ennepe-Ruhr-Kreis|Insgesamt||48.8
2023-12-31|05954|Ennepe-Ruhr-Kreis|männlich||46.6
2023-12-31|05954|Ennepe-Ruhr-Kreis|weiblich||50.8
2023-12-31|05958|Hochsauerlandkreis||40.2|
2023-12-31|05958|Hochsauerlandkreis|Insgesamt||48.0
2023-12-31|05958|Hochsauerlandkreis|männlich||46.0
2023-12-31|05958|Hochsauerlandkreis|weiblich||50.0
2023-12-31|05962|Märkischer Kreis||39.7|
2023-12-31|05962|Märkischer Kreis|Insgesamt||47.4
2023-12-31|05962|Märkischer Kreis|männlich||45.4
2023-12-31|05962|Märkischer Kreis|weiblich||49.4
2023-12-31|05966|Olpe, Kreis||36.0|
2023-12-31|05966|Olpe, Kreis|Insgesamt||46.4
2023-12-31|05966|Olpe, Kreis|männlich||44.5
2023-12-31|05966|Olpe, Kreis|weiblich||48.2
2023-12-31|05970|Siegen-Wittgenstein, Kreis||38.3|
2023-12-31|05970|Siegen-Wittgenstein, Kreis|Insgesamt||45.5
2023-12-31|05970|Siegen-Wittgenstein, Kreis|männlich||43.4
2023-12-31|05970|Siegen-Wittgenstein, Kreis|weiblich||47.7
2023-12-31|05974|Soest, Kreis||38.9|
2023-12-31|05974|Soest, Kreis|Insgesamt||47.1
2023-12-31|05974|Soest, Kreis|männlich||45.1
2023-12-31|05974|Soest, Kreis|weiblich||49.1
2023-12-31|05978|Unna, Kreis||41.2|
2023-12-31|05978|Unna, Kreis|Insgesamt||47.6
2023-12-31|05978|Unna, Kreis|männlich||45.5
2023-12-31|05978|Unna, Kreis|weiblich||49.8
2023-12-31|06411|Darmstadt, kreisfreie Stadt, Wissenschaftsstadt||26.8|
2023-12-31|06411|Darmstadt, kreisfreie Stadt, Wissenschaftsstadt|Insgesamt||38.0
2023-12-31|06411|Darmstadt, kreisfreie Stadt, Wissenschaftsstadt|männlich||35.7
2023-12-31|06411|Darmstadt, kreisfreie Stadt, Wissenschaftsstadt|weiblich||40.7
2023-12-31|06412|Frankfurt am Main, kreisfreie Stadt||24.3|
2023-12-31|06412|Frankfurt am Main, kreisfreie Stadt|Insgesamt||39.7
2023-12-31|06412|Frankfurt am Main, kreisfreie Stadt|männlich||39.2
2023-12-31|06412|Frankfurt am Main, kreisfreie Stadt|weiblich||40.2
2023-12-31|06413|Offenbach am Main, kreisfreie Stadt||25.0|
2023-12-31|06413|Offenbach am Main, kreisfreie Stadt|Insgesamt||39.9
2023-12-31|06413|Offenbach am Main, kreisfreie Stadt|männlich||39.4
2023-12-31|06413|Offenbach am Main, kreisfreie Stadt|weiblich||40.5
2023-12-31|06414|Wiesbaden, kreisfreie Stadt, Landeshauptstadt||32.4|
2023-12-31|06414|Wiesbaden, kreisfreie Stadt, Landeshauptstadt|Insgesamt||43.0
2023-12-31|06414|Wiesbaden, kreisfreie Stadt, Landeshauptstadt|männlich||41.6
2023-12-31|06414|Wiesbaden, kreisfreie Stadt, Landeshauptstadt|weiblich||44.2
2023-12-31|06431|Bergstraße, Landkreis||40.2|
2023-12-31|06431|Bergstraße, Landkreis|Insgesamt||47.4
2023-12-31|06431|Bergstraße, Landkreis|männlich||45.7
2023-12-31|06431|Bergstraße, Landkreis|weiblich||49.1
2023-12-31|06432|Darmstadt-Dieburg, Landkreis||37.4|
2023-12-31|06432|Darmstadt-Dieburg, Landkreis|Insgesamt||46.2
2023-12-31|06432|Darmstadt-Dieburg, Landkreis|männlich||44.8
2023-12-31|06432|Darmstadt-Dieburg, Landkreis|weiblich||47.6
2023-12-31|06433|Groß-Gerau, Landkreis||32.7|
2023-12-31|06433|Groß-Gerau, Landkreis|Insgesamt||43.6
2023-12-31|06433|Groß-Gerau, Landkreis|männlich||42.4
2023-12-31|06433|Groß-Gerau, Landkreis|weiblich||44.8
2023-12-31|06434|Hochtaunuskreis||40.9|
2023-12-31|06434|Hochtaunuskreis|Insgesamt||47.7
2023-12-31|06434|Hochtaunuskreis|männlich||45.9
2023-12-31|06434|Hochtaunuskreis|weiblich||49.3
2023-12-31|06435|Main-Kinzig-Kreis||38.0|
2023-12-31|06435|Main-Kinzig-Kreis|Insgesamt||46.0
2023-12-31|06435|Main-Kinzig-Kreis|männlich||44.4
2023-12-31|06435|Main-Kinzig-Kreis|weiblich||47.6
2023-12-31|06436|Main-Taunus-Kreis||36.8|
2023-12-31|06436|Main-Taunus-Kreis|Insgesamt||46.0
2023-12-31|06436|Main-Taunus-Kreis|männlich||44.5
2023-12-31|06436|Main-Taunus-Kreis|weiblich||47.4
2023-12-31|06437|Odenwaldkreis||44.5|
2023-12-31|06437|Odenwaldkreis|Insgesamt||49.4
2023-12-31|06437|Odenwaldkreis|männlich||47.6
2023-12-31|06437|Odenwaldkreis|weiblich||51.1
2023-12-31|06438|Offenbach, Landkreis||37.0|
2023-12-31|06438|Offenbach, Landkreis|Insgesamt||45.0
2023-12-31|06438|Offenbach, Landkreis|männlich||43.6
2023-12-31|06438|Offenbach, Landkreis|weiblich||46.5
2023-12-31|06439|Rheingau-Taunus-Kreis||42.2|
2023-12-31|06439|Rheingau-Taunus-Kreis|Insgesamt||49.0
2023-12-31|06439|Rheingau-Taunus-Kreis|männlich||47.1
2023-12-31|06439|Rheingau-Taunus-Kreis|weiblich||50.6
2023-12-31|06440|Wetteraukreis||38.0|
2023-12-31|06440|Wetteraukreis|Insgesamt||46.5
2023-12-31|06440|Wetteraukreis|männlich||44.9
2023-12-31|06440|Wetteraukreis|weiblich||47.9
2023-12-31|06531|Gießen, Landkreis||33.7|
2023-12-31|06531|Gießen, Landkreis|Insgesamt||41.9
2023-12-31|06531|Gießen, Landkreis|männlich||40.6
2023-12-31|06531|Gießen, Landkreis|weiblich||43.2
2023-12-31|06532|Lahn-Dill-Kreis||39.6|
2023-12-31|06532|Lahn-Dill-Kreis|Insgesamt||46.7
2023-12-31|06532|Lahn-Dill-Kreis|männlich||44.6
2023-12-31|06532|Lahn-Dill-Kreis|weiblich||48.9
2023-12-31|06533|Limburg-Weilburg, Landkreis||38.9|
2023-12-31|06533|Limburg-Weilburg, Landkreis|Insgesamt||46.8
2023-12-31|06533|Limburg-Weilburg, Landkreis|männlich||45.2
2023-12-31|06533|Limburg-Weilburg, Landkreis|weiblich||48.5
2023-12-31|06534|Marburg-Biedenkopf, Landkreis||34.4|
2023-12-31|06534|Marburg-Biedenkopf, Landkreis|Insgesamt||43.5
2023-12-31|06534|Marburg-Biedenkopf, Landkreis|männlich||42.2
2023-12-31|06534|Marburg-Biedenkopf, Landkreis|weiblich||44.8
2023-12-31|06535|Vogelsbergkreis||46.6|
2023-12-31|06535|Vogelsbergkreis|Insgesamt||50.5
2023-12-31|06535|Vogelsbergkreis|männlich||48.7
2023-12-31|06535|Vogelsbergkreis|weiblich||52.2
2023-12-31|06611|Kassel, kreisfreie Stadt, documenta-Stadt||33.0|
2023-12-31|06611|Kassel, kreisfreie Stadt, documenta-Stadt|Insgesamt||41.4
2023-12-31|06611|Kassel, kreisfreie Stadt, documenta-Stadt|männlich||39.9
2023-12-31|06611|Kassel, kreisfreie Stadt, documenta-Stadt|weiblich||42.9
2023-12-31|06631|Fulda, Landkreis||38.1|
2023-12-31|06631|Fulda, Landkreis|Insgesamt||45.5
2023-12-31|06631|Fulda, Landkreis|männlich||43.6
2023-12-31|06631|Fulda, Landkreis|weiblich||47.3
2023-12-31|06632|Hersfeld-Rotenburg, Landkreis||45.0|
2023-12-31|06632|Hersfeld-Rotenburg, Landkreis|Insgesamt||49.0
2023-12-31|06632|Hersfeld-Rotenburg, Landkreis|männlich||46.9
2023-12-31|06632|Hersfeld-Rotenburg, Landkreis|weiblich||51.1
2023-12-31|06633|Kassel, Landkreis||46.0|
2023-12-31|06633|Kassel, Landkreis|Insgesamt||49.8
2023-12-31|06633|Kassel, Landkreis|männlich||47.8
2023-12-31|06633|Kassel, Landkreis|weiblich||51.5
2023-12-31|06634|Schwalm-Eder-Kreis||42.3|
2023-12-31|06634|Schwalm-Eder-Kreis|Insgesamt||48.5
2023-12-31|06634|Schwalm-Eder-Kreis|männlich||46.6
2023-12-31|06634|Schwalm-Eder-Kreis|weiblich||50.3
2023-12-31|06635|Waldeck-Frankenberg, Landkreis||42.2|
2023-12-31|06635|Waldeck-Frankenberg, Landkreis|Insgesamt||48.5
2023-12-31|06635|Waldeck-Frankenberg, Landkreis|männlich||46.4
2023-12-31|06635|Waldeck-Frankenberg, Landkreis|weiblich||50.5
2023-12-31|06636|Werra-Meißner-Kreis||47.0|
2023-12-31|06636|Werra-Meißner-Kreis|Insgesamt||50.8
2023-12-31|06636|Werra-Meißner-Kreis|männlich||48.3
2023-12-31|06636|Werra-Meißner-Kreis|weiblich||52.8
2023-12-31|07111|Koblenz, kreisfreie Stadt||36.0|
2023-12-31|07111|Koblenz, kreisfreie Stadt|Insgesamt||42.4
2023-12-31|07111|Koblenz, kreisfreie Stadt|männlich||40.0
2023-12-31|07111|Koblenz, kreisfreie Stadt|weiblich||45.0
2023-12-31|07131|Ahrweiler, Landkreis||45.2|
2023-12-31|07131|Ahrweiler, Landkreis|Insgesamt||49.5
2023-12-31|07131|Ahrweiler, Landkreis|männlich||47.5
2023-12-31|07131|Ahrweiler, Landkreis|weiblich||51.3
2023-12-31|07132|Altenkirchen (Westerwald), Landkreis||40.1|
2023-12-31|07132|Altenkirchen (Westerwald), Landkreis|Insgesamt||47.0
2023-12-31|07132|Altenkirchen (Westerwald), Landkreis|männlich||45.0
2023-12-31|07132|Altenkirchen (Westerwald), Landkreis|weiblich||48.9
2023-12-31|07133|Bad Kreuznach, Landkreis||42.6|
2023-12-31|07133|Bad Kreuznach, Landkreis|Insgesamt||48.0
2023-12-31|07133|Bad Kreuznach, Landkreis|männlich||46.0
2023-12-31|07133|Bad Kreuznach, Landkreis|weiblich||50.0
2023-12-31|07134|Birkenfeld, Landkreis||44.6|
2023-12-31|07134|Birkenfeld, Landkreis|Insgesamt||48.7
2023-12-31|07134|Birkenfeld, Landkreis|männlich||46.3
2023-12-31|07134|Birkenfeld, Landkreis|weiblich||50.9
2023-12-31|07135|Cochem-Zell, Landkreis||44.9|
2023-12-31|07135|Cochem-Zell, Landkreis|Insgesamt||50.4
2023-12-31|07135|Cochem-Zell, Landkreis|männlich||48.2
2023-12-31|07135|Cochem-Zell, Landkreis|weiblich||52.2
2023-12-31|07137|Mayen-Koblenz, Landkreis||39.8|
2023-12-31|07137|Mayen-Koblenz, Landkreis|Insgesamt||46.8
2023-12-31|07137|Mayen-Koblenz, Landkreis|männlich||45.2
2023-12-31|07137|Mayen-Koblenz, Landkreis|weiblich||48.5
2023-12-31|07138|Neuwied, Landkreis||40.6|
2023-12-31|07138|Neuwied, Landkreis|Insgesamt||46.8
2023-12-31|07138|Neuwied, Landkreis|männlich||45.1
2023-12-31|07138|Neuwied, Landkreis|weiblich||48.6
2023-12-31|07140|Rhein-Hunsrück-Kreis||41.4|
2023-12-31|07140|Rhein-Hunsrück-Kreis|Insgesamt||48.0
2023-12-31|07140|Rhein-Hunsrück-Kreis|männlich||46.3
2023-12-31|07140|Rhein-Hunsrück-Kreis|weiblich||49.9
2023-12-31|07141|Rhein-Lahn-Kreis||42.4|
2023-12-31|07141|Rhein-Lahn-Kreis|Insgesamt||48.3
2023-12-31|07141|Rhein-Lahn-Kreis|männlich||46.5
2023-12-31|07141|Rhein-Lahn-Kreis|weiblich||50.1
2023-12-31|07143|Westerwaldkreis||38.1|
2023-12-31|07143|Westerwaldkreis|Insgesamt||46.9
2023-12-31|07143|Westerwaldkreis|männlich||45.4
2023-12-31|07143|Westerwaldkreis|weiblich||48.4
2023-12-31|07211|Trier, kreisfreie Stadt||30.5|
2023-12-31|07211|Trier, kreisfreie Stadt|Insgesamt||40.7
2023-12-31|07211|Trier, kreisfreie Stadt|männlich||39.0
2023-12-31|07211|Trier, kreisfreie Stadt|weiblich||42.4
2023-12-31|07231|Bernkastel-Wittlich, Landkreis||41.9|
2023-12-31|07231|Bernkastel-Wittlich, Landkreis|Insgesamt||48.4
2023-12-31|07231|Bernkastel-Wittlich, Landkreis|männlich||46.7
2023-12-31|07231|Bernkastel-Wittlich, Landkreis|weiblich||49.9
2023-12-31|07232|Eifelkreis Bitburg-Prüm||36.5|
2023-12-31|07232|Eifelkreis Bitburg-Prüm|Insgesamt||45.6
2023-12-31|07232|Eifelkreis Bitburg-Prüm|männlich||43.7
2023-12-31|07232|Eifelkreis Bitburg-Prüm|weiblich||47.7
2023-12-31|07233|Vulkaneifel, Landkreis||45.3|
2023-12-31|07233|Vulkaneifel, Landkreis|Insgesamt||50.0
2023-12-31|07233|Vulkaneifel, Landkreis|männlich||48.5
2023-12-31|07233|Vulkaneifel, Landkreis|weiblich||51.5
2023-12-31|07235|Trier-Saarburg, Landkreis||37.8|
2023-12-31|07235|Trier-Saarburg, Landkreis|Insgesamt||46.6
2023-12-31|07235|Trier-Saarburg, Landkreis|männlich||45.1
2023-12-31|07235|Trier-Saarburg, Landkreis|weiblich||48.1
2023-12-31|07311|Frankenthal (Pfalz), kreisfreie Stadt||41.4|
2023-12-31|07311|Frankenthal (Pfalz), kreisfreie Stadt|Insgesamt||45.6
2023-12-31|07311|Frankenthal (Pfalz), kreisfreie Stadt|männlich||43.2
2023-12-31|07311|Frankenthal (Pfalz), kreisfreie Stadt|weiblich||48.5
2023-12-31|07312|Kaiserslautern, kreisfreie Stadt||34.6|
2023-12-31|07312|Kaiserslautern, kreisfreie Stadt|Insgesamt||42.2
2023-12-31|07312|Kaiserslautern, kreisfreie Stadt|männlich||39.1
2023-12-31|07312|Kaiserslautern, kreisfreie Stadt|weiblich||45.6
2023-12-31|07313|Landau in der Pfalz, kreisfreie Stadt||32.9|
2023-12-31|07313|Landau in der Pfalz, kreisfreie Stadt|Insgesamt||42.1
2023-12-31|07313|Landau in der Pfalz, kreisfreie Stadt|männlich||41.4
2023-12-31|07313|Landau in der Pfalz, kreisfreie Stadt|weiblich||42.9
2023-12-31|07314|Ludwigshafen am Rhein, kreisfreie Stadt||31.5|
2023-12-31|07314|Ludwigshafen am Rhein, kreisfreie Stadt|Insgesamt||41.7
2023-12-31|07314|Ludwigshafen am Rhein, kreisfreie Stadt|männlich||40.6
2023-12-31|07314|Ludwigshafen am Rhein, kreisfreie Stadt|weiblich||43.0
2023-12-31|07315|Mainz, kreisfreie Stadt||27.4|
2023-12-31|07315|Mainz, kreisfreie Stadt|Insgesamt||38.6
2023-12-31|07315|Mainz, kreisfreie Stadt|männlich||38.1
2023-12-31|07315|Mainz, kreisfreie Stadt|weiblich||39.0
2023-12-31|07316|Neustadt an der Weinstraße, kreisfreie Stadt||45.6|
2023-12-31|07316|Neustadt an der Weinstraße, kreisfreie Stadt|Insgesamt||48.8
2023-12-31|07316|Neustadt an der Weinstraße, kreisfreie Stadt|männlich||46.2
2023-12-31|07316|Neustadt an der Weinstraße, kreisfreie Stadt|weiblich||51.2
2023-12-31|07317|Pirmasens, kreisfreie Stadt||44.8|
2023-12-31|07317|Pirmasens, kreisfreie Stadt|Insgesamt||48.1
2023-12-31|07317|Pirmasens, kreisfreie Stadt|männlich||45.2
2023-12-31|07317|Pirmasens, kreisfreie Stadt|weiblich||51.1
2023-12-31|07318|Speyer, kreisfreie Stadt||41.2|
2023-12-31|07318|Speyer, kreisfreie Stadt|Insgesamt||47.4
2023-12-31|07318|Speyer, kreisfreie Stadt|männlich||44.4
2023-12-31|07318|Speyer, kreisfreie Stadt|weiblich||50.3
2023-12-31|07319|Worms, kreisfreie Stadt||34.5|
2023-12-31|07319|Worms, kreisfreie Stadt|Insgesamt||43.5
2023-12-31|07319|Worms, kreisfreie Stadt|männlich||41.9
2023-12-31|07319|Worms, kreisfreie Stadt|weiblich||45.1
2023-12-31|07320|Zweibrücken, kreisfreie Stadt||43.1|
2023-12-31|07320|Zweibrücken, kreisfreie Stadt|Insgesamt||46.9
2023-12-31|07320|Zweibrücken, kreisfreie Stadt|männlich||45.0
2023-12-31|07320|Zweibrücken, kreisfreie Stadt|weiblich||48.6
2023-12-31|07331|Alzey-Worms, Landkreis||38.1|
2023-12-31|07331|Alzey-Worms, Landkreis|Insgesamt||46.5
2023-12-31|07331|Alzey-Worms, Landkreis|männlich||45.1
2023-12-31|07331|Alzey-Worms, Landkreis|weiblich||48.0
2023-12-31|07332|Bad Dürkheim, Landkreis||44.9|
2023-12-31|07332|Bad Dürkheim, Landkreis|Insgesamt||50.6
2023-12-31|07332|Bad Dürkheim, Landkreis|männlich||49.2
2023-12-31|07332|Bad Dürkheim, Landkreis|weiblich||51.8
2023-12-31|07333|Donnersbergkreis||41.5|
2023-12-31|07333|Donnersbergkreis|Insgesamt||48.6
2023-12-31|07333|Donnersbergkreis|männlich||47.1
2023-12-31|07333|Donnersbergkreis|weiblich||50.2
2023-12-31|07334|Germersheim, Landkreis||36.1|
2023-12-31|07334|Germersheim, Landkreis|Insgesamt||45.6
2023-12-31|07334|Germersheim, Landkreis|männlich||44.5
2023-12-31|07334|Germersheim, Landkreis|weiblich||46.8
2023-12-31|07335|Kaiserslautern, Landkreis||41.4|
2023-12-31|07335|Kaiserslautern, Landkreis|Insgesamt||47.1
2023-12-31|07335|Kaiserslautern, Landkreis|männlich||45.6
2023-12-31|07335|Kaiserslautern, Landkreis|weiblich||48.5
2023-12-31|07336|Kusel, Landkreis||45.4|
2023-12-31|07336|Kusel, Landkreis|Insgesamt||50.0
2023-12-31|07336|Kusel, Landkreis|männlich||48.0
2023-12-31|07336|Kusel, Landkreis|weiblich||51.9
2023-12-31|07337|Südliche Weinstraße, Landkreis||42.9|
2023-12-31|07337|Südliche Weinstraße, Landkreis|Insgesamt||49.5
2023-12-31|07337|Südliche Weinstraße, Landkreis|männlich||47.4
2023-12-31|07337|Südliche Weinstraße, Landkreis|weiblich||51.4
2023-12-31|07338|Rhein-Pfalz-Kreis||42.0|
2023-12-31|07338|Rhein-Pfalz-Kreis|Insgesamt||47.8
2023-12-31|07338|Rhein-Pfalz-Kreis|männlich||46.1
2023-12-31|07338|Rhein-Pfalz-Kreis|weiblich||49.7
2023-12-31|07339|Mainz-Bingen, Landkreis||38.8|
2023-12-31|07339|Mainz-Bingen, Landkreis|Insgesamt||47.4
2023-12-31|07339|Mainz-Bingen, Landkreis|männlich||46.0
2023-12-31|07339|Mainz-Bingen, Landkreis|weiblich||48.7
2023-12-31|07340|Südwestpfalz, Landkreis||48.4|
2023-12-31|07340|Südwestpfalz, Landkreis|Insgesamt||52.2
2023-12-31|07340|Südwestpfalz, Landkreis|männlich||50.7
2023-12-31|07340|Südwestpfalz, Landkreis|weiblich||53.4
2023-12-31|08111|Stuttgart, Stadtkreis||28.6|
2023-12-31|08111|Stuttgart, Stadtkreis|Insgesamt||40.5
2023-12-31|08111|Stuttgart, Stadtkreis|männlich||39.5
2023-12-31|08111|Stuttgart, Stadtkreis|weiblich||41.5
2023-12-31|08115|Böblingen, Landkreis||34.9|
2023-12-31|08115|Böblingen, Landkreis|Insgesamt||43.9
2023-12-31|08115|Böblingen, Landkreis|männlich||42.8
2023-12-31|08115|Böblingen, Landkreis|weiblich||45.1
2023-12-31|08116|Esslingen, Landkreis||35.5|
2023-12-31|08116|Esslingen, Landkreis|Insgesamt||44.7
2023-12-31|08116|Esslingen, Landkreis|männlich||43.0
2023-12-31|08116|Esslingen, Landkreis|weiblich||46.4
2023-12-31|08117|Göppingen, Landkreis||38.5|
2023-12-31|08117|Göppingen, Landkreis|Insgesamt||45.5
2023-12-31|08117|Göppingen, Landkreis|männlich||43.8
2023-12-31|08117|Göppingen, Landkreis|weiblich||47.4
2023-12-31|08118|Ludwigsburg, Landkreis||34.8|
2023-12-31|08118|Ludwigsburg, Landkreis|Insgesamt||44.3
2023-12-31|08118|Ludwigsburg, Landkreis|männlich||42.9
2023-12-31|08118|Ludwigsburg, Landkreis|weiblich||45.7
2023-12-31|08119|Rems-Murr-Kreis, Landkreis||37.0|
2023-12-31|08119|Rems-Murr-Kreis, Landkreis|Insgesamt||45.5
2023-12-31|08119|Rems-Murr-Kreis, Landkreis|männlich||44.0
2023-12-31|08119|Rems-Murr-Kreis, Landkreis|weiblich||47.1
2023-12-31|08121|Heilbronn, Stadtkreis||31.1|
2023-12-31|08121|Heilbronn, Stadtkreis|Insgesamt||40.8
2023-12-31|08121|Heilbronn, Stadtkreis|männlich||38.6
2023-12-31|08121|Heilbronn, Stadtkreis|weiblich||43.2
2023-12-31|08125|Heilbronn, Landkreis||34.4|
2023-12-31|08125|Heilbronn, Landkreis|Insgesamt||44.3
2023-12-31|08125|Heilbronn, Landkreis|männlich||42.7
2023-12-31|08125|Heilbronn, Landkreis|weiblich||46.0
2023-12-31|08126|Hohenlohekreis, Landkreis||34.8|
2023-12-31|08126|Hohenlohekreis, Landkreis|Insgesamt||44.5
2023-12-31|08126|Hohenlohekreis, Landkreis|männlich||42.6
2023-12-31|08126|Hohenlohekreis, Landkreis|weiblich||46.5
2023-12-31|08127|Schwäbisch Hall, Landkreis||34.6|
2023-12-31|08127|Schwäbisch Hall, Landkreis|Insgesamt||43.8
2023-12-31|08127|Schwäbisch Hall, Landkreis|männlich||42.3
2023-12-31|08127|Schwäbisch Hall, Landkreis|weiblich||45.5
2023-12-31|08128|Main-Tauber-Kreis, Landkreis||41.8|
2023-12-31|08128|Main-Tauber-Kreis, Landkreis|Insgesamt||47.6
2023-12-31|08128|Main-Tauber-Kreis, Landkreis|männlich||45.4
2023-12-31|08128|Main-Tauber-Kreis, Landkreis|weiblich||49.9
2023-12-31|08135|Heidenheim, Landkreis||38.5|
2023-12-31|08135|Heidenheim, Landkreis|Insgesamt||45.4
2023-12-31|08135|Heidenheim, Landkreis|männlich||43.5
2023-12-31|08135|Heidenheim, Landkreis|weiblich||47.4
2023-12-31|08136|Ostalbkreis, Landkreis||37.1|
2023-12-31|08136|Ostalbkreis, Landkreis|Insgesamt||45.2
2023-12-31|08136|Ostalbkreis, Landkreis|männlich||43.6
2023-12-31|08136|Ostalbkreis, Landkreis|weiblich||46.8
2023-12-31|08211|Baden-Baden, Stadtkreis||48.2|
2023-12-31|08211|Baden-Baden, Stadtkreis|Insgesamt||49.9
2023-12-31|08211|Baden-Baden, Stadtkreis|männlich||48.8
2023-12-31|08211|Baden-Baden, Stadtkreis|weiblich||50.8
2023-12-31|08212|Karlsruhe, Stadtkreis||30.4|
2023-12-31|08212|Karlsruhe, Stadtkreis|Insgesamt||41.1
2023-12-31|08212|Karlsruhe, Stadtkreis|männlich||38.6
2023-12-31|08212|Karlsruhe, Stadtkreis|weiblich||43.8
2023-12-31|08215|Karlsruhe, Landkreis||38.0|
2023-12-31|08215|Karlsruhe, Landkreis|Insgesamt||46.2
2023-12-31|08215|Karlsruhe, Landkreis|männlich||44.4
2023-12-31|08215|Karlsruhe, Landkreis|weiblich||48.2
2023-12-31|08216|Rastatt, Landkreis||39.6|
2023-12-31|08216|Rastatt, Landkreis|Insgesamt||46.9
2023-12-31|08216|Rastatt, Landkreis|männlich||45.1
2023-12-31|08216|Rastatt, Landkreis|weiblich||48.8
2023-12-31|08221|Heidelberg, Stadtkreis||25.0|
2023-12-31|08221|Heidelberg, Stadtkreis|Insgesamt||35.7
2023-12-31|08221|Heidelberg, Stadtkreis|männlich||35.4
2023-12-31|08221|Heidelberg, Stadtkreis|weiblich||36.1
2023-12-31|08222|Mannheim, Stadtkreis||29.3|
2023-12-31|08222|Mannheim, Stadtkreis|Insgesamt||40.9
2023-12-31|08222|Mannheim, Stadtkreis|männlich||39.9
2023-12-31|08222|Mannheim, Stadtkreis|weiblich||42.1
2023-12-31|08225|Neckar-Odenwald-Kreis, Landkreis||40.1|
2023-12-31|08225|Neckar-Odenwald-Kreis, Landkreis|Insgesamt||47.2
2023-12-31|08225|Neckar-Odenwald-Kreis, Landkreis|männlich||45.1
2023-12-31|08225|Neckar-Odenwald-Kreis, Landkreis|weiblich||49.2
2023-12-31|08226|Rhein-Neckar-Kreis, Landkreis||38.7|
2023-12-31|08226|Rhein-Neckar-Kreis, Landkreis|Insgesamt||46.3
2023-12-31|08226|Rhein-Neckar-Kreis, Landkreis|männlich||44.7
2023-12-31|08226|Rhein-Neckar-Kreis, Landkreis|weiblich||47.9
2023-12-31|08231|Pforzheim, Stadtkreis||33.5|
2023-12-31|08231|Pforzheim, Stadtkreis|Insgesamt||41.6
2023-12-31|08231|Pforzheim, Stadtkreis|männlich||39.7
2023-12-31|08231|Pforzheim, Stadtkreis|weiblich||43.7
2023-12-31|08235|Calw, Landkreis||37.7|
2023-12-31|08235|Calw, Landkreis|Insgesamt||45.7
2023-12-31|08235|Calw, Landkreis|männlich||44.0
2023-12-31|08235|Calw, Landkreis|weiblich||47.5
2023-12-31|08236|Enzkreis, Landkreis||38.5|
2023-12-31|08236|Enzkreis, Landkreis|Insgesamt||46.2
2023-12-31|08236|Enzkreis, Landkreis|männlich||44.5
2023-12-31|08236|Enzkreis, Landkreis|weiblich||47.8
2023-12-31|08237|Freudenstadt, Landkreis||36.8|
2023-12-31|08237|Freudenstadt, Landkreis|Insgesamt||45.6
2023-12-31|08237|Freudenstadt, Landkreis|männlich||43.8
2023-12-31|08237|Freudenstadt, Landkreis|weiblich||47.6
2023-12-31|08311|Freiburg im Breisgau, Stadtkreis||27.3|
2023-12-31|08311|Freiburg im Breisgau, Stadtkreis|Insgesamt||37.7
2023-12-31|08311|Freiburg im Breisgau, Stadtkreis|männlich||37.2
2023-12-31|08311|Freiburg im Breisgau, Stadtkreis|weiblich||38.2
2023-12-31|08315|Breisgau-Hochschwarzwald, Landkreis||40.4|
2023-12-31|08315|Breisgau-Hochschwarzwald, Landkreis|Insgesamt||46.2
2023-12-31|08315|Breisgau-Hochschwarzwald, Landkreis|männlich||44.5
2023-12-31|08315|Breisgau-Hochschwarzwald, Landkreis|weiblich||48.0
2023-12-31|08316|Emmendingen, Landkreis||38.4|
2023-12-31|08316|Emmendingen, Landkreis|Insgesamt||45.8
2023-12-31|08316|Emmendingen, Landkreis|männlich||43.9
2023-12-31|08316|Emmendingen, Landkreis|weiblich||47.7
2023-12-31|08317|Ortenaukreis, Landkreis||37.9|
2023-12-31|08317|Ortenaukreis, Landkreis|Insgesamt||45.4
2023-12-31|08317|Ortenaukreis, Landkreis|männlich||43.7
2023-12-31|08317|Ortenaukreis, Landkreis|weiblich||47.2
2023-12-31|08325|Rottweil, Landkreis||38.0|
2023-12-31|08325|Rottweil, Landkreis|Insgesamt||45.6
2023-12-31|08325|Rottweil, Landkreis|männlich||43.9
2023-12-31|08325|Rottweil, Landkreis|weiblich||47.4
2023-12-31|08326|Schwarzwald-Baar-Kreis, Landkreis||40.0|
2023-12-31|08326|Schwarzwald-Baar-Kreis, Landkreis|Insgesamt||45.3
2023-12-31|08326|Schwarzwald-Baar-Kreis, Landkreis|männlich||43.4
2023-12-31|08326|Schwarzwald-Baar-Kreis, Landkreis|weiblich||47.2
2023-12-31|08327|Tuttlingen, Landkreis||34.9|
2023-12-31|08327|Tuttlingen, Landkreis|Insgesamt||43.3
2023-12-31|08327|Tuttlingen, Landkreis|männlich||41.7
2023-12-31|08327|Tuttlingen, Landkreis|weiblich||44.9
2023-12-31|08335|Konstanz, Landkreis||36.9|
2023-12-31|08335|Konstanz, Landkreis|Insgesamt||44.3
2023-12-31|08335|Konstanz, Landkreis|männlich||42.6
2023-12-31|08335|Konstanz, Landkreis|weiblich||46.0
2023-12-31|08336|Lörrach, Landkreis||36.6|
2023-12-31|08336|Lörrach, Landkreis|Insgesamt||45.2
2023-12-31|08336|Lörrach, Landkreis|männlich||43.4
2023-12-31|08336|Lörrach, Landkreis|weiblich||46.9
2023-12-31|08337|Waldshut, Landkreis||39.4|
2023-12-31|08337|Waldshut, Landkreis|Insgesamt||45.4
2023-12-31|08337|Waldshut, Landkreis|männlich||43.8
2023-12-31|08337|Waldshut, Landkreis|weiblich||47.0
2023-12-31|08415|Reutlingen, Landkreis||36.7|
2023-12-31|08415|Reutlingen, Landkreis|Insgesamt||44.9
2023-12-31|08415|Reutlingen, Landkreis|männlich||43.2
2023-12-31|08415|Reutlingen, Landkreis|weiblich||46.7
2023-12-31|08416|Tübingen, Landkreis||30.9|
2023-12-31|08416|Tübingen, Landkreis|Insgesamt||40.5
2023-12-31|08416|Tübingen, Landkreis|männlich||39.9
2023-12-31|08416|Tübingen, Landkreis|weiblich||41.0
2023-12-31|08417|Zollernalbkreis, Landkreis||39.5|
2023-12-31|08417|Zollernalbkreis, Landkreis|Insgesamt||46.6
2023-12-31|08417|Zollernalbkreis, Landkreis|männlich||44.7
2023-12-31|08417|Zollernalbkreis, Landkreis|weiblich||48.5
2023-12-31|08421|Ulm, Stadtkreis||31.0|
2023-12-31|08421|Ulm, Stadtkreis|Insgesamt||40.3
2023-12-31|08421|Ulm, Stadtkreis|männlich||38.8
2023-12-31|08421|Ulm, Stadtkreis|weiblich||42.0
2023-12-31|08425|Alb-Donau-Kreis, Landkreis||34.6|
2023-12-31|08425|Alb-Donau-Kreis, Landkreis|Insgesamt||43.9
2023-12-31|08425|Alb-Donau-Kreis, Landkreis|männlich||42.6
2023-12-31|08425|Alb-Donau-Kreis, Landkreis|weiblich||45.3
2023-12-31|08426|Biberach, Landkreis||33.8|
2023-12-31|08426|Biberach, Landkreis|Insgesamt||43.5
2023-12-31|08426|Biberach, Landkreis|männlich||42.2
2023-12-31|08426|Biberach, Landkreis|weiblich||44.9
2023-12-31|08435|Bodenseekreis, Landkreis||41.9|
2023-12-31|08435|Bodenseekreis, Landkreis|Insgesamt||46.8
2023-12-31|08435|Bodenseekreis, Landkreis|männlich||45.0
2023-12-31|08435|Bodenseekreis, Landkreis|weiblich||48.8
2023-12-31|08436|Ravensburg, Landkreis||35.8|
2023-12-31|08436|Ravensburg, Landkreis|Insgesamt||44.2
2023-12-31|08436|Ravensburg, Landkreis|männlich||42.8
2023-12-31|08436|Ravensburg, Landkreis|weiblich||45.9
2023-12-31|08437|Sigmaringen, Landkreis||37.2|
2023-12-31|08437|Sigmaringen, Landkreis|Insgesamt||45.5
2023-12-31|08437|Sigmaringen, Landkreis|männlich||43.5
2023-12-31|08437|Sigmaringen, Landkreis|weiblich||47.8
2023-12-31|09161|Ingolstadt, kreisfreie Stadt||29.9|
2023-12-31|09161|Ingolstadt, kreisfreie Stadt|Insgesamt||41.0
2023-12-31|09161|Ingolstadt, kreisfreie Stadt|männlich||39.5
2023-12-31|09161|Ingolstadt, kreisfreie Stadt|weiblich||42.8
2023-12-31|09162|München, kreisfreie Stadt||26.2|
2023-12-31|09162|München, kreisfreie Stadt|Insgesamt||39.7
2023-12-31|09162|München, kreisfreie Stadt|männlich||38.8
2023-12-31|09162|München, kreisfreie Stadt|weiblich||40.8
2023-12-31|09163|Rosenheim, kreisfreie Stadt||32.7|
2023-12-31|09163|Rosenheim, kreisfreie Stadt|Insgesamt||42.5
2023-12-31|09163|Rosenheim, kreisfreie Stadt|männlich||40.5
2023-12-31|09163|Rosenheim, kreisfreie Stadt|weiblich||44.5
2023-12-31|09171|Altötting, Landkreis||39.0|
2023-12-31|09171|Altötting, Landkreis|Insgesamt||45.9
2023-12-31|09171|Altötting, Landkreis|männlich||43.9
2023-12-31|09171|Altötting, Landkreis|weiblich||48.2
2023-12-31|09172|Berchtesgadener Land, Landkreis||41.6|
2023-12-31|09172|Berchtesgadener Land, Landkreis|Insgesamt||46.5
2023-12-31|09172|Berchtesgadener Land, Landkreis|männlich||44.2
2023-12-31|09172|Berchtesgadener Land, Landkreis|weiblich||48.9
2023-12-31|09173|Bad Tölz-Wolfratshausen, Landkreis||38.0|
2023-12-31|09173|Bad Tölz-Wolfratshausen, Landkreis|Insgesamt||46.1
2023-12-31|09173|Bad Tölz-Wolfratshausen, Landkreis|männlich||44.3
2023-12-31|09173|Bad Tölz-Wolfratshausen, Landkreis|weiblich||48.0
2023-12-31|09174|Dachau, Landkreis||32.3|
2023-12-31|09174|Dachau, Landkreis|Insgesamt||44.1
2023-12-31|09174|Dachau, Landkreis|männlich||42.6
2023-12-31|09174|Dachau, Landkreis|weiblich||45.6
2023-12-31|09175|Ebersberg, Landkreis||32.7|
2023-12-31|09175|Ebersberg, Landkreis|Insgesamt||44.5
2023-12-31|09175|Ebersberg, Landkreis|männlich||43.2
2023-12-31|09175|Ebersberg, Landkreis|weiblich||45.6
2023-12-31|09176|Eichstätt, Landkreis||32.2|
2023-12-31|09176|Eichstätt, Landkreis|Insgesamt||43.1
2023-12-31|09176|Eichstätt, Landkreis|männlich||42.3
2023-12-31|09176|Eichstätt, Landkreis|weiblich||43.8
2023-12-31|09177|Erding, Landkreis||29.6|
2023-12-31|09177|Erding, Landkreis|Insgesamt||44.0
2023-12-31|09177|Erding, Landkreis|männlich||43.4
2023-12-31|09177|Erding, Landkreis|weiblich||44.6
2023-12-31|09178|Freising, Landkreis||26.3|
2023-12-31|09178|Freising, Landkreis|Insgesamt||41.9
2023-12-31|09178|Freising, Landkreis|männlich||40.8
2023-12-31|09178|Freising, Landkreis|weiblich||43.2
2023-12-31|09179|Fürstenfeldbruck, Landkreis||37.8|
2023-12-31|09179|Fürstenfeldbruck, Landkreis|Insgesamt||45.5
2023-12-31|09179|Fürstenfeldbruck, Landkreis|männlich||43.9
2023-12-31|09179|Fürstenfeldbruck, Landkreis|weiblich||47.1
2023-12-31|09180|Garmisch-Partenkirchen, Landkreis||44.2|
2023-12-31|09180|Garmisch-Partenkirchen, Landkreis|Insgesamt||48.9
2023-12-31|09180|Garmisch-Partenkirchen, Landkreis|männlich||46.8
2023-12-31|09180|Garmisch-Partenkirchen, Landkreis|weiblich||50.9
2023-12-31|09181|Landsberg am Lech, Landkreis||36.4|
2023-12-31|09181|Landsberg am Lech, Landkreis|Insgesamt||46.4
2023-12-31|09181|Landsberg am Lech, Landkreis|männlich||44.7
2023-12-31|09181|Landsberg am Lech, Landkreis|weiblich||48.1
2023-12-31|09182|Miesbach, Landkreis||39.8|
2023-12-31|09182|Miesbach, Landkreis|Insgesamt||47.8
2023-12-31|09182|Miesbach, Landkreis|männlich||45.7
2023-12-31|09182|Miesbach, Landkreis|weiblich||49.6
2023-12-31|09183|Mühldorf a.Inn, Landkreis||35.0|
2023-12-31|09183|Mühldorf a.Inn, Landkreis|Insgesamt||44.9
2023-12-31|09183|Mühldorf a.Inn, Landkreis|männlich||43.4
2023-12-31|09183|Mühldorf a.Inn, Landkreis|weiblich||46.3
2023-12-31|09184|München, Landkreis||35.5|
2023-12-31|09184|München, Landkreis|Insgesamt||44.7
2023-12-31|09184|München, Landkreis|männlich||43.2
2023-12-31|09184|München, Landkreis|weiblich||46.1
2023-12-31|09185|Neuburg-Schrobenhausen, Landkreis||34.2|
2023-12-31|09185|Neuburg-Schrobenhausen, Landkreis|Insgesamt||44.2
2023-12-31|09185|Neuburg-Schrobenhausen, Landkreis|männlich||43.1
2023-12-31|09185|Neuburg-Schrobenhausen, Landkreis|weiblich||45.4
2023-12-31|09186|Pfaffenhofen a.d.Ilm, Landkreis||32.0|
2023-12-31|09186|Pfaffenhofen a.d.Ilm, Landkreis|Insgesamt||43.6
2023-12-31|09186|Pfaffenhofen a.d.Ilm, Landkreis|männlich||42.6
2023-12-31|09186|Pfaffenhofen a.d.Ilm, Landkreis|weiblich||44.7
2023-12-31|09187|Rosenheim, Landkreis||39.0|
2023-12-31|09187|Rosenheim, Landkreis|Insgesamt||46.6
2023-12-31|09187|Rosenheim, Landkreis|männlich||44.6
2023-12-31|09187|Rosenheim, Landkreis|weiblich||48.6
2023-12-31|09188|Starnberg, Landkreis||42.0|
2023-12-31|09188|Starnberg, Landkreis|Insgesamt||48.2
2023-12-31|09188|Starnberg, Landkreis|männlich||46.6
2023-12-31|09188|Starnberg, Landkreis|weiblich||49.6
2023-12-31|09189|Traunstein, Landkreis||41.6|
2023-12-31|09189|Traunstein, Landkreis|Insgesamt||47.4
2023-12-31|09189|Traunstein, Landkreis|männlich||45.4
2023-12-31|09189|Traunstein, Landkreis|weiblich||49.2
2023-12-31|09190|Weilheim-Schongau, Landkreis||39.5|
2023-12-31|09190|Weilheim-Schongau, Landkreis|Insgesamt||46.2
2023-12-31|09190|Weilheim-Schongau, Landkreis|männlich||44.5
2023-12-31|09190|Weilheim-Schongau, Landkreis|weiblich||47.9
2023-12-31|09261|Landshut, kreisfreie Stadt||33.9|
2023-12-31|09261|Landshut, kreisfreie Stadt|Insgesamt||43.1
2023-12-31|09261|Landshut, kreisfreie Stadt|männlich||41.4
2023-12-31|09261|Landshut, kreisfreie Stadt|weiblich||44.9
2023-12-31|09262|Passau, kreisfreie Stadt||36.0|
2023-12-31|09262|Passau, kreisfreie Stadt|Insgesamt||42.3
2023-12-31|09262|Passau, kreisfreie Stadt|männlich||40.5
2023-12-31|09262|Passau, kreisfreie Stadt|weiblich||44.1
2023-12-31|09263|Straubing, kreisfreie Stadt||35.9|
2023-12-31|09263|Straubing, kreisfreie Stadt|Insgesamt||44.8
2023-12-31|09263|Straubing, kreisfreie Stadt|männlich||42.5
2023-12-31|09263|Straubing, kreisfreie Stadt|weiblich||47.4
2023-12-31|09271|Deggendorf, Landkreis||36.2|
2023-12-31|09271|Deggendorf, Landkreis|Insgesamt||45.6
2023-12-31|09271|Deggendorf, Landkreis|männlich||43.6
2023-12-31|09271|Deggendorf, Landkreis|weiblich||47.7
2023-12-31|09272|Freyung-Grafenau, Landkreis||41.2|
2023-12-31|09272|Freyung-Grafenau, Landkreis|Insgesamt||49.2
2023-12-31|09272|Freyung-Grafenau, Landkreis|männlich||47.4
2023-12-31|09272|Freyung-Grafenau, Landkreis|weiblich||50.8
2023-12-31|09273|Kelheim, Landkreis||33.4|
2023-12-31|09273|Kelheim, Landkreis|Insgesamt||44.3
2023-12-31|09273|Kelheim, Landkreis|männlich||43.2
2023-12-31|09273|Kelheim, Landkreis|weiblich||45.5
2023-12-31|09274|Landshut, Landkreis||33.6|
2023-12-31|09274|Landshut, Landkreis|Insgesamt||45.0
2023-12-31|09274|Landshut, Landkreis|männlich||43.9
2023-12-31|09274|Landshut, Landkreis|weiblich||46.1
2023-12-31|09275|Passau, Landkreis||41.5|
2023-12-31|09275|Passau, Landkreis|Insgesamt||48.2
2023-12-31|09275|Passau, Landkreis|männlich||46.2
2023-12-31|09275|Passau, Landkreis|weiblich||50.1
2023-12-31|09276|Regen, Landkreis||41.9|
2023-12-31|09276|Regen, Landkreis|Insgesamt||48.5
2023-12-31|09276|Regen, Landkreis|männlich||46.7
2023-12-31|09276|Regen, Landkreis|weiblich||50.2
2023-12-31|09277|Rottal-Inn, Landkreis||39.2|
2023-12-31|09277|Rottal-Inn, Landkreis|Insgesamt||46.7
2023-12-31|09277|Rottal-Inn, Landkreis|männlich||44.9
2023-12-31|09277|Rottal-Inn, Landkreis|weiblich||48.5
2023-12-31|09278|Straubing-Bogen, Landkreis||35.6|
2023-12-31|09278|Straubing-Bogen, Landkreis|Insgesamt||46.0
2023-12-31|09278|Straubing-Bogen, Landkreis|männlich||44.6
2023-12-31|09278|Straubing-Bogen, Landkreis|weiblich||47.4
2023-12-31|09279|Dingolfing-Landau, Landkreis||32.7|
2023-12-31|09279|Dingolfing-Landau, Landkreis|Insgesamt||44.4
2023-12-31|09279|Dingolfing-Landau, Landkreis|männlich||42.8
2023-12-31|09279|Dingolfing-Landau, Landkreis|weiblich||46.2
2023-12-31|09361|Amberg, kreisfreie Stadt||41.4|
2023-12-31|09361|Amberg, kreisfreie Stadt|Insgesamt||46.7
2023-12-31|09361|Amberg, kreisfreie Stadt|männlich||43.7
2023-12-31|09361|Amberg, kreisfreie Stadt|weiblich||50.2
2023-12-31|09362|Regensburg, kreisfreie Stadt||26.4|
2023-12-31|09362|Regensburg, kreisfreie Stadt|Insgesamt||38.8
2023-12-31|09362|Regensburg, kreisfreie Stadt|männlich||37.6
2023-12-31|09362|Regensburg, kreisfreie Stadt|weiblich||40.1
2023-12-31|09363|Weiden i.d.OPf., kreisfreie Stadt||39.0|
2023-12-31|09363|Weiden i.d.OPf., kreisfreie Stadt|Insgesamt||46.3
2023-12-31|09363|Weiden i.d.OPf., kreisfreie Stadt|männlich||43.6
2023-12-31|09363|Weiden i.d.OPf., kreisfreie Stadt|weiblich||48.9
2023-12-31|09371|Amberg-Sulzbach, Landkreis||38.8|
2023-12-31|09371|Amberg-Sulzbach, Landkreis|Insgesamt||47.6
2023-12-31|09371|Amberg-Sulzbach, Landkreis|männlich||46.0
2023-12-31|09371|Amberg-Sulzbach, Landkreis|weiblich||49.2
2023-12-31|09372|Cham, Landkreis||39.1|
2023-12-31|09372|Cham, Landkreis|Insgesamt||47.2
2023-12-31|09372|Cham, Landkreis|männlich||45.6
2023-12-31|09372|Cham, Landkreis|weiblich||48.8
2023-12-31|09373|Neumarkt i.d.OPf., Landkreis||34.4|
2023-12-31|09373|Neumarkt i.d.OPf., Landkreis|Insgesamt||45.1
2023-12-31|09373|Neumarkt i.d.OPf., Landkreis|männlich||43.5
2023-12-31|09373|Neumarkt i.d.OPf., Landkreis|weiblich||46.8
2023-12-31|09374|Neustadt a.d.Waldnaab, Landkreis||38.7|
2023-12-31|09374|Neustadt a.d.Waldnaab, Landkreis|Insgesamt||47.4
2023-12-31|09374|Neustadt a.d.Waldnaab, Landkreis|männlich||45.9
2023-12-31|09374|Neustadt a.d.Waldnaab, Landkreis|weiblich||49.0
2023-12-31|09375|Regensburg, Landkreis||36.0|
2023-12-31|09375|Regensburg, Landkreis|Insgesamt||45.9
2023-12-31|09375|Regensburg, Landkreis|männlich||44.6
2023-12-31|09375|Regensburg, Landkreis|weiblich||47.2
2023-12-31|09376|Schwandorf, Landkreis||36.3|
2023-12-31|09376|Schwandorf, Landkreis|Insgesamt||46.1
2023-12-31|09376|Schwandorf, Landkreis|männlich||44.7
2023-12-31|09376|Schwandorf, Landkreis|weiblich||47.6
2023-12-31|09377|Tirschenreuth, Landkreis||41.2|
2023-12-31|09377|Tirschenreuth, Landkreis|Insgesamt||48.8
2023-12-31|09377|Tirschenreuth, Landkreis|männlich||47.5
2023-12-31|09377|Tirschenreuth, Landkreis|weiblich||50.2
2023-12-31|09461|Bamberg, kreisfreie Stadt||31.6|
2023-12-31|09461|Bamberg, kreisfreie Stadt|Insgesamt||41.1
2023-12-31|09461|Bamberg, kreisfreie Stadt|männlich||39.0
2023-12-31|09461|Bamberg, kreisfreie Stadt|weiblich||43.6
2023-12-31|09462|Bayreuth, kreisfreie Stadt||36.0|
2023-12-31|09462|Bayreuth, kreisfreie Stadt|Insgesamt||42.3
2023-12-31|09462|Bayreuth, kreisfreie Stadt|männlich||39.4
2023-12-31|09462|Bayreuth, kreisfreie Stadt|weiblich||45.6
2023-12-31|09463|Coburg, kreisfreie Stadt||39.8|
2023-12-31|09463|Coburg, kreisfreie Stadt|Insgesamt||45.5
2023-12-31|09463|Coburg, kreisfreie Stadt|männlich||42.3
2023-12-31|09463|Coburg, kreisfreie Stadt|weiblich||49.0
2023-12-31|09464|Hof, kreisfreie Stadt||40.9|
2023-12-31|09464|Hof, kreisfreie Stadt|Insgesamt||45.3
2023-12-31|09464|Hof, kreisfreie Stadt|männlich||41.9
2023-12-31|09464|Hof, kreisfreie Stadt|weiblich||48.9
2023-12-31|09471|Bamberg, Landkreis||35.4|
2023-12-31|09471|Bamberg, Landkreis|Insgesamt||46.3
2023-12-31|09471|Bamberg, Landkreis|männlich||45.0
2023-12-31|09471|Bamberg, Landkreis|weiblich||47.6
2023-12-31|09472|Bayreuth, Landkreis||41.4|
2023-12-31|09472|Bayreuth, Landkreis|Insgesamt||49.2
2023-12-31|09472|Bayreuth, Landkreis|männlich||47.3
2023-12-31|09472|Bayreuth, Landkreis|weiblich||50.8
2023-12-31|09473|Coburg, Landkreis||42.6|
2023-12-31|09473|Coburg, Landkreis|Insgesamt||49.4
2023-12-31|09473|Coburg, Landkreis|männlich||47.0
2023-12-31|09473|Coburg, Landkreis|weiblich||51.6
2023-12-31|09474|Forchheim, Landkreis||37.7|
2023-12-31|09474|Forchheim, Landkreis|Insgesamt||46.7
2023-12-31|09474|Forchheim, Landkreis|männlich||45.5
2023-12-31|09474|Forchheim, Landkreis|weiblich||48.1
2023-12-31|09475|Hof, Landkreis||46.6|
2023-12-31|09475|Hof, Landkreis|Insgesamt||51.5
2023-12-31|09475|Hof, Landkreis|männlich||49.7
2023-12-31|09475|Hof, Landkreis|weiblich||52.9
2023-12-31|09476|Kronach, Landkreis||44.3|
2023-12-31|09476|Kronach, Landkreis|Insgesamt||51.3
2023-12-31|09476|Kronach, Landkreis|männlich||49.4
2023-12-31|09476|Kronach, Landkreis|weiblich||52.9
2023-12-31|09477|Kulmbach, Landkreis||43.8|
2023-12-31|09477|Kulmbach, Landkreis|Insgesamt||50.4
2023-12-31|09477|Kulmbach, Landkreis|männlich||48.1
2023-12-31|09477|Kulmbach, Landkreis|weiblich||52.3
2023-12-31|09478|Lichtenfels, Landkreis||40.9|
2023-12-31|09478|Lichtenfels, Landkreis|Insgesamt||48.6
2023-12-31|09478|Lichtenfels, Landkreis|männlich||46.7
2023-12-31|09478|Lichtenfels, Landkreis|weiblich||50.4
2023-12-31|09479|Wunsiedel i.Fichtelgebirge, Landkreis||48.1|
2023-12-31|09479|Wunsiedel i.Fichtelgebirge, Landkreis|Insgesamt||51.4
2023-12-31|09479|Wunsiedel i.Fichtelgebirge, Landkreis|männlich||49.2
2023-12-31|09479|Wunsiedel i.Fichtelgebirge, Landkreis|weiblich||53.1
2023-12-31|09561|Ansbach, kreisfreie Stadt||38.0|
2023-12-31|09561|Ansbach, kreisfreie Stadt|Insgesamt||44.9
2023-12-31|09561|Ansbach, kreisfreie Stadt|männlich||42.3
2023-12-31|09561|Ansbach, kreisfreie Stadt|weiblich||47.5
2023-12-31|09562|Erlangen, kreisfreie Stadt||28.8|
2023-12-31|09562|Erlangen, kreisfreie Stadt|Insgesamt||39.3
2023-12-31|09562|Erlangen, kreisfreie Stadt|männlich||36.9
2023-12-31|09562|Erlangen, kreisfreie Stadt|weiblich||41.6
2023-12-31|09563|Fürth, kreisfreie Stadt||31.0|
2023-12-31|09563|Fürth, kreisfreie Stadt|Insgesamt||43.5
2023-12-31|09563|Fürth, kreisfreie Stadt|männlich||41.7
2023-12-31|09563|Fürth, kreisfreie Stadt|weiblich||45.3
2023-12-31|09564|Nürnberg, kreisfreie Stadt||32.6|
2023-12-31|09564|Nürnberg, kreisfreie Stadt|Insgesamt||42.6
2023-12-31|09564|Nürnberg, kreisfreie Stadt|männlich||41.0
2023-12-31|09564|Nürnberg, kreisfreie Stadt|weiblich||44.3
2023-12-31|09565|Schwabach, kreisfreie Stadt||39.8|
2023-12-31|09565|Schwabach, kreisfreie Stadt|Insgesamt||46.6
2023-12-31|09565|Schwabach, kreisfreie Stadt|männlich||45.0
2023-12-31|09565|Schwabach, kreisfreie Stadt|weiblich||48.2
2023-12-31|09571|Ansbach, Landkreis||36.2|
2023-12-31|09571|Ansbach, Landkreis|Insgesamt||45.6
2023-12-31|09571|Ansbach, Landkreis|männlich||44.0
2023-12-31|09571|Ansbach, Landkreis|weiblich||47.2
2023-12-31|09572|Erlangen-Höchstadt, Landkreis||37.9|
2023-12-31|09572|Erlangen-Höchstadt, Landkreis|Insgesamt||45.8
2023-12-31|09572|Erlangen-Höchstadt, Landkreis|männlich||44.4
2023-12-31|09572|Erlangen-Höchstadt, Landkreis|weiblich||47.3
2023-12-31|09573|Fürth, Landkreis||41.5|
2023-12-31|09573|Fürth, Landkreis|Insgesamt||47.6
2023-12-31|09573|Fürth, Landkreis|männlich||45.9
2023-12-31|09573|Fürth, Landkreis|weiblich||49.4
2023-12-31|09574|Nürnberger Land, Landkreis||40.3|
2023-12-31|09574|Nürnberger Land, Landkreis|Insgesamt||47.6
2023-12-31|09574|Nürnberger Land, Landkreis|männlich||45.9
2023-12-31|09574|Nürnberger Land, Landkreis|weiblich||49.4
2023-12-31|09575|Neustadt a.d.Aisch-Bad Windsheim, Landkreis||38.4|
2023-12-31|09575|Neustadt a.d.Aisch-Bad Windsheim, Landkreis|Insgesamt||46.8
2023-12-31|09575|Neustadt a.d.Aisch-Bad Windsheim, Landkreis|männlich||45.4
2023-12-31|09575|Neustadt a.d.Aisch-Bad Windsheim, Landkreis|weiblich||48.3
2023-12-31|09576|Roth, Landkreis||38.5|
2023-12-31|09576|Roth, Landkreis|Insgesamt||46.9
2023-12-31|09576|Roth, Landkreis|männlich||45.4
2023-12-31|09576|Roth, Landkreis|weiblich||48.5
2023-12-31|09577|Weißenburg-Gunzenhausen, Landkreis||40.0|
2023-12-31|09577|Weißenburg-Gunzenhausen, Landkreis|Insgesamt||46.7
2023-12-31|09577|Weißenburg-Gunzenhausen, Landkreis|männlich||45.1
2023-12-31|09577|Weißenburg-Gunzenhausen, Landkreis|weiblich||48.4
2023-12-31|09661|Aschaffenburg, kreisfreie Stadt||35.9|
2023-12-31|09661|Aschaffenburg, kreisfreie Stadt|Insgesamt||44.6
2023-12-31|09661|Aschaffenburg, kreisfreie Stadt|männlich||42.5
2023-12-31|09661|Aschaffenburg, kreisfreie Stadt|weiblich||46.8
2023-12-31|09662|Schweinfurt, kreisfreie Stadt||42.4|
2023-12-31|09662|Schweinfurt, kreisfreie Stadt|Insgesamt||44.4
2023-12-31|09662|Schweinfurt, kreisfreie Stadt|männlich||41.1
2023-12-31|09662|Schweinfurt, kreisfreie Stadt|weiblich||47.9
2023-12-31|09663|Würzburg, kreisfreie Stadt||32.1|
2023-12-31|09663|Würzburg, kreisfreie Stadt|Insgesamt||39.3
2023-12-31|09663|Würzburg, kreisfreie Stadt|männlich||38.1
2023-12-31|09663|Würzburg, kreisfreie Stadt|weiblich||40.8
2023-12-31|09671|Aschaffenburg, Landkreis||39.6|
2023-12-31|09671|Aschaffenburg, Landkreis|Insgesamt||47.9
2023-12-31|09671|Aschaffenburg, Landkreis|männlich||46.3
2023-12-31|09671|Aschaffenburg, Landkreis|weiblich||49.5
2023-12-31|09672|Bad Kissingen, Landkreis||46.7|
2023-12-31|09672|Bad Kissingen, Landkreis|Insgesamt||50.0
2023-12-31|09672|Bad Kissingen, Landkreis|männlich||48.6
2023-12-31|09672|Bad Kissingen, Landkreis|weiblich||51.3
2023-12-31|09673|Rhön-Grabfeld, Landkreis||42.1|
2023-12-31|09673|Rhön-Grabfeld, Landkreis|Insgesamt||48.0
2023-12-31|09673|Rhön-Grabfeld, Landkreis|männlich||46.2
2023-12-31|09673|Rhön-Grabfeld, Landkreis|weiblich||49.9
2023-12-31|09674|Haßberge, Landkreis||39.6|
2023-12-31|09674|Haßberge, Landkreis|Insgesamt||47.5
2023-12-31|09674|Haßberge, Landkreis|männlich||46.0
2023-12-31|09674|Haßberge, Landkreis|weiblich||49.2
2023-12-31|09675|Kitzingen, Landkreis||37.0|
2023-12-31|09675|Kitzingen, Landkreis|Insgesamt||46.1
2023-12-31|09675|Kitzingen, Landkreis|männlich||44.4
2023-12-31|09675|Kitzingen, Landkreis|weiblich||47.7
2023-12-31|09676|Miltenberg, Landkreis||39.0|
2023-12-31|09676|Miltenberg, Landkreis|Insgesamt||47.5
2023-12-31|09676|Miltenberg, Landkreis|männlich||45.8
2023-12-31|09676|Miltenberg, Landkreis|weiblich||49.1
2023-12-31|09677|Main-Spessart, Landkreis||42.9|
2023-12-31|09677|Main-Spessart, Landkreis|Insgesamt||49.1
2023-12-31|09677|Main-Spessart, Landkreis|männlich||47.3
2023-12-31|09677|Main-Spessart, Landkreis|weiblich||50.9
2023-12-31|09678|Schweinfurt, Landkreis||40.9|
2023-12-31|09678|Schweinfurt, Landkreis|Insgesamt||47.3
2023-12-31|09678|Schweinfurt, Landkreis|männlich||45.3
2023-12-31|09678|Schweinfurt, Landkreis|weiblich||49.2
2023-12-31|09679|Würzburg, Landkreis||40.5|
2023-12-31|09679|Würzburg, Landkreis|Insgesamt||46.8
2023-12-31|09679|Würzburg, Landkreis|männlich||45.3
2023-12-31|09679|Würzburg, Landkreis|weiblich||48.4
2023-12-31|09761|Augsburg, kreisfreie Stadt||31.1|
2023-12-31|09761|Augsburg, kreisfreie Stadt|Insgesamt||41.3
2023-12-31|09761|Augsburg, kreisfreie Stadt|männlich||39.7
2023-12-31|09761|Augsburg, kreisfreie Stadt|weiblich||43.1
2023-12-31|09762|Kaufbeuren, kreisfreie Stadt||39.8|
2023-12-31|09762|Kaufbeuren, kreisfreie Stadt|Insgesamt||44.8
2023-12-31|09762|Kaufbeuren, kreisfreie Stadt|männlich||42.7
2023-12-31|09762|Kaufbeuren, kreisfreie Stadt|weiblich||47.1
2023-12-31|09763|Kempten (Allgäu), kreisfreie Stadt||37.4|
2023-12-31|09763|Kempten (Allgäu), kreisfreie Stadt|Insgesamt||43.2
2023-12-31|09763|Kempten (Allgäu), kreisfreie Stadt|männlich||41.2
2023-12-31|09763|Kempten (Allgäu), kreisfreie Stadt|weiblich||45.5
2023-12-31|09764|Memmingen, kreisfreie Stadt||38.0|
2023-12-31|09764|Memmingen, kreisfreie Stadt|Insgesamt||44.4
2023-12-31|09764|Memmingen, kreisfreie Stadt|männlich||43.3
2023-12-31|09764|Memmingen, kreisfreie Stadt|weiblich||45.6
2023-12-31|09771|Aichach-Friedberg, Landkreis||35.8|
2023-12-31|09771|Aichach-Friedberg, Landkreis|Insgesamt||45.3
2023-12-31|09771|Aichach-Friedberg, Landkreis|männlich||44.2
2023-12-31|09771|Aichach-Friedberg, Landkreis|weiblich||46.4
2023-12-31|09772|Augsburg, Landkreis||36.8|
2023-12-31|09772|Augsburg, Landkreis|Insgesamt||45.3
2023-12-31|09772|Augsburg, Landkreis|männlich||43.8
2023-12-31|09772|Augsburg, Landkreis|weiblich||46.9
2023-12-31|09773|Dillingen a.d.Donau, Landkreis||36.9|
2023-12-31|09773|Dillingen a.d.Donau, Landkreis|Insgesamt||45.5
2023-12-31|09773|Dillingen a.d.Donau, Landkreis|männlich||43.9
2023-12-31|09773|Dillingen a.d.Donau, Landkreis|weiblich||47.1
2023-12-31|09774|Günzburg, Landkreis||34.1|
2023-12-31|09774|Günzburg, Landkreis|Insgesamt||44.6
2023-12-31|09774|Günzburg, Landkreis|männlich||43.1
2023-12-31|09774|Günzburg, Landkreis|weiblich||46.2
2023-12-31|09775|Neu-Ulm, Landkreis||34.9|
2023-12-31|09775|Neu-Ulm, Landkreis|Insgesamt||43.7
2023-12-31|09775|Neu-Ulm, Landkreis|männlich||42.5
2023-12-31|09775|Neu-Ulm, Landkreis|weiblich||45.1
2023-12-31|09776|Lindau (Bodensee), Landkreis||40.1|
2023-12-31|09776|Lindau (Bodensee), Landkreis|Insgesamt||47.4
2023-12-31|09776|Lindau (Bodensee), Landkreis|männlich||45.3
2023-12-31|09776|Lindau (Bodensee), Landkreis|weiblich||49.4
2023-12-31|09777|Ostallgäu, Landkreis||38.1|
2023-12-31|09777|Ostallgäu, Landkreis|Insgesamt||45.8
2023-12-31|09777|Ostallgäu, Landkreis|männlich||44.2
2023-12-31|09777|Ostallgäu, Landkreis|weiblich||47.5
2023-12-31|09778|Unterallgäu, Landkreis||37.0|
2023-12-31|09778|Unterallgäu, Landkreis|Insgesamt||45.2
2023-12-31|09778|Unterallgäu, Landkreis|männlich||43.7
2023-12-31|09778|Unterallgäu, Landkreis|weiblich||46.9
2023-12-31|09779|Donau-Ries, Landkreis||36.0|
2023-12-31|09779|Donau-Ries, Landkreis|Insgesamt||45.3
2023-12-31|09779|Donau-Ries, Landkreis|männlich||43.9
2023-12-31|09779|Donau-Ries, Landkreis|weiblich||46.8
2023-12-31|09780|Oberallgäu, Landkreis||41.4|
2023-12-31|09780|Oberallgäu, Landkreis|Insgesamt||47.6
2023-12-31|09780|Oberallgäu, Landkreis|männlich||46.0
2023-12-31|09780|Oberallgäu, Landkreis|weiblich||49.1
2023-12-31|10041|Saarbrücken, Regionalverband||40.3|
2023-12-31|10041|Saarbrücken, Regionalverband|Insgesamt||45.7
2023-12-31|10041|Saarbrücken, Regionalverband|männlich||43.5
2023-12-31|10041|Saarbrücken, Regionalverband|weiblich||48.0
2023-12-31|10041100|Saarbrücken, Landeshauptstadt||36.0|
2023-12-31|10041100|Saarbrücken, Landeshauptstadt|Insgesamt||43.0
2023-12-31|10041100|Saarbrücken, Landeshauptstadt|männlich||40.9
2023-12-31|10041100|Saarbrücken, Landeshauptstadt|weiblich||45.4
2023-12-31|10042|Merzig-Wadern, Landkreis||41.1|
2023-12-31|10042|Merzig-Wadern, Landkreis|Insgesamt||48.6
2023-12-31|10042|Merzig-Wadern, Landkreis|männlich||46.5
2023-12-31|10042|Merzig-Wadern, Landkreis|weiblich||50.7
2023-12-31|10043|Neunkirchen, Landkreis||44.1|
2023-12-31|10043|Neunkirchen, Landkreis|Insgesamt||49.2
2023-12-31|10043|Neunkirchen, Landkreis|männlich||46.7
2023-12-31|10043|Neunkirchen, Landkreis|weiblich||51.5
2023-12-31|10044|Saarlouis, Landkreis||44.0|
2023-12-31|10044|Saarlouis, Landkreis|Insgesamt||49.0
2023-12-31|10044|Saarlouis, Landkreis|männlich||46.6
2023-12-31|10044|Saarlouis, Landkreis|weiblich||51.3
2023-12-31|10045|Saarpfalz-Kreis||46.3|
2023-12-31|10045|Saarpfalz-Kreis|Insgesamt||50.1
2023-12-31|10045|Saarpfalz-Kreis|männlich||48.0
2023-12-31|10045|Saarpfalz-Kreis|weiblich||52.0
2023-12-31|10046|St. Wendel, Landkreis||46.8|
2023-12-31|10046|St. Wendel, Landkreis|Insgesamt||51.5
2023-12-31|10046|St. Wendel, Landkreis|männlich||50.5
2023-12-31|10046|St. Wendel, Landkreis|weiblich||52.3
2023-12-31|11000|Berlin, kreisfreie Stadt||30.6|
2023-12-31|11000|Berlin, kreisfreie Stadt|Insgesamt||41.3
2023-12-31|11000|Berlin, kreisfreie Stadt|männlich||40.3
2023-12-31|11000|Berlin, kreisfreie Stadt|weiblich||42.4
2023-12-31|11001001|Berlin-Mitte||18.5|
2023-12-31|11001001|Berlin-Mitte|Insgesamt||
2023-12-31|11001001|Berlin-Mitte|männlich||
2023-12-31|11001001|Berlin-Mitte|weiblich||
2023-12-31|11002002|Berlin-Friedrichshain-Kreuzberg||15.0|
2023-12-31|11002002|Berlin-Friedrichshain-Kreuzberg|Insgesamt||
2023-12-31|11002002|Berlin-Friedrichshain-Kreuzberg|männlich||
2023-12-31|11002002|Berlin-Friedrichshain-Kreuzberg|weiblich||
2023-12-31|11003003|Berlin-Pankow||22.9|
2023-12-31|11003003|Berlin-Pankow|Insgesamt||
2023-12-31|11003003|Berlin-Pankow|männlich||
2023-12-31|11003003|Berlin-Pankow|weiblich||
2023-12-31|11004004|Berlin-Charlottenburg-Wilmersdorf||38.2|
2023-12-31|11004004|Berlin-Charlottenburg-Wilmersdorf|Insgesamt||
2023-12-31|11004004|Berlin-Charlottenburg-Wilmersdorf|männlich||
2023-12-31|11004004|Berlin-Charlottenburg-Wilmersdorf|weiblich||
2023-12-31|11005005|Berlin-Spandau||35.7|
2023-12-31|11005005|Berlin-Spandau|Insgesamt||
2023-12-31|11005005|Berlin-Spandau|männlich||
2023-12-31|11005005|Berlin-Spandau|weiblich||
2023-12-31|11006006|Berlin-Steglitz-Zehlendorf||45.8|
2023-12-31|11006006|Berlin-Steglitz-Zehlendorf|Insgesamt||
2023-12-31|11006006|Berlin-Steglitz-Zehlendorf|männlich||
2023-12-31|11006006|Berlin-Steglitz-Zehlendorf|weiblich||
2023-12-31|11007007|Berlin-Tempelhof-Schöneberg||34.8|
2023-12-31|11007007|Berlin-Tempelhof-Schöneberg|Insgesamt||
2023-12-31|11007007|Berlin-Tempelhof-Schöneberg|männlich||
2023-12-31|11007007|Berlin-Tempelhof-Schöneberg|weiblich||
2023-12-31|11008008|Berlin-Neukölln||27.4|
2023-12-31|11008008|Berlin-Neukölln|Insgesamt||
2023-12-31|11008008|Berlin-Neukölln|männlich||
2023-12-31|11008008|Berlin-Neukölln|weiblich||
2023-12-31|11009009|Berlin-Treptow-Köpenick||33.7|
2023-12-31|11009009|Berlin-Treptow-Köpenick|Insgesamt||
2023-12-31|11009009|Berlin-Treptow-Köpenick|männlich||
2023-12-31|11009009|Berlin-Treptow-Köpenick|weiblich||
2023-12-31|11010010|Berlin-Marzahn-Hellersdorf||37.8|
2023-12-31|11010010|Berlin-Marzahn-Hellersdorf|Insgesamt||
2023-12-31|11010010|Berlin-Marzahn-Hellersdorf|männlich||
2023-12-31|11010010|Berlin-Marzahn-Hellersdorf|weiblich||
2023-12-31|11011011|Berlin-Lichtenberg||31.0|
2023-12-31|11011011|Berlin-Lichtenberg|Insgesamt||
2023-12-31|11011011|Berlin-Lichtenberg|männlich||
2023-12-31|11011011|Berlin-Lichtenberg|weiblich||
2023-12-31|11012012|Berlin-Reinickendorf||40.5|
2023-12-31|11012012|Berlin-Reinickendorf|Insgesamt||
2023-12-31|11012012|Berlin-Reinickendorf|männlich||
2023-12-31|11012012|Berlin-Reinickendorf|weiblich||
2023-12-31|12051|Brandenburg an der Havel, kreisfreie Stadt||50.4|
2023-12-31|12051|Brandenburg an der Havel, kreisfreie Stadt|Insgesamt||49.4
2023-12-31|12051|Brandenburg an der Havel, kreisfreie Stadt|männlich||46.6
2023-12-31|12051|Brandenburg an der Havel, kreisfreie Stadt|weiblich||52.6
2023-12-31|12052|Cottbus, kreisfreie Stadt||49.1|
2023-12-31|12052|Cottbus, kreisfreie Stadt|Insgesamt||48.5
2023-12-31|12052|Cottbus, kreisfreie Stadt|männlich||44.7
2023-12-31|12052|Cottbus, kreisfreie Stadt|weiblich||52.6
2023-12-31|12053|Frankfurt (Oder), kreisfreie Stadt||50.6|
2023-12-31|12053|Frankfurt (Oder), kreisfreie Stadt|Insgesamt||49.9
2023-12-31|12053|Frankfurt (Oder), kreisfreie Stadt|männlich||46.8
2023-12-31|12053|Frankfurt (Oder), kreisfreie Stadt|weiblich||52.9
2023-12-31|12054|Potsdam, kreisfreie Stadt||33.8|
2023-12-31|12054|Potsdam, kreisfreie Stadt|Insgesamt||42.6
2023-12-31|12054|Potsdam, kreisfreie Stadt|männlich||41.3
2023-12-31|12054|Potsdam, kreisfreie Stadt|weiblich||43.8
2023-12-31|12060|Barnim, Landkreis||44.8|
2023-12-31|12060|Barnim, Landkreis|Insgesamt||49.3
2023-12-31|12060|Barnim, Landkreis|männlich||47.8
2023-12-31|12060|Barnim, Landkreis|weiblich||51.0
2023-12-31|12061|Dahme-Spreewald, Landkreis||43.4|
2023-12-31|12061|Dahme-Spreewald, Landkreis|Insgesamt||48.7
2023-12-31|12061|Dahme-Spreewald, Landkreis|männlich||47.2
2023-12-31|12061|Dahme-Spreewald, Landkreis|weiblich||50.4
2023-12-31|12062|Elbe-Elster, Landkreis||56.4|
2023-12-31|12062|Elbe-Elster, Landkreis|Insgesamt||54.3
2023-12-31|12062|Elbe-Elster, Landkreis|männlich||52.4
2023-12-31|12062|Elbe-Elster, Landkreis|weiblich||56.2
2023-12-31|12063|Havelland, Landkreis||40.7|
2023-12-31|12063|Havelland, Landkreis|Insgesamt||48.7
2023-12-31|12063|Havelland, Landkreis|männlich||47.4
2023-12-31|12063|Havelland, Landkreis|weiblich||50.1
2023-12-31|12064|Märkisch-Oderland, Landkreis||45.9|
2023-12-31|12064|Märkisch-Oderland, Landkreis|Insgesamt||50.7
2023-12-31|12064|Märkisch-Oderland, Landkreis|männlich||49.0
2023-12-31|12064|Märkisch-Oderland, Landkreis|weiblich||52.3
2023-12-31|12065|Oberhavel, Landkreis||42.3|
2023-12-31|12065|Oberhavel, Landkreis|Insgesamt||49.6
2023-12-31|12065|Oberhavel, Landkreis|männlich||48.0
2023-12-31|12065|Oberhavel, Landkreis|weiblich||51.1
2023-12-31|12066|Oberspreewald-Lausitz, Landkreis||56.4|
2023-12-31|12066|Oberspreewald-Lausitz, Landkreis|Insgesamt||53.7
2023-12-31|12066|Oberspreewald-Lausitz, Landkreis|männlich||51.1
2023-12-31|12066|Oberspreewald-Lausitz, Landkreis|weiblich||56.3
2023-12-31|12067|Oder-Spree, Landkreis||51.0|
2023-12-31|12067|Oder-Spree, Landkreis|Insgesamt||51.9
2023-12-31|12067|Oder-Spree, Landkreis|männlich||49.6
2023-12-31|12067|Oder-Spree, Landkreis|weiblich||53.7
2023-12-31|12068|Ostprignitz-Ruppin, Landkreis||50.8|
2023-12-31|12068|Ostprignitz-Ruppin, Landkreis|Insgesamt||52.5
2023-12-31|12068|Ostprignitz-Ruppin, Landkreis|männlich||50.6
2023-12-31|12068|Ostprignitz-Ruppin, Landkreis|weiblich||54.2
2023-12-31|12069|Potsdam-Mittelmark, Landkreis||43.3|
2023-12-31|12069|Potsdam-Mittelmark, Landkreis|Insgesamt||50.0
2023-12-31|12069|Potsdam-Mittelmark, Landkreis|männlich||48.6
2023-12-31|12069|Potsdam-Mittelmark, Landkreis|weiblich||51.4
2023-12-31|12070|Prignitz, Landkreis||54.2|
2023-12-31|12070|Prignitz, Landkreis|Insgesamt||53.8
2023-12-31|12070|Prignitz, Landkreis|männlich||51.4
2023-12-31|12070|Prignitz, Landkreis|weiblich||56.2
2023-12-31|12071|Spree-Neiße, Landkreis||57.3|
2023-12-31|12071|Spree-Neiße, Landkreis|Insgesamt||55.0
2023-12-31|12071|Spree-Neiße, Landkreis|männlich||53.4
2023-12-31|12071|Spree-Neiße, Landkreis|weiblich||56.5
2023-12-31|12072|Teltow-Fläming, Landkreis||39.6|
2023-12-31|12072|Teltow-Fläming, Landkreis|Insgesamt||47.3
2023-12-31|12072|Teltow-Fläming, Landkreis|männlich||45.8
2023-12-31|12072|Teltow-Fläming, Landkreis|weiblich||49.1
2023-12-31|12073|Uckermark, Landkreis||56.6|
2023-12-31|12073|Uckermark, Landkreis|Insgesamt||54.4
2023-12-31|12073|Uckermark, Landkreis|männlich||52.3
2023-12-31|12073|Uckermark, Landkreis|weiblich||56.4
2023-12-31|13003|Rostock, kreisfreie Stadt||43.7|
2023-12-31|13003|Rostock, kreisfreie Stadt|Insgesamt||44.9
2023-12-31|13003|Rostock, kreisfreie Stadt|männlich||42.6
2023-12-31|13003|Rostock, kreisfreie Stadt|weiblich||47.7
2023-12-31|13004|Schwerin, kreisfreie Stadt||49.1|
2023-12-31|13004|Schwerin, kreisfreie Stadt|Insgesamt||47.8
2023-12-31|13004|Schwerin, kreisfreie Stadt|männlich||45.1
2023-12-31|13004|Schwerin, kreisfreie Stadt|weiblich||51.3
2023-12-31|13071|Mecklenburgische Seenplatte, Landkreis||54.0|
2023-12-31|13071|Mecklenburgische Seenplatte, Landkreis|Insgesamt||53.2
2023-12-31|13071|Mecklenburgische Seenplatte, Landkreis|männlich||50.8
2023-12-31|13071|Mecklenburgische Seenplatte, Landkreis|weiblich||55.4
2023-12-31|13072|Landkreis Rostock||48.4|
2023-12-31|13072|Landkreis Rostock|Insgesamt||51.4
2023-12-31|13072|Landkreis Rostock|männlich||49.5
2023-12-31|13072|Landkreis Rostock|weiblich||53.0
2023-12-31|13073|Vorpommern-Rügen, Landkreis||52.6|
2023-12-31|13073|Vorpommern-Rügen, Landkreis|Insgesamt||53.2
2023-12-31|13073|Vorpommern-Rügen, Landkreis|männlich||51.2
2023-12-31|13073|Vorpommern-Rügen, Landkreis|weiblich||55.1
2023-12-31|13074|Nordwestmecklenburg, Landkreis||46.9|
2023-12-31|13074|Nordwestmecklenburg, Landkreis|Insgesamt||50.5
2023-12-31|13074|Nordwestmecklenburg, Landkreis|männlich||48.6
2023-12-31|13074|Nordwestmecklenburg, Landkreis|weiblich||52.4
2023-12-31|13075|Vorpommern-Greifswald, Landkreis||50.9|
2023-12-31|13075|Vorpommern-Greifswald, Landkreis|Insgesamt||51.7
2023-12-31|13075|Vorpommern-Greifswald, Landkreis|männlich||49.7
2023-12-31|13075|Vorpommern-Greifswald, Landkreis|weiblich||53.4
2023-12-31|13076|Ludwigslust-Parchim, Landkreis||48.0|
2023-12-31|13076|Ludwigslust-Parchim, Landkreis|Insgesamt||51.8
2023-12-31|13076|Ludwigslust-Parchim, Landkreis|männlich||50.1
2023-12-31|13076|Ludwigslust-Parchim, Landkreis|weiblich||53.4
2023-12-31|14511|Chemnitz, kreisfreie Stadt||51.0|
2023-12-31|14511|Chemnitz, kreisfreie Stadt|Insgesamt||46.9
2023-12-31|14511|Chemnitz, kreisfreie Stadt|männlich||44.2
2023-12-31|14511|Chemnitz, kreisfreie Stadt|weiblich||50.7
2023-12-31|14521|Erzgebirgskreis||61.0|
2023-12-31|14521|Erzgebirgskreis|Insgesamt||53.0
2023-12-31|14521|Erzgebirgskreis|männlich||50.7
2023-12-31|14521|Erzgebirgskreis|weiblich||55.4
2023-12-31|14522|Mittelsachsen, Landkreis||55.4|
2023-12-31|14522|Mittelsachsen, Landkreis|Insgesamt||52.2
2023-12-31|14522|Mittelsachsen, Landkreis|männlich||49.7
2023-12-31|14522|Mittelsachsen, Landkreis|weiblich||54.5
2023-12-31|14523|Vogtlandkreis||59.3|
2023-12-31|14523|Vogtlandkreis|Insgesamt||53.6
2023-12-31|14523|Vogtlandkreis|männlich||51.1
2023-12-31|14523|Vogtlandkreis|weiblich||56.1
2023-12-31|14524|Zwickau, Landkreis||56.4|
2023-12-31|14524|Zwickau, Landkreis|Insgesamt||52.5
2023-12-31|14524|Zwickau, Landkreis|männlich||49.7
2023-12-31|14524|Zwickau, Landkreis|weiblich||55.0
2023-12-31|14612|Dresden, kreisfreie Stadt||37.0|
2023-12-31|14612|Dresden, kreisfreie Stadt|Insgesamt||41.8
2023-12-31|14612|Dresden, kreisfreie Stadt|männlich||40.1
2023-12-31|14612|Dresden, kreisfreie Stadt|weiblich||43.7
2023-12-31|14625|Bautzen, Landkreis||54.9|
2023-12-31|14625|Bautzen, Landkreis|Insgesamt||52.1
2023-12-31|14625|Bautzen, Landkreis|männlich||49.7
2023-12-31|14625|Bautzen, Landkreis|weiblich||54.4
2023-12-31|14626|Görlitz, Landkreis||60.4|
2023-12-31|14626|Görlitz, Landkreis|Insgesamt||53.8
2023-12-31|14626|Görlitz, Landkreis|männlich||51.6
2023-12-31|14626|Görlitz, Landkreis|weiblich||56.1
2023-12-31|14627|Meißen, Landkreis||54.3|
2023-12-31|14627|Meißen, Landkreis|Insgesamt||52.1
2023-12-31|14627|Meißen, Landkreis|männlich||50.0
2023-12-31|14627|Meißen, Landkreis|weiblich||53.9
2023-12-31|14628|Sächsische Schweiz-Osterzgebirge, Landkreis||53.6|
2023-12-31|14628|Sächsische Schweiz-Osterzgebirge, Landkreis|Insgesamt||50.9
2023-12-31|14628|Sächsische Schweiz-Osterzgebirge, Landkreis|männlich||49.0
2023-12-31|14628|Sächsische Schweiz-Osterzgebirge, Landkreis|weiblich||53.0
2023-12-31|14713|Leipzig, kreisfreie Stadt||31.6|
2023-12-31|14713|Leipzig, kreisfreie Stadt|Insgesamt||39.7
2023-12-31|14713|Leipzig, kreisfreie Stadt|männlich||38.8
2023-12-31|14713|Leipzig, kreisfreie Stadt|weiblich||40.7
2023-12-31|14729|Leipzig, Landkreis||50.8|
2023-12-31|14729|Leipzig, Landkreis|Insgesamt||51.3
2023-12-31|14729|Leipzig, Landkreis|männlich||49.2
2023-12-31|14729|Leipzig, Landkreis|weiblich||53.1
2023-12-31|14730|Nordsachsen, Landkreis||49.1|
2023-12-31|14730|Nordsachsen, Landkreis|Insgesamt||50.9
2023-12-31|14730|Nordsachsen, Landkreis|männlich||48.3
2023-12-31|14730|Nordsachsen, Landkreis|weiblich||53.2
2023-12-31|15001|Dessau-Roßlau, kreisfreie Stadt||62.7|
2023-12-31|15001|Dessau-Roßlau, kreisfreie Stadt|Insgesamt||54.5
2023-12-31|15001|Dessau-Roßlau, kreisfreie Stadt|männlich||52.0
2023-12-31|15001|Dessau-Roßlau, kreisfreie Stadt|weiblich||56.7
2023-12-31|15002|Halle (Saale), kreisfreie Stadt||42.8|
2023-12-31|15002|Halle (Saale), kreisfreie Stadt|Insgesamt||43.7
2023-12-31|15002|Halle (Saale), kreisfreie Stadt|männlich||41.3
2023-12-31|15002|Halle (Saale), kreisfreie Stadt|weiblich||46.4
2023-12-31|15003|Magdeburg, kreisfreie Stadt, Landeshauptstadt||41.9|
2023-12-31|15003|Magdeburg, kreisfreie Stadt, Landeshauptstadt|Insgesamt||44.2
2023-12-31|15003|Magdeburg, kreisfreie Stadt, Landeshauptstadt|männlich||41.3
2023-12-31|15003|Magdeburg, kreisfreie Stadt, Landeshauptstadt|weiblich||47.7
2023-12-31|15081|Altmarkkreis Salzwedel||48.2|
2023-12-31|15081|Altmarkkreis Salzwedel|Insgesamt||52.3
2023-12-31|15081|Altmarkkreis Salzwedel|männlich||49.5
2023-12-31|15081|Altmarkkreis Salzwedel|weiblich||54.7
2023-12-31|15082|Anhalt-Bitterfeld, Landkreis||54.1|
2023-12-31|15082|Anhalt-Bitterfeld, Landkreis|Insgesamt||53.2
2023-12-31|15082|Anhalt-Bitterfeld, Landkreis|männlich||50.9
2023-12-31|15082|Anhalt-Bitterfeld, Landkreis|weiblich||55.4
2023-12-31|15083|Börde, Landkreis||46.6|
2023-12-31|15083|Börde, Landkreis|Insgesamt||51.1
2023-12-31|15083|Börde, Landkreis|männlich||48.7
2023-12-31|15083|Börde, Landkreis|weiblich||53.1
2023-12-31|15084|Burgenlandkreis||54.6|
2023-12-31|15084|Burgenlandkreis|Insgesamt||53.0
2023-12-31|15084|Burgenlandkreis|männlich||50.6
2023-12-31|15084|Burgenlandkreis|weiblich||55.2
2023-12-31|15085|Harz, Landkreis||55.7|
2023-12-31|15085|Harz, Landkreis|Insgesamt||53.7
2023-12-31|15085|Harz, Landkreis|männlich||51.6
2023-12-31|15085|Harz, Landkreis|weiblich||55.8
2023-12-31|15086|Jerichower Land, Landkreis||51.0|
2023-12-31|15086|Jerichower Land, Landkreis|Insgesamt||52.7
2023-12-31|15086|Jerichower Land, Landkreis|männlich||50.8
2023-12-31|15086|Jerichower Land, Landkreis|weiblich||54.6
2023-12-31|15087|Mansfeld-Südharz, Landkreis||59.7|
2023-12-31|15087|Mansfeld-Südharz, Landkreis|Insgesamt||55.0
2023-12-31|15087|Mansfeld-Südharz, Landkreis|männlich||52.7
2023-12-31|15087|Mansfeld-Südharz, Landkreis|weiblich||57.2
2023-12-31|15088|Saalekreis||49.2|
2023-12-31|15088|Saalekreis|Insgesamt||51.4
2023-12-31|15088|Saalekreis|männlich||49.1
2023-12-31|15088|Saalekreis|weiblich||53.3
2023-12-31|15089|Salzlandkreis||53.9|
2023-12-31|15089|Salzlandkreis|Insgesamt||53.3
2023-12-31|15089|Salzlandkreis|männlich||50.6
2023-12-31|15089|Salzlandkreis|weiblich||55.9
2023-12-31|15090|Stendal, Landkreis||51.1|
2023-12-31|15090|Stendal, Landkreis|Insgesamt||53.1
2023-12-31|15090|Stendal, Landkreis|männlich||51.0
2023-12-31|15090|Stendal, Landkreis|weiblich||54.9
2023-12-31|15091|Wittenberg, Landkreis||56.9|
2023-12-31|15091|Wittenberg, Landkreis|Insgesamt||54.1
2023-12-31|15091|Wittenberg, Landkreis|männlich||51.7
2023-12-31|15091|Wittenberg, Landkreis|weiblich||56.5
2023-12-31|16051|Erfurt, kreisfreie Stadt||39.0|
2023-12-31|16051|Erfurt, kreisfreie Stadt|Insgesamt||44.2
2023-12-31|16051|Erfurt, kreisfreie Stadt|männlich||42.7
2023-12-31|16051|Erfurt, kreisfreie Stadt|weiblich||45.8
2023-12-31|16052|Gera, kreisfreie Stadt||54.7|
2023-12-31|16052|Gera, kreisfreie Stadt|Insgesamt||50.9
2023-12-31|16052|Gera, kreisfreie Stadt|männlich||47.6
2023-12-31|16052|Gera, kreisfreie Stadt|weiblich||54.0
2023-12-31|16053|Jena, kreisfreie Stadt||38.0|
2023-12-31|16053|Jena, kreisfreie Stadt|Insgesamt||41.2
2023-12-31|16053|Jena, kreisfreie Stadt|männlich||39.7
2023-12-31|16053|Jena, kreisfreie Stadt|weiblich||42.8
2023-12-31|16054|Suhl, kreisfreie Stadt||61.7|
2023-12-31|16054|Suhl, kreisfreie Stadt|Insgesamt||54.7
2023-12-31|16054|Suhl, kreisfreie Stadt|männlich||50.9
2023-12-31|16054|Suhl, kreisfreie Stadt|weiblich||58.1
2023-12-31|16055|Weimar, kreisfreie Stadt||42.6|
2023-12-31|16055|Weimar, kreisfreie Stadt|Insgesamt||45.3
2023-12-31|16055|Weimar, kreisfreie Stadt|männlich||43.7
2023-12-31|16055|Weimar, kreisfreie Stadt|weiblich||46.9
2023-12-31|16061|Eichsfeld, Landkreis||48.0|
2023-12-31|16061|Eichsfeld, Landkreis|Insgesamt||49.1
2023-12-31|16061|Eichsfeld, Landkreis|männlich||47.8
2023-12-31|16061|Eichsfeld, Landkreis|weiblich||50.6
2023-12-31|16062|Nordhausen, Landkreis||52.2|
2023-12-31|16062|Nordhausen, Landkreis|Insgesamt||51.6
2023-12-31|16062|Nordhausen, Landkreis|männlich||48.7
2023-12-31|16062|Nordhausen, Landkreis|weiblich||53.9
2023-12-31|16063|Wartburgkreis||50.2|
2023-12-31|16063|Wartburgkreis|Insgesamt||51.5
2023-12-31|16063|Wartburgkreis|männlich||49.4
2023-12-31|16063|Wartburgkreis|weiblich||53.5
2023-12-31|16064|Unstrut-Hainich-Kreis||50.1|
2023-12-31|16064|Unstrut-Hainich-Kreis|Insgesamt||50.9
2023-12-31|16064|Unstrut-Hainich-Kreis|männlich||48.0
2023-12-31|16064|Unstrut-Hainich-Kreis|weiblich||53.3
2023-12-31|16065|Kyffhäuserkreis||54.6|
2023-12-31|16065|Kyffhäuserkreis|Insgesamt||53.2
2023-12-31|16065|Kyffhäuserkreis|männlich||50.6
2023-12-31|16065|Kyffhäuserkreis|weiblich||55.8
2023-12-31|16066|Schmalkalden-Meiningen, Landkreis||52.2|
2023-12-31|16066|Schmalkalden-Meiningen, Landkreis|Insgesamt||52.3
2023-12-31|16066|Schmalkalden-Meiningen, Landkreis|männlich||49.6
2023-12-31|16066|Schmalkalden-Meiningen, Landkreis|weiblich||54.8
2023-12-31|16067|Gotha, Landkreis||47.5|
2023-12-31|16067|Gotha, Landkreis|Insgesamt||50.3
2023-12-31|16067|Gotha, Landkreis|männlich||48.2
2023-12-31|16067|Gotha, Landkreis|weiblich||52.3
2023-12-31|16068|Sömmerda, Landkreis||48.9|
2023-12-31|16068|Sömmerda, Landkreis|Insgesamt||51.0
2023-12-31|16068|Sömmerda, Landkreis|männlich||48.7
2023-12-31|16068|Sömmerda, Landkreis|weiblich||53.1
2023-12-31|16069|Hildburghausen, Landkreis||49.2|
2023-12-31|16069|Hildburghausen, Landkreis|Insgesamt||51.7
2023-12-31|16069|Hildburghausen, Landkreis|männlich||49.5
2023-12-31|16069|Hildburghausen, Landkreis|weiblich||53.8
2023-12-31|16070|Ilm-Kreis||48.6|
2023-12-31|16070|Ilm-Kreis|Insgesamt||49.9
2023-12-31|16070|Ilm-Kreis|männlich||46.6
2023-12-31|16070|Ilm-Kreis|weiblich||53.1
2023-12-31|16071|Weimarer Land, Landkreis||47.7|
2023-12-31|16071|Weimarer Land, Landkreis|Insgesamt||49.8
2023-12-31|16071|Weimarer Land, Landkreis|männlich||48.3
2023-12-31|16071|Weimarer Land, Landkreis|weiblich||51.4
2023-12-31|16072|Sonneberg, Landkreis||53.1|
2023-12-31|16072|Sonneberg, Landkreis|Insgesamt||53.0
2023-12-31|16072|Sonneberg, Landkreis|männlich||50.7
2023-12-31|16072|Sonneberg, Landkreis|weiblich||55.3
2023-12-31|16073|Saalfeld-Rudolstadt, Landkreis||57.5|
2023-12-31|16073|Saalfeld-Rudolstadt, Landkreis|Insgesamt||54.0
2023-12-31|16073|Saalfeld-Rudolstadt, Landkreis|männlich||51.5
2023-12-31|16073|Saalfeld-Rudolstadt, Landkreis|weiblich||56.4
2023-12-31|16074|Saale-Holzland-Kreis||50.9|
2023-12-31|16074|Saale-Holzland-Kreis|Insgesamt||51.5
2023-12-31|16074|Saale-Holzland-Kreis|männlich||49.5
2023-12-31|16074|Saale-Holzland-Kreis|weiblich||53.3
2023-12-31|16075|Saale-Orla-Kreis||53.5|
2023-12-31|16075|Saale-Orla-Kreis|Insgesamt||52.9
2023-12-31|16075|Saale-Orla-Kreis|männlich||51.0
2023-12-31|16075|Saale-Orla-Kreis|weiblich||54.8
2023-12-31|16076|Greiz, Landkreis||60.8|
2023-12-31|16076|Greiz, Landkreis|Insgesamt||54.9
2023-12-31|16076|Greiz, Landkreis|männlich||52.6
2023-12-31|16076|Greiz, Landkreis|weiblich||57.0
2023-12-31|16077|Altenburger Land, Landkreis||61.1|
2023-12-31|16077|Altenburger Land, Landkreis|Insgesamt||54.5
2023-12-31|16077|Altenburger Land, Landkreis|männlich||52.3
2023-12-31|16077|Altenburger Land, Landkreis|weiblich||56.7
2023-12-31|010|Schleswig-Holstein||40.9|
2023-12-31|010|Schleswig-Holstein|Insgesamt||47.5
2023-12-31|010|Schleswig-Holstein|männlich||45.7
2023-12-31|010|Schleswig-Holstein|weiblich||49.3
2023-12-31|020|Hamburg||28.5|
2023-12-31|020|Hamburg|Insgesamt||41.0
2023-12-31|020|Hamburg|männlich||39.8
2023-12-31|020|Hamburg|weiblich||42.1
2023-12-31|031|Braunschweig, Statistische Region||40.4|
2023-12-31|031|Braunschweig, Statistische Region|Insgesamt||46.6
2023-12-31|031|Braunschweig, Statistische Region|männlich||44.7
2023-12-31|031|Braunschweig, Statistische Region|weiblich||48.5
2023-12-31|032|Hannover, Statistische Region||39.3|
2023-12-31|032|Hannover, Statistische Region|Insgesamt||46.3
2023-12-31|032|Hannover, Statistische Region|männlich||44.5
2023-12-31|032|Hannover, Statistische Region|weiblich||48.0
2023-12-31|033|Lüneburg, Statistische Region||41.2|
2023-12-31|033|Lüneburg, Statistische Region|Insgesamt||47.7
2023-12-31|033|Lüneburg, Statistische Region|männlich||45.9
2023-12-31|033|Lüneburg, Statistische Region|weiblich||49.5
2023-12-31|034|Weser-Ems, Statistische Region||37.1|
2023-12-31|034|Weser-Ems, Statistische Region|Insgesamt||45.3
2023-12-31|034|Weser-Ems, Statistische Region|männlich||43.6
2023-12-31|034|Weser-Ems, Statistische Region|weiblich||47.1
2023-12-31|040|Bremen||34.6|
2023-12-31|040|Bremen|Insgesamt||42.3
2023-12-31|040|Bremen|männlich||40.5
2023-12-31|040|Bremen|weiblich||44.3
2023-12-31|051|Düsseldorf, Regierungsbezirk||37.2|
2023-12-31|051|Düsseldorf, Regierungsbezirk|Insgesamt||45.3
2023-12-31|051|Düsseldorf, Regierungsbezirk|männlich||43.5
2023-12-31|051|Düsseldorf, Regierungsbezirk|weiblich||47.1
2023-12-31|053|Köln, Regierungsbezirk||34.8|
2023-12-31|053|Köln, Regierungsbezirk|Insgesamt||44.3
2023-12-31|053|Köln, Regierungsbezirk|männlich||42.7
2023-12-31|053|Köln, Regierungsbezirk|weiblich||45.9
2023-12-31|055|Münster, Regierungsbezirk||36.5|
2023-12-31|055|Münster, Regierungsbezirk|Insgesamt||45.1
2023-12-31|055|Münster, Regierungsbezirk|männlich||43.3
2023-12-31|055|Münster, Regierungsbezirk|weiblich||46.9
2023-12-31|057|Detmold, Regierungsbezirk||37.3|
2023-12-31|057|Detmold, Regierungsbezirk|Insgesamt||45.1
2023-12-31|057|Detmold, Regierungsbezirk|männlich||43.2
2023-12-31|057|Detmold, Regierungsbezirk|weiblich||47.1
2023-12-31|059|Arnsberg, Regierungsbezirk||38.1|
2023-12-31|059|Arnsberg, Regierungsbezirk|Insgesamt||45.8
2023-12-31|059|Arnsberg, Regierungsbezirk|männlich||43.9
2023-12-31|059|Arnsberg, Regierungsbezirk|weiblich||47.8
2023-12-31|064|Darmstadt, Regierungsbezirk||34.0|
2023-12-31|064|Darmstadt, Regierungsbezirk|Insgesamt||44.1
2023-12-31|064|Darmstadt, Regierungsbezirk|männlich||42.8
2023-12-31|064|Darmstadt, Regierungsbezirk|weiblich||45.4
2023-12-31|065|Gießen, Regierungsbezirk||37.3|
2023-12-31|065|Gießen, Regierungsbezirk|Insgesamt||45.1
2023-12-31|065|Gießen, Regierungsbezirk|männlich||43.5
2023-12-31|065|Gießen, Regierungsbezirk|weiblich||46.8
2023-12-31|066|Kassel, Regierungsbezirk||41.2|
2023-12-31|066|Kassel, Regierungsbezirk|Insgesamt||47.2
2023-12-31|066|Kassel, Regierungsbezirk|männlich||45.2
2023-12-31|066|Kassel, Regierungsbezirk|weiblich||49.2
2023-12-31|071|Koblenz, Statistische Region||40.9|
2023-12-31|071|Koblenz, Statistische Region|Insgesamt||47.3
2023-12-31|071|Koblenz, Statistische Region|männlich||45.4
2023-12-31|071|Koblenz, Statistische Region|weiblich||49.2
2023-12-31|072|Trier, Statistische Region||37.7|
2023-12-31|072|Trier, Statistische Region|Insgesamt||45.9
2023-12-31|072|Trier, Statistische Region|männlich||44.2
2023-12-31|072|Trier, Statistische Region|weiblich||47.6
2023-12-31|073|Rheinhessen-Pfalz, Statistische Region||38.2|
2023-12-31|073|Rheinhessen-Pfalz, Statistische Region|Insgesamt||45.8
2023-12-31|073|Rheinhessen-Pfalz, Statistische Region|männlich||44.2
2023-12-31|073|Rheinhessen-Pfalz, Statistische Region|weiblich||47.4
2023-12-31|081|Stuttgart, Regierungsbezirk||34.7|
2023-12-31|081|Stuttgart, Regierungsbezirk|Insgesamt||43.9
2023-12-31|081|Stuttgart, Regierungsbezirk|männlich||42.5
2023-12-31|081|Stuttgart, Regierungsbezirk|weiblich||45.5
2023-12-31|082|Karlsruhe, Regierungsbezirk||35.6|
2023-12-31|082|Karlsruhe, Regierungsbezirk|Insgesamt||44.3
2023-12-31|082|Karlsruhe, Regierungsbezirk|männlich||42.7
2023-12-31|082|Karlsruhe, Regierungsbezirk|weiblich||46.1
2023-12-31|083|Freiburg, Regierungsbezirk||36.9|
2023-12-31|083|Freiburg, Regierungsbezirk|Insgesamt||44.4
2023-12-31|083|Freiburg, Regierungsbezirk|männlich||42.8
2023-12-31|083|Freiburg, Regierungsbezirk|weiblich||46.0
2023-12-31|084|Tübingen, Regierungsbezirk||35.8|
2023-12-31|084|Tübingen, Regierungsbezirk|Insgesamt||44.1
2023-12-31|084|Tübingen, Regierungsbezirk|männlich||42.6
2023-12-31|084|Tübingen, Regierungsbezirk|weiblich||45.7
2023-12-31|091|Oberbayern, Regierungsbezirk||32.5|
2023-12-31|091|Oberbayern, Regierungsbezirk|Insgesamt||43.3
2023-12-31|091|Oberbayern, Regierungsbezirk|männlich||41.9
2023-12-31|091|Oberbayern, Regierungsbezirk|weiblich||44.6
2023-12-31|092|Niederbayern, Regierungsbezirk||36.8|
2023-12-31|092|Niederbayern, Regierungsbezirk|Insgesamt||45.8
2023-12-31|092|Niederbayern, Regierungsbezirk|männlich||44.2
2023-12-31|092|Niederbayern, Regierungsbezirk|weiblich||47.6
2023-12-31|093|Oberpfalz, Regierungsbezirk||35.9|
2023-12-31|093|Oberpfalz, Regierungsbezirk|Insgesamt||45.4
2023-12-31|093|Oberpfalz, Regierungsbezirk|männlich||43.9
2023-12-31|093|Oberpfalz, Regierungsbezirk|weiblich||47.0
2023-12-31|094|Oberfranken, Regierungsbezirk||40.2|
2023-12-31|094|Oberfranken, Regierungsbezirk|Insgesamt||47.7
2023-12-31|094|Oberfranken, Regierungsbezirk|männlich||45.5
2023-12-31|094|Oberfranken, Regierungsbezirk|weiblich||49.9
2023-12-31|095|Mittelfranken, Regierungsbezirk||35.7|
2023-12-31|095|Mittelfranken, Regierungsbezirk|Insgesamt||44.6
2023-12-31|095|Mittelfranken, Regierungsbezirk|männlich||43.0
2023-12-31|095|Mittelfranken, Regierungsbezirk|weiblich||46.4
2023-12-31|096|Unterfranken, Regierungsbezirk||39.6|
2023-12-31|096|Unterfranken, Regierungsbezirk|Insgesamt||46.6
2023-12-31|096|Unterfranken, Regierungsbezirk|männlich||44.8
2023-12-31|096|Unterfranken, Regierungsbezirk|weiblich||48.4
2023-12-31|097|Schwaben, Regierungsbezirk||36.1|
2023-12-31|097|Schwaben, Regierungsbezirk|Insgesamt||44.6
2023-12-31|097|Schwaben, Regierungsbezirk|männlich||43.1
2023-12-31|097|Schwaben, Regierungsbezirk|weiblich||46.3
2023-12-31|100|Saarland, Regierungsbezirk||43.0|
2023-12-31|100|Saarland, Regierungsbezirk|Insgesamt||48.3
2023-12-31|100|Saarland, Regierungsbezirk|männlich||46.1
2023-12-31|100|Saarland, Regierungsbezirk|weiblich||50.5
2023-12-31|110|Berlin||30.6|
2023-12-31|110|Berlin|Insgesamt||41.3
2023-12-31|110|Berlin|männlich||40.3
2023-12-31|110|Berlin|weiblich||42.4
2023-12-31|120|Brandenburg||46.2|
2023-12-31|120|Brandenburg|Insgesamt||50.1
2023-12-31|120|Brandenburg|männlich||48.1
2023-12-31|120|Brandenburg|weiblich||52.1
2023-12-31|130|Mecklenburg-Vorpommern, Statistische Region||49.4|
2023-12-31|130|Mecklenburg-Vorpommern, Statistische Region|Insgesamt||51.0
2023-12-31|130|Mecklenburg-Vorpommern, Statistische Region|männlich||48.7
2023-12-31|130|Mecklenburg-Vorpommern, Statistische Region|weiblich||53.2
2023-12-31|145|Chemnitz, Statistische Region||56.7|
2023-12-31|145|Chemnitz, Statistische Region|Insgesamt||52.0
2023-12-31|145|Chemnitz, Statistische Region|männlich||49.2
2023-12-31|145|Chemnitz, Statistische Region|weiblich||54.6
2023-12-31|146|Dresden, Statistische Region||48.6|
2023-12-31|146|Dresden, Statistische Region|Insgesamt||48.2
2023-12-31|146|Dresden, Statistische Region|männlich||46.1
2023-12-31|146|Dresden, Statistische Region|weiblich||50.8
2023-12-31|147|Leipzig, Statistische Region||39.0|
2023-12-31|147|Leipzig, Statistische Region|Insgesamt||44.0
2023-12-31|147|Leipzig, Statistische Region|männlich||42.6
2023-12-31|147|Leipzig, Statistische Region|weiblich||45.5
2023-12-31|150|Sachsen-Anhalt||50.8|
2023-12-31|150|Sachsen-Anhalt|Insgesamt||51.5
2023-12-31|150|Sachsen-Anhalt|männlich||48.5
2023-12-31|150|Sachsen-Anhalt|weiblich||53.9
2023-12-31|160|Thüringen||49.6|
2023-12-31|160|Thüringen|Insgesamt||50.4
2023-12-31|160|Thüringen|männlich||47.9
2023-12-31|160|Thüringen|weiblich||52.8
2024-12-31|DG|Deutschland||38.8|
2024-12-31|DG|Deutschland|Insgesamt||45.5
2024-12-31|DG|Deutschland|männlich||43.8
2024-12-31|DG|Deutschland|weiblich||47.2
2024-12-31|01|Schleswig-Holstein||41.5|
2024-12-31|01|Schleswig-Holstein|Insgesamt||47.5
2024-12-31|01|Schleswig-Holstein|männlich||45.6
2024-12-31|01|Schleswig-Holstein|weiblich||49.3
2024-12-31|02|Hamburg||28.6|
2024-12-31|02|Hamburg|Insgesamt||41.0
2024-12-31|02|Hamburg|männlich||39.8
2024-12-31|02|Hamburg|weiblich||42.2
2024-12-31|03|Niedersachsen||40.0|
2024-12-31|03|Niedersachsen|Insgesamt||46.3
2024-12-31|03|Niedersachsen|männlich||44.5
2024-12-31|03|Niedersachsen|weiblich||48.1
2024-12-31|04|Bremen||34.8|
2024-12-31|04|Bremen|Insgesamt||42.2
2024-12-31|04|Bremen|männlich||40.3
2024-12-31|04|Bremen|weiblich||44.2
2024-12-31|05|Nordrhein-Westfalen||37.4|
2024-12-31|05|Nordrhein-Westfalen|Insgesamt||45.0
2024-12-31|05|Nordrhein-Westfalen|männlich||43.3
2024-12-31|05|Nordrhein-Westfalen|weiblich||46.8
2024-12-31|06|Hessen||36.5|
2024-12-31|06|Hessen|Insgesamt||44.8
2024-12-31|06|Hessen|männlich||43.3
2024-12-31|06|Hessen|weiblich||46.3
2024-12-31|07|Rheinland-Pfalz||40.1|
2024-12-31|07|Rheinland-Pfalz|Insgesamt||46.3
2024-12-31|07|Rheinland-Pfalz|männlich||44.6
2024-12-31|07|Rheinland-Pfalz|weiblich||48.0
2024-12-31|08|Baden-Württemberg||36.4|
2024-12-31|08|Baden-Württemberg|Insgesamt||44.2
2024-12-31|08|Baden-Württemberg|männlich||42.7
2024-12-31|08|Baden-Württemberg|weiblich||45.8
2024-12-31|09|Bayern||36.2|
2024-12-31|09|Bayern|Insgesamt||44.7
2024-12-31|09|Bayern|männlich||43.1
2024-12-31|09|Bayern|weiblich||46.3
2024-12-31|10|Saarland||44.3|
2024-12-31|10|Saarland|Insgesamt||48.1
2024-12-31|10|Saarland|männlich||45.9
2024-12-31|10|Saarland|weiblich||50.3
2024-12-31|11|Berlin||30.7|
2024-12-31|11|Berlin|Insgesamt||41.2
2024-12-31|11|Berlin|männlich||40.2
2024-12-31|11|Berlin|weiblich||42.4
2024-12-31|12|Brandenburg||47.6|
2024-12-31|12|Brandenburg|Insgesamt||49.9
2024-12-31|12|Brandenburg|männlich||48.0
2024-12-31|12|Brandenburg|weiblich||52.1
2024-12-31|13|Mecklenburg-Vorpommern||51.0|
2024-12-31|13|Mecklenburg-Vorpommern|Insgesamt||51.0
2024-12-31|13|Mecklenburg-Vorpommern|männlich||48.6
2024-12-31|13|Mecklenburg-Vorpommern|weiblich||53.3
2024-12-31|14|Sachsen||49.3|
2024-12-31|14|Sachsen|Insgesamt||48.2
2024-12-31|14|Sachsen|männlich||46.2
2024-12-31|14|Sachsen|weiblich||50.8
2024-12-31|15|Sachsen-Anhalt||51.9|
2024-12-31|15|Sachsen-Anhalt|Insgesamt||51.3
2024-12-31|15|Sachsen-Anhalt|männlich||48.3
2024-12-31|15|Sachsen-Anhalt|weiblich||54.0
2024-12-31|16|Thüringen||51.1|
2024-12-31|16|Thüringen|Insgesamt||50.5
2024-12-31|16|Thüringen|männlich||47.9
2024-12-31|16|Thüringen|weiblich||53.0
2024-12-31|01001|Flensburg, kreisfreie Stadt||32.5|
2024-12-31|01001|Flensburg, kreisfreie Stadt|Insgesamt||41.1
2024-12-31|01001|Flensburg, kreisfreie Stadt|männlich||39.8
2024-12-31|01001|Flensburg, kreisfreie Stadt|weiblich||42.6
2024-12-31|01002|Kiel, kreisfreie Stadt||30.5|
2024-12-31|01002|Kiel, kreisfreie Stadt|Insgesamt||40.0
2024-12-31|01002|Kiel, kreisfreie Stadt|männlich||38.6
2024-12-31|01002|Kiel, kreisfreie Stadt|weiblich||41.6
2024-12-31|01003|Lübeck, kreisfreie Stadt, Hansestadt||39.6|
2024-12-31|01003|Lübeck, kreisfreie Stadt, Hansestadt|Insgesamt||45.8
2024-12-31|01003|Lübeck, kreisfreie Stadt, Hansestadt|männlich||43.6
2024-12-31|01003|Lübeck, kreisfreie Stadt, Hansestadt|weiblich||48.0
2024-12-31|01004|Neumünster, kreisfreie Stadt||39.3|
2024-12-31|01004|Neumünster, kreisfreie Stadt|Insgesamt||45.8
2024-12-31|01004|Neumünster, kreisfreie Stadt|männlich||43.4
2024-12-31|01004|Neumünster, kreisfreie Stadt|weiblich||48.5
2024-12-31|01051|Dithmarschen, Kreis||46.9|
2024-12-31|01051|Dithmarschen, Kreis|Insgesamt||50.2
2024-12-31|01051|Dithmarschen, Kreis|männlich||48.3
2024-12-31|01051|Dithmarschen, Kreis|weiblich||52.0
2024-12-31|01053|Herzogtum Lauenburg, Kreis||40.9|
2024-12-31|01053|Herzogtum Lauenburg, Kreis|Insgesamt||47.2
2024-12-31|01053|Herzogtum Lauenburg, Kreis|männlich||45.6
2024-12-31|01053|Herzogtum Lauenburg, Kreis|weiblich||48.7
2024-12-31|01054|Nordfriesland, Kreis||45.2|
2024-12-31|01054|Nordfriesland, Kreis|Insgesamt||49.7
2024-12-31|01054|Nordfriesland, Kreis|männlich||47.2
2024-12-31|01054|Nordfriesland, Kreis|weiblich||51.9
2024-12-31|01055|Ostholstein, Kreis||52.5|
2024-12-31|01055|Ostholstein, Kreis|Insgesamt||53.2
2024-12-31|01055|Ostholstein, Kreis|männlich||51.7
2024-12-31|01055|Ostholstein, Kreis|weiblich||54.4
2024-12-31|01056|Pinneberg, Kreis||39.2|
2024-12-31|01056|Pinneberg, Kreis|Insgesamt||46.8
2024-12-31|01056|Pinneberg, Kreis|männlich||45.1
2024-12-31|01056|Pinneberg, Kreis|weiblich||48.6
2024-12-31|01057|Plön, Kreis||50.6|
2024-12-31|01057|Plön, Kreis|Insgesamt||51.9
2024-12-31|01057|Plön, Kreis|männlich||50.2
2024-12-31|01057|Plön, Kreis|weiblich||53.2
2024-12-31|01058|Rendsburg-Eckernförde, Kreis||44.0|
2024-12-31|01058|Rendsburg-Eckernförde, Kreis|Insgesamt||49.1
2024-12-31|01058|Rendsburg-Eckernförde, Kreis|männlich||47.2
2024-12-31|01058|Rendsburg-Eckernförde, Kreis|weiblich||51.0
2024-12-31|01059|Schleswig-Flensburg, Kreis||45.5|
2024-12-31|01059|Schleswig-Flensburg, Kreis|Insgesamt||49.2
2024-12-31|01059|Schleswig-Flensburg, Kreis|männlich||47.6
2024-12-31|01059|Schleswig-Flensburg, Kreis|weiblich||50.6
2024-12-31|01060|Segeberg, Kreis||38.8|
2024-12-31|01060|Segeberg, Kreis|Insgesamt||46.6
2024-12-31|01060|Segeberg, Kreis|männlich||44.9
2024-12-31|01060|Segeberg, Kreis|weiblich||48.3
2024-12-31|01061|Steinburg, Kreis||41.4|
2024-12-31|01061|Steinburg, Kreis|Insgesamt||48.8
2024-12-31|01061|Steinburg, Kreis|männlich||46.8
2024-12-31|01061|Steinburg, Kreis|weiblich||50.7
2024-12-31|01062|Stormarn, Kreis||42.6|
2024-12-31|01062|Stormarn, Kreis|Insgesamt||48.0
2024-12-31|01062|Stormarn, Kreis|männlich||46.5
2024-12-31|01062|Stormarn, Kreis|weiblich||49.6
2024-12-31|02000|Hamburg, kreisfreie Stadt, Freie und Hansestadt||28.6|
2024-12-31|02000|Hamburg, kreisfreie Stadt, Freie und Hansestadt|Insgesamt||41.0
2024-12-31|02000|Hamburg, kreisfreie Stadt, Freie und Hansestadt|männlich||39.8
2024-12-31|02000|Hamburg, kreisfreie Stadt, Freie und Hansestadt|weiblich||42.2
2024-12-31|03101|Braunschweig, kreisfreie Stadt||34.9|
2024-12-31|03101|Braunschweig, kreisfreie Stadt|Insgesamt||43.1
2024-12-31|03101|Braunschweig, kreisfreie Stadt|männlich||41.2
2024-12-31|03101|Braunschweig, kreisfreie Stadt|weiblich||45.1
2024-12-31|03102|Salzgitter, kreisfreie Stadt||40.5|
2024-12-31|03102|Salzgitter, kreisfreie Stadt|Insgesamt||44.7
2024-12-31|03102|Salzgitter, kreisfreie Stadt|männlich||42.8
2024-12-31|03102|Salzgitter, kreisfreie Stadt|weiblich||46.9
2024-12-31|03103|Wolfsburg, kreisfreie Stadt||38.1|
2024-12-31|03103|Wolfsburg, kreisfreie Stadt|Insgesamt||43.8
2024-12-31|03103|Wolfsburg, kreisfreie Stadt|männlich||42.2
2024-12-31|03103|Wolfsburg, kreisfreie Stadt|weiblich||45.5
2024-12-31|03151|Gifhorn, Landkreis||39.0|
2024-12-31|03151|Gifhorn, Landkreis|Insgesamt||46.3
2024-12-31|03151|Gifhorn, Landkreis|männlich||45.0
2024-12-31|03151|Gifhorn, Landkreis|weiblich||47.7
2024-12-31|03153|Goslar, Landkreis||51.1|
2024-12-31|03153|Goslar, Landkreis|Insgesamt||51.9
2024-12-31|03153|Goslar, Landkreis|männlich||49.3
2024-12-31|03153|Goslar, Landkreis|weiblich||53.9
2024-12-31|03154|Helmstedt, Landkreis||43.5|
2024-12-31|03154|Helmstedt, Landkreis|Insgesamt||48.4
2024-12-31|03154|Helmstedt, Landkreis|männlich||46.7
2024-12-31|03154|Helmstedt, Landkreis|weiblich||50.2
2024-12-31|03155|Northeim, Landkreis||48.7|
2024-12-31|03155|Northeim, Landkreis|Insgesamt||50.9
2024-12-31|03155|Northeim, Landkreis|männlich||49.1
2024-12-31|03155|Northeim, Landkreis|weiblich||52.6
2024-12-31|03157|Peine, Landkreis||39.2|
2024-12-31|03157|Peine, Landkreis|Insgesamt||46.3
2024-12-31|03157|Peine, Landkreis|männlich||45.0
2024-12-31|03157|Peine, Landkreis|weiblich||47.6
2024-12-31|03158|Wolfenbüttel, Landkreis||44.2|
2024-12-31|03158|Wolfenbüttel, Landkreis|Insgesamt||49.3
2024-12-31|03158|Wolfenbüttel, Landkreis|männlich||47.4
2024-12-31|03158|Wolfenbüttel, Landkreis|weiblich||51.2
2024-12-31|03159|Göttingen, Landkreis||41.5|
2024-12-31|03159|Göttingen, Landkreis|Insgesamt||46.2
2024-12-31|03159|Göttingen, Landkreis|männlich||44.3
2024-12-31|03159|Göttingen, Landkreis|weiblich||48.0
2024-12-31|03241|Region Hannover, Landkreis||36.7|
2024-12-31|03241|Region Hannover, Landkreis|Insgesamt||44.4
2024-12-31|03241|Region Hannover, Landkreis|männlich||42.8
2024-12-31|03241|Region Hannover, Landkreis|weiblich||46.1
2024-12-31|03241001|Hannover, Landeshauptstadt||30.6|
2024-12-31|03241001|Hannover, Landeshauptstadt|Insgesamt||41.2
2024-12-31|03241001|Hannover, Landeshauptstadt|männlich||39.5
2024-12-31|03241001|Hannover, Landeshauptstadt|weiblich||42.8
2024-12-31|03251|Diepholz, Landkreis||41.7|
2024-12-31|03251|Diepholz, Landkreis|Insgesamt||47.7
2024-12-31|03251|Diepholz, Landkreis|männlich||46.1
2024-12-31|03251|Diepholz, Landkreis|weiblich||49.3
2024-12-31|03252|Hameln-Pyrmont, Landkreis||47.1|
2024-12-31|03252|Hameln-Pyrmont, Landkreis|Insgesamt||49.3
2024-12-31|03252|Hameln-Pyrmont, Landkreis|männlich||46.9
2024-12-31|03252|Hameln-Pyrmont, Landkreis|weiblich||51.7
2024-12-31|03254|Hildesheim, Landkreis||42.2|
2024-12-31|03254|Hildesheim, Landkreis|Insgesamt||47.6
2024-12-31|03254|Hildesheim, Landkreis|männlich||45.8
2024-12-31|03254|Hildesheim, Landkreis|weiblich||49.2
2024-12-31|03255|Holzminden, Landkreis||49.5|
2024-12-31|03255|Holzminden, Landkreis|Insgesamt||50.6
2024-12-31|03255|Holzminden, Landkreis|männlich||48.6
2024-12-31|03255|Holzminden, Landkreis|weiblich||52.4
2024-12-31|03256|Nienburg (Weser), Landkreis||41.6|
2024-12-31|03256|Nienburg (Weser), Landkreis|Insgesamt||47.7
2024-12-31|03256|Nienburg (Weser), Landkreis|männlich||46.1
2024-12-31|03256|Nienburg (Weser), Landkreis|weiblich||49.4
2024-12-31|03257|Schaumburg, Landkreis||45.9|
2024-12-31|03257|Schaumburg, Landkreis|Insgesamt||49.8
2024-12-31|03257|Schaumburg, Landkreis|männlich||47.7
2024-12-31|03257|Schaumburg, Landkreis|weiblich||51.8
2024-12-31|03351|Celle, Landkreis||43.9|
2024-12-31|03351|Celle, Landkreis|Insgesamt||47.3
2024-12-31|03351|Celle, Landkreis|männlich||45.6
2024-12-31|03351|Celle, Landkreis|weiblich||49.0
2024-12-31|03352|Cuxhaven, Landkreis||48.3|
2024-12-31|03352|Cuxhaven, Landkreis|Insgesamt||50.5
2024-12-31|03352|Cuxhaven, Landkreis|männlich||48.4
2024-12-31|03352|Cuxhaven, Landkreis|weiblich||52.3
2024-12-31|03353|Harburg, Landkreis||40.0|
2024-12-31|03353|Harburg, Landkreis|Insgesamt||47.3
2024-12-31|03353|Harburg, Landkreis|männlich||45.5
2024-12-31|03353|Harburg, Landkreis|weiblich||49.1
2024-12-31|03354|Lüchow-Dannenberg, Landkreis||56.3|
2024-12-31|03354|Lüchow-Dannenberg, Landkreis|Insgesamt||53.5
2024-12-31|03354|Lüchow-Dannenberg, Landkreis|männlich||51.7
2024-12-31|03354|Lüchow-Dannenberg, Landkreis|weiblich||55.0
2024-12-31|03355|Lüneburg, Landkreis||36.1|
2024-12-31|03355|Lüneburg, Landkreis|Insgesamt||45.6
2024-12-31|03355|Lüneburg, Landkreis|männlich||44.2
2024-12-31|03355|Lüneburg, Landkreis|weiblich||46.9
2024-12-31|03356|Osterholz, Landkreis||44.5|
2024-12-31|03356|Osterholz, Landkreis|Insgesamt||49.3
2024-12-31|03356|Osterholz, Landkreis|männlich||47.9
2024-12-31|03356|Osterholz, Landkreis|weiblich||50.5
2024-12-31|03357|Rotenburg (Wümme), Landkreis||39.4|
2024-12-31|03357|Rotenburg (Wümme), Landkreis|Insgesamt||46.8
2024-12-31|03357|Rotenburg (Wümme), Landkreis|männlich||45.2
2024-12-31|03357|Rotenburg (Wümme), Landkreis|weiblich||48.6
2024-12-31|03358|Heidekreis||41.6|
2024-12-31|03358|Heidekreis|Insgesamt||47.5
2024-12-31|03358|Heidekreis|männlich||45.6
2024-12-31|03358|Heidekreis|weiblich||49.4
2024-12-31|03359|Stade, Landkreis||39.5|
2024-12-31|03359|Stade, Landkreis|Insgesamt||46.0
2024-12-31|03359|Stade, Landkreis|männlich||44.1
2024-12-31|03359|Stade, Landkreis|weiblich||47.9
2024-12-31|03360|Uelzen, Landkreis||47.2|
2024-12-31|03360|Uelzen, Landkreis|Insgesamt||50.4
2024-12-31|03360|Uelzen, Landkreis|männlich||48.2
2024-12-31|03360|Uelzen, Landkreis|weiblich||52.3
2024-12-31|03361|Verden, Landkreis||41.9|
2024-12-31|03361|Verden, Landkreis|Insgesamt||46.6
2024-12-31|03361|Verden, Landkreis|männlich||44.9
2024-12-31|03361|Verden, Landkreis|weiblich||48.3
2024-12-31|03401|Delmenhorst, kreisfreie Stadt||38.8|
2024-12-31|03401|Delmenhorst, kreisfreie Stadt|Insgesamt||44.9
2024-12-31|03401|Delmenhorst, kreisfreie Stadt|männlich||42.8
2024-12-31|03401|Delmenhorst, kreisfreie Stadt|weiblich||47.0
2024-12-31|03402|Emden, kreisfreie Stadt||37.8|
2024-12-31|03402|Emden, kreisfreie Stadt|Insgesamt||44.9
2024-12-31|03402|Emden, kreisfreie Stadt|männlich||43.1
2024-12-31|03402|Emden, kreisfreie Stadt|weiblich||46.7
2024-12-31|03403|Oldenburg (Oldenburg), kreisfreie Stadt||32.4|
2024-12-31|03403|Oldenburg (Oldenburg), kreisfreie Stadt|Insgesamt||41.9
2024-12-31|03403|Oldenburg (Oldenburg), kreisfreie Stadt|männlich||40.0
2024-12-31|03403|Oldenburg (Oldenburg), kreisfreie Stadt|weiblich||43.8
2024-12-31|03404|Osnabrück, kreisfreie Stadt||30.6|
2024-12-31|03404|Osnabrück, kreisfreie Stadt|Insgesamt||40.2
2024-12-31|03404|Osnabrück, kreisfreie Stadt|männlich||39.2
2024-12-31|03404|Osnabrück, kreisfreie Stadt|weiblich||41.4
2024-12-31|03405|Wilhelmshaven, kreisfreie Stadt||45.4|
2024-12-31|03405|Wilhelmshaven, kreisfreie Stadt|Insgesamt||47.4
2024-12-31|03405|Wilhelmshaven, kreisfreie Stadt|männlich||44.0
2024-12-31|03405|Wilhelmshaven, kreisfreie Stadt|weiblich||51.1
2024-12-31|03451|Ammerland, Landkreis||43.7|
2024-12-31|03451|Ammerland, Landkreis|Insgesamt||48.0
2024-12-31|03451|Ammerland, Landkreis|männlich||46.1
2024-12-31|03451|Ammerland, Landkreis|weiblich||49.9
2024-12-31|03452|Aurich, Landkreis||44.3|
2024-12-31|03452|Aurich, Landkreis|Insgesamt||49.4
2024-12-31|03452|Aurich, Landkreis|männlich||47.3
2024-12-31|03452|Aurich, Landkreis|weiblich||51.4
2024-12-31|03453|Cloppenburg, Landkreis||30.8|
2024-12-31|03453|Cloppenburg, Landkreis|Insgesamt||41.5
2024-12-31|03453|Cloppenburg, Landkreis|männlich||40.1
2024-12-31|03453|Cloppenburg, Landkreis|weiblich||43.0
2024-12-31|03454|Emsland, Landkreis||35.4|
2024-12-31|03454|Emsland, Landkreis|Insgesamt||44.3
2024-12-31|03454|Emsland, Landkreis|männlich||42.8
2024-12-31|03454|Emsland, Landkreis|weiblich||45.8
2024-12-31|03455|Friesland, Landkreis||49.0|
2024-12-31|03455|Friesland, Landkreis|Insgesamt||51.2
2024-12-31|03455|Friesland, Landkreis|männlich||49.1
2024-12-31|03455|Friesland, Landkreis|weiblich||53.0
2024-12-31|03456|Grafschaft Bentheim, Landkreis||37.6|
2024-12-31|03456|Grafschaft Bentheim, Landkreis|Insgesamt||45.5
2024-12-31|03456|Grafschaft Bentheim, Landkreis|männlich||43.9
2024-12-31|03456|Grafschaft Bentheim, Landkreis|weiblich||47.3
2024-12-31|03457|Leer, Landkreis||40.2|
2024-12-31|03457|Leer, Landkreis|Insgesamt||46.5
2024-12-31|03457|Leer, Landkreis|männlich||44.7
2024-12-31|03457|Leer, Landkreis|weiblich||48.4
2024-12-31|03458|Oldenburg, Landkreis||39.8|
2024-12-31|03458|Oldenburg, Landkreis|Insgesamt||47.7
2024-12-31|03458|Oldenburg, Landkreis|männlich||46.0
2024-12-31|03458|Oldenburg, Landkreis|weiblich||49.4
2024-12-31|03459|Osnabrück, Landkreis||39.9|
2024-12-31|03459|Osnabrück, Landkreis|Insgesamt||46.6
2024-12-31|03459|Osnabrück, Landkreis|männlich||44.9
2024-12-31|03459|Osnabrück, Landkreis|weiblich||48.3
2024-12-31|03460|Vechta, Landkreis||30.5|
2024-12-31|03460|Vechta, Landkreis|Insgesamt||41.9
2024-12-31|03460|Vechta, Landkreis|männlich||41.0
2024-12-31|03460|Vechta, Landkreis|weiblich||43.0
2024-12-31|03461|Wesermarsch, Landkreis||43.5|
2024-12-31|03461|Wesermarsch, Landkreis|Insgesamt||49.0
2024-12-31|03461|Wesermarsch, Landkreis|männlich||47.3
2024-12-31|03461|Wesermarsch, Landkreis|weiblich||50.7
2024-12-31|03462|Wittmund, Landkreis||48.9|
2024-12-31|03462|Wittmund, Landkreis|Insgesamt||50.8
2024-12-31|03462|Wittmund, Landkreis|männlich||48.7
2024-12-31|03462|Wittmund, Landkreis|weiblich||52.7
2024-12-31|04011|Bremen, kreisfreie Stadt||34.3|
2024-12-31|04011|Bremen, kreisfreie Stadt|Insgesamt||42.1
2024-12-31|04011|Bremen, kreisfreie Stadt|männlich||40.2
2024-12-31|04011|Bremen, kreisfreie Stadt|weiblich||44.0
2024-12-31|04012|Bremerhaven, kreisfreie Stadt||37.6|
2024-12-31|04012|Bremerhaven, kreisfreie Stadt|Insgesamt||42.9
2024-12-31|04012|Bremerhaven, kreisfreie Stadt|männlich||41.0
2024-12-31|04012|Bremerhaven, kreisfreie Stadt|weiblich||45.0
2024-12-31|05111|Düsseldorf, kreisfreie Stadt||29.9|
2024-12-31|05111|Düsseldorf, kreisfreie Stadt|Insgesamt||42.0
2024-12-31|05111|Düsseldorf, kreisfreie Stadt|männlich||40.9
2024-12-31|05111|Düsseldorf, kreisfreie Stadt|weiblich||43.0
2024-12-31|05112|Duisburg, kreisfreie Stadt||34.3|
2024-12-31|05112|Duisburg, kreisfreie Stadt|Insgesamt||43.1
2024-12-31|05112|Duisburg, kreisfreie Stadt|männlich||41.4
2024-12-31|05112|Duisburg, kreisfreie Stadt|weiblich||44.8
2024-12-31|05113|Essen, kreisfreie Stadt||37.2|
2024-12-31|05113|Essen, kreisfreie Stadt|Insgesamt||43.7
2024-12-31|05113|Essen, kreisfreie Stadt|männlich||41.9
2024-12-31|05113|Essen, kreisfreie Stadt|weiblich||45.5
2024-12-31|05114|Krefeld, kreisfreie Stadt||37.8|
2024-12-31|05114|Krefeld, kreisfreie Stadt|Insgesamt||45.6
2024-12-31|05114|Krefeld, kreisfreie Stadt|männlich||43.5
2024-12-31|05114|Krefeld, kreisfreie Stadt|weiblich||47.7
2024-12-31|05116|Mönchengladbach, kreisfreie Stadt||36.6|
2024-12-31|05116|Mönchengladbach, kreisfreie Stadt|Insgesamt||44.2
2024-12-31|05116|Mönchengladbach, kreisfreie Stadt|männlich||42.2
2024-12-31|05116|Mönchengladbach, kreisfreie Stadt|weiblich||46.3
2024-12-31|05117|Mülheim an der Ruhr, kreisfreie Stadt||41.8|
2024-12-31|05117|Mülheim an der Ruhr, kreisfreie Stadt|Insgesamt||46.7
2024-12-31|05117|Mülheim an der Ruhr, kreisfreie Stadt|männlich||44.4
2024-12-31|05117|Mülheim an der Ruhr, kreisfreie Stadt|weiblich||48.9
2024-12-31|05119|Oberhausen, kreisfreie Stadt||39.3|
2024-12-31|05119|Oberhausen, kreisfreie Stadt|Insgesamt||45.7
2024-12-31|05119|Oberhausen, kreisfreie Stadt|männlich||44.1
2024-12-31|05119|Oberhausen, kreisfreie Stadt|weiblich||47.2
2024-12-31|05120|Remscheid, kreisfreie Stadt||38.0|
2024-12-31|05120|Remscheid, kreisfreie Stadt|Insgesamt||45.7
2024-12-31|05120|Remscheid, kreisfreie Stadt|männlich||44.1
2024-12-31|05120|Remscheid, kreisfreie Stadt|weiblich||47.5
2024-12-31|05122|Solingen, kreisfreie Stadt||38.0|
2024-12-31|05122|Solingen, kreisfreie Stadt|Insgesamt||46.0
2024-12-31|05122|Solingen, kreisfreie Stadt|männlich||44.1
2024-12-31|05122|Solingen, kreisfreie Stadt|weiblich||47.8
2024-12-31|05124|Wuppertal, kreisfreie Stadt||35.6|
2024-12-31|05124|Wuppertal, kreisfreie Stadt|Insgesamt||43.4
2024-12-31|05124|Wuppertal, kreisfreie Stadt|männlich||41.7
2024-12-31|05124|Wuppertal, kreisfreie Stadt|weiblich||45.3
2024-12-31|05154|Kleve, Kreis||37.1|
2024-12-31|05154|Kleve, Kreis|Insgesamt||45.5
2024-12-31|05154|Kleve, Kreis|männlich||43.7
2024-12-31|05154|Kleve, Kreis|weiblich||47.5
2024-12-31|05158|Mettmann, Kreis||43.3|
2024-12-31|05158|Mettmann, Kreis|Insgesamt||48.0
2024-12-31|05158|Mettmann, Kreis|männlich||46.0
2024-12-31|05158|Mettmann, Kreis|weiblich||50.0
2024-12-31|05162|Rhein-Kreis Neuss||39.9|
2024-12-31|05162|Rhein-Kreis Neuss|Insgesamt||46.8
2024-12-31|05162|Rhein-Kreis Neuss|männlich||45.1
2024-12-31|05162|Rhein-Kreis Neuss|weiblich||48.5
2024-12-31|05166|Viersen, Kreis||41.2|
2024-12-31|05166|Viersen, Kreis|Insgesamt||48.4
2024-12-31|05166|Viersen, Kreis|männlich||46.5
2024-12-31|05166|Viersen, Kreis|weiblich||50.3
2024-12-31|05170|Wesel, Kreis||44.1|
2024-12-31|05170|Wesel, Kreis|Insgesamt||48.6
2024-12-31|05170|Wesel, Kreis|männlich||46.5
2024-12-31|05170|Wesel, Kreis|weiblich||50.7
2024-12-31|05314|Bonn, kreisfreie Stadt||30.8|
2024-12-31|05314|Bonn, kreisfreie Stadt|Insgesamt||41.0
2024-12-31|05314|Bonn, kreisfreie Stadt|männlich||39.7
2024-12-31|05314|Bonn, kreisfreie Stadt|weiblich||42.4
2024-12-31|05315|Köln, kreisfreie Stadt||28.1|
2024-12-31|05315|Köln, kreisfreie Stadt|Insgesamt||41.3
2024-12-31|05315|Köln, kreisfreie Stadt|männlich||40.5
2024-12-31|05315|Köln, kreisfreie Stadt|weiblich||42.2
2024-12-31|05316|Leverkusen, kreisfreie Stadt||36.5|
2024-12-31|05316|Leverkusen, kreisfreie Stadt|Insgesamt||44.9
2024-12-31|05316|Leverkusen, kreisfreie Stadt|männlich||43.2
2024-12-31|05316|Leverkusen, kreisfreie Stadt|weiblich||46.8
2024-12-31|05334|Städteregion Aachen, Kreis||34.8|
2024-12-31|05334|Städteregion Aachen, Kreis|Insgesamt||42.5
2024-12-31|05334|Städteregion Aachen, Kreis|männlich||39.9
2024-12-31|05334|Städteregion Aachen, Kreis|weiblich||45.1
2024-12-31|05334002|Aachen, kreisfreie Stadt||28.9|
2024-12-31|05334002|Aachen, kreisfreie Stadt|Insgesamt||37.3
2024-12-31|05334002|Aachen, kreisfreie Stadt|männlich||34.5
2024-12-31|05334002|Aachen, kreisfreie Stadt|weiblich||41.0
2024-12-31|05358|Düren, Kreis||38.7|
2024-12-31|05358|Düren, Kreis|Insgesamt||45.6
2024-12-31|05358|Düren, Kreis|männlich||43.8
2024-12-31|05358|Düren, Kreis|weiblich||47.6
2024-12-31|05362|Rhein-Erft-Kreis||38.0|
2024-12-31|05362|Rhein-Erft-Kreis|Insgesamt||45.6
2024-12-31|05362|Rhein-Erft-Kreis|männlich||44.0
2024-12-31|05362|Rhein-Erft-Kreis|weiblich||47.3
2024-12-31|05366|Euskirchen, Kreis||40.3|
2024-12-31|05366|Euskirchen, Kreis|Insgesamt||47.2
2024-12-31|05366|Euskirchen, Kreis|männlich||45.2
2024-12-31|05366|Euskirchen, Kreis|weiblich||49.2
2024-12-31|05370|Heinsberg, Kreis||39.2|
2024-12-31|05370|Heinsberg, Kreis|Insgesamt||46.5
2024-12-31|05370|Heinsberg, Kreis|männlich||44.9
2024-12-31|05370|Heinsberg, Kreis|weiblich||48.2
2024-12-31|05374|Oberbergischer Kreis||39.7|
2024-12-31|05374|Oberbergischer Kreis|Insgesamt||46.3
2024-12-31|05374|Oberbergischer Kreis|männlich||44.7
2024-12-31|05374|Oberbergischer Kreis|weiblich||47.8
2024-12-31|05378|Rheinisch-Bergischer Kreis||42.6|
2024-12-31|05378|Rheinisch-Bergischer Kreis|Insgesamt||48.6
2024-12-31|05378|Rheinisch-Bergischer Kreis|männlich||46.9
2024-12-31|05378|Rheinisch-Bergischer Kreis|weiblich||50.3
2024-12-31|05382|Rhein-Sieg-Kreis||40.2|
2024-12-31|05382|Rhein-Sieg-Kreis|Insgesamt||46.8
2024-12-31|05382|Rhein-Sieg-Kreis|männlich||44.9
2024-12-31|05382|Rhein-Sieg-Kreis|weiblich||48.6
2024-12-31|05512|Bottrop, kreisfreie Stadt||42.4|
2024-12-31|05512|Bottrop, kreisfreie Stadt|Insgesamt||47.4
2024-12-31|05512|Bottrop, kreisfreie Stadt|männlich||45.2
2024-12-31|05512|Bottrop, kreisfreie Stadt|weiblich||49.7
2024-12-31|05513|Gelsenkirchen, kreisfreie Stadt||35.1|
2024-12-31|05513|Gelsenkirchen, kreisfreie Stadt|Insgesamt||42.8
2024-12-31|05513|Gelsenkirchen, kreisfreie Stadt|männlich||41.1
2024-12-31|05513|Gelsenkirchen, kreisfreie Stadt|weiblich||44.5
2024-12-31|05515|Münster, kreisfreie Stadt||29.2|
2024-12-31|05515|Münster, kreisfreie Stadt|Insgesamt||39.1
2024-12-31|05515|Münster, kreisfreie Stadt|männlich||38.2
2024-12-31|05515|Münster, kreisfreie Stadt|weiblich||39.9
2024-12-31|05554|Borken, Kreis||35.0|
2024-12-31|05554|Borken, Kreis|Insgesamt||44.6
2024-12-31|05554|Borken, Kreis|männlich||43.1
2024-12-31|05554|Borken, Kreis|weiblich||46.2
2024-12-31|05558|Coesfeld, Kreis||40.6|
2024-12-31|05558|Coesfeld, Kreis|Insgesamt||47.0
2024-12-31|05558|Coesfeld, Kreis|männlich||45.1
2024-12-31|05558|Coesfeld, Kreis|weiblich||49.0
2024-12-31|05562|Recklinghausen, Kreis||42.1|
2024-12-31|05562|Recklinghausen, Kreis|Insgesamt||47.3
2024-12-31|05562|Recklinghausen, Kreis|männlich||45.1
2024-12-31|05562|Recklinghausen, Kreis|weiblich||49.5
2024-12-31|05566|Steinfurt, Kreis||36.6|
2024-12-31|05566|Steinfurt, Kreis|Insgesamt||45.4
2024-12-31|05566|Steinfurt, Kreis|männlich||43.6
2024-12-31|05566|Steinfurt, Kreis|weiblich||47.3
2024-12-31|05570|Warendorf, Kreis||39.6|
2024-12-31|05570|Warendorf, Kreis|Insgesamt||46.5
2024-12-31|05570|Warendorf, Kreis|männlich||44.8
2024-12-31|05570|Warendorf, Kreis|weiblich||48.1
2024-12-31|05711|Bielefeld, kreisfreie Stadt||33.7|
2024-12-31|05711|Bielefeld, kreisfreie Stadt|Insgesamt||42.2
2024-12-31|05711|Bielefeld, kreisfreie Stadt|männlich||40.8
2024-12-31|05711|Bielefeld, kreisfreie Stadt|weiblich||43.6
2024-12-31|05754|Gütersloh, Kreis||36.0|
2024-12-31|05754|Gütersloh, Kreis|Insgesamt||45.2
2024-12-31|05754|Gütersloh, Kreis|männlich||43.3
2024-12-31|05754|Gütersloh, Kreis|weiblich||47.2
2024-12-31|05758|Herford, Kreis||40.6|
2024-12-31|05758|Herford, Kreis|Insgesamt||46.8
2024-12-31|05758|Herford, Kreis|männlich||44.9
2024-12-31|05758|Herford, Kreis|weiblich||48.8
2024-12-31|05762|Höxter, Kreis||44.0|
2024-12-31|05762|Höxter, Kreis|Insgesamt||48.4
2024-12-31|05762|Höxter, Kreis|männlich||46.4
2024-12-31|05762|Höxter, Kreis|weiblich||50.5
2024-12-31|05766|Lippe, Kreis||42.6|
2024-12-31|05766|Lippe, Kreis|Insgesamt||46.5
2024-12-31|05766|Lippe, Kreis|männlich||44.3
2024-12-31|05766|Lippe, Kreis|weiblich||48.7
2024-12-31|05770|Minden-Lübbecke, Kreis||40.6|
2024-12-31|05770|Minden-Lübbecke, Kreis|Insgesamt||46.2
2024-12-31|05770|Minden-Lübbecke, Kreis|männlich||44.2
2024-12-31|05770|Minden-Lübbecke, Kreis|weiblich||48.3
2024-12-31|05774|Paderborn, Kreis||34.4|
2024-12-31|05774|Paderborn, Kreis|Insgesamt||43.0
2024-12-31|05774|Paderborn, Kreis|männlich||41.3
2024-12-31|05774|Paderborn, Kreis|weiblich||44.8
2024-12-31|05911|Bochum, kreisfreie Stadt||37.1|
2024-12-31|05911|Bochum, kreisfreie Stadt|Insgesamt||43.9
2024-12-31|05911|Bochum, kreisfreie Stadt|männlich||42.2
2024-12-31|05911|Bochum, kreisfreie Stadt|weiblich||45.9
2024-12-31|05913|Dortmund, kreisfreie Stadt||34.0|
2024-12-31|05913|Dortmund, kreisfreie Stadt|Insgesamt||42.8
2024-12-31|05913|Dortmund, kreisfreie Stadt|männlich||41.2
2024-12-31|05913|Dortmund, kreisfreie Stadt|weiblich||44.4
2024-12-31|05914|Hagen, kreisfreie Stadt||37.1|
2024-12-31|05914|Hagen, kreisfreie Stadt|Insgesamt||44.1
2024-12-31|05914|Hagen, kreisfreie Stadt|männlich||42.5
2024-12-31|05914|Hagen, kreisfreie Stadt|weiblich||45.9
2024-12-31|05915|Hamm, kreisfreie Stadt||37.1|
2024-12-31|05915|Hamm, kreisfreie Stadt|Insgesamt||44.4
2024-12-31|05915|Hamm, kreisfreie Stadt|männlich||42.6
2024-12-31|05915|Hamm, kreisfreie Stadt|weiblich||46.4
2024-12-31|05916|Herne, kreisfreie Stadt||37.7|
2024-12-31|05916|Herne, kreisfreie Stadt|Insgesamt||44.9
2024-12-31|05916|Herne, kreisfreie Stadt|männlich||43.1
2024-12-31|05916|Herne, kreisfreie Stadt|weiblich||46.9
2024-12-31|05954|Ennepe-Ruhr-Kreis||43.7|
2024-12-31|05954|Ennepe-Ruhr-Kreis|Insgesamt||48.6
2024-12-31|05954|Ennepe-Ruhr-Kreis|männlich||46.5
2024-12-31|05954|Ennepe-Ruhr-Kreis|weiblich||50.6
2024-12-31|05958|Hochsauerlandkreis||41.3|
2024-12-31|05958|Hochsauerlandkreis|Insgesamt||48.0
2024-12-31|05958|Hochsauerlandkreis|männlich||45.9
2024-12-31|05958|Hochsauerlandkreis|weiblich||50.0
2024-12-31|05962|Märkischer Kreis||40.5|
2024-12-31|05962|Märkischer Kreis|Insgesamt||47.3
2024-12-31|05962|Märkischer Kreis|männlich||45.3
2024-12-31|05962|Märkischer Kreis|weiblich||49.4
2024-12-31|05966|Olpe, Kreis||37.2|
2024-12-31|05966|Olpe, Kreis|Insgesamt||46.4
2024-12-31|05966|Olpe, Kreis|männlich||44.6
2024-12-31|05966|Olpe, Kreis|weiblich||48.3
2024-12-31|05970|Siegen-Wittgenstein, Kreis||39.1|
2024-12-31|05970|Siegen-Wittgenstein, Kreis|Insgesamt||45.4
2024-12-31|05970|Siegen-Wittgenstein, Kreis|männlich||43.3
2024-12-31|05970|Siegen-Wittgenstein, Kreis|weiblich||47.6
2024-12-31|05974|Soest, Kreis||39.8|
2024-12-31|05974|Soest, Kreis|Insgesamt||47.0
2024-12-31|05974|Soest, Kreis|männlich||45.1
2024-12-31|05974|Soest, Kreis|weiblich||49.0
2024-12-31|05978|Unna, Kreis||42.5|
2024-12-31|05978|Unna, Kreis|Insgesamt||47.8
2024-12-31|05978|Unna, Kreis|männlich||45.7
2024-12-31|05978|Unna, Kreis|weiblich||49.8
2024-12-31|06411|Darmstadt, kreisfreie Stadt, Wissenschaftsstadt||26.9|
2024-12-31|06411|Darmstadt, kreisfreie Stadt, Wissenschaftsstadt|Insgesamt||37.8
2024-12-31|06411|Darmstadt, kreisfreie Stadt, Wissenschaftsstadt|männlich||35.6
2024-12-31|06411|Darmstadt, kreisfreie Stadt, Wissenschaftsstadt|weiblich||40.5
2024-12-31|06412|Frankfurt am Main, kreisfreie Stadt||24.4|
2024-12-31|06412|Frankfurt am Main, kreisfreie Stadt|Insgesamt||39.7
2024-12-31|06412|Frankfurt am Main, kreisfreie Stadt|männlich||39.2
2024-12-31|06412|Frankfurt am Main, kreisfreie Stadt|weiblich||40.2
2024-12-31|06413|Offenbach am Main, kreisfreie Stadt||25.1|
2024-12-31|06413|Offenbach am Main, kreisfreie Stadt|Insgesamt||39.9
2024-12-31|06413|Offenbach am Main, kreisfreie Stadt|männlich||39.3
2024-12-31|06413|Offenbach am Main, kreisfreie Stadt|weiblich||40.5
2024-12-31|06414|Wiesbaden, kreisfreie Stadt, Landeshauptstadt||32.7|
2024-12-31|06414|Wiesbaden, kreisfreie Stadt, Landeshauptstadt|Insgesamt||43.0
2024-12-31|06414|Wiesbaden, kreisfreie Stadt, Landeshauptstadt|männlich||41.5
2024-12-31|06414|Wiesbaden, kreisfreie Stadt, Landeshauptstadt|weiblich||44.3
2024-12-31|06431|Bergstraße, Landkreis||41.2|
2024-12-31|06431|Bergstraße, Landkreis|Insgesamt||47.4
2024-12-31|06431|Bergstraße, Landkreis|männlich||45.8
2024-12-31|06431|Bergstraße, Landkreis|weiblich||49.1
2024-12-31|06432|Darmstadt-Dieburg, Landkreis||38.4|
2024-12-31|06432|Darmstadt-Dieburg, Landkreis|Insgesamt||46.3
2024-12-31|06432|Darmstadt-Dieburg, Landkreis|männlich||44.9
2024-12-31|06432|Darmstadt-Dieburg, Landkreis|weiblich||47.7
2024-12-31|06433|Groß-Gerau, Landkreis||33.2|
2024-12-31|06433|Groß-Gerau, Landkreis|Insgesamt||43.6
2024-12-31|06433|Groß-Gerau, Landkreis|männlich||42.3
2024-12-31|06433|Groß-Gerau, Landkreis|weiblich||44.9
2024-12-31|06434|Hochtaunuskreis||41.4|
2024-12-31|06434|Hochtaunuskreis|Insgesamt||47.6
2024-12-31|06434|Hochtaunuskreis|männlich||45.8
2024-12-31|06434|Hochtaunuskreis|weiblich||49.3
2024-12-31|06435|Main-Kinzig-Kreis||38.8|
2024-12-31|06435|Main-Kinzig-Kreis|Insgesamt||45.9
2024-12-31|06435|Main-Kinzig-Kreis|männlich||44.3
2024-12-31|06435|Main-Kinzig-Kreis|weiblich||47.6
2024-12-31|06436|Main-Taunus-Kreis||37.4|
2024-12-31|06436|Main-Taunus-Kreis|Insgesamt||46.1
2024-12-31|06436|Main-Taunus-Kreis|männlich||44.6
2024-12-31|06436|Main-Taunus-Kreis|weiblich||47.5
2024-12-31|06437|Odenwaldkreis||45.8|
2024-12-31|06437|Odenwaldkreis|Insgesamt||49.3
2024-12-31|06437|Odenwaldkreis|männlich||47.5
2024-12-31|06437|Odenwaldkreis|weiblich||51.1
2024-12-31|06438|Offenbach, Landkreis||37.6|
2024-12-31|06438|Offenbach, Landkreis|Insgesamt||45.0
2024-12-31|06438|Offenbach, Landkreis|männlich||43.6
2024-12-31|06438|Offenbach, Landkreis|weiblich||46.5
2024-12-31|06439|Rheingau-Taunus-Kreis||43.3|
2024-12-31|06439|Rheingau-Taunus-Kreis|Insgesamt||48.9
2024-12-31|06439|Rheingau-Taunus-Kreis|männlich||47.1
2024-12-31|06439|Rheingau-Taunus-Kreis|weiblich||50.7
2024-12-31|06440|Wetteraukreis||38.7|
2024-12-31|06440|Wetteraukreis|Insgesamt||46.4
2024-12-31|06440|Wetteraukreis|männlich||44.8
2024-12-31|06440|Wetteraukreis|weiblich||48.0
2024-12-31|06531|Gießen, Landkreis||34.3|
2024-12-31|06531|Gießen, Landkreis|Insgesamt||41.9
2024-12-31|06531|Gießen, Landkreis|männlich||40.7
2024-12-31|06531|Gießen, Landkreis|weiblich||43.2
2024-12-31|06532|Lahn-Dill-Kreis||40.5|
2024-12-31|06532|Lahn-Dill-Kreis|Insgesamt||46.7
2024-12-31|06532|Lahn-Dill-Kreis|männlich||44.6
2024-12-31|06532|Lahn-Dill-Kreis|weiblich||48.9
2024-12-31|06533|Limburg-Weilburg, Landkreis||40.1|
2024-12-31|06533|Limburg-Weilburg, Landkreis|Insgesamt||46.9
2024-12-31|06533|Limburg-Weilburg, Landkreis|männlich||45.2
2024-12-31|06533|Limburg-Weilburg, Landkreis|weiblich||48.6
2024-12-31|06534|Marburg-Biedenkopf, Landkreis||35.2|
2024-12-31|06534|Marburg-Biedenkopf, Landkreis|Insgesamt||43.6
2024-12-31|06534|Marburg-Biedenkopf, Landkreis|männlich||42.2
2024-12-31|06534|Marburg-Biedenkopf, Landkreis|weiblich||44.9
2024-12-31|06535|Vogelsbergkreis||48.3|
2024-12-31|06535|Vogelsbergkreis|Insgesamt||50.5
2024-12-31|06535|Vogelsbergkreis|männlich||48.6
2024-12-31|06535|Vogelsbergkreis|weiblich||52.4
2024-12-31|06611|Kassel, kreisfreie Stadt, documenta-Stadt||33.4|
2024-12-31|06611|Kassel, kreisfreie Stadt, documenta-Stadt|Insgesamt||41.4
2024-12-31|06611|Kassel, kreisfreie Stadt, documenta-Stadt|männlich||39.9
2024-12-31|06611|Kassel, kreisfreie Stadt, documenta-Stadt|weiblich||43.0
2024-12-31|06631|Fulda, Landkreis||38.9|
2024-12-31|06631|Fulda, Landkreis|Insgesamt||45.4
2024-12-31|06631|Fulda, Landkreis|männlich||43.6
2024-12-31|06631|Fulda, Landkreis|weiblich||47.4
2024-12-31|06632|Hersfeld-Rotenburg, Landkreis||46.1|
2024-12-31|06632|Hersfeld-Rotenburg, Landkreis|Insgesamt||48.9
2024-12-31|06632|Hersfeld-Rotenburg, Landkreis|männlich||46.8
2024-12-31|06632|Hersfeld-Rotenburg, Landkreis|weiblich||51.0
2024-12-31|06633|Kassel, Landkreis||46.7|
2024-12-31|06633|Kassel, Landkreis|Insgesamt||49.5
2024-12-31|06633|Kassel, Landkreis|männlich||47.5
2024-12-31|06633|Kassel, Landkreis|weiblich||51.4
2024-12-31|06634|Schwalm-Eder-Kreis||43.3|
2024-12-31|06634|Schwalm-Eder-Kreis|Insgesamt||48.5
2024-12-31|06634|Schwalm-Eder-Kreis|männlich||46.6
2024-12-31|06634|Schwalm-Eder-Kreis|weiblich||50.3
2024-12-31|06635|Waldeck-Frankenberg, Landkreis||43.2|
2024-12-31|06635|Waldeck-Frankenberg, Landkreis|Insgesamt||48.4
2024-12-31|06635|Waldeck-Frankenberg, Landkreis|männlich||46.2
2024-12-31|06635|Waldeck-Frankenberg, Landkreis|weiblich||50.5
2024-12-31|06636|Werra-Meißner-Kreis||48.0|
2024-12-31|06636|Werra-Meißner-Kreis|Insgesamt||50.7
2024-12-31|06636|Werra-Meißner-Kreis|männlich||48.0
2024-12-31|06636|Werra-Meißner-Kreis|weiblich||52.9
2024-12-31|07111|Koblenz, kreisfreie Stadt||36.2|
2024-12-31|07111|Koblenz, kreisfreie Stadt|Insgesamt||42.4
2024-12-31|07111|Koblenz, kreisfreie Stadt|männlich||40.1
2024-12-31|07111|Koblenz, kreisfreie Stadt|weiblich||44.9
2024-12-31|07131|Ahrweiler, Landkreis||46.0|
2024-12-31|07131|Ahrweiler, Landkreis|Insgesamt||49.1
2024-12-31|07131|Ahrweiler, Landkreis|männlich||47.1
2024-12-31|07131|Ahrweiler, Landkreis|weiblich||51.0
2024-12-31|07132|Altenkirchen (Westerwald), Landkreis||41.4|
2024-12-31|07132|Altenkirchen (Westerwald), Landkreis|Insgesamt||46.9
2024-12-31|07132|Altenkirchen (Westerwald), Landkreis|männlich||45.0
2024-12-31|07132|Altenkirchen (Westerwald), Landkreis|weiblich||48.9
2024-12-31|07133|Bad Kreuznach, Landkreis||43.5|
2024-12-31|07133|Bad Kreuznach, Landkreis|Insgesamt||48.0
2024-12-31|07133|Bad Kreuznach, Landkreis|männlich||45.9
2024-12-31|07133|Bad Kreuznach, Landkreis|weiblich||50.0
2024-12-31|07134|Birkenfeld, Landkreis||45.6|
2024-12-31|07134|Birkenfeld, Landkreis|Insgesamt||48.5
2024-12-31|07134|Birkenfeld, Landkreis|männlich||46.0
2024-12-31|07134|Birkenfeld, Landkreis|weiblich||50.8
2024-12-31|07135|Cochem-Zell, Landkreis||45.7|
2024-12-31|07135|Cochem-Zell, Landkreis|Insgesamt||50.4
2024-12-31|07135|Cochem-Zell, Landkreis|männlich||47.9
2024-12-31|07135|Cochem-Zell, Landkreis|weiblich||52.4
2024-12-31|07137|Mayen-Koblenz, Landkreis||40.8|
2024-12-31|07137|Mayen-Koblenz, Landkreis|Insgesamt||46.7
2024-12-31|07137|Mayen-Koblenz, Landkreis|männlich||45.0
2024-12-31|07137|Mayen-Koblenz, Landkreis|weiblich||48.4
2024-12-31|07138|Neuwied, Landkreis||41.6|
2024-12-31|07138|Neuwied, Landkreis|Insgesamt||46.7
2024-12-31|07138|Neuwied, Landkreis|männlich||44.9
2024-12-31|07138|Neuwied, Landkreis|weiblich||48.4
2024-12-31|07140|Rhein-Hunsrück-Kreis||42.5|
2024-12-31|07140|Rhein-Hunsrück-Kreis|Insgesamt||48.0
2024-12-31|07140|Rhein-Hunsrück-Kreis|männlich||46.2
2024-12-31|07140|Rhein-Hunsrück-Kreis|weiblich||49.8
2024-12-31|07141|Rhein-Lahn-Kreis||43.4|
2024-12-31|07141|Rhein-Lahn-Kreis|Insgesamt||48.1
2024-12-31|07141|Rhein-Lahn-Kreis|männlich||46.3
2024-12-31|07141|Rhein-Lahn-Kreis|weiblich||49.9
2024-12-31|07143|Westerwaldkreis||39.2|
2024-12-31|07143|Westerwaldkreis|Insgesamt||46.9
2024-12-31|07143|Westerwaldkreis|männlich||45.4
2024-12-31|07143|Westerwaldkreis|weiblich||48.3
2024-12-31|07211|Trier, kreisfreie Stadt||30.9|
2024-12-31|07211|Trier, kreisfreie Stadt|Insgesamt||40.7
2024-12-31|07211|Trier, kreisfreie Stadt|männlich||39.1
2024-12-31|07211|Trier, kreisfreie Stadt|weiblich||42.5
2024-12-31|07231|Bernkastel-Wittlich, Landkreis||42.9|
2024-12-31|07231|Bernkastel-Wittlich, Landkreis|Insgesamt||48.3
2024-12-31|07231|Bernkastel-Wittlich, Landkreis|männlich||46.7
2024-12-31|07231|Bernkastel-Wittlich, Landkreis|weiblich||50.1
2024-12-31|07232|Eifelkreis Bitburg-Prüm||37.8|
2024-12-31|07232|Eifelkreis Bitburg-Prüm|Insgesamt||46.0
2024-12-31|07232|Eifelkreis Bitburg-Prüm|männlich||44.3
2024-12-31|07232|Eifelkreis Bitburg-Prüm|weiblich||47.9
2024-12-31|07233|Vulkaneifel, Landkreis||46.9|
2024-12-31|07233|Vulkaneifel, Landkreis|Insgesamt||50.0
2024-12-31|07233|Vulkaneifel, Landkreis|männlich||48.4
2024-12-31|07233|Vulkaneifel, Landkreis|weiblich||51.7
2024-12-31|07235|Trier-Saarburg, Landkreis||38.9|
2024-12-31|07235|Trier-Saarburg, Landkreis|Insgesamt||46.7
2024-12-31|07235|Trier-Saarburg, Landkreis|männlich||45.3
2024-12-31|07235|Trier-Saarburg, Landkreis|weiblich||48.1
2024-12-31|07311|Frankenthal (Pfalz), kreisfreie Stadt||41.8|
2024-12-31|07311|Frankenthal (Pfalz), kreisfreie Stadt|Insgesamt||45.5
2024-12-31|07311|Frankenthal (Pfalz), kreisfreie Stadt|männlich||43.3
2024-12-31|07311|Frankenthal (Pfalz), kreisfreie Stadt|weiblich||48.1
2024-12-31|07312|Kaiserslautern, kreisfreie Stadt||35.1|
2024-12-31|07312|Kaiserslautern, kreisfreie Stadt|Insgesamt||42.1
2024-12-31|07312|Kaiserslautern, kreisfreie Stadt|männlich||39.0
2024-12-31|07312|Kaiserslautern, kreisfreie Stadt|weiblich||45.4
2024-12-31|07313|Landau in der Pfalz, kreisfreie Stadt||33.9|
2024-12-31|07313|Landau in der Pfalz, kreisfreie Stadt|Insgesamt||42.2
2024-12-31|07313|Landau in der Pfalz, kreisfreie Stadt|männlich||41.4
2024-12-31|07313|Landau in der Pfalz, kreisfreie Stadt|weiblich||43.1
2024-12-31|07314|Ludwigshafen am Rhein, kreisfreie Stadt||31.5|
2024-12-31|07314|Ludwigshafen am Rhein, kreisfreie Stadt|Insgesamt||41.6
2024-12-31|07314|Ludwigshafen am Rhein, kreisfreie Stadt|männlich||40.4
2024-12-31|07314|Ludwigshafen am Rhein, kreisfreie Stadt|weiblich||43.0
2024-12-31|07315|Mainz, kreisfreie Stadt||27.6|
2024-12-31|07315|Mainz, kreisfreie Stadt|Insgesamt||38.6
2024-12-31|07315|Mainz, kreisfreie Stadt|männlich||38.2
2024-12-31|07315|Mainz, kreisfreie Stadt|weiblich||39.0
2024-12-31|07316|Neustadt an der Weinstraße, kreisfreie Stadt||46.5|
2024-12-31|07316|Neustadt an der Weinstraße, kreisfreie Stadt|Insgesamt||48.3
2024-12-31|07316|Neustadt an der Weinstraße, kreisfreie Stadt|männlich||45.7
2024-12-31|07316|Neustadt an der Weinstraße, kreisfreie Stadt|weiblich||50.9
2024-12-31|07317|Pirmasens, kreisfreie Stadt||45.2|
2024-12-31|07317|Pirmasens, kreisfreie Stadt|Insgesamt||47.4
2024-12-31|07317|Pirmasens, kreisfreie Stadt|männlich||44.6
2024-12-31|07317|Pirmasens, kreisfreie Stadt|weiblich||50.5
2024-12-31|07318|Speyer, kreisfreie Stadt||43.1|
2024-12-31|07318|Speyer, kreisfreie Stadt|Insgesamt||47.7
2024-12-31|07318|Speyer, kreisfreie Stadt|männlich||44.9
2024-12-31|07318|Speyer, kreisfreie Stadt|weiblich||50.6
2024-12-31|07319|Worms, kreisfreie Stadt||35.3|
2024-12-31|07319|Worms, kreisfreie Stadt|Insgesamt||43.5
2024-12-31|07319|Worms, kreisfreie Stadt|männlich||41.9
2024-12-31|07319|Worms, kreisfreie Stadt|weiblich||45.1
2024-12-31|07320|Zweibrücken, kreisfreie Stadt||43.8|
2024-12-31|07320|Zweibrücken, kreisfreie Stadt|Insgesamt||46.7
2024-12-31|07320|Zweibrücken, kreisfreie Stadt|männlich||45.0
2024-12-31|07320|Zweibrücken, kreisfreie Stadt|weiblich||48.3
2024-12-31|07331|Alzey-Worms, Landkreis||39.5|
2024-12-31|07331|Alzey-Worms, Landkreis|Insgesamt||46.5
2024-12-31|07331|Alzey-Worms, Landkreis|männlich||45.0
2024-12-31|07331|Alzey-Worms, Landkreis|weiblich||48.0
2024-12-31|07332|Bad Dürkheim, Landkreis||46.5|
2024-12-31|07332|Bad Dürkheim, Landkreis|Insgesamt||50.4
2024-12-31|07332|Bad Dürkheim, Landkreis|männlich||49.0
2024-12-31|07332|Bad Dürkheim, Landkreis|weiblich||51.9
2024-12-31|07333|Donnersbergkreis||43.0|
2024-12-31|07333|Donnersbergkreis|Insgesamt||48.5
2024-12-31|07333|Donnersbergkreis|männlich||47.1
2024-12-31|07333|Donnersbergkreis|weiblich||50.1
2024-12-31|07334|Germersheim, Landkreis||37.6|
2024-12-31|07334|Germersheim, Landkreis|Insgesamt||45.7
2024-12-31|07334|Germersheim, Landkreis|männlich||44.6
2024-12-31|07334|Germersheim, Landkreis|weiblich||46.9
2024-12-31|07335|Kaiserslautern, Landkreis||42.7|
2024-12-31|07335|Kaiserslautern, Landkreis|Insgesamt||46.8
2024-12-31|07335|Kaiserslautern, Landkreis|männlich||45.3
2024-12-31|07335|Kaiserslautern, Landkreis|weiblich||48.3
2024-12-31|07336|Kusel, Landkreis||47.0|
2024-12-31|07336|Kusel, Landkreis|Insgesamt||49.9
2024-12-31|07336|Kusel, Landkreis|männlich||48.1
2024-12-31|07336|Kusel, Landkreis|weiblich||51.8
2024-12-31|07337|Südliche Weinstraße, Landkreis||44.3|
2024-12-31|07337|Südliche Weinstraße, Landkreis|Insgesamt||49.5
2024-12-31|07337|Südliche Weinstraße, Landkreis|männlich||47.4
2024-12-31|07337|Südliche Weinstraße, Landkreis|weiblich||51.4
2024-12-31|07338|Rhein-Pfalz-Kreis||43.1|
2024-12-31|07338|Rhein-Pfalz-Kreis|Insgesamt||47.7
2024-12-31|07338|Rhein-Pfalz-Kreis|männlich||46.0
2024-12-31|07338|Rhein-Pfalz-Kreis|weiblich||49.6
2024-12-31|07339|Mainz-Bingen, Landkreis||40.1|
2024-12-31|07339|Mainz-Bingen, Landkreis|Insgesamt||47.4
2024-12-31|07339|Mainz-Bingen, Landkreis|männlich||46.0
2024-12-31|07339|Mainz-Bingen, Landkreis|weiblich||48.8
2024-12-31|07340|Südwestpfalz, Landkreis||49.7|
2024-12-31|07340|Südwestpfalz, Landkreis|Insgesamt||52.2
2024-12-31|07340|Südwestpfalz, Landkreis|männlich||50.5
2024-12-31|07340|Südwestpfalz, Landkreis|weiblich||53.5
2024-12-31|08111|Stuttgart, Stadtkreis||28.8|
2024-12-31|08111|Stuttgart, Stadtkreis|Insgesamt||40.6
2024-12-31|08111|Stuttgart, Stadtkreis|männlich||39.5
2024-12-31|08111|Stuttgart, Stadtkreis|weiblich||41.7
2024-12-31|08115|Böblingen, Landkreis||35.7|
2024-12-31|08115|Böblingen, Landkreis|Insgesamt||44.0
2024-12-31|08115|Böblingen, Landkreis|männlich||42.9
2024-12-31|08115|Böblingen, Landkreis|weiblich||45.2
2024-12-31|08116|Esslingen, Landkreis||36.1|
2024-12-31|08116|Esslingen, Landkreis|Insgesamt||44.7
2024-12-31|08116|Esslingen, Landkreis|männlich||43.0
2024-12-31|08116|Esslingen, Landkreis|weiblich||46.4
2024-12-31|08117|Göppingen, Landkreis||39.4|
2024-12-31|08117|Göppingen, Landkreis|Insgesamt||45.5
2024-12-31|08117|Göppingen, Landkreis|männlich||43.8
2024-12-31|08117|Göppingen, Landkreis|weiblich||47.3
2024-12-31|08118|Ludwigsburg, Landkreis||35.6|
2024-12-31|08118|Ludwigsburg, Landkreis|Insgesamt||44.4
2024-12-31|08118|Ludwigsburg, Landkreis|männlich||42.9
2024-12-31|08118|Ludwigsburg, Landkreis|weiblich||45.7
2024-12-31|08119|Rems-Murr-Kreis, Landkreis||37.9|
2024-12-31|08119|Rems-Murr-Kreis, Landkreis|Insgesamt||45.6
2024-12-31|08119|Rems-Murr-Kreis, Landkreis|männlich||44.1
2024-12-31|08119|Rems-Murr-Kreis, Landkreis|weiblich||47.1
2024-12-31|08121|Heilbronn, Stadtkreis||31.2|
2024-12-31|08121|Heilbronn, Stadtkreis|Insgesamt||40.7
2024-12-31|08121|Heilbronn, Stadtkreis|männlich||38.5
2024-12-31|08121|Heilbronn, Stadtkreis|weiblich||43.2
2024-12-31|08125|Heilbronn, Landkreis||35.4|
2024-12-31|08125|Heilbronn, Landkreis|Insgesamt||44.4
2024-12-31|08125|Heilbronn, Landkreis|männlich||42.9
2024-12-31|08125|Heilbronn, Landkreis|weiblich||46.1
2024-12-31|08126|Hohenlohekreis, Landkreis||36.0|
2024-12-31|08126|Hohenlohekreis, Landkreis|Insgesamt||44.6
2024-12-31|08126|Hohenlohekreis, Landkreis|männlich||42.7
2024-12-31|08126|Hohenlohekreis, Landkreis|weiblich||46.6
2024-12-31|08127|Schwäbisch Hall, Landkreis||35.7|
2024-12-31|08127|Schwäbisch Hall, Landkreis|Insgesamt||44.0
2024-12-31|08127|Schwäbisch Hall, Landkreis|männlich||42.5
2024-12-31|08127|Schwäbisch Hall, Landkreis|weiblich||45.6
2024-12-31|08128|Main-Tauber-Kreis, Landkreis||43.2|
2024-12-31|08128|Main-Tauber-Kreis, Landkreis|Insgesamt||47.7
2024-12-31|08128|Main-Tauber-Kreis, Landkreis|männlich||45.4
2024-12-31|08128|Main-Tauber-Kreis, Landkreis|weiblich||50.0
2024-12-31|08135|Heidenheim, Landkreis||39.5|
2024-12-31|08135|Heidenheim, Landkreis|Insgesamt||45.4
2024-12-31|08135|Heidenheim, Landkreis|männlich||43.7
2024-12-31|08135|Heidenheim, Landkreis|weiblich||47.4
2024-12-31|08136|Ostalbkreis, Landkreis||38.1|
2024-12-31|08136|Ostalbkreis, Landkreis|Insgesamt||45.2
2024-12-31|08136|Ostalbkreis, Landkreis|männlich||43.7
2024-12-31|08136|Ostalbkreis, Landkreis|weiblich||46.9
2024-12-31|08211|Baden-Baden, Stadtkreis||48.6|
2024-12-31|08211|Baden-Baden, Stadtkreis|Insgesamt||49.8
2024-12-31|08211|Baden-Baden, Stadtkreis|männlich||48.6
2024-12-31|08211|Baden-Baden, Stadtkreis|weiblich||50.8
2024-12-31|08212|Karlsruhe, Stadtkreis||30.8|
2024-12-31|08212|Karlsruhe, Stadtkreis|Insgesamt||41.1
2024-12-31|08212|Karlsruhe, Stadtkreis|männlich||38.6
2024-12-31|08212|Karlsruhe, Stadtkreis|weiblich||43.8
2024-12-31|08215|Karlsruhe, Landkreis||38.9|
2024-12-31|08215|Karlsruhe, Landkreis|Insgesamt||46.3
2024-12-31|08215|Karlsruhe, Landkreis|männlich||44.4
2024-12-31|08215|Karlsruhe, Landkreis|weiblich||48.3
2024-12-31|08216|Rastatt, Landkreis||40.7|
2024-12-31|08216|Rastatt, Landkreis|Insgesamt||47.0
2024-12-31|08216|Rastatt, Landkreis|männlich||45.1
2024-12-31|08216|Rastatt, Landkreis|weiblich||48.9
2024-12-31|08221|Heidelberg, Stadtkreis||25.3|
2024-12-31|08221|Heidelberg, Stadtkreis|Insgesamt||35.8
2024-12-31|08221|Heidelberg, Stadtkreis|männlich||35.3
2024-12-31|08221|Heidelberg, Stadtkreis|weiblich||36.2
2024-12-31|08222|Mannheim, Stadtkreis||29.4|
2024-12-31|08222|Mannheim, Stadtkreis|Insgesamt||40.9
2024-12-31|08222|Mannheim, Stadtkreis|männlich||39.8
2024-12-31|08222|Mannheim, Stadtkreis|weiblich||42.1
2024-12-31|08225|Neckar-Odenwald-Kreis, Landkreis||41.5|
2024-12-31|08225|Neckar-Odenwald-Kreis, Landkreis|Insgesamt||47.3
2024-12-31|08225|Neckar-Odenwald-Kreis, Landkreis|männlich||45.2
2024-12-31|08225|Neckar-Odenwald-Kreis, Landkreis|weiblich||49.4
2024-12-31|08226|Rhein-Neckar-Kreis, Landkreis||39.7|
2024-12-31|08226|Rhein-Neckar-Kreis, Landkreis|Insgesamt||46.3
2024-12-31|08226|Rhein-Neckar-Kreis, Landkreis|männlich||44.7
2024-12-31|08226|Rhein-Neckar-Kreis, Landkreis|weiblich||47.9
2024-12-31|08231|Pforzheim, Stadtkreis||33.8|
2024-12-31|08231|Pforzheim, Stadtkreis|Insgesamt||41.7
2024-12-31|08231|Pforzheim, Stadtkreis|männlich||39.8
2024-12-31|08231|Pforzheim, Stadtkreis|weiblich||43.7
2024-12-31|08235|Calw, Landkreis||38.8|
2024-12-31|08235|Calw, Landkreis|Insgesamt||45.7
2024-12-31|08235|Calw, Landkreis|männlich||44.0
2024-12-31|08235|Calw, Landkreis|weiblich||47.4
2024-12-31|08236|Enzkreis, Landkreis||39.6|
2024-12-31|08236|Enzkreis, Landkreis|Insgesamt||46.1
2024-12-31|08236|Enzkreis, Landkreis|männlich||44.5
2024-12-31|08236|Enzkreis, Landkreis|weiblich||47.8
2024-12-31|08237|Freudenstadt, Landkreis||37.9|
2024-12-31|08237|Freudenstadt, Landkreis|Insgesamt||45.7
2024-12-31|08237|Freudenstadt, Landkreis|männlich||44.0
2024-12-31|08237|Freudenstadt, Landkreis|weiblich||47.6
2024-12-31|08311|Freiburg im Breisgau, Stadtkreis||27.8|
2024-12-31|08311|Freiburg im Breisgau, Stadtkreis|Insgesamt||37.8
2024-12-31|08311|Freiburg im Breisgau, Stadtkreis|männlich||37.4
2024-12-31|08311|Freiburg im Breisgau, Stadtkreis|weiblich||38.3
2024-12-31|08315|Breisgau-Hochschwarzwald, Landkreis||41.3|
2024-12-31|08315|Breisgau-Hochschwarzwald, Landkreis|Insgesamt||46.2
2024-12-31|08315|Breisgau-Hochschwarzwald, Landkreis|männlich||44.5
2024-12-31|08315|Breisgau-Hochschwarzwald, Landkreis|weiblich||47.9
2024-12-31|08316|Emmendingen, Landkreis||39.5|
2024-12-31|08316|Emmendingen, Landkreis|Insgesamt||45.8
2024-12-31|08316|Emmendingen, Landkreis|männlich||44.0
2024-12-31|08316|Emmendingen, Landkreis|weiblich||47.7
2024-12-31|08317|Ortenaukreis, Landkreis||38.9|
2024-12-31|08317|Ortenaukreis, Landkreis|Insgesamt||45.4
2024-12-31|08317|Ortenaukreis, Landkreis|männlich||43.8
2024-12-31|08317|Ortenaukreis, Landkreis|weiblich||47.2
2024-12-31|08325|Rottweil, Landkreis||39.1|
2024-12-31|08325|Rottweil, Landkreis|Insgesamt||45.6
2024-12-31|08325|Rottweil, Landkreis|männlich||44.0
2024-12-31|08325|Rottweil, Landkreis|weiblich||47.4
2024-12-31|08326|Schwarzwald-Baar-Kreis, Landkreis||41.0|
2024-12-31|08326|Schwarzwald-Baar-Kreis, Landkreis|Insgesamt||45.2
2024-12-31|08326|Schwarzwald-Baar-Kreis, Landkreis|männlich||43.4
2024-12-31|08326|Schwarzwald-Baar-Kreis, Landkreis|weiblich||47.2
2024-12-31|08327|Tuttlingen, Landkreis||35.9|
2024-12-31|08327|Tuttlingen, Landkreis|Insgesamt||43.4
2024-12-31|08327|Tuttlingen, Landkreis|männlich||41.8
2024-12-31|08327|Tuttlingen, Landkreis|weiblich||45.1
2024-12-31|08335|Konstanz, Landkreis||37.8|
2024-12-31|08335|Konstanz, Landkreis|Insgesamt||44.3
2024-12-31|08335|Konstanz, Landkreis|männlich||42.6
2024-12-31|08335|Konstanz, Landkreis|weiblich||46.1
2024-12-31|08336|Lörrach, Landkreis||37.6|
2024-12-31|08336|Lörrach, Landkreis|Insgesamt||45.1
2024-12-31|08336|Lörrach, Landkreis|männlich||43.3
2024-12-31|08336|Lörrach, Landkreis|weiblich||46.9
2024-12-31|08337|Waldshut, Landkreis||40.4|
2024-12-31|08337|Waldshut, Landkreis|Insgesamt||45.5
2024-12-31|08337|Waldshut, Landkreis|männlich||44.0
2024-12-31|08337|Waldshut, Landkreis|weiblich||47.1
2024-12-31|08415|Reutlingen, Landkreis||37.7|
2024-12-31|08415|Reutlingen, Landkreis|Insgesamt||45.0
2024-12-31|08415|Reutlingen, Landkreis|männlich||43.4
2024-12-31|08415|Reutlingen, Landkreis|weiblich||46.7
2024-12-31|08416|Tübingen, Landkreis||31.9|
2024-12-31|08416|Tübingen, Landkreis|Insgesamt||40.6
2024-12-31|08416|Tübingen, Landkreis|männlich||40.1
2024-12-31|08416|Tübingen, Landkreis|weiblich||41.2
2024-12-31|08417|Zollernalbkreis, Landkreis||40.5|
2024-12-31|08417|Zollernalbkreis, Landkreis|Insgesamt||46.5
2024-12-31|08417|Zollernalbkreis, Landkreis|männlich||44.6
2024-12-31|08417|Zollernalbkreis, Landkreis|weiblich||48.5
2024-12-31|08421|Ulm, Stadtkreis||31.1|
2024-12-31|08421|Ulm, Stadtkreis|Insgesamt||40.3
2024-12-31|08421|Ulm, Stadtkreis|männlich||38.8
2024-12-31|08421|Ulm, Stadtkreis|weiblich||42.1
2024-12-31|08425|Alb-Donau-Kreis, Landkreis||35.5|
2024-12-31|08425|Alb-Donau-Kreis, Landkreis|Insgesamt||44.1
2024-12-31|08425|Alb-Donau-Kreis, Landkreis|männlich||42.7
2024-12-31|08425|Alb-Donau-Kreis, Landkreis|weiblich||45.5
2024-12-31|08426|Biberach, Landkreis||35.0|
2024-12-31|08426|Biberach, Landkreis|Insgesamt||43.7
2024-12-31|08426|Biberach, Landkreis|männlich||42.4
2024-12-31|08426|Biberach, Landkreis|weiblich||45.0
2024-12-31|08435|Bodenseekreis, Landkreis||43.2|
2024-12-31|08435|Bodenseekreis, Landkreis|Insgesamt||47.0
2024-12-31|08435|Bodenseekreis, Landkreis|männlich||45.2
2024-12-31|08435|Bodenseekreis, Landkreis|weiblich||48.9
2024-12-31|08436|Ravensburg, Landkreis||36.8|
2024-12-31|08436|Ravensburg, Landkreis|Insgesamt||44.3
2024-12-31|08436|Ravensburg, Landkreis|männlich||42.8
2024-12-31|08436|Ravensburg, Landkreis|weiblich||45.9
2024-12-31|08437|Sigmaringen, Landkreis||38.6|
2024-12-31|08437|Sigmaringen, Landkreis|Insgesamt||45.8
2024-12-31|08437|Sigmaringen, Landkreis|männlich||43.8
2024-12-31|08437|Sigmaringen, Landkreis|weiblich||48.0
2024-12-31|09161|Ingolstadt, kreisfreie Stadt||29.9|
2024-12-31|09161|Ingolstadt, kreisfreie Stadt|Insgesamt||40.9
2024-12-31|09161|Ingolstadt, kreisfreie Stadt|männlich||39.3
2024-12-31|09161|Ingolstadt, kreisfreie Stadt|weiblich||42.7
2024-12-31|09162|München, kreisfreie Stadt||26.1|
2024-12-31|09162|München, kreisfreie Stadt|Insgesamt||39.6
2024-12-31|09162|München, kreisfreie Stadt|männlich||38.7
2024-12-31|09162|München, kreisfreie Stadt|weiblich||40.7
2024-12-31|09163|Rosenheim, kreisfreie Stadt||32.6|
2024-12-31|09163|Rosenheim, kreisfreie Stadt|Insgesamt||42.2
2024-12-31|09163|Rosenheim, kreisfreie Stadt|männlich||40.2
2024-12-31|09163|Rosenheim, kreisfreie Stadt|weiblich||44.3
2024-12-31|09171|Altötting, Landkreis||39.7|
2024-12-31|09171|Altötting, Landkreis|Insgesamt||45.7
2024-12-31|09171|Altötting, Landkreis|männlich||43.7
2024-12-31|09171|Altötting, Landkreis|weiblich||47.9
2024-12-31|09172|Berchtesgadener Land, Landkreis||42.4|
2024-12-31|09172|Berchtesgadener Land, Landkreis|Insgesamt||46.5
2024-12-31|09172|Berchtesgadener Land, Landkreis|männlich||44.3
2024-12-31|09172|Berchtesgadener Land, Landkreis|weiblich||49.0
2024-12-31|09173|Bad Tölz-Wolfratshausen, Landkreis||38.9|
2024-12-31|09173|Bad Tölz-Wolfratshausen, Landkreis|Insgesamt||46.1
2024-12-31|09173|Bad Tölz-Wolfratshausen, Landkreis|männlich||44.5
2024-12-31|09173|Bad Tölz-Wolfratshausen, Landkreis|weiblich||47.9
2024-12-31|09174|Dachau, Landkreis||33.0|
2024-12-31|09174|Dachau, Landkreis|Insgesamt||44.3
2024-12-31|09174|Dachau, Landkreis|männlich||42.8
2024-12-31|09174|Dachau, Landkreis|weiblich||45.7
2024-12-31|09175|Ebersberg, Landkreis||33.4|
2024-12-31|09175|Ebersberg, Landkreis|Insgesamt||44.6
2024-12-31|09175|Ebersberg, Landkreis|männlich||43.3
2024-12-31|09175|Ebersberg, Landkreis|weiblich||45.7
2024-12-31|09176|Eichstätt, Landkreis||33.7|
2024-12-31|09176|Eichstätt, Landkreis|Insgesamt||43.4
2024-12-31|09176|Eichstätt, Landkreis|männlich||42.7
2024-12-31|09176|Eichstätt, Landkreis|weiblich||44.1
2024-12-31|09177|Erding, Landkreis||30.4|
2024-12-31|09177|Erding, Landkreis|Insgesamt||44.2
2024-12-31|09177|Erding, Landkreis|männlich||43.5
2024-12-31|09177|Erding, Landkreis|weiblich||44.9
2024-12-31|09178|Freising, Landkreis||27.0|
2024-12-31|09178|Freising, Landkreis|Insgesamt||42.1
2024-12-31|09178|Freising, Landkreis|männlich||40.9
2024-12-31|09178|Freising, Landkreis|weiblich||43.4
2024-12-31|09179|Fürstenfeldbruck, Landkreis||38.3|
2024-12-31|09179|Fürstenfeldbruck, Landkreis|Insgesamt||45.6
2024-12-31|09179|Fürstenfeldbruck, Landkreis|männlich||44.0
2024-12-31|09179|Fürstenfeldbruck, Landkreis|weiblich||47.1
2024-12-31|09180|Garmisch-Partenkirchen, Landkreis||44.9|
2024-12-31|09180|Garmisch-Partenkirchen, Landkreis|Insgesamt||49.0
2024-12-31|09180|Garmisch-Partenkirchen, Landkreis|männlich||46.8
2024-12-31|09180|Garmisch-Partenkirchen, Landkreis|weiblich||51.0
2024-12-31|09181|Landsberg am Lech, Landkreis||37.5|
2024-12-31|09181|Landsberg am Lech, Landkreis|Insgesamt||46.4
2024-12-31|09181|Landsberg am Lech, Landkreis|männlich||44.8
2024-12-31|09181|Landsberg am Lech, Landkreis|weiblich||48.2
2024-12-31|09182|Miesbach, Landkreis||40.8|
2024-12-31|09182|Miesbach, Landkreis|Insgesamt||47.9
2024-12-31|09182|Miesbach, Landkreis|männlich||45.9
2024-12-31|09182|Miesbach, Landkreis|weiblich||49.8
2024-12-31|09183|Mühldorf a.Inn, Landkreis||35.9|
2024-12-31|09183|Mühldorf a.Inn, Landkreis|Insgesamt||44.9
2024-12-31|09183|Mühldorf a.Inn, Landkreis|männlich||43.5
2024-12-31|09183|Mühldorf a.Inn, Landkreis|weiblich||46.4
2024-12-31|09184|München, Landkreis||35.7|
2024-12-31|09184|München, Landkreis|Insgesamt||44.7
2024-12-31|09184|München, Landkreis|männlich||43.1
2024-12-31|09184|München, Landkreis|weiblich||46.2
2024-12-31|09185|Neuburg-Schrobenhausen, Landkreis||35.4|
2024-12-31|09185|Neuburg-Schrobenhausen, Landkreis|Insgesamt||44.4
2024-12-31|09185|Neuburg-Schrobenhausen, Landkreis|männlich||43.3
2024-12-31|09185|Neuburg-Schrobenhausen, Landkreis|weiblich||45.5
2024-12-31|09186|Pfaffenhofen a.d.Ilm, Landkreis||32.7|
2024-12-31|09186|Pfaffenhofen a.d.Ilm, Landkreis|Insgesamt||43.7
2024-12-31|09186|Pfaffenhofen a.d.Ilm, Landkreis|männlich||42.7
2024-12-31|09186|Pfaffenhofen a.d.Ilm, Landkreis|weiblich||44.8
2024-12-31|09187|Rosenheim, Landkreis||40.1|
2024-12-31|09187|Rosenheim, Landkreis|Insgesamt||46.7
2024-12-31|09187|Rosenheim, Landkreis|männlich||44.6
2024-12-31|09187|Rosenheim, Landkreis|weiblich||48.7
2024-12-31|09188|Starnberg, Landkreis||42.6|
2024-12-31|09188|Starnberg, Landkreis|Insgesamt||48.2
2024-12-31|09188|Starnberg, Landkreis|männlich||46.5
2024-12-31|09188|Starnberg, Landkreis|weiblich||49.7
2024-12-31|09189|Traunstein, Landkreis||42.4|
2024-12-31|09189|Traunstein, Landkreis|Insgesamt||47.3
2024-12-31|09189|Traunstein, Landkreis|männlich||45.4
2024-12-31|09189|Traunstein, Landkreis|weiblich||49.2
2024-12-31|09190|Weilheim-Schongau, Landkreis||40.3|
2024-12-31|09190|Weilheim-Schongau, Landkreis|Insgesamt||46.2
2024-12-31|09190|Weilheim-Schongau, Landkreis|männlich||44.5
2024-12-31|09190|Weilheim-Schongau, Landkreis|weiblich||48.0
2024-12-31|09261|Landshut, kreisfreie Stadt||33.6|
2024-12-31|09261|Landshut, kreisfreie Stadt|Insgesamt||43.0
2024-12-31|09261|Landshut, kreisfreie Stadt|männlich||41.3
2024-12-31|09261|Landshut, kreisfreie Stadt|weiblich||44.8
2024-12-31|09262|Passau, kreisfreie Stadt||36.3|
2024-12-31|09262|Passau, kreisfreie Stadt|Insgesamt||42.4
2024-12-31|09262|Passau, kreisfreie Stadt|männlich||40.4
2024-12-31|09262|Passau, kreisfreie Stadt|weiblich||44.3
2024-12-31|09263|Straubing, kreisfreie Stadt||36.0|
2024-12-31|09263|Straubing, kreisfreie Stadt|Insgesamt||44.5
2024-12-31|09263|Straubing, kreisfreie Stadt|männlich||42.2
2024-12-31|09263|Straubing, kreisfreie Stadt|weiblich||47.3
2024-12-31|09271|Deggendorf, Landkreis||37.1|
2024-12-31|09271|Deggendorf, Landkreis|Insgesamt||45.5
2024-12-31|09271|Deggendorf, Landkreis|männlich||43.6
2024-12-31|09271|Deggendorf, Landkreis|weiblich||47.6
2024-12-31|09272|Freyung-Grafenau, Landkreis||43.1|
2024-12-31|09272|Freyung-Grafenau, Landkreis|Insgesamt||49.3
2024-12-31|09272|Freyung-Grafenau, Landkreis|männlich||47.4
2024-12-31|09272|Freyung-Grafenau, Landkreis|weiblich||51.0
2024-12-31|09273|Kelheim, Landkreis||34.4|
2024-12-31|09273|Kelheim, Landkreis|Insgesamt||44.5
2024-12-31|09273|Kelheim, Landkreis|männlich||43.3
2024-12-31|09273|Kelheim, Landkreis|weiblich||45.8
2024-12-31|09274|Landshut, Landkreis||34.9|
2024-12-31|09274|Landshut, Landkreis|Insgesamt||45.1
2024-12-31|09274|Landshut, Landkreis|männlich||44.0
2024-12-31|09274|Landshut, Landkreis|weiblich||46.2
2024-12-31|09275|Passau, Landkreis||43.1|
2024-12-31|09275|Passau, Landkreis|Insgesamt||48.3
2024-12-31|09275|Passau, Landkreis|männlich||46.4
2024-12-31|09275|Passau, Landkreis|weiblich||50.3
2024-12-31|09276|Regen, Landkreis||43.6|
2024-12-31|09276|Regen, Landkreis|Insgesamt||48.6
2024-12-31|09276|Regen, Landkreis|männlich||46.7
2024-12-31|09276|Regen, Landkreis|weiblich||50.4
2024-12-31|09277|Rottal-Inn, Landkreis||40.5|
2024-12-31|09277|Rottal-Inn, Landkreis|Insgesamt||46.7
2024-12-31|09277|Rottal-Inn, Landkreis|männlich||44.9
2024-12-31|09277|Rottal-Inn, Landkreis|weiblich||48.5
2024-12-31|09278|Straubing-Bogen, Landkreis||36.8|
2024-12-31|09278|Straubing-Bogen, Landkreis|Insgesamt||46.1
2024-12-31|09278|Straubing-Bogen, Landkreis|männlich||44.8
2024-12-31|09278|Straubing-Bogen, Landkreis|weiblich||47.5
2024-12-31|09279|Dingolfing-Landau, Landkreis||33.9|
2024-12-31|09279|Dingolfing-Landau, Landkreis|Insgesamt||44.5
2024-12-31|09279|Dingolfing-Landau, Landkreis|männlich||43.0
2024-12-31|09279|Dingolfing-Landau, Landkreis|weiblich||46.3
2024-12-31|09361|Amberg, kreisfreie Stadt||41.7|
2024-12-31|09361|Amberg, kreisfreie Stadt|Insgesamt||46.3
2024-12-31|09361|Amberg, kreisfreie Stadt|männlich||43.4
2024-12-31|09361|Amberg, kreisfreie Stadt|weiblich||49.6
2024-12-31|09362|Regensburg, kreisfreie Stadt||26.2|
2024-12-31|09362|Regensburg, kreisfreie Stadt|Insgesamt||38.6
2024-12-31|09362|Regensburg, kreisfreie Stadt|männlich||37.5
2024-12-31|09362|Regensburg, kreisfreie Stadt|weiblich||40.0
2024-12-31|09363|Weiden i.d.OPf., kreisfreie Stadt||39.8|
2024-12-31|09363|Weiden i.d.OPf., kreisfreie Stadt|Insgesamt||46.1
2024-12-31|09363|Weiden i.d.OPf., kreisfreie Stadt|männlich||43.4
2024-12-31|09363|Weiden i.d.OPf., kreisfreie Stadt|weiblich||48.8
2024-12-31|09371|Amberg-Sulzbach, Landkreis||40.1|
2024-12-31|09371|Amberg-Sulzbach, Landkreis|Insgesamt||47.6
2024-12-31|09371|Amberg-Sulzbach, Landkreis|männlich||46.0
2024-12-31|09371|Amberg-Sulzbach, Landkreis|weiblich||49.2
2024-12-31|09372|Cham, Landkreis||40.7|
2024-12-31|09372|Cham, Landkreis|Insgesamt||47.3
2024-12-31|09372|Cham, Landkreis|männlich||45.7
2024-12-31|09372|Cham, Landkreis|weiblich||48.9
2024-12-31|09373|Neumarkt i.d.OPf., Landkreis||35.7|
2024-12-31|09373|Neumarkt i.d.OPf., Landkreis|Insgesamt||45.1
2024-12-31|09373|Neumarkt i.d.OPf., Landkreis|männlich||43.7
2024-12-31|09373|Neumarkt i.d.OPf., Landkreis|weiblich||47.0
2024-12-31|09374|Neustadt a.d.Waldnaab, Landkreis||40.0|
2024-12-31|09374|Neustadt a.d.Waldnaab, Landkreis|Insgesamt||47.3
2024-12-31|09374|Neustadt a.d.Waldnaab, Landkreis|männlich||45.8
2024-12-31|09374|Neustadt a.d.Waldnaab, Landkreis|weiblich||49.0
2024-12-31|09375|Regensburg, Landkreis||37.0|
2024-12-31|09375|Regensburg, Landkreis|Insgesamt||45.8
2024-12-31|09375|Regensburg, Landkreis|männlich||44.5
2024-12-31|09375|Regensburg, Landkreis|weiblich||47.2
2024-12-31|09376|Schwandorf, Landkreis||37.4|
2024-12-31|09376|Schwandorf, Landkreis|Insgesamt||46.2
2024-12-31|09376|Schwandorf, Landkreis|männlich||44.8
2024-12-31|09376|Schwandorf, Landkreis|weiblich||47.7
2024-12-31|09377|Tirschenreuth, Landkreis||42.5|
2024-12-31|09377|Tirschenreuth, Landkreis|Insgesamt||49.0
2024-12-31|09377|Tirschenreuth, Landkreis|männlich||47.6
2024-12-31|09377|Tirschenreuth, Landkreis|weiblich||50.4
2024-12-31|09461|Bamberg, kreisfreie Stadt||32.1|
2024-12-31|09461|Bamberg, kreisfreie Stadt|Insgesamt||41.2
2024-12-31|09461|Bamberg, kreisfreie Stadt|männlich||39.1
2024-12-31|09461|Bamberg, kreisfreie Stadt|weiblich||43.6
2024-12-31|09462|Bayreuth, kreisfreie Stadt||36.6|
2024-12-31|09462|Bayreuth, kreisfreie Stadt|Insgesamt||42.4
2024-12-31|09462|Bayreuth, kreisfreie Stadt|männlich||39.4
2024-12-31|09462|Bayreuth, kreisfreie Stadt|weiblich||45.7
2024-12-31|09463|Coburg, kreisfreie Stadt||40.9|
2024-12-31|09463|Coburg, kreisfreie Stadt|Insgesamt||45.5
2024-12-31|09463|Coburg, kreisfreie Stadt|männlich||42.6
2024-12-31|09463|Coburg, kreisfreie Stadt|weiblich||48.8
2024-12-31|09464|Hof, kreisfreie Stadt||41.2|
2024-12-31|09464|Hof, kreisfreie Stadt|Insgesamt||45.0
2024-12-31|09464|Hof, kreisfreie Stadt|männlich||41.5
2024-12-31|09464|Hof, kreisfreie Stadt|weiblich||48.7
2024-12-31|09471|Bamberg, Landkreis||37.0|
2024-12-31|09471|Bamberg, Landkreis|Insgesamt||46.4
2024-12-31|09471|Bamberg, Landkreis|männlich||45.1
2024-12-31|09471|Bamberg, Landkreis|weiblich||47.8
2024-12-31|09472|Bayreuth, Landkreis||42.8|
2024-12-31|09472|Bayreuth, Landkreis|Insgesamt||49.2
2024-12-31|09472|Bayreuth, Landkreis|männlich||47.4
2024-12-31|09472|Bayreuth, Landkreis|weiblich||50.9
2024-12-31|09473|Coburg, Landkreis||43.8|
2024-12-31|09473|Coburg, Landkreis|Insgesamt||49.3
2024-12-31|09473|Coburg, Landkreis|männlich||47.0
2024-12-31|09473|Coburg, Landkreis|weiblich||51.6
2024-12-31|09474|Forchheim, Landkreis||39.0|
2024-12-31|09474|Forchheim, Landkreis|Insgesamt||46.9
2024-12-31|09474|Forchheim, Landkreis|männlich||45.6
2024-12-31|09474|Forchheim, Landkreis|weiblich||48.3
2024-12-31|09475|Hof, Landkreis||48.0|
2024-12-31|09475|Hof, Landkreis|Insgesamt||51.5
2024-12-31|09475|Hof, Landkreis|männlich||49.6
2024-12-31|09475|Hof, Landkreis|weiblich||53.2
2024-12-31|09476|Kronach, Landkreis||45.8|
2024-12-31|09476|Kronach, Landkreis|Insgesamt||51.6
2024-12-31|09476|Kronach, Landkreis|männlich||49.5
2024-12-31|09476|Kronach, Landkreis|weiblich||53.3
2024-12-31|09477|Kulmbach, Landkreis||45.0|
2024-12-31|09477|Kulmbach, Landkreis|Insgesamt||50.4
2024-12-31|09477|Kulmbach, Landkreis|männlich||48.0
2024-12-31|09477|Kulmbach, Landkreis|weiblich||52.5
2024-12-31|09478|Lichtenfels, Landkreis||42.6|
2024-12-31|09478|Lichtenfels, Landkreis|Insgesamt||48.7
2024-12-31|09478|Lichtenfels, Landkreis|männlich||46.8
2024-12-31|09478|Lichtenfels, Landkreis|weiblich||50.5
2024-12-31|09479|Wunsiedel i.Fichtelgebirge, Landkreis||49.3|
2024-12-31|09479|Wunsiedel i.Fichtelgebirge, Landkreis|Insgesamt||51.2
2024-12-31|09479|Wunsiedel i.Fichtelgebirge, Landkreis|männlich||49.0
2024-12-31|09479|Wunsiedel i.Fichtelgebirge, Landkreis|weiblich||53.2
2024-12-31|09561|Ansbach, kreisfreie Stadt||39.0|
2024-12-31|09561|Ansbach, kreisfreie Stadt|Insgesamt||44.9
2024-12-31|09561|Ansbach, kreisfreie Stadt|männlich||42.5
2024-12-31|09561|Ansbach, kreisfreie Stadt|weiblich||47.4
2024-12-31|09562|Erlangen, kreisfreie Stadt||29.2|
2024-12-31|09562|Erlangen, kreisfreie Stadt|Insgesamt||39.2
2024-12-31|09562|Erlangen, kreisfreie Stadt|männlich||36.8
2024-12-31|09562|Erlangen, kreisfreie Stadt|weiblich||41.7
2024-12-31|09563|Fürth, kreisfreie Stadt||31.6|
2024-12-31|09563|Fürth, kreisfreie Stadt|Insgesamt||43.6
2024-12-31|09563|Fürth, kreisfreie Stadt|männlich||41.8
2024-12-31|09563|Fürth, kreisfreie Stadt|weiblich||45.3
2024-12-31|09564|Nürnberg, kreisfreie Stadt||32.7|
2024-12-31|09564|Nürnberg, kreisfreie Stadt|Insgesamt||42.5
2024-12-31|09564|Nürnberg, kreisfreie Stadt|männlich||40.7
2024-12-31|09564|Nürnberg, kreisfreie Stadt|weiblich||44.2
2024-12-31|09565|Schwabach, kreisfreie Stadt||40.3|
2024-12-31|09565|Schwabach, kreisfreie Stadt|Insgesamt||46.6
2024-12-31|09565|Schwabach, kreisfreie Stadt|männlich||45.0
2024-12-31|09565|Schwabach, kreisfreie Stadt|weiblich||48.2
2024-12-31|09571|Ansbach, Landkreis||37.4|
2024-12-31|09571|Ansbach, Landkreis|Insgesamt||45.6
2024-12-31|09571|Ansbach, Landkreis|männlich||44.0
2024-12-31|09571|Ansbach, Landkreis|weiblich||47.2
2024-12-31|09572|Erlangen-Höchstadt, Landkreis||39.4|
2024-12-31|09572|Erlangen-Höchstadt, Landkreis|Insgesamt||46.0
2024-12-31|09572|Erlangen-Höchstadt, Landkreis|männlich||44.7
2024-12-31|09572|Erlangen-Höchstadt, Landkreis|weiblich||47.5
2024-12-31|09573|Fürth, Landkreis||42.6|
2024-12-31|09573|Fürth, Landkreis|Insgesamt||47.6
2024-12-31|09573|Fürth, Landkreis|männlich||45.9
2024-12-31|09573|Fürth, Landkreis|weiblich||49.4
2024-12-31|09574|Nürnberger Land, Landkreis||41.4|
2024-12-31|09574|Nürnberger Land, Landkreis|Insgesamt||47.6
2024-12-31|09574|Nürnberger Land, Landkreis|männlich||45.9
2024-12-31|09574|Nürnberger Land, Landkreis|weiblich||49.4
2024-12-31|09575|Neustadt a.d.Aisch-Bad Windsheim, Landkreis||39.7|
2024-12-31|09575|Neustadt a.d.Aisch-Bad Windsheim, Landkreis|Insgesamt||46.8
2024-12-31|09575|Neustadt a.d.Aisch-Bad Windsheim, Landkreis|männlich||45.3
2024-12-31|09575|Neustadt a.d.Aisch-Bad Windsheim, Landkreis|weiblich||48.3
2024-12-31|09576|Roth, Landkreis||39.7|
2024-12-31|09576|Roth, Landkreis|Insgesamt||46.9
2024-12-31|09576|Roth, Landkreis|männlich||45.4
2024-12-31|09576|Roth, Landkreis|weiblich||48.5
2024-12-31|09577|Weißenburg-Gunzenhausen, Landkreis||41.1|
2024-12-31|09577|Weißenburg-Gunzenhausen, Landkreis|Insgesamt||46.7
2024-12-31|09577|Weißenburg-Gunzenhausen, Landkreis|männlich||45.1
2024-12-31|09577|Weißenburg-Gunzenhausen, Landkreis|weiblich||48.4
2024-12-31|09661|Aschaffenburg, kreisfreie Stadt||36.7|
2024-12-31|09661|Aschaffenburg, kreisfreie Stadt|Insgesamt||44.5
2024-12-31|09661|Aschaffenburg, kreisfreie Stadt|männlich||42.4
2024-12-31|09661|Aschaffenburg, kreisfreie Stadt|weiblich||46.8
2024-12-31|09662|Schweinfurt, kreisfreie Stadt||42.8|
2024-12-31|09662|Schweinfurt, kreisfreie Stadt|Insgesamt||44.1
2024-12-31|09662|Schweinfurt, kreisfreie Stadt|männlich||40.9
2024-12-31|09662|Schweinfurt, kreisfreie Stadt|weiblich||47.6
2024-12-31|09663|Würzburg, kreisfreie Stadt||31.9|
2024-12-31|09663|Würzburg, kreisfreie Stadt|Insgesamt||39.0
2024-12-31|09663|Würzburg, kreisfreie Stadt|männlich||37.9
2024-12-31|09663|Würzburg, kreisfreie Stadt|weiblich||40.4
2024-12-31|09671|Aschaffenburg, Landkreis||40.9|
2024-12-31|09671|Aschaffenburg, Landkreis|Insgesamt||47.9
2024-12-31|09671|Aschaffenburg, Landkreis|männlich||46.2
2024-12-31|09671|Aschaffenburg, Landkreis|weiblich||49.5
2024-12-31|09672|Bad Kissingen, Landkreis||47.9|
2024-12-31|09672|Bad Kissingen, Landkreis|Insgesamt||49.9
2024-12-31|09672|Bad Kissingen, Landkreis|männlich||48.4
2024-12-31|09672|Bad Kissingen, Landkreis|weiblich||51.2
2024-12-31|09673|Rhön-Grabfeld, Landkreis||43.5|
2024-12-31|09673|Rhön-Grabfeld, Landkreis|Insgesamt||48.1
2024-12-31|09673|Rhön-Grabfeld, Landkreis|männlich||46.2
2024-12-31|09673|Rhön-Grabfeld, Landkreis|weiblich||49.9
2024-12-31|09674|Haßberge, Landkreis||40.7|
2024-12-31|09674|Haßberge, Landkreis|Insgesamt||47.4
2024-12-31|09674|Haßberge, Landkreis|männlich||45.7
2024-12-31|09674|Haßberge, Landkreis|weiblich||49.1
2024-12-31|09675|Kitzingen, Landkreis||38.1|
2024-12-31|09675|Kitzingen, Landkreis|Insgesamt||46.1
2024-12-31|09675|Kitzingen, Landkreis|männlich||44.6
2024-12-31|09675|Kitzingen, Landkreis|weiblich||47.8
2024-12-31|09676|Miltenberg, Landkreis||40.2|
2024-12-31|09676|Miltenberg, Landkreis|Insgesamt||47.5
2024-12-31|09676|Miltenberg, Landkreis|männlich||45.7
2024-12-31|09676|Miltenberg, Landkreis|weiblich||49.1
2024-12-31|09677|Main-Spessart, Landkreis||44.6|
2024-12-31|09677|Main-Spessart, Landkreis|Insgesamt||49.2
2024-12-31|09677|Main-Spessart, Landkreis|männlich||47.3
2024-12-31|09677|Main-Spessart, Landkreis|weiblich||51.1
2024-12-31|09678|Schweinfurt, Landkreis||42.4|
2024-12-31|09678|Schweinfurt, Landkreis|Insgesamt||47.3
2024-12-31|09678|Schweinfurt, Landkreis|männlich||45.4
2024-12-31|09678|Schweinfurt, Landkreis|weiblich||49.3
2024-12-31|09679|Würzburg, Landkreis||41.8|
2024-12-31|09679|Würzburg, Landkreis|Insgesamt||46.8
2024-12-31|09679|Würzburg, Landkreis|männlich||45.3
2024-12-31|09679|Würzburg, Landkreis|weiblich||48.3
2024-12-31|09761|Augsburg, kreisfreie Stadt||31.3|
2024-12-31|09761|Augsburg, kreisfreie Stadt|Insgesamt||41.3
2024-12-31|09761|Augsburg, kreisfreie Stadt|männlich||39.6
2024-12-31|09761|Augsburg, kreisfreie Stadt|weiblich||43.1
2024-12-31|09762|Kaufbeuren, kreisfreie Stadt||40.3|
2024-12-31|09762|Kaufbeuren, kreisfreie Stadt|Insgesamt||44.7
2024-12-31|09762|Kaufbeuren, kreisfreie Stadt|männlich||42.7
2024-12-31|09762|Kaufbeuren, kreisfreie Stadt|weiblich||46.9
2024-12-31|09763|Kempten (Allgäu), kreisfreie Stadt||37.8|
2024-12-31|09763|Kempten (Allgäu), kreisfreie Stadt|Insgesamt||43.2
2024-12-31|09763|Kempten (Allgäu), kreisfreie Stadt|männlich||41.2
2024-12-31|09763|Kempten (Allgäu), kreisfreie Stadt|weiblich||45.4
2024-12-31|09764|Memmingen, kreisfreie Stadt||38.6|
2024-12-31|09764|Memmingen, kreisfreie Stadt|Insgesamt||44.4
2024-12-31|09764|Memmingen, kreisfreie Stadt|männlich||43.2
2024-12-31|09764|Memmingen, kreisfreie Stadt|weiblich||45.7
2024-12-31|09771|Aichach-Friedberg, Landkreis||37.0|
2024-12-31|09771|Aichach-Friedberg, Landkreis|Insgesamt||45.4
2024-12-31|09771|Aichach-Friedberg, Landkreis|männlich||44.3
2024-12-31|09771|Aichach-Friedberg, Landkreis|weiblich||46.5
2024-12-31|09772|Augsburg, Landkreis||37.7|
2024-12-31|09772|Augsburg, Landkreis|Insgesamt||45.3
2024-12-31|09772|Augsburg, Landkreis|männlich||43.9
2024-12-31|09772|Augsburg, Landkreis|weiblich||46.9
2024-12-31|09773|Dillingen a.d.Donau, Landkreis||38.0|
2024-12-31|09773|Dillingen a.d.Donau, Landkreis|Insgesamt||45.6
2024-12-31|09773|Dillingen a.d.Donau, Landkreis|männlich||44.0
2024-12-31|09773|Dillingen a.d.Donau, Landkreis|weiblich||47.3
2024-12-31|09774|Günzburg, Landkreis||35.3|
2024-12-31|09774|Günzburg, Landkreis|Insgesamt||44.7
2024-12-31|09774|Günzburg, Landkreis|männlich||43.2
2024-12-31|09774|Günzburg, Landkreis|weiblich||46.2
2024-12-31|09775|Neu-Ulm, Landkreis||35.6|
2024-12-31|09775|Neu-Ulm, Landkreis|Insgesamt||43.8
2024-12-31|09775|Neu-Ulm, Landkreis|männlich||42.6
2024-12-31|09775|Neu-Ulm, Landkreis|weiblich||45.1
2024-12-31|09776|Lindau (Bodensee), Landkreis||40.8|
2024-12-31|09776|Lindau (Bodensee), Landkreis|Insgesamt||47.3
2024-12-31|09776|Lindau (Bodensee), Landkreis|männlich||45.3
2024-12-31|09776|Lindau (Bodensee), Landkreis|weiblich||49.4
2024-12-31|09777|Ostallgäu, Landkreis||39.4|
2024-12-31|09777|Ostallgäu, Landkreis|Insgesamt||45.8
2024-12-31|09777|Ostallgäu, Landkreis|männlich||44.3
2024-12-31|09777|Ostallgäu, Landkreis|weiblich||47.4
2024-12-31|09778|Unterallgäu, Landkreis||37.8|
2024-12-31|09778|Unterallgäu, Landkreis|Insgesamt||45.2
2024-12-31|09778|Unterallgäu, Landkreis|männlich||43.7
2024-12-31|09778|Unterallgäu, Landkreis|weiblich||46.8
2024-12-31|09779|Donau-Ries, Landkreis||36.9|
2024-12-31|09779|Donau-Ries, Landkreis|Insgesamt||45.4
2024-12-31|09779|Donau-Ries, Landkreis|männlich||44.0
2024-12-31|09779|Donau-Ries, Landkreis|weiblich||46.9
2024-12-31|09780|Oberallgäu, Landkreis||42.2|
2024-12-31|09780|Oberallgäu, Landkreis|Insgesamt||47.5
2024-12-31|09780|Oberallgäu, Landkreis|männlich||45.8
2024-12-31|09780|Oberallgäu, Landkreis|weiblich||49.0
2024-12-31|10041|Saarbrücken, Regionalverband||41.2|
2024-12-31|10041|Saarbrücken, Regionalverband|Insgesamt||45.4
2024-12-31|10041|Saarbrücken, Regionalverband|männlich||43.3
2024-12-31|10041|Saarbrücken, Regionalverband|weiblich||47.7
2024-12-31|10041100|Saarbrücken, Landeshauptstadt||36.6|
2024-12-31|10041100|Saarbrücken, Landeshauptstadt|Insgesamt||42.8
2024-12-31|10041100|Saarbrücken, Landeshauptstadt|männlich||40.7
2024-12-31|10041100|Saarbrücken, Landeshauptstadt|weiblich||45.2
2024-12-31|10042|Merzig-Wadern, Landkreis||42.9|
2024-12-31|10042|Merzig-Wadern, Landkreis|Insgesamt||48.8
2024-12-31|10042|Merzig-Wadern, Landkreis|männlich||46.7
2024-12-31|10042|Merzig-Wadern, Landkreis|weiblich||50.9
2024-12-31|10043|Neunkirchen, Landkreis||45.2|
2024-12-31|10043|Neunkirchen, Landkreis|Insgesamt||48.8
2024-12-31|10043|Neunkirchen, Landkreis|männlich||46.5
2024-12-31|10043|Neunkirchen, Landkreis|weiblich||51.2
2024-12-31|10044|Saarlouis, Landkreis||45.5|
2024-12-31|10044|Saarlouis, Landkreis|Insgesamt||48.9
2024-12-31|10044|Saarlouis, Landkreis|männlich||46.5
2024-12-31|10044|Saarlouis, Landkreis|weiblich||51.3
2024-12-31|10045|Saarpfalz-Kreis||47.7|
2024-12-31|10045|Saarpfalz-Kreis|Insgesamt||49.9
2024-12-31|10045|Saarpfalz-Kreis|männlich||47.8
2024-12-31|10045|Saarpfalz-Kreis|weiblich||51.9
2024-12-31|10046|St. Wendel, Landkreis||48.6|
2024-12-31|10046|St. Wendel, Landkreis|Insgesamt||51.5
2024-12-31|10046|St. Wendel, Landkreis|männlich||50.3
2024-12-31|10046|St. Wendel, Landkreis|weiblich||52.5
2024-12-31|11000|Berlin, kreisfreie Stadt||30.7|
2024-12-31|11000|Berlin, kreisfreie Stadt|Insgesamt||41.2
2024-12-31|11000|Berlin, kreisfreie Stadt|männlich||40.2
2024-12-31|11000|Berlin, kreisfreie Stadt|weiblich||42.4
2024-12-31|11001001|Berlin-Mitte||18.8|
2024-12-31|11001001|Berlin-Mitte|Insgesamt||36.6
2024-12-31|11001001|Berlin-Mitte|männlich||36.7
2024-12-31|11001001|Berlin-Mitte|weiblich||36.5
2024-12-31|11002002|Berlin-Friedrichshain-Kreuzberg||15.4|
2024-12-31|11002002|Berlin-Friedrichshain-Kreuzberg|Insgesamt||37.9
2024-12-31|11002002|Berlin-Friedrichshain-Kreuzberg|männlich||38.1
2024-12-31|11002002|Berlin-Friedrichshain-Kreuzberg|weiblich||37.6
2024-12-31|11003003|Berlin-Pankow||22.9|
2024-12-31|11003003|Berlin-Pankow|Insgesamt||40.9
2024-12-31|11003003|Berlin-Pankow|männlich||40.4
2024-12-31|11003003|Berlin-Pankow|weiblich||41.4
2024-12-31|11004004|Berlin-Charlottenburg-Wilmersdorf||38.3|
2024-12-31|11004004|Berlin-Charlottenburg-Wilmersdorf|Insgesamt||44.1
2024-12-31|11004004|Berlin-Charlottenburg-Wilmersdorf|männlich||42.2
2024-12-31|11004004|Berlin-Charlottenburg-Wilmersdorf|weiblich||46.1
2024-12-31|11005005|Berlin-Spandau||35.7|
2024-12-31|11005005|Berlin-Spandau|Insgesamt||41.9
2024-12-31|11005005|Berlin-Spandau|männlich||40.1
2024-12-31|11005005|Berlin-Spandau|weiblich||43.8
2024-12-31|11006006|Berlin-Steglitz-Zehlendorf||46.1|
2024-12-31|11006006|Berlin-Steglitz-Zehlendorf|Insgesamt||47.6
2024-12-31|11006006|Berlin-Steglitz-Zehlendorf|männlich||45.1
2024-12-31|11006006|Berlin-Steglitz-Zehlendorf|weiblich||49.9
2024-12-31|11007007|Berlin-Tempelhof-Schöneberg||34.9|
2024-12-31|11007007|Berlin-Tempelhof-Schöneberg|Insgesamt||43.0
2024-12-31|11007007|Berlin-Tempelhof-Schöneberg|männlich||41.4
2024-12-31|11007007|Berlin-Tempelhof-Schöneberg|weiblich||44.6
2024-12-31|11008008|Berlin-Neukölln||27.4|
2024-12-31|11008008|Berlin-Neukölln|Insgesamt||39.9
2024-12-31|11008008|Berlin-Neukölln|männlich||39.3
2024-12-31|11008008|Berlin-Neukölln|weiblich||40.6
2024-12-31|11009009|Berlin-Treptow-Köpenick||33.3|
2024-12-31|11009009|Berlin-Treptow-Köpenick|Insgesamt||42.1
2024-12-31|11009009|Berlin-Treptow-Köpenick|männlich||40.7
2024-12-31|11009009|Berlin-Treptow-Köpenick|weiblich||43.5
2024-12-31|11010010|Berlin-Marzahn-Hellersdorf||38.7|
2024-12-31|11010010|Berlin-Marzahn-Hellersdorf|Insgesamt||43.0
2024-12-31|11010010|Berlin-Marzahn-Hellersdorf|männlich||41.7
2024-12-31|11010010|Berlin-Marzahn-Hellersdorf|weiblich||44.4
2024-12-31|11011011|Berlin-Lichtenberg||30.8|
2024-12-31|11011011|Berlin-Lichtenberg|Insgesamt||39.7
2024-12-31|11011011|Berlin-Lichtenberg|männlich||38.8
2024-12-31|11011011|Berlin-Lichtenberg|weiblich||40.7
2024-12-31|11012012|Berlin-Reinickendorf||39.8|
2024-12-31|11012012|Berlin-Reinickendorf|Insgesamt||44.1
2024-12-31|11012012|Berlin-Reinickendorf|männlich||42.0
2024-12-31|11012012|Berlin-Reinickendorf|weiblich||46.5
2024-12-31|12051|Brandenburg an der Havel, kreisfreie Stadt||51.3|
2024-12-31|12051|Brandenburg an der Havel, kreisfreie Stadt|Insgesamt||49.0
2024-12-31|12051|Brandenburg an der Havel, kreisfreie Stadt|männlich||46.4
2024-12-31|12051|Brandenburg an der Havel, kreisfreie Stadt|weiblich||52.4
2024-12-31|12052|Cottbus, kreisfreie Stadt||49.5|
2024-12-31|12052|Cottbus, kreisfreie Stadt|Insgesamt||47.9
2024-12-31|12052|Cottbus, kreisfreie Stadt|männlich||44.4
2024-12-31|12052|Cottbus, kreisfreie Stadt|weiblich||52.5
2024-12-31|12053|Frankfurt (Oder), kreisfreie Stadt||51.4|
2024-12-31|12053|Frankfurt (Oder), kreisfreie Stadt|Insgesamt||49.5
2024-12-31|12053|Frankfurt (Oder), kreisfreie Stadt|männlich||46.6
2024-12-31|12053|Frankfurt (Oder), kreisfreie Stadt|weiblich||52.8
2024-12-31|12054|Potsdam, kreisfreie Stadt||34.2|
2024-12-31|12054|Potsdam, kreisfreie Stadt|Insgesamt||42.8
2024-12-31|12054|Potsdam, kreisfreie Stadt|männlich||41.6
2024-12-31|12054|Potsdam, kreisfreie Stadt|weiblich||44.1
2024-12-31|12060|Barnim, Landkreis||46.2|
2024-12-31|12060|Barnim, Landkreis|Insgesamt||49.1
2024-12-31|12060|Barnim, Landkreis|männlich||47.7
2024-12-31|12060|Barnim, Landkreis|weiblich||50.7
2024-12-31|12061|Dahme-Spreewald, Landkreis||44.6|
2024-12-31|12061|Dahme-Spreewald, Landkreis|Insgesamt||48.5
2024-12-31|12061|Dahme-Spreewald, Landkreis|männlich||47.2
2024-12-31|12061|Dahme-Spreewald, Landkreis|weiblich||50.2
2024-12-31|12062|Elbe-Elster, Landkreis||58.3|
2024-12-31|12062|Elbe-Elster, Landkreis|Insgesamt||54.5
2024-12-31|12062|Elbe-Elster, Landkreis|männlich||52.4
2024-12-31|12062|Elbe-Elster, Landkreis|weiblich||56.5
2024-12-31|12063|Havelland, Landkreis||41.8|
2024-12-31|12063|Havelland, Landkreis|Insgesamt||48.6
2024-12-31|12063|Havelland, Landkreis|männlich||47.2
2024-12-31|12063|Havelland, Landkreis|weiblich||50.0
2024-12-31|12064|Märkisch-Oderland, Landkreis||47.7|
2024-12-31|12064|Märkisch-Oderland, Landkreis|Insgesamt||50.5
2024-12-31|12064|Märkisch-Oderland, Landkreis|männlich||48.9
2024-12-31|12064|Märkisch-Oderland, Landkreis|weiblich||52.3
2024-12-31|12065|Oberhavel, Landkreis||43.7|
2024-12-31|12065|Oberhavel, Landkreis|Insgesamt||49.5
2024-12-31|12065|Oberhavel, Landkreis|männlich||48.1
2024-12-31|12065|Oberhavel, Landkreis|weiblich||51.1
2024-12-31|12066|Oberspreewald-Lausitz, Landkreis||57.9|
2024-12-31|12066|Oberspreewald-Lausitz, Landkreis|Insgesamt||53.8
2024-12-31|12066|Oberspreewald-Lausitz, Landkreis|männlich||50.9
2024-12-31|12066|Oberspreewald-Lausitz, Landkreis|weiblich||56.5
2024-12-31|12067|Oder-Spree, Landkreis||52.7|
2024-12-31|12067|Oder-Spree, Landkreis|Insgesamt||51.9
2024-12-31|12067|Oder-Spree, Landkreis|männlich||49.6
2024-12-31|12067|Oder-Spree, Landkreis|weiblich||53.9
2024-12-31|12068|Ostprignitz-Ruppin, Landkreis||52.9|
2024-12-31|12068|Ostprignitz-Ruppin, Landkreis|Insgesamt||52.5
2024-12-31|12068|Ostprignitz-Ruppin, Landkreis|männlich||50.5
2024-12-31|12068|Ostprignitz-Ruppin, Landkreis|weiblich||54.4
2024-12-31|12069|Potsdam-Mittelmark, Landkreis||44.7|
2024-12-31|12069|Potsdam-Mittelmark, Landkreis|Insgesamt||49.9
2024-12-31|12069|Potsdam-Mittelmark, Landkreis|männlich||48.6
2024-12-31|12069|Potsdam-Mittelmark, Landkreis|weiblich||51.4
2024-12-31|12070|Prignitz, Landkreis||56.0|
2024-12-31|12070|Prignitz, Landkreis|Insgesamt||54.0
2024-12-31|12070|Prignitz, Landkreis|männlich||51.5
2024-12-31|12070|Prignitz, Landkreis|weiblich||56.3
2024-12-31|12071|Spree-Neiße, Landkreis||59.9|
2024-12-31|12071|Spree-Neiße, Landkreis|Insgesamt||55.3
2024-12-31|12071|Spree-Neiße, Landkreis|männlich||53.7
2024-12-31|12071|Spree-Neiße, Landkreis|weiblich||56.9
2024-12-31|12072|Teltow-Fläming, Landkreis||40.8|
2024-12-31|12072|Teltow-Fläming, Landkreis|Insgesamt||47.3
2024-12-31|12072|Teltow-Fläming, Landkreis|männlich||45.9
2024-12-31|12072|Teltow-Fläming, Landkreis|weiblich||49.0
2024-12-31|12073|Uckermark, Landkreis||58.1|
2024-12-31|12073|Uckermark, Landkreis|Insgesamt||54.4
2024-12-31|12073|Uckermark, Landkreis|männlich||52.2
2024-12-31|12073|Uckermark, Landkreis|weiblich||56.5
2024-12-31|13003|Rostock, kreisfreie Stadt||44.1|
2024-12-31|13003|Rostock, kreisfreie Stadt|Insgesamt||44.9
2024-12-31|13003|Rostock, kreisfreie Stadt|männlich||42.7
2024-12-31|13003|Rostock, kreisfreie Stadt|weiblich||47.6
2024-12-31|13004|Schwerin, kreisfreie Stadt||49.8|
2024-12-31|13004|Schwerin, kreisfreie Stadt|Insgesamt||47.6
2024-12-31|13004|Schwerin, kreisfreie Stadt|männlich||45.0
2024-12-31|13004|Schwerin, kreisfreie Stadt|weiblich||50.9
2024-12-31|13071|Mecklenburgische Seenplatte, Landkreis||56.1|
2024-12-31|13071|Mecklenburgische Seenplatte, Landkreis|Insgesamt||53.3
2024-12-31|13071|Mecklenburgische Seenplatte, Landkreis|männlich||50.7
2024-12-31|13071|Mecklenburgische Seenplatte, Landkreis|weiblich||55.6
2024-12-31|13072|Landkreis Rostock||50.5|
2024-12-31|13072|Landkreis Rostock|Insgesamt||51.4
2024-12-31|13072|Landkreis Rostock|männlich||49.5
2024-12-31|13072|Landkreis Rostock|weiblich||53.2
2024-12-31|13073|Vorpommern-Rügen, Landkreis||54.4|
2024-12-31|13073|Vorpommern-Rügen, Landkreis|Insgesamt||53.4
2024-12-31|13073|Vorpommern-Rügen, Landkreis|männlich||51.2
2024-12-31|13073|Vorpommern-Rügen, Landkreis|weiblich||55.3
2024-12-31|13074|Nordwestmecklenburg, Landkreis||48.4|
2024-12-31|13074|Nordwestmecklenburg, Landkreis|Insgesamt||50.6
2024-12-31|13074|Nordwestmecklenburg, Landkreis|männlich||48.7
2024-12-31|13074|Nordwestmecklenburg, Landkreis|weiblich||52.6
2024-12-31|13075|Vorpommern-Greifswald, Landkreis||52.9|
2024-12-31|13075|Vorpommern-Greifswald, Landkreis|Insgesamt||51.7
2024-12-31|13075|Vorpommern-Greifswald, Landkreis|männlich||49.7
2024-12-31|13075|Vorpommern-Greifswald, Landkreis|weiblich||53.6
2024-12-31|13076|Ludwigslust-Parchim, Landkreis||50.3|
2024-12-31|13076|Ludwigslust-Parchim, Landkreis|Insgesamt||52.0
2024-12-31|13076|Ludwigslust-Parchim, Landkreis|männlich||50.2
2024-12-31|13076|Ludwigslust-Parchim, Landkreis|weiblich||53.6
2024-12-31|14511|Chemnitz, kreisfreie Stadt||50.8|
2024-12-31|14511|Chemnitz, kreisfreie Stadt|Insgesamt||46.7
2024-12-31|14511|Chemnitz, kreisfreie Stadt|männlich||44.1
2024-12-31|14511|Chemnitz, kreisfreie Stadt|weiblich||50.2
2024-12-31|14521|Erzgebirgskreis||62.8|
2024-12-31|14521|Erzgebirgskreis|Insgesamt||53.4
2024-12-31|14521|Erzgebirgskreis|männlich||50.9
2024-12-31|14521|Erzgebirgskreis|weiblich||55.8
2024-12-31|14522|Mittelsachsen, Landkreis||56.8|
2024-12-31|14522|Mittelsachsen, Landkreis|Insgesamt||52.2
2024-12-31|14522|Mittelsachsen, Landkreis|männlich||49.5
2024-12-31|14522|Mittelsachsen, Landkreis|weiblich||54.6
2024-12-31|14523|Vogtlandkreis||60.9|
2024-12-31|14523|Vogtlandkreis|Insgesamt||53.8
2024-12-31|14523|Vogtlandkreis|männlich||51.1
2024-12-31|14523|Vogtlandkreis|weiblich||56.4
2024-12-31|14524|Zwickau, Landkreis||57.6|
2024-12-31|14524|Zwickau, Landkreis|Insgesamt||52.7
2024-12-31|14524|Zwickau, Landkreis|männlich||49.7
2024-12-31|14524|Zwickau, Landkreis|weiblich||55.3
2024-12-31|14612|Dresden, kreisfreie Stadt||37.0|
2024-12-31|14612|Dresden, kreisfreie Stadt|Insgesamt||42.0
2024-12-31|14612|Dresden, kreisfreie Stadt|männlich||40.3
2024-12-31|14612|Dresden, kreisfreie Stadt|weiblich||43.8
2024-12-31|14625|Bautzen, Landkreis||56.5|
2024-12-31|14625|Bautzen, Landkreis|Insgesamt||52.3
2024-12-31|14625|Bautzen, Landkreis|männlich||49.8
2024-12-31|14625|Bautzen, Landkreis|weiblich||54.6
2024-12-31|14626|Görlitz, Landkreis||62.3|
2024-12-31|14626|Görlitz, Landkreis|Insgesamt||54.0
2024-12-31|14626|Görlitz, Landkreis|männlich||51.7
2024-12-31|14626|Görlitz, Landkreis|weiblich||56.3
2024-12-31|14627|Meißen, Landkreis||55.7|
2024-12-31|14627|Meißen, Landkreis|Insgesamt||52.2
2024-12-31|14627|Meißen, Landkreis|männlich||50.0
2024-12-31|14627|Meißen, Landkreis|weiblich||54.1
2024-12-31|14628|Sächsische Schweiz-Osterzgebirge, Landkreis||54.9|
2024-12-31|14628|Sächsische Schweiz-Osterzgebirge, Landkreis|Insgesamt||51.1
2024-12-31|14628|Sächsische Schweiz-Osterzgebirge, Landkreis|männlich||49.1
2024-12-31|14628|Sächsische Schweiz-Osterzgebirge, Landkreis|weiblich||53.2
2024-12-31|14713|Leipzig, kreisfreie Stadt||31.4|
2024-12-31|14713|Leipzig, kreisfreie Stadt|Insgesamt||39.8
2024-12-31|14713|Leipzig, kreisfreie Stadt|männlich||38.9
2024-12-31|14713|Leipzig, kreisfreie Stadt|weiblich||40.7
2024-12-31|14729|Leipzig, Landkreis||52.2|
2024-12-31|14729|Leipzig, Landkreis|Insgesamt||51.2
2024-12-31|14729|Leipzig, Landkreis|männlich||49.2
2024-12-31|14729|Leipzig, Landkreis|weiblich||53.3
2024-12-31|14730|Nordsachsen, Landkreis||50.8|
2024-12-31|14730|Nordsachsen, Landkreis|Insgesamt||50.9
2024-12-31|14730|Nordsachsen, Landkreis|männlich||48.4
2024-12-31|14730|Nordsachsen, Landkreis|weiblich||53.4
2024-12-31|15001|Dessau-Roßlau, kreisfreie Stadt||63.6|
2024-12-31|15001|Dessau-Roßlau, kreisfreie Stadt|Insgesamt||54.4
2024-12-31|15001|Dessau-Roßlau, kreisfreie Stadt|männlich||51.6
2024-12-31|15001|Dessau-Roßlau, kreisfreie Stadt|weiblich||56.8
2024-12-31|15002|Halle (Saale), kreisfreie Stadt||42.7|
2024-12-31|15002|Halle (Saale), kreisfreie Stadt|Insgesamt||43.6
2024-12-31|15002|Halle (Saale), kreisfreie Stadt|männlich||41.2
2024-12-31|15002|Halle (Saale), kreisfreie Stadt|weiblich||46.3
2024-12-31|15003|Magdeburg, kreisfreie Stadt, Landeshauptstadt||41.6|
2024-12-31|15003|Magdeburg, kreisfreie Stadt, Landeshauptstadt|Insgesamt||44.0
2024-12-31|15003|Magdeburg, kreisfreie Stadt, Landeshauptstadt|männlich||41.2
2024-12-31|15003|Magdeburg, kreisfreie Stadt, Landeshauptstadt|weiblich||47.3
2024-12-31|15081|Altmarkkreis Salzwedel||50.6|
2024-12-31|15081|Altmarkkreis Salzwedel|Insgesamt||52.6
2024-12-31|15081|Altmarkkreis Salzwedel|männlich||49.6
2024-12-31|15081|Altmarkkreis Salzwedel|weiblich||55.0
2024-12-31|15082|Anhalt-Bitterfeld, Landkreis||55.3|
2024-12-31|15082|Anhalt-Bitterfeld, Landkreis|Insgesamt||53.3
2024-12-31|15082|Anhalt-Bitterfeld, Landkreis|männlich||50.7
2024-12-31|15082|Anhalt-Bitterfeld, Landkreis|weiblich||55.6
2024-12-31|15083|Börde, Landkreis||48.3|
2024-12-31|15083|Börde, Landkreis|Insgesamt||51.1
2024-12-31|15083|Börde, Landkreis|männlich||48.6
2024-12-31|15083|Börde, Landkreis|weiblich||53.3
2024-12-31|15084|Burgenlandkreis||56.3|
2024-12-31|15084|Burgenlandkreis|Insgesamt||53.2
2024-12-31|15084|Burgenlandkreis|männlich||50.6
2024-12-31|15084|Burgenlandkreis|weiblich||55.3
2024-12-31|15085|Harz, Landkreis||57.0|
2024-12-31|15085|Harz, Landkreis|Insgesamt||53.9
2024-12-31|15085|Harz, Landkreis|männlich||51.5
2024-12-31|15085|Harz, Landkreis|weiblich||56.1
2024-12-31|15086|Jerichower Land, Landkreis||52.8|
2024-12-31|15086|Jerichower Land, Landkreis|Insgesamt||52.8
2024-12-31|15086|Jerichower Land, Landkreis|männlich||50.5
2024-12-31|15086|Jerichower Land, Landkreis|weiblich||54.8
2024-12-31|15087|Mansfeld-Südharz, Landkreis||61.4|
2024-12-31|15087|Mansfeld-Südharz, Landkreis|Insgesamt||55.1
2024-12-31|15087|Mansfeld-Südharz, Landkreis|männlich||52.8
2024-12-31|15087|Mansfeld-Südharz, Landkreis|weiblich||57.4
2024-12-31|15088|Saalekreis||50.4|
2024-12-31|15088|Saalekreis|Insgesamt||51.3
2024-12-31|15088|Saalekreis|männlich||48.9
2024-12-31|15088|Saalekreis|weiblich||53.5
2024-12-31|15089|Salzlandkreis||55.3|
2024-12-31|15089|Salzlandkreis|Insgesamt||53.5
2024-12-31|15089|Salzlandkreis|männlich||50.4
2024-12-31|15089|Salzlandkreis|weiblich||56.2
2024-12-31|15090|Stendal, Landkreis||52.8|
2024-12-31|15090|Stendal, Landkreis|Insgesamt||53.1
2024-12-31|15090|Stendal, Landkreis|männlich||50.8
2024-12-31|15090|Stendal, Landkreis|weiblich||55.0
2024-12-31|15091|Wittenberg, Landkreis||58.5|
2024-12-31|15091|Wittenberg, Landkreis|Insgesamt||54.3
2024-12-31|15091|Wittenberg, Landkreis|männlich||51.8
2024-12-31|15091|Wittenberg, Landkreis|weiblich||56.7
2024-12-31|16051|Erfurt, kreisfreie Stadt||39.7|
2024-12-31|16051|Erfurt, kreisfreie Stadt|Insgesamt||44.4
2024-12-31|16051|Erfurt, kreisfreie Stadt|männlich||42.9
2024-12-31|16051|Erfurt, kreisfreie Stadt|weiblich||46.1
2024-12-31|16052|Gera, kreisfreie Stadt||55.5|
2024-12-31|16052|Gera, kreisfreie Stadt|Insgesamt||50.5
2024-12-31|16052|Gera, kreisfreie Stadt|männlich||47.2
2024-12-31|16052|Gera, kreisfreie Stadt|weiblich||54.0
2024-12-31|16053|Jena, kreisfreie Stadt||38.2|
2024-12-31|16053|Jena, kreisfreie Stadt|Insgesamt||41.4
2024-12-31|16053|Jena, kreisfreie Stadt|männlich||39.8
2024-12-31|16053|Jena, kreisfreie Stadt|weiblich||43.2
2024-12-31|16054|Suhl, kreisfreie Stadt||67.3|
2024-12-31|16054|Suhl, kreisfreie Stadt|Insgesamt||56.1
2024-12-31|16054|Suhl, kreisfreie Stadt|männlich||53.4
2024-12-31|16054|Suhl, kreisfreie Stadt|weiblich||58.8
2024-12-31|16055|Weimar, kreisfreie Stadt||43.1|
2024-12-31|16055|Weimar, kreisfreie Stadt|Insgesamt||45.3
2024-12-31|16055|Weimar, kreisfreie Stadt|männlich||43.9
2024-12-31|16055|Weimar, kreisfreie Stadt|weiblich||46.9
2024-12-31|16061|Eichsfeld, Landkreis||49.6|
2024-12-31|16061|Eichsfeld, Landkreis|Insgesamt||49.4
2024-12-31|16061|Eichsfeld, Landkreis|männlich||48.0
2024-12-31|16061|Eichsfeld, Landkreis|weiblich||50.9
2024-12-31|16062|Nordhausen, Landkreis||53.8|
2024-12-31|16062|Nordhausen, Landkreis|Insgesamt||51.9
2024-12-31|16062|Nordhausen, Landkreis|männlich||48.7
2024-12-31|16062|Nordhausen, Landkreis|weiblich||54.3
2024-12-31|16063|Wartburgkreis||52.1|
2024-12-31|16063|Wartburgkreis|Insgesamt||51.7
2024-12-31|16063|Wartburgkreis|männlich||49.3
2024-12-31|16063|Wartburgkreis|weiblich||53.8
2024-12-31|16064|Unstrut-Hainich-Kreis||52.0|
2024-12-31|16064|Unstrut-Hainich-Kreis|Insgesamt||51.0
2024-12-31|16064|Unstrut-Hainich-Kreis|männlich||48.0
2024-12-31|16064|Unstrut-Hainich-Kreis|weiblich||53.6
2024-12-31|16065|Kyffhäuserkreis||56.9|
2024-12-31|16065|Kyffhäuserkreis|Insgesamt||53.5
2024-12-31|16065|Kyffhäuserkreis|männlich||50.6
2024-12-31|16065|Kyffhäuserkreis|weiblich||56.2
2024-12-31|16066|Schmalkalden-Meiningen, Landkreis||53.7|
2024-12-31|16066|Schmalkalden-Meiningen, Landkreis|Insgesamt||52.5
2024-12-31|16066|Schmalkalden-Meiningen, Landkreis|männlich||49.5
2024-12-31|16066|Schmalkalden-Meiningen, Landkreis|weiblich||55.0
2024-12-31|16067|Gotha, Landkreis||49.0|
2024-12-31|16067|Gotha, Landkreis|Insgesamt||50.4
2024-12-31|16067|Gotha, Landkreis|männlich||48.3
2024-12-31|16067|Gotha, Landkreis|weiblich||52.6
2024-12-31|16068|Sömmerda, Landkreis||50.5|
2024-12-31|16068|Sömmerda, Landkreis|Insgesamt||51.1
2024-12-31|16068|Sömmerda, Landkreis|männlich||48.7
2024-12-31|16068|Sömmerda, Landkreis|weiblich||53.4
2024-12-31|16069|Hildburghausen, Landkreis||51.0|
2024-12-31|16069|Hildburghausen, Landkreis|Insgesamt||52.0
2024-12-31|16069|Hildburghausen, Landkreis|männlich||49.7
2024-12-31|16069|Hildburghausen, Landkreis|weiblich||54.2
2024-12-31|16070|Ilm-Kreis||49.6|
2024-12-31|16070|Ilm-Kreis|Insgesamt||49.7
2024-12-31|16070|Ilm-Kreis|männlich||46.6
2024-12-31|16070|Ilm-Kreis|weiblich||53.4
2024-12-31|16071|Weimarer Land, Landkreis||49.2|
2024-12-31|16071|Weimarer Land, Landkreis|Insgesamt||49.9
2024-12-31|16071|Weimarer Land, Landkreis|männlich||48.4
2024-12-31|16071|Weimarer Land, Landkreis|weiblich||51.6
2024-12-31|16072|Sonneberg, Landkreis||55.5|
2024-12-31|16072|Sonneberg, Landkreis|Insgesamt||53.5
2024-12-31|16072|Sonneberg, Landkreis|männlich||51.0
2024-12-31|16072|Sonneberg, Landkreis|weiblich||55.8
2024-12-31|16073|Saalfeld-Rudolstadt, Landkreis||59.4|
2024-12-31|16073|Saalfeld-Rudolstadt, Landkreis|Insgesamt||54.2
2024-12-31|16073|Saalfeld-Rudolstadt, Landkreis|männlich||51.6
2024-12-31|16073|Saalfeld-Rudolstadt, Landkreis|weiblich||56.7
2024-12-31|16074|Saale-Holzland-Kreis||52.9|
2024-12-31|16074|Saale-Holzland-Kreis|Insgesamt||51.8
2024-12-31|16074|Saale-Holzland-Kreis|männlich||49.8
2024-12-31|16074|Saale-Holzland-Kreis|weiblich||53.6
2024-12-31|16075|Saale-Orla-Kreis||55.1|
2024-12-31|16075|Saale-Orla-Kreis|Insgesamt||53.1
2024-12-31|16075|Saale-Orla-Kreis|männlich||51.0
2024-12-31|16075|Saale-Orla-Kreis|weiblich||55.1
2024-12-31|16076|Greiz, Landkreis||62.8|
2024-12-31|16076|Greiz, Landkreis|Insgesamt||55.1
2024-12-31|16076|Greiz, Landkreis|männlich||52.7
2024-12-31|16076|Greiz, Landkreis|weiblich||57.4
2024-12-31|16077|Altenburger Land, Landkreis||62.4|
2024-12-31|16077|Altenburger Land, Landkreis|Insgesamt||54.6
2024-12-31|16077|Altenburger Land, Landkreis|männlich||52.4
2024-12-31|16077|Altenburger Land, Landkreis|weiblich||56.9
2024-12-31|010|Schleswig-Holstein||41.5|
2024-12-31|010|Schleswig-Holstein|Insgesamt||47.5
2024-12-31|010|Schleswig-Holstein|männlich||45.6
2024-12-31|010|Schleswig-Holstein|weiblich||49.3
2024-12-31|020|Hamburg||28.6|
2024-12-31|020|Hamburg|Insgesamt||41.0
2024-12-31|020|Hamburg|männlich||39.8
2024-12-31|020|Hamburg|weiblich||42.2
2024-12-31|031|Braunschweig, Statistische Region||41.2|
2024-12-31|031|Braunschweig, Statistische Region|Insgesamt||46.5
2024-12-31|031|Braunschweig, Statistische Region|männlich||44.6
2024-12-31|031|Braunschweig, Statistische Region|weiblich||48.4
2024-12-31|032|Hannover, Statistische Region||39.9|
2024-12-31|032|Hannover, Statistische Region|Insgesamt||46.2
2024-12-31|032|Hannover, Statistische Region|männlich||44.4
2024-12-31|032|Hannover, Statistische Region|weiblich||47.9
2024-12-31|033|Lüneburg, Statistische Region||42.1|
2024-12-31|033|Lüneburg, Statistische Region|Insgesamt||47.7
2024-12-31|033|Lüneburg, Statistische Region|männlich||45.9
2024-12-31|033|Lüneburg, Statistische Region|weiblich||49.5
2024-12-31|034|Weser-Ems, Statistische Region||38.0|
2024-12-31|034|Weser-Ems, Statistische Region|Insgesamt||45.4
2024-12-31|034|Weser-Ems, Statistische Region|männlich||43.7
2024-12-31|034|Weser-Ems, Statistische Region|weiblich||47.2
2024-12-31|040|Bremen||34.8|
2024-12-31|040|Bremen|Insgesamt||42.2
2024-12-31|040|Bremen|männlich||40.3
2024-12-31|040|Bremen|weiblich||44.2
2024-12-31|051|Düsseldorf, Regierungsbezirk||37.7|
2024-12-31|051|Düsseldorf, Regierungsbezirk|Insgesamt||45.2
2024-12-31|051|Düsseldorf, Regierungsbezirk|männlich||43.4
2024-12-31|051|Düsseldorf, Regierungsbezirk|weiblich||47.0
2024-12-31|053|Köln, Regierungsbezirk||35.4|
2024-12-31|053|Köln, Regierungsbezirk|Insgesamt||44.3
2024-12-31|053|Köln, Regierungsbezirk|männlich||42.7
2024-12-31|053|Köln, Regierungsbezirk|weiblich||45.9
2024-12-31|055|Münster, Regierungsbezirk||37.4|
2024-12-31|055|Münster, Regierungsbezirk|Insgesamt||45.0
2024-12-31|055|Münster, Regierungsbezirk|männlich||43.3
2024-12-31|055|Münster, Regierungsbezirk|weiblich||46.8
2024-12-31|057|Detmold, Regierungsbezirk||38.2|
2024-12-31|057|Detmold, Regierungsbezirk|Insgesamt||45.1
2024-12-31|057|Detmold, Regierungsbezirk|männlich||43.2
2024-12-31|057|Detmold, Regierungsbezirk|weiblich||47.1
2024-12-31|059|Arnsberg, Regierungsbezirk||38.8|
2024-12-31|059|Arnsberg, Regierungsbezirk|Insgesamt||45.7
2024-12-31|059|Arnsberg, Regierungsbezirk|männlich||43.8
2024-12-31|059|Arnsberg, Regierungsbezirk|weiblich||47.7
2024-12-31|064|Darmstadt, Regierungsbezirk||34.5|
2024-12-31|064|Darmstadt, Regierungsbezirk|Insgesamt||44.1
2024-12-31|064|Darmstadt, Regierungsbezirk|männlich||42.7
2024-12-31|064|Darmstadt, Regierungsbezirk|weiblich||45.4
2024-12-31|065|Gießen, Regierungsbezirk||38.3|
2024-12-31|065|Gießen, Regierungsbezirk|Insgesamt||45.1
2024-12-31|065|Gießen, Regierungsbezirk|männlich||43.5
2024-12-31|065|Gießen, Regierungsbezirk|weiblich||46.8
2024-12-31|066|Kassel, Regierungsbezirk||42.0|
2024-12-31|066|Kassel, Regierungsbezirk|Insgesamt||47.1
2024-12-31|066|Kassel, Regierungsbezirk|männlich||45.0
2024-12-31|066|Kassel, Regierungsbezirk|weiblich||49.1
2024-12-31|071|Koblenz, Statistische Region||41.9|
2024-12-31|071|Koblenz, Statistische Region|Insgesamt||47.2
2024-12-31|071|Koblenz, Statistische Region|männlich||45.3
2024-12-31|071|Koblenz, Statistische Region|weiblich||49.1
2024-12-31|072|Trier, Statistische Region||38.7|
2024-12-31|072|Trier, Statistische Region|Insgesamt||46.0
2024-12-31|072|Trier, Statistische Region|männlich||44.4
2024-12-31|072|Trier, Statistische Region|weiblich||47.7
2024-12-31|073|Rheinhessen-Pfalz, Statistische Region||39.1|
2024-12-31|073|Rheinhessen-Pfalz, Statistische Region|Insgesamt||45.7
2024-12-31|073|Rheinhessen-Pfalz, Statistische Region|männlich||44.1
2024-12-31|073|Rheinhessen-Pfalz, Statistische Region|weiblich||47.3
2024-12-31|081|Stuttgart, Regierungsbezirk||35.5|
2024-12-31|081|Stuttgart, Regierungsbezirk|Insgesamt||44.0
2024-12-31|081|Stuttgart, Regierungsbezirk|männlich||42.6
2024-12-31|081|Stuttgart, Regierungsbezirk|weiblich||45.6
2024-12-31|082|Karlsruhe, Regierungsbezirk||36.4|
2024-12-31|082|Karlsruhe, Regierungsbezirk|Insgesamt||44.4
2024-12-31|082|Karlsruhe, Regierungsbezirk|männlich||42.7
2024-12-31|082|Karlsruhe, Regierungsbezirk|weiblich||46.1
2024-12-31|083|Freiburg, Regierungsbezirk||37.8|
2024-12-31|083|Freiburg, Regierungsbezirk|Insgesamt||44.4
2024-12-31|083|Freiburg, Regierungsbezirk|männlich||42.9
2024-12-31|083|Freiburg, Regierungsbezirk|weiblich||46.0
2024-12-31|084|Tübingen, Regierungsbezirk||36.8|
2024-12-31|084|Tübingen, Regierungsbezirk|Insgesamt||44.2
2024-12-31|084|Tübingen, Regierungsbezirk|männlich||42.7
2024-12-31|084|Tübingen, Regierungsbezirk|weiblich||45.7
2024-12-31|091|Oberbayern, Regierungsbezirk||32.9|
2024-12-31|091|Oberbayern, Regierungsbezirk|Insgesamt||43.3
2024-12-31|091|Oberbayern, Regierungsbezirk|männlich||41.9
2024-12-31|091|Oberbayern, Regierungsbezirk|weiblich||44.7
2024-12-31|092|Niederbayern, Regierungsbezirk||37.9|
2024-12-31|092|Niederbayern, Regierungsbezirk|Insgesamt||45.9
2024-12-31|092|Niederbayern, Regierungsbezirk|männlich||44.3
2024-12-31|092|Niederbayern, Regierungsbezirk|weiblich||47.6
2024-12-31|093|Oberpfalz, Regierungsbezirk||36.8|
2024-12-31|093|Oberpfalz, Regierungsbezirk|Insgesamt||45.4
2024-12-31|093|Oberpfalz, Regierungsbezirk|männlich||43.9
2024-12-31|093|Oberpfalz, Regierungsbezirk|weiblich||47.0
2024-12-31|094|Oberfranken, Regierungsbezirk||41.4|
2024-12-31|094|Oberfranken, Regierungsbezirk|Insgesamt||47.7
2024-12-31|094|Oberfranken, Regierungsbezirk|männlich||45.5
2024-12-31|094|Oberfranken, Regierungsbezirk|weiblich||49.9
2024-12-31|095|Mittelfranken, Regierungsbezirk||36.4|
2024-12-31|095|Mittelfranken, Regierungsbezirk|Insgesamt||44.6
2024-12-31|095|Mittelfranken, Regierungsbezirk|männlich||43.0
2024-12-31|095|Mittelfranken, Regierungsbezirk|weiblich||46.4
2024-12-31|096|Unterfranken, Regierungsbezirk||40.7|
2024-12-31|096|Unterfranken, Regierungsbezirk|Insgesamt||46.5
2024-12-31|096|Unterfranken, Regierungsbezirk|männlich||44.8
2024-12-31|096|Unterfranken, Regierungsbezirk|weiblich||48.3
2024-12-31|097|Schwaben, Regierungsbezirk||36.9|
2024-12-31|097|Schwaben, Regierungsbezirk|Insgesamt||44.6
2024-12-31|097|Schwaben, Regierungsbezirk|männlich||43.1
2024-12-31|097|Schwaben, Regierungsbezirk|weiblich||46.3
2024-12-31|100|Saarland, Regierungsbezirk||44.3|
2024-12-31|100|Saarland, Regierungsbezirk|Insgesamt||48.1
2024-12-31|100|Saarland, Regierungsbezirk|männlich||45.9
2024-12-31|100|Saarland, Regierungsbezirk|weiblich||50.3
2024-12-31|110|Berlin||30.7|
2024-12-31|110|Berlin|Insgesamt||41.2
2024-12-31|110|Berlin|männlich||40.2
2024-12-31|110|Berlin|weiblich||42.4
2024-12-31|120|Brandenburg||47.6|
2024-12-31|120|Brandenburg|Insgesamt||49.9
2024-12-31|120|Brandenburg|männlich||48.0
2024-12-31|120|Brandenburg|weiblich||52.1
2024-12-31|130|Mecklenburg-Vorpommern, Statistische Region||51.0|
2024-12-31|130|Mecklenburg-Vorpommern, Statistische Region|Insgesamt||51.0
2024-12-31|130|Mecklenburg-Vorpommern, Statistische Region|männlich||48.6
2024-12-31|130|Mecklenburg-Vorpommern, Statistische Region|weiblich||53.3
2024-12-31|145|Chemnitz, Statistische Region||57.9|
2024-12-31|145|Chemnitz, Statistische Region|Insgesamt||52.1
2024-12-31|145|Chemnitz, Statistische Region|männlich||49.1
2024-12-31|145|Chemnitz, Statistische Region|weiblich||54.7
2024-12-31|146|Dresden, Statistische Region||49.5|
2024-12-31|146|Dresden, Statistische Region|Insgesamt||48.2
2024-12-31|146|Dresden, Statistische Region|männlich||46.3
2024-12-31|146|Dresden, Statistische Region|weiblich||50.7
2024-12-31|147|Leipzig, Statistische Region||39.3|
2024-12-31|147|Leipzig, Statistische Region|Insgesamt||44.1
2024-12-31|147|Leipzig, Statistische Region|männlich||42.8
2024-12-31|147|Leipzig, Statistische Region|weiblich||45.5
2024-12-31|150|Sachsen-Anhalt||51.9|
2024-12-31|150|Sachsen-Anhalt|Insgesamt||51.3
2024-12-31|150|Sachsen-Anhalt|männlich||48.3
2024-12-31|150|Sachsen-Anhalt|weiblich||54.0
2024-12-31|160|Thüringen||51.1|
2024-12-31|160|Thüringen|Insgesamt||50.5
2024-12-31|160|Thüringen|männlich||47.9
2024-12-31|160|Thüringen|weiblich||53.0
