code_stichtag|code_ags|desc_ags|code_geschlecht|fact_alter_durchschnitt
2020-12-31|DG|Deutschland|Insgesamt|44.6
2020-12-31|DG|Deutschland|männlich|43.3
2020-12-31|DG|Deutschland|weiblich|45.9
2020-12-31|01|Schleswig-Holstein|Insgesamt|45.6
2020-12-31|01|Schleswig-Holstein|männlich|44.3
2020-12-31|01|Schleswig-Holstein|weiblich|46.8
2020-12-31|02|Hamburg|Insgesamt|42.1
2020-12-31|02|Hamburg|männlich|40.9
2020-12-31|02|Hamburg|weiblich|43.3
2020-12-31|03|Niedersachsen|Insgesamt|44.8
2020-12-31|03|Niedersachsen|männlich|43.5
2020-12-31|03|Niedersachsen|weiblich|46.1
2020-12-31|04|Bremen|Insgesamt|43.7
2020-12-31|04|Bremen|männlich|42.1
2020-12-31|04|Bremen|weiblich|45.2
2020-12-31|05|Nordrhein-Westfalen|Insgesamt|44.3
2020-12-31|05|Nordrhein-Westfalen|männlich|42.9
2020-12-31|05|Nordrhein-Westfalen|weiblich|45.6
2020-12-31|06|Hessen|Insgesamt|44.0
2020-12-31|06|Hessen|männlich|42.8
2020-12-31|06|Hessen|weiblich|45.2
2020-12-31|07|Rheinland-Pfalz|Insgesamt|45.0
2020-12-31|07|Rheinland-Pfalz|männlich|43.7
2020-12-31|07|Rheinland-Pfalz|weiblich|46.2
2020-12-31|08|Baden-Württemberg|Insgesamt|43.8
2020-12-31|08|Baden-Württemberg|männlich|42.5
2020-12-31|08|Baden-Württemberg|weiblich|45.0
2020-12-31|09|Bayern|Insgesamt|44.0
2020-12-31|09|Bayern|männlich|42.8
2020-12-31|09|Bayern|weiblich|45.2
2020-12-31|10|Saarland|Insgesamt|46.5
2020-12-31|10|Saarland|männlich|45.0
2020-12-31|10|Saarland|weiblich|47.9
2020-12-31|11|Berlin|Insgesamt|42.7
2020-12-31|11|Berlin|männlich|41.5
2020-12-31|11|Berlin|weiblich|43.9
2020-12-31|12|Brandenburg|Insgesamt|47.2
2020-12-31|12|Brandenburg|männlich|45.8
2020-12-31|12|Brandenburg|weiblich|48.6
2020-12-31|13|Mecklenburg-Vorpommern|Insgesamt|47.4
2020-12-31|13|Mecklenburg-Vorpommern|männlich|45.8
2020-12-31|13|Mecklenburg-Vorpommern|weiblich|48.8
2020-12-31|14|Sachsen|Insgesamt|46.9
2020-12-31|14|Sachsen|männlich|45.2
2020-12-31|14|Sachsen|weiblich|48.6
2020-12-31|15|Sachsen-Anhalt|Insgesamt|48.1
2020-12-31|15|Sachsen-Anhalt|männlich|46.3
2020-12-31|15|Sachsen-Anhalt|weiblich|49.8
2020-12-31|16|Thüringen|Insgesamt|47.5
2020-12-31|16|Thüringen|männlich|45.9
2020-12-31|16|Thüringen|weiblich|49.1
2020-12-31|01001|Flensburg, kreisfreie Stadt|Insgesamt|42.5
2020-12-31|01001|Flensburg, kreisfreie Stadt|männlich|41.2
2020-12-31|01001|Flensburg, kreisfreie Stadt|weiblich|43.9
2020-12-31|01002|Kiel, kreisfreie Stadt|Insgesamt|42.3
2020-12-31|01002|Kiel, kreisfreie Stadt|männlich|41.1
2020-12-31|01002|Kiel, kreisfreie Stadt|weiblich|43.4
2020-12-31|01003|Lübeck, kreisfreie Stadt, Hansestadt|Insgesamt|45.4
2020-12-31|01003|Lübeck, kreisfreie Stadt, Hansestadt|männlich|43.7
2020-12-31|01003|Lübeck, kreisfreie Stadt, Hansestadt|weiblich|46.9
2020-12-31|01004|Neumünster, kreisfreie Stadt|Insgesamt|44.8
2020-12-31|01004|Neumünster, kreisfreie Stadt|männlich|43.2
2020-12-31|01004|Neumünster, kreisfreie Stadt|weiblich|46.4
2020-12-31|01051|Dithmarschen, Kreis|Insgesamt|46.7
2020-12-31|01051|Dithmarschen, Kreis|männlich|45.5
2020-12-31|01051|Dithmarschen, Kreis|weiblich|47.8
2020-12-31|01053|Herzogtum Lauenburg, Kreis|Insgesamt|45.4
2020-12-31|01053|Herzogtum Lauenburg, Kreis|männlich|44.1
2020-12-31|01053|Herzogtum Lauenburg, Kreis|weiblich|46.6
2020-12-31|01054|Nordfriesland, Kreis|Insgesamt|46.4
2020-12-31|01054|Nordfriesland, Kreis|männlich|44.9
2020-12-31|01054|Nordfriesland, Kreis|weiblich|47.8
2020-12-31|01055|Ostholstein, Kreis|Insgesamt|48.6
2020-12-31|01055|Ostholstein, Kreis|männlich|47.3
2020-12-31|01055|Ostholstein, Kreis|weiblich|49.9
2020-12-31|01056|Pinneberg, Kreis|Insgesamt|45.1
2020-12-31|01056|Pinneberg, Kreis|männlich|43.8
2020-12-31|01056|Pinneberg, Kreis|weiblich|46.3
2020-12-31|01057|Plön, Kreis|Insgesamt|47.6
2020-12-31|01057|Plön, Kreis|männlich|46.4
2020-12-31|01057|Plön, Kreis|weiblich|48.7
2020-12-31|01058|Rendsburg-Eckernförde, Kreis|Insgesamt|46.0
2020-12-31|01058|Rendsburg-Eckernförde, Kreis|männlich|44.8
2020-12-31|01058|Rendsburg-Eckernförde, Kreis|weiblich|47.2
2020-12-31|01059|Schleswig-Flensburg, Kreis|Insgesamt|46.0
2020-12-31|01059|Schleswig-Flensburg, Kreis|männlich|44.9
2020-12-31|01059|Schleswig-Flensburg, Kreis|weiblich|47.1
2020-12-31|01060|Segeberg, Kreis|Insgesamt|45.1
2020-12-31|01060|Segeberg, Kreis|männlich|43.8
2020-12-31|01060|Segeberg, Kreis|weiblich|46.3
2020-12-31|01061|Steinburg, Kreis|Insgesamt|46.0
2020-12-31|01061|Steinburg, Kreis|männlich|44.8
2020-12-31|01061|Steinburg, Kreis|weiblich|47.2
2020-12-31|01062|Stormarn, Kreis|Insgesamt|45.8
2020-12-31|01062|Stormarn, Kreis|männlich|44.4
2020-12-31|01062|Stormarn, Kreis|weiblich|47.0
2020-12-31|02000|Hamburg, kreisfreie Stadt, Freie und Hansestadt|Insgesamt|42.1
2020-12-31|02000|Hamburg, kreisfreie Stadt, Freie und Hansestadt|männlich|40.9
2020-12-31|02000|Hamburg, kreisfreie Stadt, Freie und Hansestadt|weiblich|43.3
2020-12-31|03101|Braunschweig, kreisfreie Stadt|Insgesamt|44.0
2020-12-31|03101|Braunschweig, kreisfreie Stadt|männlich|42.3
2020-12-31|03101|Braunschweig, kreisfreie Stadt|weiblich|45.6
2020-12-31|03102|Salzgitter, kreisfreie Stadt|Insgesamt|44.2
2020-12-31|03102|Salzgitter, kreisfreie Stadt|männlich|42.7
2020-12-31|03102|Salzgitter, kreisfreie Stadt|weiblich|45.8
2020-12-31|03103|Wolfsburg, kreisfreie Stadt|Insgesamt|44.4
2020-12-31|03103|Wolfsburg, kreisfreie Stadt|männlich|42.9
2020-12-31|03103|Wolfsburg, kreisfreie Stadt|weiblich|45.9
2020-12-31|03151|Gifhorn, Landkreis|Insgesamt|44.1
2020-12-31|03151|Gifhorn, Landkreis|männlich|43.1
2020-12-31|03151|Gifhorn, Landkreis|weiblich|45.1
2020-12-31|03153|Goslar, Landkreis|Insgesamt|48.3
2020-12-31|03153|Goslar, Landkreis|männlich|46.6
2020-12-31|03153|Goslar, Landkreis|weiblich|50.1
2020-12-31|03154|Helmstedt, Landkreis|Insgesamt|46.1
2020-12-31|03154|Helmstedt, Landkreis|männlich|44.8
2020-12-31|03154|Helmstedt, Landkreis|weiblich|47.4
2020-12-31|03155|Northeim, Landkreis|Insgesamt|47.4
2020-12-31|03155|Northeim, Landkreis|männlich|46.1
2020-12-31|03155|Northeim, Landkreis|weiblich|48.6
2020-12-31|03157|Peine, Landkreis|Insgesamt|44.6
2020-12-31|03157|Peine, Landkreis|männlich|43.4
2020-12-31|03157|Peine, Landkreis|weiblich|45.8
2020-12-31|03158|Wolfenbüttel, Landkreis|Insgesamt|46.4
2020-12-31|03158|Wolfenbüttel, Landkreis|männlich|45.2
2020-12-31|03158|Wolfenbüttel, Landkreis|weiblich|47.6
2020-12-31|03159|Göttingen, Landkreis|Insgesamt|45.1
2020-12-31|03159|Göttingen, Landkreis|männlich|43.9
2020-12-31|03159|Göttingen, Landkreis|weiblich|46.3
2020-12-31|03241|Region Hannover, Landkreis|Insgesamt|44.1
2020-12-31|03241|Region Hannover, Landkreis|männlich|42.7
2020-12-31|03241|Region Hannover, Landkreis|weiblich|45.4
2020-12-31|03241001|Hannover, Landeshauptstadt|Insgesamt|42.6
2020-12-31|03241001|Hannover, Landeshauptstadt|männlich|41.1
2020-12-31|03241001|Hannover, Landeshauptstadt|weiblich|43.9
2020-12-31|03251|Diepholz, Landkreis|Insgesamt|45.4
2020-12-31|03251|Diepholz, Landkreis|männlich|44.3
2020-12-31|03251|Diepholz, Landkreis|weiblich|46.6
2020-12-31|03252|Hameln-Pyrmont, Landkreis|Insgesamt|46.8
2020-12-31|03252|Hameln-Pyrmont, Landkreis|männlich|45.3
2020-12-31|03252|Hameln-Pyrmont, Landkreis|weiblich|48.3
2020-12-31|03254|Hildesheim, Landkreis|Insgesamt|45.8
2020-12-31|03254|Hildesheim, Landkreis|männlich|44.4
2020-12-31|03254|Hildesheim, Landkreis|weiblich|47.1
2020-12-31|03255|Holzminden, Landkreis|Insgesamt|47.5
2020-12-31|03255|Holzminden, Landkreis|männlich|46.0
2020-12-31|03255|Holzminden, Landkreis|weiblich|49.0
2020-12-31|03256|Nienburg (Weser), Landkreis|Insgesamt|45.3
2020-12-31|03256|Nienburg (Weser), Landkreis|männlich|44.1
2020-12-31|03256|Nienburg (Weser), Landkreis|weiblich|46.5
2020-12-31|03257|Schaumburg, Landkreis|Insgesamt|46.7
2020-12-31|03257|Schaumburg, Landkreis|männlich|45.2
2020-12-31|03257|Schaumburg, Landkreis|weiblich|48.1
2020-12-31|03351|Celle, Landkreis|Insgesamt|45.4
2020-12-31|03351|Celle, Landkreis|männlich|44.1
2020-12-31|03351|Celle, Landkreis|weiblich|46.6
2020-12-31|03352|Cuxhaven, Landkreis|Insgesamt|46.8
2020-12-31|03352|Cuxhaven, Landkreis|männlich|45.5
2020-12-31|03352|Cuxhaven, Landkreis|weiblich|48.1
2020-12-31|03353|Harburg, Landkreis|Insgesamt|45.2
2020-12-31|03353|Harburg, Landkreis|männlich|43.9
2020-12-31|03353|Harburg, Landkreis|weiblich|46.5
2020-12-31|03354|Lüchow-Dannenberg, Landkreis|Insgesamt|48.5
2020-12-31|03354|Lüchow-Dannenberg, Landkreis|männlich|47.0
2020-12-31|03354|Lüchow-Dannenberg, Landkreis|weiblich|50.0
2020-12-31|03355|Lüneburg, Landkreis|Insgesamt|43.9
2020-12-31|03355|Lüneburg, Landkreis|männlich|42.8
2020-12-31|03355|Lüneburg, Landkreis|weiblich|45.1
2020-12-31|03356|Osterholz, Landkreis|Insgesamt|46.0
2020-12-31|03356|Osterholz, Landkreis|männlich|44.7
2020-12-31|03356|Osterholz, Landkreis|weiblich|47.2
2020-12-31|03357|Rotenburg (Wümme), Landkreis|Insgesamt|44.7
2020-12-31|03357|Rotenburg (Wümme), Landkreis|männlich|43.6
2020-12-31|03357|Rotenburg (Wümme), Landkreis|weiblich|45.9
2020-12-31|03358|Heidekreis|Insgesamt|45.1
2020-12-31|03358|Heidekreis|männlich|43.6
2020-12-31|03358|Heidekreis|weiblich|46.7
2020-12-31|03359|Stade, Landkreis|Insgesamt|44.3
2020-12-31|03359|Stade, Landkreis|männlich|43.0
2020-12-31|03359|Stade, Landkreis|weiblich|45.5
2020-12-31|03360|Uelzen, Landkreis|Insgesamt|47.3
2020-12-31|03360|Uelzen, Landkreis|männlich|46.0
2020-12-31|03360|Uelzen, Landkreis|weiblich|48.6
2020-12-31|03361|Verden, Landkreis|Insgesamt|44.9
2020-12-31|03361|Verden, Landkreis|männlich|43.8
2020-12-31|03361|Verden, Landkreis|weiblich|46.0
2020-12-31|03401|Delmenhorst, kreisfreie Stadt|Insgesamt|44.1
2020-12-31|03401|Delmenhorst, kreisfreie Stadt|männlich|42.8
2020-12-31|03401|Delmenhorst, kreisfreie Stadt|weiblich|45.4
2020-12-31|03402|Emden, kreisfreie Stadt|Insgesamt|43.9
2020-12-31|03402|Emden, kreisfreie Stadt|männlich|42.5
2020-12-31|03402|Emden, kreisfreie Stadt|weiblich|45.2
2020-12-31|03403|Oldenburg (Oldenburg), kreisfreie Stadt|Insgesamt|42.8
2020-12-31|03403|Oldenburg (Oldenburg), kreisfreie Stadt|männlich|41.6
2020-12-31|03403|Oldenburg (Oldenburg), kreisfreie Stadt|weiblich|43.9
2020-12-31|03404|Osnabrück, kreisfreie Stadt|Insgesamt|42.1
2020-12-31|03404|Osnabrück, kreisfreie Stadt|männlich|40.9
2020-12-31|03404|Osnabrück, kreisfreie Stadt|weiblich|43.3
2020-12-31|03405|Wilhelmshaven, kreisfreie Stadt|Insgesamt|46.4
2020-12-31|03405|Wilhelmshaven, kreisfreie Stadt|männlich|44.7
2020-12-31|03405|Wilhelmshaven, kreisfreie Stadt|weiblich|48.1
2020-12-31|03451|Ammerland, Landkreis|Insgesamt|45.4
2020-12-31|03451|Ammerland, Landkreis|männlich|44.2
2020-12-31|03451|Ammerland, Landkreis|weiblich|46.5
2020-12-31|03452|Aurich, Landkreis|Insgesamt|45.6
2020-12-31|03452|Aurich, Landkreis|männlich|44.3
2020-12-31|03452|Aurich, Landkreis|weiblich|46.9
2020-12-31|03453|Cloppenburg, Landkreis|Insgesamt|41.0
2020-12-31|03453|Cloppenburg, Landkreis|männlich|39.9
2020-12-31|03453|Cloppenburg, Landkreis|weiblich|42.1
2020-12-31|03454|Emsland, Landkreis|Insgesamt|43.1
2020-12-31|03454|Emsland, Landkreis|männlich|42.1
2020-12-31|03454|Emsland, Landkreis|weiblich|44.2
2020-12-31|03455|Friesland, Landkreis|Insgesamt|47.2
2020-12-31|03455|Friesland, Landkreis|männlich|45.9
2020-12-31|03455|Friesland, Landkreis|weiblich|48.4
2020-12-31|03456|Grafschaft Bentheim, Landkreis|Insgesamt|43.9
2020-12-31|03456|Grafschaft Bentheim, Landkreis|männlich|42.9
2020-12-31|03456|Grafschaft Bentheim, Landkreis|weiblich|45.0
2020-12-31|03457|Leer, Landkreis|Insgesamt|44.4
2020-12-31|03457|Leer, Landkreis|männlich|43.2
2020-12-31|03457|Leer, Landkreis|weiblich|45.5
2020-12-31|03458|Oldenburg, Landkreis|Insgesamt|45.0
2020-12-31|03458|Oldenburg, Landkreis|männlich|43.8
2020-12-31|03458|Oldenburg, Landkreis|weiblich|46.1
2020-12-31|03459|Osnabrück, Landkreis|Insgesamt|44.3
2020-12-31|03459|Osnabrück, Landkreis|männlich|42.9
2020-12-31|03459|Osnabrück, Landkreis|weiblich|45.6
2020-12-31|03460|Vechta, Landkreis|Insgesamt|41.1
2020-12-31|03460|Vechta, Landkreis|männlich|40.1
2020-12-31|03460|Vechta, Landkreis|weiblich|42.0
2020-12-31|03461|Wesermarsch, Landkreis|Insgesamt|46.0
2020-12-31|03461|Wesermarsch, Landkreis|männlich|44.9
2020-12-31|03461|Wesermarsch, Landkreis|weiblich|47.2
2020-12-31|03462|Wittmund, Landkreis|Insgesamt|46.5
2020-12-31|03462|Wittmund, Landkreis|männlich|45.3
2020-12-31|03462|Wittmund, Landkreis|weiblich|47.7
2020-12-31|04011|Bremen, kreisfreie Stadt|Insgesamt|43.6
2020-12-31|04011|Bremen, kreisfreie Stadt|männlich|42.1
2020-12-31|04011|Bremen, kreisfreie Stadt|weiblich|45.1
2020-12-31|04012|Bremerhaven, kreisfreie Stadt|Insgesamt|43.8
2020-12-31|04012|Bremerhaven, kreisfreie Stadt|männlich|42.2
2020-12-31|04012|Bremerhaven, kreisfreie Stadt|weiblich|45.5
2020-12-31|05111|Düsseldorf, kreisfreie Stadt|Insgesamt|43.1
2020-12-31|05111|Düsseldorf, kreisfreie Stadt|männlich|41.9
2020-12-31|05111|Düsseldorf, kreisfreie Stadt|weiblich|44.3
2020-12-31|05112|Duisburg, kreisfreie Stadt|Insgesamt|43.5
2020-12-31|05112|Duisburg, kreisfreie Stadt|männlich|42.0
2020-12-31|05112|Duisburg, kreisfreie Stadt|weiblich|45.0
2020-12-31|05113|Essen, kreisfreie Stadt|Insgesamt|44.2
2020-12-31|05113|Essen, kreisfreie Stadt|männlich|42.6
2020-12-31|05113|Essen, kreisfreie Stadt|weiblich|45.6
2020-12-31|05114|Krefeld, kreisfreie Stadt|Insgesamt|44.7
2020-12-31|05114|Krefeld, kreisfreie Stadt|männlich|43.1
2020-12-31|05114|Krefeld, kreisfreie Stadt|weiblich|46.3
2020-12-31|05116|Mönchengladbach, kreisfreie Stadt|Insgesamt|44.2
2020-12-31|05116|Mönchengladbach, kreisfreie Stadt|männlich|42.8
2020-12-31|05116|Mönchengladbach, kreisfreie Stadt|weiblich|45.5
2020-12-31|05117|Mülheim an der Ruhr, kreisfreie Stadt|Insgesamt|45.7
2020-12-31|05117|Mülheim an der Ruhr, kreisfreie Stadt|männlich|43.9
2020-12-31|05117|Mülheim an der Ruhr, kreisfreie Stadt|weiblich|47.4
2020-12-31|05119|Oberhausen, kreisfreie Stadt|Insgesamt|45.0
2020-12-31|05119|Oberhausen, kreisfreie Stadt|männlich|43.5
2020-12-31|05119|Oberhausen, kreisfreie Stadt|weiblich|46.4
2020-12-31|05120|Remscheid, kreisfreie Stadt|Insgesamt|44.8
2020-12-31|05120|Remscheid, kreisfreie Stadt|männlich|43.5
2020-12-31|05120|Remscheid, kreisfreie Stadt|weiblich|46.1
2020-12-31|05122|Solingen, kreisfreie Stadt|Insgesamt|44.6
2020-12-31|05122|Solingen, kreisfreie Stadt|männlich|43.1
2020-12-31|05122|Solingen, kreisfreie Stadt|weiblich|45.9
2020-12-31|05124|Wuppertal, kreisfreie Stadt|Insgesamt|43.6
2020-12-31|05124|Wuppertal, kreisfreie Stadt|männlich|42.1
2020-12-31|05124|Wuppertal, kreisfreie Stadt|weiblich|45.0
2020-12-31|05154|Kleve, Kreis|Insgesamt|44.5
2020-12-31|05154|Kleve, Kreis|männlich|43.2
2020-12-31|05154|Kleve, Kreis|weiblich|45.8
2020-12-31|05158|Mettmann, Kreis|Insgesamt|46.0
2020-12-31|05158|Mettmann, Kreis|männlich|44.5
2020-12-31|05158|Mettmann, Kreis|weiblich|47.3
2020-12-31|05162|Rhein-Kreis Neuss|Insgesamt|45.0
2020-12-31|05162|Rhein-Kreis Neuss|männlich|43.6
2020-12-31|05162|Rhein-Kreis Neuss|weiblich|46.3
2020-12-31|05166|Viersen, Kreis|Insgesamt|45.8
2020-12-31|05166|Viersen, Kreis|männlich|44.6
2020-12-31|05166|Viersen, Kreis|weiblich|47.1
2020-12-31|05170|Wesel, Kreis|Insgesamt|46.2
2020-12-31|05170|Wesel, Kreis|männlich|44.8
2020-12-31|05170|Wesel, Kreis|weiblich|47.6
2020-12-31|05314|Bonn, kreisfreie Stadt|Insgesamt|41.8
2020-12-31|05314|Bonn, kreisfreie Stadt|männlich|40.4
2020-12-31|05314|Bonn, kreisfreie Stadt|weiblich|43.1
2020-12-31|05315|Köln, kreisfreie Stadt|Insgesamt|42.0
2020-12-31|05315|Köln, kreisfreie Stadt|männlich|41.1
2020-12-31|05315|Köln, kreisfreie Stadt|weiblich|42.9
2020-12-31|05316|Leverkusen, kreisfreie Stadt|Insgesamt|44.5
2020-12-31|05316|Leverkusen, kreisfreie Stadt|männlich|43.0
2020-12-31|05316|Leverkusen, kreisfreie Stadt|weiblich|46.0
2020-12-31|05334|Städteregion Aachen, Kreis|Insgesamt|43.3
2020-12-31|05334|Städteregion Aachen, Kreis|männlich|41.6
2020-12-31|05334|Städteregion Aachen, Kreis|weiblich|45.1
2020-12-31|05334002|Aachen, kreisfreie Stadt|Insgesamt|41.3
2020-12-31|05334002|Aachen, kreisfreie Stadt|männlich|39.2
2020-12-31|05334002|Aachen, kreisfreie Stadt|weiblich|43.5
2020-12-31|05358|Düren, Kreis|Insgesamt|44.6
2020-12-31|05358|Düren, Kreis|männlich|43.2
2020-12-31|05358|Düren, Kreis|weiblich|46.0
2020-12-31|05362|Rhein-Erft-Kreis|Insgesamt|44.6
2020-12-31|05362|Rhein-Erft-Kreis|männlich|43.3
2020-12-31|05362|Rhein-Erft-Kreis|weiblich|45.8
2020-12-31|05366|Euskirchen, Kreis|Insgesamt|45.2
2020-12-31|05366|Euskirchen, Kreis|männlich|44.1
2020-12-31|05366|Euskirchen, Kreis|weiblich|46.3
2020-12-31|05370|Heinsberg, Kreis|Insgesamt|44.8
2020-12-31|05370|Heinsberg, Kreis|männlich|43.6
2020-12-31|05370|Heinsberg, Kreis|weiblich|46.0
2020-12-31|05374|Oberbergischer Kreis|Insgesamt|44.6
2020-12-31|05374|Oberbergischer Kreis|männlich|43.3
2020-12-31|05374|Oberbergischer Kreis|weiblich|45.9
2020-12-31|05378|Rheinisch-Bergischer Kreis|Insgesamt|46.0
2020-12-31|05378|Rheinisch-Bergischer Kreis|männlich|44.6
2020-12-31|05378|Rheinisch-Bergischer Kreis|weiblich|47.4
2020-12-31|05382|Rhein-Sieg-Kreis|Insgesamt|44.7
2020-12-31|05382|Rhein-Sieg-Kreis|männlich|43.3
2020-12-31|05382|Rhein-Sieg-Kreis|weiblich|46.0
2020-12-31|05512|Bottrop, kreisfreie Stadt|Insgesamt|45.6
2020-12-31|05512|Bottrop, kreisfreie Stadt|männlich|43.9
2020-12-31|05512|Bottrop, kreisfreie Stadt|weiblich|47.2
2020-12-31|05513|Gelsenkirchen, kreisfreie Stadt|Insgesamt|43.4
2020-12-31|05513|Gelsenkirchen, kreisfreie Stadt|männlich|41.9
2020-12-31|05513|Gelsenkirchen, kreisfreie Stadt|weiblich|44.9
2020-12-31|05515|Münster, kreisfreie Stadt|Insgesamt|41.4
2020-12-31|05515|Münster, kreisfreie Stadt|männlich|40.4
2020-12-31|05515|Münster, kreisfreie Stadt|weiblich|42.4
2020-12-31|05554|Borken, Kreis|Insgesamt|43.3
2020-12-31|05554|Borken, Kreis|männlich|42.1
2020-12-31|05554|Borken, Kreis|weiblich|44.4
2020-12-31|05558|Coesfeld, Kreis|Insgesamt|44.8
2020-12-31|05558|Coesfeld, Kreis|männlich|43.4
2020-12-31|05558|Coesfeld, Kreis|weiblich|46.1
2020-12-31|05562|Recklinghausen, Kreis|Insgesamt|45.6
2020-12-31|05562|Recklinghausen, Kreis|männlich|44.1
2020-12-31|05562|Recklinghausen, Kreis|weiblich|47.1
2020-12-31|05566|Steinfurt, Kreis|Insgesamt|43.8
2020-12-31|05566|Steinfurt, Kreis|männlich|42.5
2020-12-31|05566|Steinfurt, Kreis|weiblich|45.2
2020-12-31|05570|Warendorf, Kreis|Insgesamt|44.6
2020-12-31|05570|Warendorf, Kreis|männlich|43.2
2020-12-31|05570|Warendorf, Kreis|weiblich|45.9
2020-12-31|05711|Bielefeld, kreisfreie Stadt|Insgesamt|42.9
2020-12-31|05711|Bielefeld, kreisfreie Stadt|männlich|41.6
2020-12-31|05711|Bielefeld, kreisfreie Stadt|weiblich|44.2
2020-12-31|05754|Gütersloh, Kreis|Insgesamt|43.7
2020-12-31|05754|Gütersloh, Kreis|männlich|42.3
2020-12-31|05754|Gütersloh, Kreis|weiblich|45.0
2020-12-31|05758|Herford, Kreis|Insgesamt|45.1
2020-12-31|05758|Herford, Kreis|männlich|43.6
2020-12-31|05758|Herford, Kreis|weiblich|46.6
2020-12-31|05762|Höxter, Kreis|Insgesamt|45.7
2020-12-31|05762|Höxter, Kreis|männlich|44.3
2020-12-31|05762|Höxter, Kreis|weiblich|47.1
2020-12-31|05766|Lippe, Kreis|Insgesamt|44.8
2020-12-31|05766|Lippe, Kreis|männlich|43.3
2020-12-31|05766|Lippe, Kreis|weiblich|46.3
2020-12-31|05770|Minden-Lübbecke, Kreis|Insgesamt|44.8
2020-12-31|05770|Minden-Lübbecke, Kreis|männlich|43.3
2020-12-31|05770|Minden-Lübbecke, Kreis|weiblich|46.3
2020-12-31|05774|Paderborn, Kreis|Insgesamt|42.5
2020-12-31|05774|Paderborn, Kreis|männlich|41.2
2020-12-31|05774|Paderborn, Kreis|weiblich|43.7
2020-12-31|05911|Bochum, kreisfreie Stadt|Insgesamt|44.7
2020-12-31|05911|Bochum, kreisfreie Stadt|männlich|42.9
2020-12-31|05911|Bochum, kreisfreie Stadt|weiblich|46.3
2020-12-31|05913|Dortmund, kreisfreie Stadt|Insgesamt|43.5
2020-12-31|05913|Dortmund, kreisfreie Stadt|männlich|42.1
2020-12-31|05913|Dortmund, kreisfreie Stadt|weiblich|44.9
2020-12-31|05914|Hagen, kreisfreie Stadt|Insgesamt|44.3
2020-12-31|05914|Hagen, kreisfreie Stadt|männlich|42.6
2020-12-31|05914|Hagen, kreisfreie Stadt|weiblich|45.8
2020-12-31|05915|Hamm, kreisfreie Stadt|Insgesamt|43.8
2020-12-31|05915|Hamm, kreisfreie Stadt|männlich|42.3
2020-12-31|05915|Hamm, kreisfreie Stadt|weiblich|45.2
2020-12-31|05916|Herne, kreisfreie Stadt|Insgesamt|44.5
2020-12-31|05916|Herne, kreisfreie Stadt|männlich|42.8
2020-12-31|05916|Herne, kreisfreie Stadt|weiblich|46.0
2020-12-31|05954|Ennepe-Ruhr-Kreis|Insgesamt|46.3
2020-12-31|05954|Ennepe-Ruhr-Kreis|männlich|44.7
2020-12-31|05954|Ennepe-Ruhr-Kreis|weiblich|47.7
2020-12-31|05958|Hochsauerlandkreis|Insgesamt|45.5
2020-12-31|05958|Hochsauerlandkreis|männlich|44.1
2020-12-31|05958|Hochsauerlandkreis|weiblich|46.9
2020-12-31|05962|Märkischer Kreis|Insgesamt|45.2
2020-12-31|05962|Märkischer Kreis|männlich|43.7
2020-12-31|05962|Märkischer Kreis|weiblich|46.6
2020-12-31|05966|Olpe, Kreis|Insgesamt|44.5
2020-12-31|05966|Olpe, Kreis|männlich|43.2
2020-12-31|05966|Olpe, Kreis|weiblich|45.8
2020-12-31|05970|Siegen-Wittgenstein, Kreis|Insgesamt|44.5
2020-12-31|05970|Siegen-Wittgenstein, Kreis|männlich|43.2
2020-12-31|05970|Siegen-Wittgenstein, Kreis|weiblich|45.7
2020-12-31|05974|Soest, Kreis|Insgesamt|44.9
2020-12-31|05974|Soest, Kreis|männlich|43.4
2020-12-31|05974|Soest, Kreis|weiblich|46.4
2020-12-31|05978|Unna, Kreis|Insgesamt|45.6
2020-12-31|05978|Unna, Kreis|männlich|44.1
2020-12-31|05978|Unna, Kreis|weiblich|47.1
2020-12-31|06411|Darmstadt, kreisfreie Stadt, Wissenschaftsstadt|Insgesamt|41.0
2020-12-31|06411|Darmstadt, kreisfreie Stadt, Wissenschaftsstadt|männlich|39.4
2020-12-31|06411|Darmstadt, kreisfreie Stadt, Wissenschaftsstadt|weiblich|42.6
2020-12-31|06412|Frankfurt am Main, kreisfreie Stadt|Insgesamt|40.9
2020-12-31|06412|Frankfurt am Main, kreisfreie Stadt|männlich|40.1
2020-12-31|06412|Frankfurt am Main, kreisfreie Stadt|weiblich|41.7
2020-12-31|06413|Offenbach am Main, kreisfreie Stadt|Insgesamt|40.8
2020-12-31|06413|Offenbach am Main, kreisfreie Stadt|männlich|39.8
2020-12-31|06413|Offenbach am Main, kreisfreie Stadt|weiblich|41.7
2020-12-31|06414|Wiesbaden, kreisfreie Stadt, Landeshauptstadt|Insgesamt|43.1
2020-12-31|06414|Wiesbaden, kreisfreie Stadt, Landeshauptstadt|männlich|41.7
2020-12-31|06414|Wiesbaden, kreisfreie Stadt, Landeshauptstadt|weiblich|44.3
2020-12-31|06431|Bergstraße, Landkreis|Insgesamt|45.5
2020-12-31|06431|Bergstraße, Landkreis|männlich|44.2
2020-12-31|06431|Bergstraße, Landkreis|weiblich|46.7
2020-12-31|06432|Darmstadt-Dieburg, Landkreis|Insgesamt|44.4
2020-12-31|06432|Darmstadt-Dieburg, Landkreis|männlich|43.4
2020-12-31|06432|Darmstadt-Dieburg, Landkreis|weiblich|45.5
2020-12-31|06433|Groß-Gerau, Landkreis|Insgesamt|43.0
2020-12-31|06433|Groß-Gerau, Landkreis|männlich|41.9
2020-12-31|06433|Groß-Gerau, Landkreis|weiblich|44.2
2020-12-31|06434|Hochtaunuskreis|Insgesamt|45.3
2020-12-31|06434|Hochtaunuskreis|männlich|43.8
2020-12-31|06434|Hochtaunuskreis|weiblich|46.6
2020-12-31|06435|Main-Kinzig-Kreis|Insgesamt|44.7
2020-12-31|06435|Main-Kinzig-Kreis|männlich|43.4
2020-12-31|06435|Main-Kinzig-Kreis|weiblich|45.9
2020-12-31|06436|Main-Taunus-Kreis|Insgesamt|44.3
2020-12-31|06436|Main-Taunus-Kreis|männlich|43.0
2020-12-31|06436|Main-Taunus-Kreis|weiblich|45.5
2020-12-31|06437|Odenwaldkreis|Insgesamt|46.2
2020-12-31|06437|Odenwaldkreis|männlich|45.0
2020-12-31|06437|Odenwaldkreis|weiblich|47.4
2020-12-31|06438|Offenbach, Landkreis|Insgesamt|44.2
2020-12-31|06438|Offenbach, Landkreis|männlich|42.9
2020-12-31|06438|Offenbach, Landkreis|weiblich|45.4
2020-12-31|06439|Rheingau-Taunus-Kreis|Insgesamt|45.9
2020-12-31|06439|Rheingau-Taunus-Kreis|männlich|44.7
2020-12-31|06439|Rheingau-Taunus-Kreis|weiblich|47.1
2020-12-31|06440|Wetteraukreis|Insgesamt|44.6
2020-12-31|06440|Wetteraukreis|männlich|43.4
2020-12-31|06440|Wetteraukreis|weiblich|45.8
2020-12-31|06531|Gießen, Landkreis|Insgesamt|42.8
2020-12-31|06531|Gießen, Landkreis|männlich|41.7
2020-12-31|06531|Gießen, Landkreis|weiblich|43.8
2020-12-31|06532|Lahn-Dill-Kreis|Insgesamt|45.2
2020-12-31|06532|Lahn-Dill-Kreis|männlich|43.8
2020-12-31|06532|Lahn-Dill-Kreis|weiblich|46.5
2020-12-31|06533|Limburg-Weilburg, Landkreis|Insgesamt|45.0
2020-12-31|06533|Limburg-Weilburg, Landkreis|männlich|43.8
2020-12-31|06533|Limburg-Weilburg, Landkreis|weiblich|46.2
2020-12-31|06534|Marburg-Biedenkopf, Landkreis|Insgesamt|43.3
2020-12-31|06534|Marburg-Biedenkopf, Landkreis|männlich|42.2
2020-12-31|06534|Marburg-Biedenkopf, Landkreis|weiblich|44.3
2020-12-31|06535|Vogelsbergkreis|Insgesamt|47.1
2020-12-31|06535|Vogelsbergkreis|männlich|45.9
2020-12-31|06535|Vogelsbergkreis|weiblich|48.4
2020-12-31|06611|Kassel, kreisfreie Stadt, documenta-Stadt|Insgesamt|42.6
2020-12-31|06611|Kassel, kreisfreie Stadt, documenta-Stadt|männlich|41.0
2020-12-31|06611|Kassel, kreisfreie Stadt, documenta-Stadt|weiblich|44.2
2020-12-31|06631|Fulda, Landkreis|Insgesamt|44.4
2020-12-31|06631|Fulda, Landkreis|männlich|43.1
2020-12-31|06631|Fulda, Landkreis|weiblich|45.6
2020-12-31|06632|Hersfeld-Rotenburg, Landkreis|Insgesamt|46.1
2020-12-31|06632|Hersfeld-Rotenburg, Landkreis|männlich|44.8
2020-12-31|06632|Hersfeld-Rotenburg, Landkreis|weiblich|47.5
2020-12-31|06633|Kassel, Landkreis|Insgesamt|46.7
2020-12-31|06633|Kassel, Landkreis|männlich|45.4
2020-12-31|06633|Kassel, Landkreis|weiblich|48.0
2020-12-31|06634|Schwalm-Eder-Kreis|Insgesamt|46.2
2020-12-31|06634|Schwalm-Eder-Kreis|männlich|44.8
2020-12-31|06634|Schwalm-Eder-Kreis|weiblich|47.5
2020-12-31|06635|Waldeck-Frankenberg, Landkreis|Insgesamt|46.0
2020-12-31|06635|Waldeck-Frankenberg, Landkreis|männlich|44.6
2020-12-31|06635|Waldeck-Frankenberg, Landkreis|weiblich|47.3
2020-12-31|06636|Werra-Meißner-Kreis|Insgesamt|47.3
2020-12-31|06636|Werra-Meißner-Kreis|männlich|45.8
2020-12-31|06636|Werra-Meißner-Kreis|weiblich|48.8
2020-12-31|07111|Koblenz, kreisfreie Stadt|Insgesamt|43.9
2020-12-31|07111|Koblenz, kreisfreie Stadt|männlich|42.3
2020-12-31|07111|Koblenz, kreisfreie Stadt|weiblich|45.5
2020-12-31|07131|Ahrweiler, Landkreis|Insgesamt|46.7
2020-12-31|07131|Ahrweiler, Landkreis|männlich|45.3
2020-12-31|07131|Ahrweiler, Landkreis|weiblich|48.0
2020-12-31|07132|Altenkirchen (Westerwald), Landkreis|Insgesamt|45.4
2020-12-31|07132|Altenkirchen (Westerwald), Landkreis|männlich|44.1
2020-12-31|07132|Altenkirchen (Westerwald), Landkreis|weiblich|46.6
2020-12-31|07133|Bad Kreuznach, Landkreis|Insgesamt|45.9
2020-12-31|07133|Bad Kreuznach, Landkreis|männlich|44.6
2020-12-31|07133|Bad Kreuznach, Landkreis|weiblich|47.1
2020-12-31|07134|Birkenfeld, Landkreis|Insgesamt|46.3
2020-12-31|07134|Birkenfeld, Landkreis|männlich|44.8
2020-12-31|07134|Birkenfeld, Landkreis|weiblich|47.7
2020-12-31|07135|Cochem-Zell, Landkreis|Insgesamt|47.1
2020-12-31|07135|Cochem-Zell, Landkreis|männlich|45.8
2020-12-31|07135|Cochem-Zell, Landkreis|weiblich|48.4
2020-12-31|07137|Mayen-Koblenz, Landkreis|Insgesamt|45.2
2020-12-31|07137|Mayen-Koblenz, Landkreis|männlich|44.0
2020-12-31|07137|Mayen-Koblenz, Landkreis|weiblich|46.4
2020-12-31|07138|Neuwied, Landkreis|Insgesamt|45.1
2020-12-31|07138|Neuwied, Landkreis|männlich|43.9
2020-12-31|07138|Neuwied, Landkreis|weiblich|46.3
2020-12-31|07140|Rhein-Hunsrück-Kreis|Insgesamt|45.9
2020-12-31|07140|Rhein-Hunsrück-Kreis|männlich|44.6
2020-12-31|07140|Rhein-Hunsrück-Kreis|weiblich|47.1
2020-12-31|07141|Rhein-Lahn-Kreis|Insgesamt|46.1
2020-12-31|07141|Rhein-Lahn-Kreis|männlich|45.0
2020-12-31|07141|Rhein-Lahn-Kreis|weiblich|47.1
2020-12-31|07143|Westerwaldkreis|Insgesamt|44.9
2020-12-31|07143|Westerwaldkreis|männlich|43.8
2020-12-31|07143|Westerwaldkreis|weiblich|46.1
2020-12-31|07211|Trier, kreisfreie Stadt|Insgesamt|42.0
2020-12-31|07211|Trier, kreisfreie Stadt|männlich|40.5
2020-12-31|07211|Trier, kreisfreie Stadt|weiblich|43.5
2020-12-31|07231|Bernkastel-Wittlich, Landkreis|Insgesamt|45.9
2020-12-31|07231|Bernkastel-Wittlich, Landkreis|männlich|44.7
2020-12-31|07231|Bernkastel-Wittlich, Landkreis|weiblich|47.0
2020-12-31|07232|Eifelkreis Bitburg-Prüm|Insgesamt|44.6
2020-12-31|07232|Eifelkreis Bitburg-Prüm|männlich|43.4
2020-12-31|07232|Eifelkreis Bitburg-Prüm|weiblich|45.8
2020-12-31|07233|Vulkaneifel, Landkreis|Insgesamt|47.0
2020-12-31|07233|Vulkaneifel, Landkreis|männlich|45.9
2020-12-31|07233|Vulkaneifel, Landkreis|weiblich|48.0
2020-12-31|07235|Trier-Saarburg, Landkreis|Insgesamt|44.8
2020-12-31|07235|Trier-Saarburg, Landkreis|männlich|43.7
2020-12-31|07235|Trier-Saarburg, Landkreis|weiblich|45.9
2020-12-31|07311|Frankenthal (Pfalz), kreisfreie Stadt|Insgesamt|44.8
2020-12-31|07311|Frankenthal (Pfalz), kreisfreie Stadt|männlich|43.0
2020-12-31|07311|Frankenthal (Pfalz), kreisfreie Stadt|weiblich|46.5
2020-12-31|07312|Kaiserslautern, kreisfreie Stadt|Insgesamt|43.2
2020-12-31|07312|Kaiserslautern, kreisfreie Stadt|männlich|41.2
2020-12-31|07312|Kaiserslautern, kreisfreie Stadt|weiblich|45.2
2020-12-31|07313|Landau in der Pfalz, kreisfreie Stadt|Insgesamt|43.0
2020-12-31|07313|Landau in der Pfalz, kreisfreie Stadt|männlich|42.0
2020-12-31|07313|Landau in der Pfalz, kreisfreie Stadt|weiblich|44.0
2020-12-31|07314|Ludwigshafen am Rhein, kreisfreie Stadt|Insgesamt|42.2
2020-12-31|07314|Ludwigshafen am Rhein, kreisfreie Stadt|männlich|40.9
2020-12-31|07314|Ludwigshafen am Rhein, kreisfreie Stadt|weiblich|43.5
2020-12-31|07315|Mainz, kreisfreie Stadt|Insgesamt|41.5
2020-12-31|07315|Mainz, kreisfreie Stadt|männlich|40.5
2020-12-31|07315|Mainz, kreisfreie Stadt|weiblich|42.5
2020-12-31|07316|Neustadt an der Weinstraße, kreisfreie Stadt|Insgesamt|46.4
2020-12-31|07316|Neustadt an der Weinstraße, kreisfreie Stadt|männlich|44.9
2020-12-31|07316|Neustadt an der Weinstraße, kreisfreie Stadt|weiblich|47.8
2020-12-31|07317|Pirmasens, kreisfreie Stadt|Insgesamt|46.7
2020-12-31|07317|Pirmasens, kreisfreie Stadt|männlich|44.9
2020-12-31|07317|Pirmasens, kreisfreie Stadt|weiblich|48.5
2020-12-31|07318|Speyer, kreisfreie Stadt|Insgesamt|45.5
2020-12-31|07318|Speyer, kreisfreie Stadt|männlich|43.6
2020-12-31|07318|Speyer, kreisfreie Stadt|weiblich|47.2
2020-12-31|07319|Worms, kreisfreie Stadt|Insgesamt|43.6
2020-12-31|07319|Worms, kreisfreie Stadt|männlich|42.0
2020-12-31|07319|Worms, kreisfreie Stadt|weiblich|45.1
2020-12-31|07320|Zweibrücken, kreisfreie Stadt|Insgesamt|45.6
2020-12-31|07320|Zweibrücken, kreisfreie Stadt|männlich|44.0
2020-12-31|07320|Zweibrücken, kreisfreie Stadt|weiblich|47.1
2020-12-31|07331|Alzey-Worms, Landkreis|Insgesamt|44.5
2020-12-31|07331|Alzey-Worms, Landkreis|männlich|43.5
2020-12-31|07331|Alzey-Worms, Landkreis|weiblich|45.4
2020-12-31|07332|Bad Dürkheim, Landkreis|Insgesamt|46.9
2020-12-31|07332|Bad Dürkheim, Landkreis|männlich|45.7
2020-12-31|07332|Bad Dürkheim, Landkreis|weiblich|48.2
2020-12-31|07333|Donnersbergkreis|Insgesamt|45.6
2020-12-31|07333|Donnersbergkreis|männlich|44.5
2020-12-31|07333|Donnersbergkreis|weiblich|46.6
2020-12-31|07334|Germersheim, Landkreis|Insgesamt|44.2
2020-12-31|07334|Germersheim, Landkreis|männlich|43.1
2020-12-31|07334|Germersheim, Landkreis|weiblich|45.3
2020-12-31|07335|Kaiserslautern, Landkreis|Insgesamt|44.8
2020-12-31|07335|Kaiserslautern, Landkreis|männlich|43.6
2020-12-31|07335|Kaiserslautern, Landkreis|weiblich|45.9
2020-12-31|07336|Kusel, Landkreis|Insgesamt|46.7
2020-12-31|07336|Kusel, Landkreis|männlich|45.6
2020-12-31|07336|Kusel, Landkreis|weiblich|47.8
2020-12-31|07337|Südliche Weinstraße, Landkreis|Insgesamt|46.4
2020-12-31|07337|Südliche Weinstraße, Landkreis|männlich|45.2
2020-12-31|07337|Südliche Weinstraße, Landkreis|weiblich|47.5
2020-12-31|07338|Rhein-Pfalz-Kreis|Insgesamt|45.6
2020-12-31|07338|Rhein-Pfalz-Kreis|männlich|44.4
2020-12-31|07338|Rhein-Pfalz-Kreis|weiblich|46.8
2020-12-31|07339|Mainz-Bingen, Landkreis|Insgesamt|44.9
2020-12-31|07339|Mainz-Bingen, Landkreis|männlich|43.7
2020-12-31|07339|Mainz-Bingen, Landkreis|weiblich|45.9
2020-12-31|07340|Südwestpfalz, Landkreis|Insgesamt|47.9
2020-12-31|07340|Südwestpfalz, Landkreis|männlich|46.7
2020-12-31|07340|Südwestpfalz, Landkreis|weiblich|49.0
2020-12-31|08111|Stuttgart, Stadtkreis|Insgesamt|42.3
2020-12-31|08111|Stuttgart, Stadtkreis|männlich|41.2
2020-12-31|08111|Stuttgart, Stadtkreis|weiblich|43.4
2020-12-31|08115|Böblingen, Landkreis|Insgesamt|43.5
2020-12-31|08115|Böblingen, Landkreis|männlich|42.3
2020-12-31|08115|Böblingen, Landkreis|weiblich|44.6
2020-12-31|08116|Esslingen, Landkreis|Insgesamt|44.0
2020-12-31|08116|Esslingen, Landkreis|männlich|42.7
2020-12-31|08116|Esslingen, Landkreis|weiblich|45.3
2020-12-31|08117|Göppingen, Landkreis|Insgesamt|44.6
2020-12-31|08117|Göppingen, Landkreis|männlich|43.3
2020-12-31|08117|Göppingen, Landkreis|weiblich|45.8
2020-12-31|08118|Ludwigsburg, Landkreis|Insgesamt|43.5
2020-12-31|08118|Ludwigsburg, Landkreis|männlich|42.3
2020-12-31|08118|Ludwigsburg, Landkreis|weiblich|44.7
2020-12-31|08119|Rems-Murr-Kreis, Landkreis|Insgesamt|44.4
2020-12-31|08119|Rems-Murr-Kreis, Landkreis|männlich|43.1
2020-12-31|08119|Rems-Murr-Kreis, Landkreis|weiblich|45.6
2020-12-31|08121|Heilbronn, Stadtkreis|Insgesamt|42.5
2020-12-31|08121|Heilbronn, Stadtkreis|männlich|41.0
2020-12-31|08121|Heilbronn, Stadtkreis|weiblich|44.1
2020-12-31|08125|Heilbronn, Landkreis|Insgesamt|43.4
2020-12-31|08125|Heilbronn, Landkreis|männlich|42.4
2020-12-31|08125|Heilbronn, Landkreis|weiblich|44.6
2020-12-31|08126|Hohenlohekreis, Landkreis|Insgesamt|43.7
2020-12-31|08126|Hohenlohekreis, Landkreis|männlich|42.5
2020-12-31|08126|Hohenlohekreis, Landkreis|weiblich|44.9
2020-12-31|08127|Schwäbisch Hall, Landkreis|Insgesamt|43.3
2020-12-31|08127|Schwäbisch Hall, Landkreis|männlich|42.1
2020-12-31|08127|Schwäbisch Hall, Landkreis|weiblich|44.5
2020-12-31|08128|Main-Tauber-Kreis, Landkreis|Insgesamt|45.5
2020-12-31|08128|Main-Tauber-Kreis, Landkreis|männlich|44.1
2020-12-31|08128|Main-Tauber-Kreis, Landkreis|weiblich|46.8
2020-12-31|08135|Heidenheim, Landkreis|Insgesamt|44.6
2020-12-31|08135|Heidenheim, Landkreis|männlich|43.2
2020-12-31|08135|Heidenheim, Landkreis|weiblich|46.0
2020-12-31|08136|Ostalbkreis, Landkreis|Insgesamt|44.1
2020-12-31|08136|Ostalbkreis, Landkreis|männlich|42.9
2020-12-31|08136|Ostalbkreis, Landkreis|weiblich|45.3
2020-12-31|08211|Baden-Baden, Stadtkreis|Insgesamt|47.2
2020-12-31|08211|Baden-Baden, Stadtkreis|männlich|45.3
2020-12-31|08211|Baden-Baden, Stadtkreis|weiblich|49.0
2020-12-31|08212|Karlsruhe, Stadtkreis|Insgesamt|42.6
2020-12-31|08212|Karlsruhe, Stadtkreis|männlich|40.9
2020-12-31|08212|Karlsruhe, Stadtkreis|weiblich|44.5
2020-12-31|08215|Karlsruhe, Landkreis|Insgesamt|44.7
2020-12-31|08215|Karlsruhe, Landkreis|männlich|43.4
2020-12-31|08215|Karlsruhe, Landkreis|weiblich|46.0
2020-12-31|08216|Rastatt, Landkreis|Insgesamt|45.1
2020-12-31|08216|Rastatt, Landkreis|männlich|43.8
2020-12-31|08216|Rastatt, Landkreis|weiblich|46.4
2020-12-31|08221|Heidelberg, Stadtkreis|Insgesamt|40.7
2020-12-31|08221|Heidelberg, Stadtkreis|männlich|39.7
2020-12-31|08221|Heidelberg, Stadtkreis|weiblich|41.5
2020-12-31|08222|Mannheim, Stadtkreis|Insgesamt|42.3
2020-12-31|08222|Mannheim, Stadtkreis|männlich|40.9
2020-12-31|08222|Mannheim, Stadtkreis|weiblich|43.6
2020-12-31|08225|Neckar-Odenwald-Kreis, Landkreis|Insgesamt|45.1
2020-12-31|08225|Neckar-Odenwald-Kreis, Landkreis|männlich|43.8
2020-12-31|08225|Neckar-Odenwald-Kreis, Landkreis|weiblich|46.5
2020-12-31|08226|Rhein-Neckar-Kreis, Landkreis|Insgesamt|44.8
2020-12-31|08226|Rhein-Neckar-Kreis, Landkreis|männlich|43.5
2020-12-31|08226|Rhein-Neckar-Kreis, Landkreis|weiblich|46.1
2020-12-31|08231|Pforzheim, Stadtkreis|Insgesamt|42.7
2020-12-31|08231|Pforzheim, Stadtkreis|männlich|41.1
2020-12-31|08231|Pforzheim, Stadtkreis|weiblich|44.3
2020-12-31|08235|Calw, Landkreis|Insgesamt|44.4
2020-12-31|08235|Calw, Landkreis|männlich|43.1
2020-12-31|08235|Calw, Landkreis|weiblich|45.7
2020-12-31|08236|Enzkreis, Landkreis|Insgesamt|44.6
2020-12-31|08236|Enzkreis, Landkreis|männlich|43.4
2020-12-31|08236|Enzkreis, Landkreis|weiblich|45.9
2020-12-31|08237|Freudenstadt, Landkreis|Insgesamt|44.4
2020-12-31|08237|Freudenstadt, Landkreis|männlich|43.1
2020-12-31|08237|Freudenstadt, Landkreis|weiblich|45.7
2020-12-31|08311|Freiburg im Breisgau, Stadtkreis|Insgesamt|40.8
2020-12-31|08311|Freiburg im Breisgau, Stadtkreis|männlich|39.9
2020-12-31|08311|Freiburg im Breisgau, Stadtkreis|weiblich|41.7
2020-12-31|08315|Breisgau-Hochschwarzwald, Landkreis|Insgesamt|44.8
2020-12-31|08315|Breisgau-Hochschwarzwald, Landkreis|männlich|43.5
2020-12-31|08315|Breisgau-Hochschwarzwald, Landkreis|weiblich|46.0
2020-12-31|08316|Emmendingen, Landkreis|Insgesamt|44.5
2020-12-31|08316|Emmendingen, Landkreis|männlich|43.2
2020-12-31|08316|Emmendingen, Landkreis|weiblich|45.8
2020-12-31|08317|Ortenaukreis, Landkreis|Insgesamt|44.3
2020-12-31|08317|Ortenaukreis, Landkreis|männlich|43.1
2020-12-31|08317|Ortenaukreis, Landkreis|weiblich|45.5
2020-12-31|08325|Rottweil, Landkreis|Insgesamt|44.2
2020-12-31|08325|Rottweil, Landkreis|männlich|43.0
2020-12-31|08325|Rottweil, Landkreis|weiblich|45.4
2020-12-31|08326|Schwarzwald-Baar-Kreis, Landkreis|Insgesamt|44.7
2020-12-31|08326|Schwarzwald-Baar-Kreis, Landkreis|männlich|43.4
2020-12-31|08326|Schwarzwald-Baar-Kreis, Landkreis|weiblich|46.0
2020-12-31|08327|Tuttlingen, Landkreis|Insgesamt|42.9
2020-12-31|08327|Tuttlingen, Landkreis|männlich|41.8
2020-12-31|08327|Tuttlingen, Landkreis|weiblich|44.1
2020-12-31|08335|Konstanz, Landkreis|Insgesamt|44.0
2020-12-31|08335|Konstanz, Landkreis|männlich|42.7
2020-12-31|08335|Konstanz, Landkreis|weiblich|45.2
2020-12-31|08336|Lörrach, Landkreis|Insgesamt|44.2
2020-12-31|08336|Lörrach, Landkreis|männlich|42.9
2020-12-31|08336|Lörrach, Landkreis|weiblich|45.3
2020-12-31|08337|Waldshut, Landkreis|Insgesamt|44.4
2020-12-31|08337|Waldshut, Landkreis|männlich|43.2
2020-12-31|08337|Waldshut, Landkreis|weiblich|45.5
2020-12-31|08415|Reutlingen, Landkreis|Insgesamt|44.1
2020-12-31|08415|Reutlingen, Landkreis|männlich|42.8
2020-12-31|08415|Reutlingen, Landkreis|weiblich|45.3
2020-12-31|08416|Tübingen, Landkreis|Insgesamt|41.8
2020-12-31|08416|Tübingen, Landkreis|männlich|40.9
2020-12-31|08416|Tübingen, Landkreis|weiblich|42.6
2020-12-31|08417|Zollernalbkreis, Landkreis|Insgesamt|45.1
2020-12-31|08417|Zollernalbkreis, Landkreis|männlich|43.7
2020-12-31|08417|Zollernalbkreis, Landkreis|weiblich|46.5
2020-12-31|08421|Ulm, Stadtkreis|Insgesamt|42.0
2020-12-31|08421|Ulm, Stadtkreis|männlich|40.6
2020-12-31|08421|Ulm, Stadtkreis|weiblich|43.3
2020-12-31|08425|Alb-Donau-Kreis, Landkreis|Insgesamt|43.2
2020-12-31|08425|Alb-Donau-Kreis, Landkreis|männlich|42.2
2020-12-31|08425|Alb-Donau-Kreis, Landkreis|weiblich|44.3
2020-12-31|08426|Biberach, Landkreis|Insgesamt|42.8
2020-12-31|08426|Biberach, Landkreis|männlich|41.9
2020-12-31|08426|Biberach, Landkreis|weiblich|43.8
2020-12-31|08435|Bodenseekreis, Landkreis|Insgesamt|45.2
2020-12-31|08435|Bodenseekreis, Landkreis|männlich|44.0
2020-12-31|08435|Bodenseekreis, Landkreis|weiblich|46.3
2020-12-31|08436|Ravensburg, Landkreis|Insgesamt|43.5
2020-12-31|08436|Ravensburg, Landkreis|männlich|42.3
2020-12-31|08436|Ravensburg, Landkreis|weiblich|44.6
2020-12-31|08437|Sigmaringen, Landkreis|Insgesamt|44.2
2020-12-31|08437|Sigmaringen, Landkreis|männlich|42.9
2020-12-31|08437|Sigmaringen, Landkreis|weiblich|45.4
2020-12-31|09161|Ingolstadt, kreisfreie Stadt|Insgesamt|42.3
2020-12-31|09161|Ingolstadt, kreisfreie Stadt|männlich|40.9
2020-12-31|09161|Ingolstadt, kreisfreie Stadt|weiblich|43.7
2020-12-31|09162|München, kreisfreie Stadt|Insgesamt|41.6
2020-12-31|09162|München, kreisfreie Stadt|männlich|40.5
2020-12-31|09162|München, kreisfreie Stadt|weiblich|42.7
2020-12-31|09163|Rosenheim, kreisfreie Stadt|Insgesamt|43.2
2020-12-31|09163|Rosenheim, kreisfreie Stadt|männlich|41.6
2020-12-31|09163|Rosenheim, kreisfreie Stadt|weiblich|44.7
2020-12-31|09171|Altötting, Landkreis|Insgesamt|44.7
2020-12-31|09171|Altötting, Landkreis|männlich|43.2
2020-12-31|09171|Altötting, Landkreis|weiblich|46.1
2020-12-31|09172|Berchtesgadener Land, Landkreis|Insgesamt|45.6
2020-12-31|09172|Berchtesgadener Land, Landkreis|männlich|44.0
2020-12-31|09172|Berchtesgadener Land, Landkreis|weiblich|47.1
2020-12-31|09173|Bad Tölz-Wolfratshausen, Landkreis|Insgesamt|44.6
2020-12-31|09173|Bad Tölz-Wolfratshausen, Landkreis|männlich|43.3
2020-12-31|09173|Bad Tölz-Wolfratshausen, Landkreis|weiblich|45.8
2020-12-31|09174|Dachau, Landkreis|Insgesamt|43.0
2020-12-31|09174|Dachau, Landkreis|männlich|42.0
2020-12-31|09174|Dachau, Landkreis|weiblich|44.1
2020-12-31|09175|Ebersberg, Landkreis|Insgesamt|43.0
2020-12-31|09175|Ebersberg, Landkreis|männlich|41.9
2020-12-31|09175|Ebersberg, Landkreis|weiblich|44.1
2020-12-31|09176|Eichstätt, Landkreis|Insgesamt|42.2
2020-12-31|09176|Eichstätt, Landkreis|männlich|41.4
2020-12-31|09176|Eichstätt, Landkreis|weiblich|43.1
2020-12-31|09177|Erding, Landkreis|Insgesamt|42.6
2020-12-31|09177|Erding, Landkreis|männlich|41.7
2020-12-31|09177|Erding, Landkreis|weiblich|43.4
2020-12-31|09178|Freising, Landkreis|Insgesamt|41.6
2020-12-31|09178|Freising, Landkreis|männlich|40.8
2020-12-31|09178|Freising, Landkreis|weiblich|42.6
2020-12-31|09179|Fürstenfeldbruck, Landkreis|Insgesamt|44.4
2020-12-31|09179|Fürstenfeldbruck, Landkreis|männlich|43.1
2020-12-31|09179|Fürstenfeldbruck, Landkreis|weiblich|45.7
2020-12-31|09180|Garmisch-Partenkirchen, Landkreis|Insgesamt|46.6
2020-12-31|09180|Garmisch-Partenkirchen, Landkreis|männlich|44.9
2020-12-31|09180|Garmisch-Partenkirchen, Landkreis|weiblich|48.1
2020-12-31|09181|Landsberg am Lech, Landkreis|Insgesamt|44.1
2020-12-31|09181|Landsberg am Lech, Landkreis|männlich|43.0
2020-12-31|09181|Landsberg am Lech, Landkreis|weiblich|45.2
2020-12-31|09182|Miesbach, Landkreis|Insgesamt|45.4
2020-12-31|09182|Miesbach, Landkreis|männlich|44.0
2020-12-31|09182|Miesbach, Landkreis|weiblich|46.7
2020-12-31|09183|Mühldorf a.Inn, Landkreis|Insgesamt|43.7
2020-12-31|09183|Mühldorf a.Inn, Landkreis|männlich|42.5
2020-12-31|09183|Mühldorf a.Inn, Landkreis|weiblich|45.0
2020-12-31|09184|München, Landkreis|Insgesamt|43.6
2020-12-31|09184|München, Landkreis|männlich|42.3
2020-12-31|09184|München, Landkreis|weiblich|44.9
2020-12-31|09185|Neuburg-Schrobenhausen, Landkreis|Insgesamt|43.4
2020-12-31|09185|Neuburg-Schrobenhausen, Landkreis|männlich|42.3
2020-12-31|09185|Neuburg-Schrobenhausen, Landkreis|weiblich|44.4
2020-12-31|09186|Pfaffenhofen a.d.Ilm, Landkreis|Insgesamt|42.9
2020-12-31|09186|Pfaffenhofen a.d.Ilm, Landkreis|männlich|42.1
2020-12-31|09186|Pfaffenhofen a.d.Ilm, Landkreis|weiblich|43.9
2020-12-31|09187|Rosenheim, Landkreis|Insgesamt|44.6
2020-12-31|09187|Rosenheim, Landkreis|männlich|43.3
2020-12-31|09187|Rosenheim, Landkreis|weiblich|45.9
2020-12-31|09188|Starnberg, Landkreis|Insgesamt|45.4
2020-12-31|09188|Starnberg, Landkreis|männlich|44.1
2020-12-31|09188|Starnberg, Landkreis|weiblich|46.6
2020-12-31|09189|Traunstein, Landkreis|Insgesamt|45.3
2020-12-31|09189|Traunstein, Landkreis|männlich|44.0
2020-12-31|09189|Traunstein, Landkreis|weiblich|46.6
2020-12-31|09190|Weilheim-Schongau, Landkreis|Insgesamt|44.7
2020-12-31|09190|Weilheim-Schongau, Landkreis|männlich|43.6
2020-12-31|09190|Weilheim-Schongau, Landkreis|weiblich|45.8
2020-12-31|09261|Landshut, kreisfreie Stadt|Insgesamt|43.7
2020-12-31|09261|Landshut, kreisfreie Stadt|männlich|42.2
2020-12-31|09261|Landshut, kreisfreie Stadt|weiblich|45.1
2020-12-31|09262|Passau, kreisfreie Stadt|Insgesamt|43.7
2020-12-31|09262|Passau, kreisfreie Stadt|männlich|42.2
2020-12-31|09262|Passau, kreisfreie Stadt|weiblich|45.1
2020-12-31|09263|Straubing, kreisfreie Stadt|Insgesamt|44.8
2020-12-31|09263|Straubing, kreisfreie Stadt|männlich|43.1
2020-12-31|09263|Straubing, kreisfreie Stadt|weiblich|46.5
2020-12-31|09271|Deggendorf, Landkreis|Insgesamt|44.5
2020-12-31|09271|Deggendorf, Landkreis|männlich|43.2
2020-12-31|09271|Deggendorf, Landkreis|weiblich|45.8
2020-12-31|09272|Freyung-Grafenau, Landkreis|Insgesamt|45.8
2020-12-31|09272|Freyung-Grafenau, Landkreis|männlich|44.7
2020-12-31|09272|Freyung-Grafenau, Landkreis|weiblich|47.0
2020-12-31|09273|Kelheim, Landkreis|Insgesamt|43.1
2020-12-31|09273|Kelheim, Landkreis|männlich|42.1
2020-12-31|09273|Kelheim, Landkreis|weiblich|44.2
2020-12-31|09274|Landshut, Landkreis|Insgesamt|43.3
2020-12-31|09274|Landshut, Landkreis|männlich|42.4
2020-12-31|09274|Landshut, Landkreis|weiblich|44.2
2020-12-31|09275|Passau, Landkreis|Insgesamt|45.5
2020-12-31|09275|Passau, Landkreis|männlich|44.3
2020-12-31|09275|Passau, Landkreis|weiblich|46.8
2020-12-31|09276|Regen, Landkreis|Insgesamt|45.7
2020-12-31|09276|Regen, Landkreis|männlich|44.3
2020-12-31|09276|Regen, Landkreis|weiblich|47.0
2020-12-31|09277|Rottal-Inn, Landkreis|Insgesamt|44.8
2020-12-31|09277|Rottal-Inn, Landkreis|männlich|43.5
2020-12-31|09277|Rottal-Inn, Landkreis|weiblich|46.1
2020-12-31|09278|Straubing-Bogen, Landkreis|Insgesamt|44.0
2020-12-31|09278|Straubing-Bogen, Landkreis|männlich|43.0
2020-12-31|09278|Straubing-Bogen, Landkreis|weiblich|45.1
2020-12-31|09279|Dingolfing-Landau, Landkreis|Insgesamt|43.6
2020-12-31|09279|Dingolfing-Landau, Landkreis|männlich|42.6
2020-12-31|09279|Dingolfing-Landau, Landkreis|weiblich|44.7
2020-12-31|09361|Amberg, kreisfreie Stadt|Insgesamt|45.7
2020-12-31|09361|Amberg, kreisfreie Stadt|männlich|43.8
2020-12-31|09361|Amberg, kreisfreie Stadt|weiblich|47.7
2020-12-31|09362|Regensburg, kreisfreie Stadt|Insgesamt|41.6
2020-12-31|09362|Regensburg, kreisfreie Stadt|männlich|40.2
2020-12-31|09362|Regensburg, kreisfreie Stadt|weiblich|42.9
2020-12-31|09363|Weiden i.d.OPf., kreisfreie Stadt|Insgesamt|45.4
2020-12-31|09363|Weiden i.d.OPf., kreisfreie Stadt|männlich|43.6
2020-12-31|09363|Weiden i.d.OPf., kreisfreie Stadt|weiblich|47.2
2020-12-31|09371|Amberg-Sulzbach, Landkreis|Insgesamt|45.2
2020-12-31|09371|Amberg-Sulzbach, Landkreis|männlich|44.1
2020-12-31|09371|Amberg-Sulzbach, Landkreis|weiblich|46.3
2020-12-31|09372|Cham, Landkreis|Insgesamt|45.1
2020-12-31|09372|Cham, Landkreis|männlich|44.1
2020-12-31|09372|Cham, Landkreis|weiblich|46.2
2020-12-31|09373|Neumarkt i.d.OPf., Landkreis|Insgesamt|43.7
2020-12-31|09373|Neumarkt i.d.OPf., Landkreis|männlich|42.7
2020-12-31|09373|Neumarkt i.d.OPf., Landkreis|weiblich|44.8
2020-12-31|09374|Neustadt a.d.Waldnaab, Landkreis|Insgesamt|44.9
2020-12-31|09374|Neustadt a.d.Waldnaab, Landkreis|männlich|43.9
2020-12-31|09374|Neustadt a.d.Waldnaab, Landkreis|weiblich|46.0
2020-12-31|09375|Regensburg, Landkreis|Insgesamt|44.0
2020-12-31|09375|Regensburg, Landkreis|männlich|43.0
2020-12-31|09375|Regensburg, Landkreis|weiblich|45.0
2020-12-31|09376|Schwandorf, Landkreis|Insgesamt|44.5
2020-12-31|09376|Schwandorf, Landkreis|männlich|43.4
2020-12-31|09376|Schwandorf, Landkreis|weiblich|45.7
2020-12-31|09377|Tirschenreuth, Landkreis|Insgesamt|46.1
2020-12-31|09377|Tirschenreuth, Landkreis|männlich|44.8
2020-12-31|09377|Tirschenreuth, Landkreis|weiblich|47.4
2020-12-31|09461|Bamberg, kreisfreie Stadt|Insgesamt|43.0
2020-12-31|09461|Bamberg, kreisfreie Stadt|männlich|41.5
2020-12-31|09461|Bamberg, kreisfreie Stadt|weiblich|44.4
2020-12-31|09462|Bayreuth, kreisfreie Stadt|Insgesamt|43.7
2020-12-31|09462|Bayreuth, kreisfreie Stadt|männlich|41.8
2020-12-31|09462|Bayreuth, kreisfreie Stadt|weiblich|45.5
2020-12-31|09463|Coburg, kreisfreie Stadt|Insgesamt|45.8
2020-12-31|09463|Coburg, kreisfreie Stadt|männlich|44.0
2020-12-31|09463|Coburg, kreisfreie Stadt|weiblich|47.6
2020-12-31|09464|Hof, kreisfreie Stadt|Insgesamt|45.5
2020-12-31|09464|Hof, kreisfreie Stadt|männlich|43.5
2020-12-31|09464|Hof, kreisfreie Stadt|weiblich|47.4
2020-12-31|09471|Bamberg, Landkreis|Insgesamt|44.1
2020-12-31|09471|Bamberg, Landkreis|männlich|43.1
2020-12-31|09471|Bamberg, Landkreis|weiblich|45.0
2020-12-31|09472|Bayreuth, Landkreis|Insgesamt|46.0
2020-12-31|09472|Bayreuth, Landkreis|männlich|44.8
2020-12-31|09472|Bayreuth, Landkreis|weiblich|47.1
2020-12-31|09473|Coburg, Landkreis|Insgesamt|46.3
2020-12-31|09473|Coburg, Landkreis|männlich|44.9
2020-12-31|09473|Coburg, Landkreis|weiblich|47.6
2020-12-31|09474|Forchheim, Landkreis|Insgesamt|44.7
2020-12-31|09474|Forchheim, Landkreis|männlich|43.7
2020-12-31|09474|Forchheim, Landkreis|weiblich|45.7
2020-12-31|09475|Hof, Landkreis|Insgesamt|47.8
2020-12-31|09475|Hof, Landkreis|männlich|46.4
2020-12-31|09475|Hof, Landkreis|weiblich|49.2
2020-12-31|09476|Kronach, Landkreis|Insgesamt|47.7
2020-12-31|09476|Kronach, Landkreis|männlich|46.3
2020-12-31|09476|Kronach, Landkreis|weiblich|49.0
2020-12-31|09477|Kulmbach, Landkreis|Insgesamt|47.1
2020-12-31|09477|Kulmbach, Landkreis|männlich|45.5
2020-12-31|09477|Kulmbach, Landkreis|weiblich|48.7
2020-12-31|09478|Lichtenfels, Landkreis|Insgesamt|46.1
2020-12-31|09478|Lichtenfels, Landkreis|männlich|44.8
2020-12-31|09478|Lichtenfels, Landkreis|weiblich|47.4
2020-12-31|09479|Wunsiedel i.Fichtelgebirge, Landkreis|Insgesamt|47.8
2020-12-31|09479|Wunsiedel i.Fichtelgebirge, Landkreis|männlich|46.0
2020-12-31|09479|Wunsiedel i.Fichtelgebirge, Landkreis|weiblich|49.5
2020-12-31|09561|Ansbach, kreisfreie Stadt|Insgesamt|44.2
2020-12-31|09561|Ansbach, kreisfreie Stadt|männlich|42.5
2020-12-31|09561|Ansbach, kreisfreie Stadt|weiblich|45.8
2020-12-31|09562|Erlangen, kreisfreie Stadt|Insgesamt|41.6
2020-12-31|09562|Erlangen, kreisfreie Stadt|männlich|40.2
2020-12-31|09562|Erlangen, kreisfreie Stadt|weiblich|42.9
2020-12-31|09563|Fürth, kreisfreie Stadt|Insgesamt|43.1
2020-12-31|09563|Fürth, kreisfreie Stadt|männlich|41.7
2020-12-31|09563|Fürth, kreisfreie Stadt|weiblich|44.6
2020-12-31|09564|Nürnberg, kreisfreie Stadt|Insgesamt|43.3
2020-12-31|09564|Nürnberg, kreisfreie Stadt|männlich|41.8
2020-12-31|09564|Nürnberg, kreisfreie Stadt|weiblich|44.7
2020-12-31|09565|Schwabach, kreisfreie Stadt|Insgesamt|44.7
2020-12-31|09565|Schwabach, kreisfreie Stadt|männlich|43.2
2020-12-31|09565|Schwabach, kreisfreie Stadt|weiblich|46.1
2020-12-31|09571|Ansbach, Landkreis|Insgesamt|44.1
2020-12-31|09571|Ansbach, Landkreis|männlich|42.9
2020-12-31|09571|Ansbach, Landkreis|weiblich|45.2
2020-12-31|09572|Erlangen-Höchstadt, Landkreis|Insgesamt|44.2
2020-12-31|09572|Erlangen-Höchstadt, Landkreis|männlich|43.3
2020-12-31|09572|Erlangen-Höchstadt, Landkreis|weiblich|45.1
2020-12-31|09573|Fürth, Landkreis|Insgesamt|45.5
2020-12-31|09573|Fürth, Landkreis|männlich|44.3
2020-12-31|09573|Fürth, Landkreis|weiblich|46.7
2020-12-31|09574|Nürnberger Land, Landkreis|Insgesamt|45.4
2020-12-31|09574|Nürnberger Land, Landkreis|männlich|44.1
2020-12-31|09574|Nürnberger Land, Landkreis|weiblich|46.6
2020-12-31|09575|Neustadt a.d.Aisch-Bad Windsheim, Landkreis|Insgesamt|44.7
2020-12-31|09575|Neustadt a.d.Aisch-Bad Windsheim, Landkreis|männlich|43.5
2020-12-31|09575|Neustadt a.d.Aisch-Bad Windsheim, Landkreis|weiblich|45.8
2020-12-31|09576|Roth, Landkreis|Insgesamt|44.8
2020-12-31|09576|Roth, Landkreis|männlich|43.6
2020-12-31|09576|Roth, Landkreis|weiblich|45.9
2020-12-31|09577|Weißenburg-Gunzenhausen, Landkreis|Insgesamt|45.0
2020-12-31|09577|Weißenburg-Gunzenhausen, Landkreis|männlich|43.7
2020-12-31|09577|Weißenburg-Gunzenhausen, Landkreis|weiblich|46.2
2020-12-31|09661|Aschaffenburg, kreisfreie Stadt|Insgesamt|44.3
2020-12-31|09661|Aschaffenburg, kreisfreie Stadt|männlich|42.6
2020-12-31|09661|Aschaffenburg, kreisfreie Stadt|weiblich|45.8
2020-12-31|09662|Schweinfurt, kreisfreie Stadt|Insgesamt|45.0
2020-12-31|09662|Schweinfurt, kreisfreie Stadt|männlich|42.9
2020-12-31|09662|Schweinfurt, kreisfreie Stadt|weiblich|47.0
2020-12-31|09663|Würzburg, kreisfreie Stadt|Insgesamt|42.8
2020-12-31|09663|Würzburg, kreisfreie Stadt|männlich|41.4
2020-12-31|09663|Würzburg, kreisfreie Stadt|weiblich|44.1
2020-12-31|09671|Aschaffenburg, Landkreis|Insgesamt|45.4
2020-12-31|09671|Aschaffenburg, Landkreis|männlich|44.3
2020-12-31|09671|Aschaffenburg, Landkreis|weiblich|46.4
2020-12-31|09672|Bad Kissingen, Landkreis|Insgesamt|46.9
2020-12-31|09672|Bad Kissingen, Landkreis|männlich|45.6
2020-12-31|09672|Bad Kissingen, Landkreis|weiblich|48.1
2020-12-31|09673|Rhön-Grabfeld, Landkreis|Insgesamt|45.6
2020-12-31|09673|Rhön-Grabfeld, Landkreis|männlich|44.6
2020-12-31|09673|Rhön-Grabfeld, Landkreis|weiblich|46.7
2020-12-31|09674|Haßberge, Landkreis|Insgesamt|45.1
2020-12-31|09674|Haßberge, Landkreis|männlich|44.1
2020-12-31|09674|Haßberge, Landkreis|weiblich|46.2
2020-12-31|09675|Kitzingen, Landkreis|Insgesamt|44.6
2020-12-31|09675|Kitzingen, Landkreis|männlich|43.5
2020-12-31|09675|Kitzingen, Landkreis|weiblich|45.7
2020-12-31|09676|Miltenberg, Landkreis|Insgesamt|45.1
2020-12-31|09676|Miltenberg, Landkreis|männlich|44.1
2020-12-31|09676|Miltenberg, Landkreis|weiblich|46.2
2020-12-31|09677|Main-Spessart, Landkreis|Insgesamt|46.3
2020-12-31|09677|Main-Spessart, Landkreis|männlich|45.2
2020-12-31|09677|Main-Spessart, Landkreis|weiblich|47.4
2020-12-31|09678|Schweinfurt, Landkreis|Insgesamt|45.2
2020-12-31|09678|Schweinfurt, Landkreis|männlich|44.1
2020-12-31|09678|Schweinfurt, Landkreis|weiblich|46.3
2020-12-31|09679|Würzburg, Landkreis|Insgesamt|44.9
2020-12-31|09679|Würzburg, Landkreis|männlich|43.9
2020-12-31|09679|Würzburg, Landkreis|weiblich|45.8
2020-12-31|09761|Augsburg, kreisfreie Stadt|Insgesamt|42.8
2020-12-31|09761|Augsburg, kreisfreie Stadt|männlich|41.4
2020-12-31|09761|Augsburg, kreisfreie Stadt|weiblich|44.3
2020-12-31|09762|Kaufbeuren, kreisfreie Stadt|Insgesamt|44.8
2020-12-31|09762|Kaufbeuren, kreisfreie Stadt|männlich|43.3
2020-12-31|09762|Kaufbeuren, kreisfreie Stadt|weiblich|46.3
2020-12-31|09763|Kempten (Allgäu), kreisfreie Stadt|Insgesamt|44.2
2020-12-31|09763|Kempten (Allgäu), kreisfreie Stadt|männlich|42.5
2020-12-31|09763|Kempten (Allgäu), kreisfreie Stadt|weiblich|45.8
2020-12-31|09764|Memmingen, kreisfreie Stadt|Insgesamt|44.3
2020-12-31|09764|Memmingen, kreisfreie Stadt|männlich|43.0
2020-12-31|09764|Memmingen, kreisfreie Stadt|weiblich|45.7
2020-12-31|09771|Aichach-Friedberg, Landkreis|Insgesamt|43.7
2020-12-31|09771|Aichach-Friedberg, Landkreis|männlich|42.8
2020-12-31|09771|Aichach-Friedberg, Landkreis|weiblich|44.7
2020-12-31|09772|Augsburg, Landkreis|Insgesamt|44.0
2020-12-31|09772|Augsburg, Landkreis|männlich|42.9
2020-12-31|09772|Augsburg, Landkreis|weiblich|45.1
2020-12-31|09773|Dillingen a.d.Donau, Landkreis|Insgesamt|44.0
2020-12-31|09773|Dillingen a.d.Donau, Landkreis|männlich|42.9
2020-12-31|09773|Dillingen a.d.Donau, Landkreis|weiblich|45.2
2020-12-31|09774|Günzburg, Landkreis|Insgesamt|43.6
2020-12-31|09774|Günzburg, Landkreis|männlich|42.5
2020-12-31|09774|Günzburg, Landkreis|weiblich|44.7
2020-12-31|09775|Neu-Ulm, Landkreis|Insgesamt|43.7
2020-12-31|09775|Neu-Ulm, Landkreis|männlich|42.5
2020-12-31|09775|Neu-Ulm, Landkreis|weiblich|44.8
2020-12-31|09776|Lindau (Bodensee), Landkreis|Insgesamt|45.4
2020-12-31|09776|Lindau (Bodensee), Landkreis|männlich|44.1
2020-12-31|09776|Lindau (Bodensee), Landkreis|weiblich|46.7
2020-12-31|09777|Ostallgäu, Landkreis|Insgesamt|44.2
2020-12-31|09777|Ostallgäu, Landkreis|männlich|43.3
2020-12-31|09777|Ostallgäu, Landkreis|weiblich|45.2
2020-12-31|09778|Unterallgäu, Landkreis|Insgesamt|44.2
2020-12-31|09778|Unterallgäu, Landkreis|männlich|43.1
2020-12-31|09778|Unterallgäu, Landkreis|weiblich|45.4
2020-12-31|09779|Donau-Ries, Landkreis|Insgesamt|43.9
2020-12-31|09779|Donau-Ries, Landkreis|männlich|42.8
2020-12-31|09779|Donau-Ries, Landkreis|weiblich|45.0
2020-12-31|09780|Oberallgäu, Landkreis|Insgesamt|45.4
2020-12-31|09780|Oberallgäu, Landkreis|männlich|44.3
2020-12-31|09780|Oberallgäu, Landkreis|weiblich|46.5
2020-12-31|10041|Saarbrücken, Regionalverband|Insgesamt|45.5
2020-12-31|10041|Saarbrücken, Regionalverband|männlich|43.9
2020-12-31|10041|Saarbrücken, Regionalverband|weiblich|47.1
2020-12-31|10041100|Saarbrücken, Landeshauptstadt|Insgesamt|44.4
2020-12-31|10041100|Saarbrücken, Landeshauptstadt|männlich|42.8
2020-12-31|10041100|Saarbrücken, Landeshauptstadt|weiblich|46.0
2020-12-31|10042|Merzig-Wadern, Landkreis|Insgesamt|46.5
2020-12-31|10042|Merzig-Wadern, Landkreis|männlich|45.1
2020-12-31|10042|Merzig-Wadern, Landkreis|weiblich|47.8
2020-12-31|10043|Neunkirchen, Landkreis|Insgesamt|47.0
2020-12-31|10043|Neunkirchen, Landkreis|männlich|45.5
2020-12-31|10043|Neunkirchen, Landkreis|weiblich|48.5
2020-12-31|10044|Saarlouis, Landkreis|Insgesamt|46.7
2020-12-31|10044|Saarlouis, Landkreis|männlich|45.2
2020-12-31|10044|Saarlouis, Landkreis|weiblich|48.2
2020-12-31|10045|Saarpfalz-Kreis|Insgesamt|47.3
2020-12-31|10045|Saarpfalz-Kreis|männlich|45.8
2020-12-31|10045|Saarpfalz-Kreis|weiblich|48.7
2020-12-31|10046|St. Wendel, Landkreis|Insgesamt|47.8
2020-12-31|10046|St. Wendel, Landkreis|männlich|46.7
2020-12-31|10046|St. Wendel, Landkreis|weiblich|48.9
2020-12-31|11000|Berlin, kreisfreie Stadt|Insgesamt|42.7
2020-12-31|11000|Berlin, kreisfreie Stadt|männlich|41.5
2020-12-31|11000|Berlin, kreisfreie Stadt|weiblich|43.9
2020-12-31|11001001|Berlin-Mitte|Insgesamt|
2020-12-31|11001001|Berlin-Mitte|männlich|
2020-12-31|11001001|Berlin-Mitte|weiblich|
2020-12-31|11002002|Berlin-Friedrichshain-Kreuzberg|Insgesamt|
2020-12-31|11002002|Berlin-Friedrichshain-Kreuzberg|männlich|
2020-12-31|11002002|Berlin-Friedrichshain-Kreuzberg|weiblich|
2020-12-31|11003003|Berlin-Pankow|Insgesamt|
2020-12-31|11003003|Berlin-Pankow|männlich|
2020-12-31|11003003|Berlin-Pankow|weiblich|
2020-12-31|11004004|Berlin-Charlottenburg-Wilmersdorf|Insgesamt|
2020-12-31|11004004|Berlin-Charlottenburg-Wilmersdorf|männlich|
2020-12-31|11004004|Berlin-Charlottenburg-Wilmersdorf|weiblich|
2020-12-31|11005005|Berlin-Spandau|Insgesamt|
2020-12-31|11005005|Berlin-Spandau|männlich|
2020-12-31|11005005|Berlin-Spandau|weiblich|
2020-12-31|11006006|Berlin-Steglitz-Zehlendorf|Insgesamt|
2020-12-31|11006006|Berlin-Steglitz-Zehlendorf|männlich|
2020-12-31|11006006|Berlin-Steglitz-Zehlendorf|weiblich|
2020-12-31|11007007|Berlin-Tempelhof-Schöneberg|Insgesamt|
2020-12-31|11007007|Berlin-Tempelhof-Schöneberg|männlich|
2020-12-31|11007007|Berlin-Tempelhof-Schöneberg|weiblich|
2020-12-31|11008008|Berlin-Neukölln|Insgesamt|
2020-12-31|11008008|Berlin-Neukölln|männlich|
2020-12-31|11008008|Berlin-Neukölln|weiblich|
2020-12-31|11009009|Berlin-Treptow-Köpenick|Insgesamt|
2020-12-31|11009009|Berlin-Treptow-Köpenick|männlich|
2020-12-31|11009009|Berlin-Treptow-Köpenick|weiblich|
2020-12-31|11010010|Berlin-Marzahn-Hellersdorf|Insgesamt|
2020-12-31|11010010|Berlin-Marzahn-Hellersdorf|männlich|
2020-12-31|11010010|Berlin-Marzahn-Hellersdorf|weiblich|
2020-12-31|11011011|Berlin-Lichtenberg|Insgesamt|
2020-12-31|11011011|Berlin-Lichtenberg|männlich|
2020-12-31|11011011|Berlin-Lichtenberg|weiblich|
2020-12-31|11012012|Berlin-Reinickendorf|Insgesamt|
2020-12-31|11012012|Berlin-Reinickendorf|männlich|
2020-12-31|11012012|Berlin-Reinickendorf|weiblich|
2020-12-31|12051|Brandenburg an der Havel, kreisfreie Stadt|Insgesamt|48.1
2020-12-31|12051|Brandenburg an der Havel, kreisfreie Stadt|männlich|46.2
2020-12-31|12051|Brandenburg an der Havel, kreisfreie Stadt|weiblich|49.9
2020-12-31|12052|Cottbus, kreisfreie Stadt|Insgesamt|47.1
2020-12-31|12052|Cottbus, kreisfreie Stadt|männlich|45.1
2020-12-31|12052|Cottbus, kreisfreie Stadt|weiblich|49.1
2020-12-31|12053|Frankfurt (Oder), kreisfreie Stadt|Insgesamt|47.8
2020-12-31|12053|Frankfurt (Oder), kreisfreie Stadt|männlich|45.9
2020-12-31|12053|Frankfurt (Oder), kreisfreie Stadt|weiblich|49.6
2020-12-31|12054|Potsdam, kreisfreie Stadt|Insgesamt|42.7
2020-12-31|12054|Potsdam, kreisfreie Stadt|männlich|41.3
2020-12-31|12054|Potsdam, kreisfreie Stadt|weiblich|44.0
2020-12-31|12060|Barnim, Landkreis|Insgesamt|46.7
2020-12-31|12060|Barnim, Landkreis|männlich|45.4
2020-12-31|12060|Barnim, Landkreis|weiblich|48.0
2020-12-31|12061|Dahme-Spreewald, Landkreis|Insgesamt|46.8
2020-12-31|12061|Dahme-Spreewald, Landkreis|männlich|45.5
2020-12-31|12061|Dahme-Spreewald, Landkreis|weiblich|48.0
2020-12-31|12062|Elbe-Elster, Landkreis|Insgesamt|49.9
2020-12-31|12062|Elbe-Elster, Landkreis|männlich|48.1
2020-12-31|12062|Elbe-Elster, Landkreis|weiblich|51.6
2020-12-31|12063|Havelland, Landkreis|Insgesamt|46.2
2020-12-31|12063|Havelland, Landkreis|männlich|44.9
2020-12-31|12063|Havelland, Landkreis|weiblich|47.4
2020-12-31|12064|Märkisch-Oderland, Landkreis|Insgesamt|47.4
2020-12-31|12064|Märkisch-Oderland, Landkreis|männlich|46.1
2020-12-31|12064|Märkisch-Oderland, Landkreis|weiblich|48.6
2020-12-31|12065|Oberhavel, Landkreis|Insgesamt|46.6
2020-12-31|12065|Oberhavel, Landkreis|männlich|45.3
2020-12-31|12065|Oberhavel, Landkreis|weiblich|47.7
2020-12-31|12066|Oberspreewald-Lausitz, Landkreis|Insgesamt|49.7
2020-12-31|12066|Oberspreewald-Lausitz, Landkreis|männlich|47.7
2020-12-31|12066|Oberspreewald-Lausitz, Landkreis|weiblich|51.7
2020-12-31|12067|Oder-Spree, Landkreis|Insgesamt|48.5
2020-12-31|12067|Oder-Spree, Landkreis|männlich|47.0
2020-12-31|12067|Oder-Spree, Landkreis|weiblich|49.9
2020-12-31|12068|Ostprignitz-Ruppin, Landkreis|Insgesamt|48.4
2020-12-31|12068|Ostprignitz-Ruppin, Landkreis|männlich|46.9
2020-12-31|12068|Ostprignitz-Ruppin, Landkreis|weiblich|49.9
2020-12-31|12069|Potsdam-Mittelmark, Landkreis|Insgesamt|46.4
2020-12-31|12069|Potsdam-Mittelmark, Landkreis|männlich|45.4
2020-12-31|12069|Potsdam-Mittelmark, Landkreis|weiblich|47.5
2020-12-31|12070|Prignitz, Landkreis|Insgesamt|49.7
2020-12-31|12070|Prignitz, Landkreis|männlich|47.9
2020-12-31|12070|Prignitz, Landkreis|weiblich|51.5
2020-12-31|12071|Spree-Neiße, Landkreis|Insgesamt|50.0
2020-12-31|12071|Spree-Neiße, Landkreis|männlich|48.4
2020-12-31|12071|Spree-Neiße, Landkreis|weiblich|51.4
2020-12-31|12072|Teltow-Fläming, Landkreis|Insgesamt|46.0
2020-12-31|12072|Teltow-Fläming, Landkreis|männlich|44.6
2020-12-31|12072|Teltow-Fläming, Landkreis|weiblich|47.3
2020-12-31|12073|Uckermark, Landkreis|Insgesamt|49.5
2020-12-31|12073|Uckermark, Landkreis|männlich|47.9
2020-12-31|12073|Uckermark, Landkreis|weiblich|51.1
2020-12-31|13003|Rostock, kreisfreie Stadt|Insgesamt|45.2
2020-12-31|13003|Rostock, kreisfreie Stadt|männlich|43.4
2020-12-31|13003|Rostock, kreisfreie Stadt|weiblich|47.0
2020-12-31|13004|Schwerin, kreisfreie Stadt|Insgesamt|46.5
2020-12-31|13004|Schwerin, kreisfreie Stadt|männlich|44.4
2020-12-31|13004|Schwerin, kreisfreie Stadt|weiblich|48.4
2020-12-31|13071|Mecklenburgische Seenplatte, Landkreis|Insgesamt|48.4
2020-12-31|13071|Mecklenburgische Seenplatte, Landkreis|männlich|46.7
2020-12-31|13071|Mecklenburgische Seenplatte, Landkreis|weiblich|50.0
2020-12-31|13072|Landkreis Rostock|Insgesamt|47.2
2020-12-31|13072|Landkreis Rostock|männlich|46.1
2020-12-31|13072|Landkreis Rostock|weiblich|48.4
2020-12-31|13073|Vorpommern-Rügen, Landkreis|Insgesamt|48.6
2020-12-31|13073|Vorpommern-Rügen, Landkreis|männlich|47.1
2020-12-31|13073|Vorpommern-Rügen, Landkreis|weiblich|50.0
2020-12-31|13074|Nordwestmecklenburg, Landkreis|Insgesamt|46.9
2020-12-31|13074|Nordwestmecklenburg, Landkreis|männlich|45.4
2020-12-31|13074|Nordwestmecklenburg, Landkreis|weiblich|48.3
2020-12-31|13075|Vorpommern-Greifswald, Landkreis|Insgesamt|47.7
2020-12-31|13075|Vorpommern-Greifswald, Landkreis|männlich|46.2
2020-12-31|13075|Vorpommern-Greifswald, Landkreis|weiblich|49.0
2020-12-31|13076|Ludwigslust-Parchim, Landkreis|Insgesamt|47.5
2020-12-31|13076|Ludwigslust-Parchim, Landkreis|männlich|46.2
2020-12-31|13076|Ludwigslust-Parchim, Landkreis|weiblich|48.9
2020-12-31|14511|Chemnitz, kreisfreie Stadt|Insgesamt|46.9
2020-12-31|14511|Chemnitz, kreisfreie Stadt|männlich|44.8
2020-12-31|14511|Chemnitz, kreisfreie Stadt|weiblich|49.0
2020-12-31|14521|Erzgebirgskreis|Insgesamt|49.2
2020-12-31|14521|Erzgebirgskreis|männlich|47.3
2020-12-31|14521|Erzgebirgskreis|weiblich|50.9
2020-12-31|14522|Mittelsachsen, Landkreis|Insgesamt|48.6
2020-12-31|14522|Mittelsachsen, Landkreis|männlich|46.8
2020-12-31|14522|Mittelsachsen, Landkreis|weiblich|50.4
2020-12-31|14523|Vogtlandkreis|Insgesamt|49.8
2020-12-31|14523|Vogtlandkreis|männlich|47.7
2020-12-31|14523|Vogtlandkreis|weiblich|51.8
2020-12-31|14524|Zwickau, Landkreis|Insgesamt|49.1
2020-12-31|14524|Zwickau, Landkreis|männlich|47.2
2020-12-31|14524|Zwickau, Landkreis|weiblich|51.0
2020-12-31|14612|Dresden, kreisfreie Stadt|Insgesamt|43.2
2020-12-31|14612|Dresden, kreisfreie Stadt|männlich|41.5
2020-12-31|14612|Dresden, kreisfreie Stadt|weiblich|44.8
2020-12-31|14625|Bautzen, Landkreis|Insgesamt|48.5
2020-12-31|14625|Bautzen, Landkreis|männlich|46.8
2020-12-31|14625|Bautzen, Landkreis|weiblich|50.1
2020-12-31|14626|Görlitz, Landkreis|Insgesamt|49.6
2020-12-31|14626|Görlitz, Landkreis|männlich|47.9
2020-12-31|14626|Görlitz, Landkreis|weiblich|51.2
2020-12-31|14627|Meißen, Landkreis|Insgesamt|48.4
2020-12-31|14627|Meißen, Landkreis|männlich|46.7
2020-12-31|14627|Meißen, Landkreis|weiblich|50.0
2020-12-31|14628|Sächsische Schweiz-Osterzgebirge, Landkreis|Insgesamt|47.9
2020-12-31|14628|Sächsische Schweiz-Osterzgebirge, Landkreis|männlich|46.2
2020-12-31|14628|Sächsische Schweiz-Osterzgebirge, Landkreis|weiblich|49.4
2020-12-31|14713|Leipzig, kreisfreie Stadt|Insgesamt|42.3
2020-12-31|14713|Leipzig, kreisfreie Stadt|männlich|41.0
2020-12-31|14713|Leipzig, kreisfreie Stadt|weiblich|43.7
2020-12-31|14729|Leipzig, Landkreis|Insgesamt|48.0
2020-12-31|14729|Leipzig, Landkreis|männlich|46.5
2020-12-31|14729|Leipzig, Landkreis|weiblich|49.5
2020-12-31|14730|Nordsachsen, Landkreis|Insgesamt|47.8
2020-12-31|14730|Nordsachsen, Landkreis|männlich|46.2
2020-12-31|14730|Nordsachsen, Landkreis|weiblich|49.5
2020-12-31|15001|Dessau-Roßlau, kreisfreie Stadt|Insgesamt|50.6
2020-12-31|15001|Dessau-Roßlau, kreisfreie Stadt|männlich|48.7
2020-12-31|15001|Dessau-Roßlau, kreisfreie Stadt|weiblich|52.5
2020-12-31|15002|Halle (Saale), kreisfreie Stadt|Insgesamt|44.5
2020-12-31|15002|Halle (Saale), kreisfreie Stadt|männlich|42.7
2020-12-31|15002|Halle (Saale), kreisfreie Stadt|weiblich|46.3
2020-12-31|15003|Magdeburg, kreisfreie Stadt, Landeshauptstadt|Insgesamt|45.3
2020-12-31|15003|Magdeburg, kreisfreie Stadt, Landeshauptstadt|männlich|43.1
2020-12-31|15003|Magdeburg, kreisfreie Stadt, Landeshauptstadt|weiblich|47.4
2020-12-31|15081|Altmarkkreis Salzwedel|Insgesamt|47.8
2020-12-31|15081|Altmarkkreis Salzwedel|männlich|46.2
2020-12-31|15081|Altmarkkreis Salzwedel|weiblich|49.4
2020-12-31|15082|Anhalt-Bitterfeld, Landkreis|Insgesamt|49.4
2020-12-31|15082|Anhalt-Bitterfeld, Landkreis|männlich|47.5
2020-12-31|15082|Anhalt-Bitterfeld, Landkreis|weiblich|51.2
2020-12-31|15083|Börde, Landkreis|Insgesamt|47.3
2020-12-31|15083|Börde, Landkreis|männlich|45.9
2020-12-31|15083|Börde, Landkreis|weiblich|48.7
2020-12-31|15084|Burgenlandkreis|Insgesamt|49.2
2020-12-31|15084|Burgenlandkreis|männlich|47.3
2020-12-31|15084|Burgenlandkreis|weiblich|51.1
2020-12-31|15085|Harz, Landkreis|Insgesamt|49.4
2020-12-31|15085|Harz, Landkreis|männlich|47.5
2020-12-31|15085|Harz, Landkreis|weiblich|51.2
2020-12-31|15086|Jerichower Land, Landkreis|Insgesamt|48.4
2020-12-31|15086|Jerichower Land, Landkreis|männlich|46.8
2020-12-31|15086|Jerichower Land, Landkreis|weiblich|50.0
2020-12-31|15087|Mansfeld-Südharz, Landkreis|Insgesamt|50.3
2020-12-31|15087|Mansfeld-Südharz, Landkreis|männlich|48.5
2020-12-31|15087|Mansfeld-Südharz, Landkreis|weiblich|52.1
2020-12-31|15088|Saalekreis|Insgesamt|47.8
2020-12-31|15088|Saalekreis|männlich|46.3
2020-12-31|15088|Saalekreis|weiblich|49.3
2020-12-31|15089|Salzlandkreis|Insgesamt|49.2
2020-12-31|15089|Salzlandkreis|männlich|47.2
2020-12-31|15089|Salzlandkreis|weiblich|51.0
2020-12-31|15090|Stendal, Landkreis|Insgesamt|48.4
2020-12-31|15090|Stendal, Landkreis|männlich|46.8
2020-12-31|15090|Stendal, Landkreis|weiblich|49.9
2020-12-31|15091|Wittenberg, Landkreis|Insgesamt|49.8
2020-12-31|15091|Wittenberg, Landkreis|männlich|47.9
2020-12-31|15091|Wittenberg, Landkreis|weiblich|51.5
2020-12-31|16051|Erfurt, kreisfreie Stadt|Insgesamt|44.5
2020-12-31|16051|Erfurt, kreisfreie Stadt|männlich|43.2
2020-12-31|16051|Erfurt, kreisfreie Stadt|weiblich|45.7
2020-12-31|16052|Gera, kreisfreie Stadt|Insgesamt|49.2
2020-12-31|16052|Gera, kreisfreie Stadt|männlich|47.1
2020-12-31|16052|Gera, kreisfreie Stadt|weiblich|51.0
2020-12-31|16053|Jena, kreisfreie Stadt|Insgesamt|42.9
2020-12-31|16053|Jena, kreisfreie Stadt|männlich|41.4
2020-12-31|16053|Jena, kreisfreie Stadt|weiblich|44.4
2020-12-31|16054|Suhl, kreisfreie Stadt|Insgesamt|51.0
2020-12-31|16054|Suhl, kreisfreie Stadt|männlich|48.8
2020-12-31|16054|Suhl, kreisfreie Stadt|weiblich|53.1
2020-12-31|16055|Weimar, kreisfreie Stadt|Insgesamt|44.7
2020-12-31|16055|Weimar, kreisfreie Stadt|männlich|43.0
2020-12-31|16055|Weimar, kreisfreie Stadt|weiblich|46.2
2020-12-31|16056|Eisenach, kreisfreie Stadt|Insgesamt|47.3
2020-12-31|16056|Eisenach, kreisfreie Stadt|männlich|45.1
2020-12-31|16056|Eisenach, kreisfreie Stadt|weiblich|49.5
2020-12-31|16061|Eichsfeld, Landkreis|Insgesamt|46.2
2020-12-31|16061|Eichsfeld, Landkreis|männlich|45.0
2020-12-31|16061|Eichsfeld, Landkreis|weiblich|47.5
2020-12-31|16062|Nordhausen, Landkreis|Insgesamt|48.0
2020-12-31|16062|Nordhausen, Landkreis|männlich|46.2
2020-12-31|16062|Nordhausen, Landkreis|weiblich|49.7
2020-12-31|16063|Wartburgkreis|Insgesamt|48.1
2020-12-31|16063|Wartburgkreis|männlich|46.6
2020-12-31|16063|Wartburgkreis|weiblich|49.6
2020-12-31|16064|Unstrut-Hainich-Kreis|Insgesamt|47.4
2020-12-31|16064|Unstrut-Hainich-Kreis|männlich|45.9
2020-12-31|16064|Unstrut-Hainich-Kreis|weiblich|48.8
2020-12-31|16065|Kyffhäuserkreis|Insgesamt|49.1
2020-12-31|16065|Kyffhäuserkreis|männlich|47.4
2020-12-31|16065|Kyffhäuserkreis|weiblich|50.8
2020-12-31|16066|Schmalkalden-Meiningen, Landkreis|Insgesamt|48.4
2020-12-31|16066|Schmalkalden-Meiningen, Landkreis|männlich|46.6
2020-12-31|16066|Schmalkalden-Meiningen, Landkreis|weiblich|50.1
2020-12-31|16067|Gotha, Landkreis|Insgesamt|47.4
2020-12-31|16067|Gotha, Landkreis|männlich|45.9
2020-12-31|16067|Gotha, Landkreis|weiblich|48.8
2020-12-31|16068|Sömmerda, Landkreis|Insgesamt|47.4
2020-12-31|16068|Sömmerda, Landkreis|männlich|45.9
2020-12-31|16068|Sömmerda, Landkreis|weiblich|49.0
2020-12-31|16069|Hildburghausen, Landkreis|Insgesamt|47.9
2020-12-31|16069|Hildburghausen, Landkreis|männlich|46.3
2020-12-31|16069|Hildburghausen, Landkreis|weiblich|49.5
2020-12-31|16070|Ilm-Kreis|Insgesamt|47.4
2020-12-31|16070|Ilm-Kreis|männlich|45.5
2020-12-31|16070|Ilm-Kreis|weiblich|49.3
2020-12-31|16071|Weimarer Land, Landkreis|Insgesamt|46.7
2020-12-31|16071|Weimarer Land, Landkreis|männlich|45.6
2020-12-31|16071|Weimarer Land, Landkreis|weiblich|47.8
2020-12-31|16072|Sonneberg, Landkreis|Insgesamt|49.6
2020-12-31|16072|Sonneberg, Landkreis|männlich|47.7
2020-12-31|16072|Sonneberg, Landkreis|weiblich|51.4
2020-12-31|16073|Saalfeld-Rudolstadt, Landkreis|Insgesamt|49.9
2020-12-31|16073|Saalfeld-Rudolstadt, Landkreis|männlich|48.0
2020-12-31|16073|Saalfeld-Rudolstadt, Landkreis|weiblich|51.7
2020-12-31|16074|Saale-Holzland-Kreis|Insgesamt|48.0
2020-12-31|16074|Saale-Holzland-Kreis|männlich|46.7
2020-12-31|16074|Saale-Holzland-Kreis|weiblich|49.3
2020-12-31|16075|Saale-Orla-Kreis|Insgesamt|48.7
2020-12-31|16075|Saale-Orla-Kreis|männlich|47.0
2020-12-31|16075|Saale-Orla-Kreis|weiblich|50.4
2020-12-31|16076|Greiz, Landkreis|Insgesamt|50.2
2020-12-31|16076|Greiz, Landkreis|männlich|48.4
2020-12-31|16076|Greiz, Landkreis|weiblich|52.0
2020-12-31|16077|Altenburger Land, Landkreis|Insgesamt|50.5
2020-12-31|16077|Altenburger Land, Landkreis|männlich|48.8
2020-12-31|16077|Altenburger Land, Landkreis|weiblich|52.2
2020-12-31|010|Schleswig-Holstein|Insgesamt|45.6
2020-12-31|010|Schleswig-Holstein|männlich|44.3
2020-12-31|010|Schleswig-Holstein|weiblich|46.8
2020-12-31|020|Hamburg|Insgesamt|42.1
2020-12-31|020|Hamburg|männlich|40.9
2020-12-31|020|Hamburg|weiblich|43.3
2020-12-31|031|Braunschweig, Statistische Region|Insgesamt|45.3
2020-12-31|031|Braunschweig, Statistische Region|männlich|43.9
2020-12-31|031|Braunschweig, Statistische Region|weiblich|46.6
2020-12-31|032|Hannover, Statistische Region|Insgesamt|45.0
2020-12-31|032|Hannover, Statistische Region|männlich|43.6
2020-12-31|032|Hannover, Statistische Region|weiblich|46.3
2020-12-31|033|Lüneburg, Statistische Region|Insgesamt|45.3
2020-12-31|033|Lüneburg, Statistische Region|männlich|44.1
2020-12-31|033|Lüneburg, Statistische Region|weiblich|46.6
2020-12-31|034|Weser-Ems, Statistische Region|Insgesamt|43.9
2020-12-31|034|Weser-Ems, Statistische Region|männlich|42.7
2020-12-31|034|Weser-Ems, Statistische Region|weiblich|45.1
2020-12-31|040|Bremen|Insgesamt|43.7
2020-12-31|040|Bremen|männlich|42.1
2020-12-31|040|Bremen|weiblich|45.2
2020-12-31|051|Düsseldorf, Regierungsbezirk|Insgesamt|44.6
2020-12-31|051|Düsseldorf, Regierungsbezirk|männlich|43.2
2020-12-31|051|Düsseldorf, Regierungsbezirk|weiblich|46.0
2020-12-31|053|Köln, Regierungsbezirk|Insgesamt|43.7
2020-12-31|053|Köln, Regierungsbezirk|männlich|42.5
2020-12-31|053|Köln, Regierungsbezirk|weiblich|45.0
2020-12-31|055|Münster, Regierungsbezirk|Insgesamt|44.1
2020-12-31|055|Münster, Regierungsbezirk|männlich|42.7
2020-12-31|055|Münster, Regierungsbezirk|weiblich|45.4
2020-12-31|057|Detmold, Regierungsbezirk|Insgesamt|44.0
2020-12-31|057|Detmold, Regierungsbezirk|männlich|42.6
2020-12-31|057|Detmold, Regierungsbezirk|weiblich|45.4
2020-12-31|059|Arnsberg, Regierungsbezirk|Insgesamt|44.8
2020-12-31|059|Arnsberg, Regierungsbezirk|männlich|43.3
2020-12-31|059|Arnsberg, Regierungsbezirk|weiblich|46.2
2020-12-31|064|Darmstadt, Regierungsbezirk|Insgesamt|43.6
2020-12-31|064|Darmstadt, Regierungsbezirk|männlich|42.4
2020-12-31|064|Darmstadt, Regierungsbezirk|weiblich|44.7
2020-12-31|065|Gießen, Regierungsbezirk|Insgesamt|44.3
2020-12-31|065|Gießen, Regierungsbezirk|männlich|43.1
2020-12-31|065|Gießen, Regierungsbezirk|weiblich|45.4
2020-12-31|066|Kassel, Regierungsbezirk|Insgesamt|45.4
2020-12-31|066|Kassel, Regierungsbezirk|männlich|44.0
2020-12-31|066|Kassel, Regierungsbezirk|weiblich|46.8
2020-12-31|071|Koblenz, Statistische Region|Insgesamt|45.5
2020-12-31|071|Koblenz, Statistische Region|männlich|44.3
2020-12-31|071|Koblenz, Statistische Region|weiblich|46.8
2020-12-31|072|Trier, Statistische Region|Insgesamt|44.7
2020-12-31|072|Trier, Statistische Region|männlich|43.5
2020-12-31|072|Trier, Statistische Region|weiblich|45.9
2020-12-31|073|Rheinhessen-Pfalz, Statistische Region|Insgesamt|44.6
2020-12-31|073|Rheinhessen-Pfalz, Statistische Region|männlich|43.4
2020-12-31|073|Rheinhessen-Pfalz, Statistische Region|weiblich|45.9
2020-12-31|081|Stuttgart, Regierungsbezirk|Insgesamt|43.6
2020-12-31|081|Stuttgart, Regierungsbezirk|männlich|42.4
2020-12-31|081|Stuttgart, Regierungsbezirk|weiblich|44.8
2020-12-31|082|Karlsruhe, Regierungsbezirk|Insgesamt|44.0
2020-12-31|082|Karlsruhe, Regierungsbezirk|männlich|42.6
2020-12-31|082|Karlsruhe, Regierungsbezirk|weiblich|45.3
2020-12-31|083|Freiburg, Regierungsbezirk|Insgesamt|43.9
2020-12-31|083|Freiburg, Regierungsbezirk|männlich|42.7
2020-12-31|083|Freiburg, Regierungsbezirk|weiblich|45.1
2020-12-31|084|Tübingen, Regierungsbezirk|Insgesamt|43.6
2020-12-31|084|Tübingen, Regierungsbezirk|männlich|42.4
2020-12-31|084|Tübingen, Regierungsbezirk|weiblich|44.7
2020-12-31|091|Oberbayern, Regierungsbezirk|Insgesamt|43.2
2020-12-31|091|Oberbayern, Regierungsbezirk|männlich|42.0
2020-12-31|091|Oberbayern, Regierungsbezirk|weiblich|44.3
2020-12-31|092|Niederbayern, Regierungsbezirk|Insgesamt|44.4
2020-12-31|092|Niederbayern, Regierungsbezirk|männlich|43.2
2020-12-31|092|Niederbayern, Regierungsbezirk|weiblich|45.6
2020-12-31|093|Oberpfalz, Regierungsbezirk|Insgesamt|44.3
2020-12-31|093|Oberpfalz, Regierungsbezirk|männlich|43.1
2020-12-31|093|Oberpfalz, Regierungsbezirk|weiblich|45.4
2020-12-31|094|Oberfranken, Regierungsbezirk|Insgesamt|45.7
2020-12-31|094|Oberfranken, Regierungsbezirk|männlich|44.3
2020-12-31|094|Oberfranken, Regierungsbezirk|weiblich|47.0
2020-12-31|095|Mittelfranken, Regierungsbezirk|Insgesamt|44.0
2020-12-31|095|Mittelfranken, Regierungsbezirk|männlich|42.7
2020-12-31|095|Mittelfranken, Regierungsbezirk|weiblich|45.3
2020-12-31|096|Unterfranken, Regierungsbezirk|Insgesamt|45.1
2020-12-31|096|Unterfranken, Regierungsbezirk|männlich|44.0
2020-12-31|096|Unterfranken, Regierungsbezirk|weiblich|46.2
2020-12-31|097|Schwaben, Regierungsbezirk|Insgesamt|44.0
2020-12-31|097|Schwaben, Regierungsbezirk|männlich|42.8
2020-12-31|097|Schwaben, Regierungsbezirk|weiblich|45.2
2020-12-31|100|Saarland, Regierungsbezirk|Insgesamt|46.5
2020-12-31|100|Saarland, Regierungsbezirk|männlich|45.0
2020-12-31|100|Saarland, Regierungsbezirk|weiblich|47.9
2020-12-31|110|Berlin|Insgesamt|42.7
2020-12-31|110|Berlin|männlich|41.5
2020-12-31|110|Berlin|weiblich|43.9
2020-12-31|120|Brandenburg|Insgesamt|47.2
2020-12-31|120|Brandenburg|männlich|45.8
2020-12-31|120|Brandenburg|weiblich|48.6
2020-12-31|130|Mecklenburg-Vorpommern, Statistische Region|Insgesamt|47.4
2020-12-31|130|Mecklenburg-Vorpommern, Statistische Region|männlich|45.8
2020-12-31|130|Mecklenburg-Vorpommern, Statistische Region|weiblich|48.8
2020-12-31|145|Chemnitz, Statistische Region|Insgesamt|48.7
2020-12-31|145|Chemnitz, Statistische Region|männlich|46.8
2020-12-31|145|Chemnitz, Statistische Region|weiblich|50.6
2020-12-31|146|Dresden, Statistische Region|Insgesamt|46.7
2020-12-31|146|Dresden, Statistische Region|männlich|45.0
2020-12-31|146|Dresden, Statistische Region|weiblich|48.3
2020-12-31|147|Leipzig, Statistische Region|Insgesamt|44.8
2020-12-31|147|Leipzig, Statistische Region|männlich|43.3
2020-12-31|147|Leipzig, Statistische Region|weiblich|46.2
2020-12-31|150|Sachsen-Anhalt|Insgesamt|48.1
2020-12-31|150|Sachsen-Anhalt|männlich|46.3
2020-12-31|150|Sachsen-Anhalt|weiblich|49.8
2020-12-31|160|Thüringen|Insgesamt|47.5
2020-12-31|160|Thüringen|männlich|45.9
2020-12-31|160|Thüringen|weiblich|49.1
2021-12-31|DG|Deutschland|Insgesamt|44.7
2021-12-31|DG|Deutschland|männlich|43.4
2021-12-31|DG|Deutschland|weiblich|46.0
2021-12-31|01|Schleswig-Holstein|Insgesamt|45.6
2021-12-31|01|Schleswig-Holstein|männlich|44.3
2021-12-31|01|Schleswig-Holstein|weiblich|46.9
2021-12-31|02|Hamburg|Insgesamt|42.1
2021-12-31|02|Hamburg|männlich|40.9
2021-12-31|02|Hamburg|weiblich|43.3
2021-12-31|03|Niedersachsen|Insgesamt|44.8
2021-12-31|03|Niedersachsen|männlich|43.5
2021-12-31|03|Niedersachsen|weiblich|46.1
2021-12-31|04|Bremen|Insgesamt|43.6
2021-12-31|04|Bremen|männlich|42.1
2021-12-31|04|Bremen|weiblich|45.1
2021-12-31|05|Nordrhein-Westfalen|Insgesamt|44.3
2021-12-31|05|Nordrhein-Westfalen|männlich|42.9
2021-12-31|05|Nordrhein-Westfalen|weiblich|45.6
2021-12-31|06|Hessen|Insgesamt|44.1
2021-12-31|06|Hessen|männlich|42.9
2021-12-31|06|Hessen|weiblich|45.3
2021-12-31|07|Rheinland-Pfalz|Insgesamt|45.0
2021-12-31|07|Rheinland-Pfalz|männlich|43.8
2021-12-31|07|Rheinland-Pfalz|weiblich|46.2
2021-12-31|08|Baden-Württemberg|Insgesamt|43.8
2021-12-31|08|Baden-Württemberg|männlich|42.6
2021-12-31|08|Baden-Württemberg|weiblich|45.1
2021-12-31|09|Bayern|Insgesamt|44.1
2021-12-31|09|Bayern|männlich|42.8
2021-12-31|09|Bayern|weiblich|45.2
2021-12-31|10|Saarland|Insgesamt|46.5
2021-12-31|10|Saarland|männlich|45.1
2021-12-31|10|Saarland|weiblich|48.0
2021-12-31|11|Berlin|Insgesamt|42.6
2021-12-31|11|Berlin|männlich|41.4
2021-12-31|11|Berlin|weiblich|43.8
2021-12-31|12|Brandenburg|Insgesamt|47.3
2021-12-31|12|Brandenburg|männlich|45.8
2021-12-31|12|Brandenburg|weiblich|48.7
2021-12-31|13|Mecklenburg-Vorpommern|Insgesamt|47.5
2021-12-31|13|Mecklenburg-Vorpommern|männlich|46.0
2021-12-31|13|Mecklenburg-Vorpommern|weiblich|48.9
2021-12-31|14|Sachsen|Insgesamt|46.9
2021-12-31|14|Sachsen|männlich|45.2
2021-12-31|14|Sachsen|weiblich|48.6
2021-12-31|15|Sachsen-Anhalt|Insgesamt|48.1
2021-12-31|15|Sachsen-Anhalt|männlich|46.3
2021-12-31|15|Sachsen-Anhalt|weiblich|49.8
2021-12-31|16|Thüringen|Insgesamt|47.6
2021-12-31|16|Thüringen|männlich|46.0
2021-12-31|16|Thüringen|weiblich|49.2
2021-12-31|01001|Flensburg, kreisfreie Stadt|Insgesamt|42.5
2021-12-31|01001|Flensburg, kreisfreie Stadt|männlich|41.1
2021-12-31|01001|Flensburg, kreisfreie Stadt|weiblich|43.8
2021-12-31|01002|Kiel, kreisfreie Stadt|Insgesamt|42.4
2021-12-31|01002|Kiel, kreisfreie Stadt|männlich|41.2
2021-12-31|01002|Kiel, kreisfreie Stadt|weiblich|43.5
2021-12-31|01003|Lübeck, kreisfreie Stadt, Hansestadt|Insgesamt|45.4
2021-12-31|01003|Lübeck, kreisfreie Stadt, Hansestadt|männlich|43.8
2021-12-31|01003|Lübeck, kreisfreie Stadt, Hansestadt|weiblich|47.0
2021-12-31|01004|Neumünster, kreisfreie Stadt|Insgesamt|45.0
2021-12-31|01004|Neumünster, kreisfreie Stadt|männlich|43.4
2021-12-31|01004|Neumünster, kreisfreie Stadt|weiblich|46.5
2021-12-31|01051|Dithmarschen, Kreis|Insgesamt|46.8
2021-12-31|01051|Dithmarschen, Kreis|männlich|45.6
2021-12-31|01051|Dithmarschen, Kreis|weiblich|47.9
2021-12-31|01053|Herzogtum Lauenburg, Kreis|Insgesamt|45.4
2021-12-31|01053|Herzogtum Lauenburg, Kreis|männlich|44.1
2021-12-31|01053|Herzogtum Lauenburg, Kreis|weiblich|46.7
2021-12-31|01054|Nordfriesland, Kreis|Insgesamt|46.5
2021-12-31|01054|Nordfriesland, Kreis|männlich|45.1
2021-12-31|01054|Nordfriesland, Kreis|weiblich|48.0
2021-12-31|01055|Ostholstein, Kreis|Insgesamt|48.8
2021-12-31|01055|Ostholstein, Kreis|männlich|47.5
2021-12-31|01055|Ostholstein, Kreis|weiblich|50.0
2021-12-31|01056|Pinneberg, Kreis|Insgesamt|45.1
2021-12-31|01056|Pinneberg, Kreis|männlich|43.8
2021-12-31|01056|Pinneberg, Kreis|weiblich|46.4
2021-12-31|01057|Plön, Kreis|Insgesamt|47.7
2021-12-31|01057|Plön, Kreis|männlich|46.5
2021-12-31|01057|Plön, Kreis|weiblich|48.9
2021-12-31|01058|Rendsburg-Eckernförde, Kreis|Insgesamt|46.1
2021-12-31|01058|Rendsburg-Eckernförde, Kreis|männlich|44.9
2021-12-31|01058|Rendsburg-Eckernförde, Kreis|weiblich|47.3
2021-12-31|01059|Schleswig-Flensburg, Kreis|Insgesamt|46.1
2021-12-31|01059|Schleswig-Flensburg, Kreis|männlich|45.0
2021-12-31|01059|Schleswig-Flensburg, Kreis|weiblich|47.2
2021-12-31|01060|Segeberg, Kreis|Insgesamt|45.1
2021-12-31|01060|Segeberg, Kreis|männlich|43.9
2021-12-31|01060|Segeberg, Kreis|weiblich|46.3
2021-12-31|01061|Steinburg, Kreis|Insgesamt|46.1
2021-12-31|01061|Steinburg, Kreis|männlich|44.9
2021-12-31|01061|Steinburg, Kreis|weiblich|47.3
2021-12-31|01062|Stormarn, Kreis|Insgesamt|45.9
2021-12-31|01062|Stormarn, Kreis|männlich|44.5
2021-12-31|01062|Stormarn, Kreis|weiblich|47.1
2021-12-31|02000|Hamburg, kreisfreie Stadt, Freie und Hansestadt|Insgesamt|42.1
2021-12-31|02000|Hamburg, kreisfreie Stadt, Freie und Hansestadt|männlich|40.9
2021-12-31|02000|Hamburg, kreisfreie Stadt, Freie und Hansestadt|weiblich|43.3
2021-12-31|03101|Braunschweig, kreisfreie Stadt|Insgesamt|43.9
2021-12-31|03101|Braunschweig, kreisfreie Stadt|männlich|42.3
2021-12-31|03101|Braunschweig, kreisfreie Stadt|weiblich|45.5
2021-12-31|03102|Salzgitter, kreisfreie Stadt|Insgesamt|44.2
2021-12-31|03102|Salzgitter, kreisfreie Stadt|männlich|42.7
2021-12-31|03102|Salzgitter, kreisfreie Stadt|weiblich|45.7
2021-12-31|03103|Wolfsburg, kreisfreie Stadt|Insgesamt|44.5
2021-12-31|03103|Wolfsburg, kreisfreie Stadt|männlich|42.9
2021-12-31|03103|Wolfsburg, kreisfreie Stadt|weiblich|46.0
2021-12-31|03151|Gifhorn, Landkreis|Insgesamt|44.2
2021-12-31|03151|Gifhorn, Landkreis|männlich|43.2
2021-12-31|03151|Gifhorn, Landkreis|weiblich|45.2
2021-12-31|03153|Goslar, Landkreis|Insgesamt|48.4
2021-12-31|03153|Goslar, Landkreis|männlich|46.7
2021-12-31|03153|Goslar, Landkreis|weiblich|50.1
2021-12-31|03154|Helmstedt, Landkreis|Insgesamt|46.1
2021-12-31|03154|Helmstedt, Landkreis|männlich|44.8
2021-12-31|03154|Helmstedt, Landkreis|weiblich|47.3
2021-12-31|03155|Northeim, Landkreis|Insgesamt|47.4
2021-12-31|03155|Northeim, Landkreis|männlich|46.1
2021-12-31|03155|Northeim, Landkreis|weiblich|48.6
2021-12-31|03157|Peine, Landkreis|Insgesamt|44.5
2021-12-31|03157|Peine, Landkreis|männlich|43.3
2021-12-31|03157|Peine, Landkreis|weiblich|45.7
2021-12-31|03158|Wolfenbüttel, Landkreis|Insgesamt|46.5
2021-12-31|03158|Wolfenbüttel, Landkreis|männlich|45.2
2021-12-31|03158|Wolfenbüttel, Landkreis|weiblich|47.7
2021-12-31|03159|Göttingen, Landkreis|Insgesamt|45.2
2021-12-31|03159|Göttingen, Landkreis|männlich|43.9
2021-12-31|03159|Göttingen, Landkreis|weiblich|46.4
2021-12-31|03241|Region Hannover, Landkreis|Insgesamt|44.1
2021-12-31|03241|Region Hannover, Landkreis|männlich|42.7
2021-12-31|03241|Region Hannover, Landkreis|weiblich|45.5
2021-12-31|03241001|Hannover, Landeshauptstadt|Insgesamt|42.6
2021-12-31|03241001|Hannover, Landeshauptstadt|männlich|41.2
2021-12-31|03241001|Hannover, Landeshauptstadt|weiblich|43.9
2021-12-31|03251|Diepholz, Landkreis|Insgesamt|45.5
2021-12-31|03251|Diepholz, Landkreis|männlich|44.3
2021-12-31|03251|Diepholz, Landkreis|weiblich|46.6
2021-12-31|03252|Hameln-Pyrmont, Landkreis|Insgesamt|46.7
2021-12-31|03252|Hameln-Pyrmont, Landkreis|männlich|45.2
2021-12-31|03252|Hameln-Pyrmont, Landkreis|weiblich|48.2
2021-12-31|03254|Hildesheim, Landkreis|Insgesamt|45.8
2021-12-31|03254|Hildesheim, Landkreis|männlich|44.5
2021-12-31|03254|Hildesheim, Landkreis|weiblich|47.1
2021-12-31|03255|Holzminden, Landkreis|Insgesamt|47.5
2021-12-31|03255|Holzminden, Landkreis|männlich|46.1
2021-12-31|03255|Holzminden, Landkreis|weiblich|48.9
2021-12-31|03256|Nienburg (Weser), Landkreis|Insgesamt|45.3
2021-12-31|03256|Nienburg (Weser), Landkreis|männlich|44.1
2021-12-31|03256|Nienburg (Weser), Landkreis|weiblich|46.5
2021-12-31|03257|Schaumburg, Landkreis|Insgesamt|46.8
2021-12-31|03257|Schaumburg, Landkreis|männlich|45.3
2021-12-31|03257|Schaumburg, Landkreis|weiblich|48.2
2021-12-31|03351|Celle, Landkreis|Insgesamt|45.4
2021-12-31|03351|Celle, Landkreis|männlich|44.1
2021-12-31|03351|Celle, Landkreis|weiblich|46.7
2021-12-31|03352|Cuxhaven, Landkreis|Insgesamt|46.9
2021-12-31|03352|Cuxhaven, Landkreis|männlich|45.5
2021-12-31|03352|Cuxhaven, Landkreis|weiblich|48.2
2021-12-31|03353|Harburg, Landkreis|Insgesamt|45.2
2021-12-31|03353|Harburg, Landkreis|männlich|43.9
2021-12-31|03353|Harburg, Landkreis|weiblich|46.5
2021-12-31|03354|Lüchow-Dannenberg, Landkreis|Insgesamt|48.6
2021-12-31|03354|Lüchow-Dannenberg, Landkreis|männlich|47.1
2021-12-31|03354|Lüchow-Dannenberg, Landkreis|weiblich|50.0
2021-12-31|03355|Lüneburg, Landkreis|Insgesamt|44.1
2021-12-31|03355|Lüneburg, Landkreis|männlich|42.9
2021-12-31|03355|Lüneburg, Landkreis|weiblich|45.2
2021-12-31|03356|Osterholz, Landkreis|Insgesamt|46.1
2021-12-31|03356|Osterholz, Landkreis|männlich|44.8
2021-12-31|03356|Osterholz, Landkreis|weiblich|47.3
2021-12-31|03357|Rotenburg (Wümme), Landkreis|Insgesamt|44.8
2021-12-31|03357|Rotenburg (Wümme), Landkreis|männlich|43.7
2021-12-31|03357|Rotenburg (Wümme), Landkreis|weiblich|46.0
2021-12-31|03358|Heidekreis|Insgesamt|45.0
2021-12-31|03358|Heidekreis|männlich|43.4
2021-12-31|03358|Heidekreis|weiblich|46.5
2021-12-31|03359|Stade, Landkreis|Insgesamt|44.3
2021-12-31|03359|Stade, Landkreis|männlich|43.1
2021-12-31|03359|Stade, Landkreis|weiblich|45.6
2021-12-31|03360|Uelzen, Landkreis|Insgesamt|47.4
2021-12-31|03360|Uelzen, Landkreis|männlich|46.0
2021-12-31|03360|Uelzen, Landkreis|weiblich|48.6
2021-12-31|03361|Verden, Landkreis|Insgesamt|44.9
2021-12-31|03361|Verden, Landkreis|männlich|43.8
2021-12-31|03361|Verden, Landkreis|weiblich|46.1
2021-12-31|03401|Delmenhorst, kreisfreie Stadt|Insgesamt|44.2
2021-12-31|03401|Delmenhorst, kreisfreie Stadt|männlich|42.8
2021-12-31|03401|Delmenhorst, kreisfreie Stadt|weiblich|45.5
2021-12-31|03402|Emden, kreisfreie Stadt|Insgesamt|44.0
2021-12-31|03402|Emden, kreisfreie Stadt|männlich|42.6
2021-12-31|03402|Emden, kreisfreie Stadt|weiblich|45.3
2021-12-31|03403|Oldenburg (Oldenburg), kreisfreie Stadt|Insgesamt|42.9
2021-12-31|03403|Oldenburg (Oldenburg), kreisfreie Stadt|männlich|41.7
2021-12-31|03403|Oldenburg (Oldenburg), kreisfreie Stadt|weiblich|44.1
2021-12-31|03404|Osnabrück, kreisfreie Stadt|Insgesamt|42.1
2021-12-31|03404|Osnabrück, kreisfreie Stadt|männlich|40.9
2021-12-31|03404|Osnabrück, kreisfreie Stadt|weiblich|43.2
2021-12-31|03405|Wilhelmshaven, kreisfreie Stadt|Insgesamt|46.4
2021-12-31|03405|Wilhelmshaven, kreisfreie Stadt|männlich|44.7
2021-12-31|03405|Wilhelmshaven, kreisfreie Stadt|weiblich|48.0
2021-12-31|03451|Ammerland, Landkreis|Insgesamt|45.5
2021-12-31|03451|Ammerland, Landkreis|männlich|44.3
2021-12-31|03451|Ammerland, Landkreis|weiblich|46.6
2021-12-31|03452|Aurich, Landkreis|Insgesamt|45.8
2021-12-31|03452|Aurich, Landkreis|männlich|44.5
2021-12-31|03452|Aurich, Landkreis|weiblich|47.1
2021-12-31|03453|Cloppenburg, Landkreis|Insgesamt|41.1
2021-12-31|03453|Cloppenburg, Landkreis|männlich|40.0
2021-12-31|03453|Cloppenburg, Landkreis|weiblich|42.2
2021-12-31|03454|Emsland, Landkreis|Insgesamt|43.2
2021-12-31|03454|Emsland, Landkreis|männlich|42.2
2021-12-31|03454|Emsland, Landkreis|weiblich|44.3
2021-12-31|03455|Friesland, Landkreis|Insgesamt|47.4
2021-12-31|03455|Friesland, Landkreis|männlich|46.1
2021-12-31|03455|Friesland, Landkreis|weiblich|48.6
2021-12-31|03456|Grafschaft Bentheim, Landkreis|Insgesamt|44.0
2021-12-31|03456|Grafschaft Bentheim, Landkreis|männlich|43.0
2021-12-31|03456|Grafschaft Bentheim, Landkreis|weiblich|45.1
2021-12-31|03457|Leer, Landkreis|Insgesamt|44.5
2021-12-31|03457|Leer, Landkreis|männlich|43.4
2021-12-31|03457|Leer, Landkreis|weiblich|45.7
2021-12-31|03458|Oldenburg, Landkreis|Insgesamt|45.1
2021-12-31|03458|Oldenburg, Landkreis|männlich|43.9
2021-12-31|03458|Oldenburg, Landkreis|weiblich|46.3
2021-12-31|03459|Osnabrück, Landkreis|Insgesamt|44.3
2021-12-31|03459|Osnabrück, Landkreis|männlich|42.9
2021-12-31|03459|Osnabrück, Landkreis|weiblich|45.7
2021-12-31|03460|Vechta, Landkreis|Insgesamt|41.2
2021-12-31|03460|Vechta, Landkreis|männlich|40.3
2021-12-31|03460|Vechta, Landkreis|weiblich|42.1
2021-12-31|03461|Wesermarsch, Landkreis|Insgesamt|46.1
2021-12-31|03461|Wesermarsch, Landkreis|männlich|45.0
2021-12-31|03461|Wesermarsch, Landkreis|weiblich|47.3
2021-12-31|03462|Wittmund, Landkreis|Insgesamt|46.7
2021-12-31|03462|Wittmund, Landkreis|männlich|45.5
2021-12-31|03462|Wittmund, Landkreis|weiblich|47.9
2021-12-31|04011|Bremen, kreisfreie Stadt|Insgesamt|43.6
2021-12-31|04011|Bremen, kreisfreie Stadt|männlich|42.1
2021-12-31|04011|Bremen, kreisfreie Stadt|weiblich|45.1
2021-12-31|04012|Bremerhaven, kreisfreie Stadt|Insgesamt|43.7
2021-12-31|04012|Bremerhaven, kreisfreie Stadt|männlich|42.1
2021-12-31|04012|Bremerhaven, kreisfreie Stadt|weiblich|45.3
2021-12-31|05111|Düsseldorf, kreisfreie Stadt|Insgesamt|43.1
2021-12-31|05111|Düsseldorf, kreisfreie Stadt|männlich|41.9
2021-12-31|05111|Düsseldorf, kreisfreie Stadt|weiblich|44.3
2021-12-31|05112|Duisburg, kreisfreie Stadt|Insgesamt|43.5
2021-12-31|05112|Duisburg, kreisfreie Stadt|männlich|42.0
2021-12-31|05112|Duisburg, kreisfreie Stadt|weiblich|44.9
2021-12-31|05113|Essen, kreisfreie Stadt|Insgesamt|44.1
2021-12-31|05113|Essen, kreisfreie Stadt|männlich|42.5
2021-12-31|05113|Essen, kreisfreie Stadt|weiblich|45.5
2021-12-31|05114|Krefeld, kreisfreie Stadt|Insgesamt|44.7
2021-12-31|05114|Krefeld, kreisfreie Stadt|männlich|43.1
2021-12-31|05114|Krefeld, kreisfreie Stadt|weiblich|46.3
2021-12-31|05116|Mönchengladbach, kreisfreie Stadt|Insgesamt|44.0
2021-12-31|05116|Mönchengladbach, kreisfreie Stadt|männlich|42.7
2021-12-31|05116|Mönchengladbach, kreisfreie Stadt|weiblich|45.3
2021-12-31|05117|Mülheim an der Ruhr, kreisfreie Stadt|Insgesamt|45.7
2021-12-31|05117|Mülheim an der Ruhr, kreisfreie Stadt|männlich|43.9
2021-12-31|05117|Mülheim an der Ruhr, kreisfreie Stadt|weiblich|47.4
2021-12-31|05119|Oberhausen, kreisfreie Stadt|Insgesamt|44.9
2021-12-31|05119|Oberhausen, kreisfreie Stadt|männlich|43.5
2021-12-31|05119|Oberhausen, kreisfreie Stadt|weiblich|46.3
2021-12-31|05120|Remscheid, kreisfreie Stadt|Insgesamt|44.7
2021-12-31|05120|Remscheid, kreisfreie Stadt|männlich|43.4
2021-12-31|05120|Remscheid, kreisfreie Stadt|weiblich|46.0
2021-12-31|05122|Solingen, kreisfreie Stadt|Insgesamt|44.6
2021-12-31|05122|Solingen, kreisfreie Stadt|männlich|43.1
2021-12-31|05122|Solingen, kreisfreie Stadt|weiblich|45.9
2021-12-31|05124|Wuppertal, kreisfreie Stadt|Insgesamt|43.5
2021-12-31|05124|Wuppertal, kreisfreie Stadt|männlich|42.1
2021-12-31|05124|Wuppertal, kreisfreie Stadt|weiblich|44.9
2021-12-31|05154|Kleve, Kreis|Insgesamt|44.5
2021-12-31|05154|Kleve, Kreis|männlich|43.3
2021-12-31|05154|Kleve, Kreis|weiblich|45.8
2021-12-31|05158|Mettmann, Kreis|Insgesamt|45.9
2021-12-31|05158|Mettmann, Kreis|männlich|44.5
2021-12-31|05158|Mettmann, Kreis|weiblich|47.3
2021-12-31|05162|Rhein-Kreis Neuss|Insgesamt|45.0
2021-12-31|05162|Rhein-Kreis Neuss|männlich|43.6
2021-12-31|05162|Rhein-Kreis Neuss|weiblich|46.3
2021-12-31|05166|Viersen, Kreis|Insgesamt|45.9
2021-12-31|05166|Viersen, Kreis|männlich|44.6
2021-12-31|05166|Viersen, Kreis|weiblich|47.2
2021-12-31|05170|Wesel, Kreis|Insgesamt|46.3
2021-12-31|05170|Wesel, Kreis|männlich|44.8
2021-12-31|05170|Wesel, Kreis|weiblich|47.6
2021-12-31|05314|Bonn, kreisfreie Stadt|Insgesamt|41.9
2021-12-31|05314|Bonn, kreisfreie Stadt|männlich|40.5
2021-12-31|05314|Bonn, kreisfreie Stadt|weiblich|43.1
2021-12-31|05315|Köln, kreisfreie Stadt|Insgesamt|42.1
2021-12-31|05315|Köln, kreisfreie Stadt|männlich|41.1
2021-12-31|05315|Köln, kreisfreie Stadt|weiblich|42.9
2021-12-31|05316|Leverkusen, kreisfreie Stadt|Insgesamt|44.6
2021-12-31|05316|Leverkusen, kreisfreie Stadt|männlich|43.0
2021-12-31|05316|Leverkusen, kreisfreie Stadt|weiblich|46.1
2021-12-31|05334|Städteregion Aachen, Kreis|Insgesamt|43.3
2021-12-31|05334|Städteregion Aachen, Kreis|männlich|41.7
2021-12-31|05334|Städteregion Aachen, Kreis|weiblich|45.1
2021-12-31|05334002|Aachen, kreisfreie Stadt|Insgesamt|41.2
2021-12-31|05334002|Aachen, kreisfreie Stadt|männlich|39.2
2021-12-31|05334002|Aachen, kreisfreie Stadt|weiblich|43.4
2021-12-31|05358|Düren, Kreis|Insgesamt|44.6
2021-12-31|05358|Düren, Kreis|männlich|43.2
2021-12-31|05358|Düren, Kreis|weiblich|45.9
2021-12-31|05362|Rhein-Erft-Kreis|Insgesamt|44.5
2021-12-31|05362|Rhein-Erft-Kreis|männlich|43.3
2021-12-31|05362|Rhein-Erft-Kreis|weiblich|45.7
2021-12-31|05366|Euskirchen, Kreis|Insgesamt|45.2
2021-12-31|05366|Euskirchen, Kreis|männlich|44.1
2021-12-31|05366|Euskirchen, Kreis|weiblich|46.2
2021-12-31|05370|Heinsberg, Kreis|Insgesamt|44.8
2021-12-31|05370|Heinsberg, Kreis|männlich|43.6
2021-12-31|05370|Heinsberg, Kreis|weiblich|46.0
2021-12-31|05374|Oberbergischer Kreis|Insgesamt|44.7
2021-12-31|05374|Oberbergischer Kreis|männlich|43.3
2021-12-31|05374|Oberbergischer Kreis|weiblich|45.9
2021-12-31|05378|Rheinisch-Bergischer Kreis|Insgesamt|46.1
2021-12-31|05378|Rheinisch-Bergischer Kreis|männlich|44.7
2021-12-31|05378|Rheinisch-Bergischer Kreis|weiblich|47.4
2021-12-31|05382|Rhein-Sieg-Kreis|Insgesamt|44.8
2021-12-31|05382|Rhein-Sieg-Kreis|männlich|43.5
2021-12-31|05382|Rhein-Sieg-Kreis|weiblich|46.1
2021-12-31|05512|Bottrop, kreisfreie Stadt|Insgesamt|45.5
2021-12-31|05512|Bottrop, kreisfreie Stadt|männlich|43.9
2021-12-31|05512|Bottrop, kreisfreie Stadt|weiblich|47.1
2021-12-31|05513|Gelsenkirchen, kreisfreie Stadt|Insgesamt|43.2
2021-12-31|05513|Gelsenkirchen, kreisfreie Stadt|männlich|41.8
2021-12-31|05513|Gelsenkirchen, kreisfreie Stadt|weiblich|44.7
2021-12-31|05515|Münster, kreisfreie Stadt|Insgesamt|41.5
2021-12-31|05515|Münster, kreisfreie Stadt|männlich|40.5
2021-12-31|05515|Münster, kreisfreie Stadt|weiblich|42.4
2021-12-31|05554|Borken, Kreis|Insgesamt|43.4
2021-12-31|05554|Borken, Kreis|männlich|42.2
2021-12-31|05554|Borken, Kreis|weiblich|44.5
2021-12-31|05558|Coesfeld, Kreis|Insgesamt|44.9
2021-12-31|05558|Coesfeld, Kreis|männlich|43.6
2021-12-31|05558|Coesfeld, Kreis|weiblich|46.2
2021-12-31|05562|Recklinghausen, Kreis|Insgesamt|45.6
2021-12-31|05562|Recklinghausen, Kreis|männlich|44.1
2021-12-31|05562|Recklinghausen, Kreis|weiblich|47.0
2021-12-31|05566|Steinfurt, Kreis|Insgesamt|43.9
2021-12-31|05566|Steinfurt, Kreis|männlich|42.6
2021-12-31|05566|Steinfurt, Kreis|weiblich|45.2
2021-12-31|05570|Warendorf, Kreis|Insgesamt|44.6
2021-12-31|05570|Warendorf, Kreis|männlich|43.2
2021-12-31|05570|Warendorf, Kreis|weiblich|45.9
2021-12-31|05711|Bielefeld, kreisfreie Stadt|Insgesamt|42.9
2021-12-31|05711|Bielefeld, kreisfreie Stadt|männlich|41.6
2021-12-31|05711|Bielefeld, kreisfreie Stadt|weiblich|44.1
2021-12-31|05754|Gütersloh, Kreis|Insgesamt|43.7
2021-12-31|05754|Gütersloh, Kreis|männlich|42.4
2021-12-31|05754|Gütersloh, Kreis|weiblich|45.0
2021-12-31|05758|Herford, Kreis|Insgesamt|45.1
2021-12-31|05758|Herford, Kreis|männlich|43.6
2021-12-31|05758|Herford, Kreis|weiblich|46.5
2021-12-31|05762|Höxter, Kreis|Insgesamt|45.7
2021-12-31|05762|Höxter, Kreis|männlich|44.3
2021-12-31|05762|Höxter, Kreis|weiblich|47.1
2021-12-31|05766|Lippe, Kreis|Insgesamt|44.8
2021-12-31|05766|Lippe, Kreis|männlich|43.3
2021-12-31|05766|Lippe, Kreis|weiblich|46.3
2021-12-31|05770|Minden-Lübbecke, Kreis|Insgesamt|44.8
2021-12-31|05770|Minden-Lübbecke, Kreis|männlich|43.3
2021-12-31|05770|Minden-Lübbecke, Kreis|weiblich|46.3
2021-12-31|05774|Paderborn, Kreis|Insgesamt|42.6
2021-12-31|05774|Paderborn, Kreis|männlich|41.3
2021-12-31|05774|Paderborn, Kreis|weiblich|43.8
2021-12-31|05911|Bochum, kreisfreie Stadt|Insgesamt|44.7
2021-12-31|05911|Bochum, kreisfreie Stadt|männlich|43.0
2021-12-31|05911|Bochum, kreisfreie Stadt|weiblich|46.3
2021-12-31|05913|Dortmund, kreisfreie Stadt|Insgesamt|43.4
2021-12-31|05913|Dortmund, kreisfreie Stadt|männlich|42.0
2021-12-31|05913|Dortmund, kreisfreie Stadt|weiblich|44.8
2021-12-31|05914|Hagen, kreisfreie Stadt|Insgesamt|44.1
2021-12-31|05914|Hagen, kreisfreie Stadt|männlich|42.5
2021-12-31|05914|Hagen, kreisfreie Stadt|weiblich|45.7
2021-12-31|05915|Hamm, kreisfreie Stadt|Insgesamt|43.8
2021-12-31|05915|Hamm, kreisfreie Stadt|männlich|42.3
2021-12-31|05915|Hamm, kreisfreie Stadt|weiblich|45.2
2021-12-31|05916|Herne, kreisfreie Stadt|Insgesamt|44.4
2021-12-31|05916|Herne, kreisfreie Stadt|männlich|42.8
2021-12-31|05916|Herne, kreisfreie Stadt|weiblich|45.9
2021-12-31|05954|Ennepe-Ruhr-Kreis|Insgesamt|46.3
2021-12-31|05954|Ennepe-Ruhr-Kreis|männlich|44.8
2021-12-31|05954|Ennepe-Ruhr-Kreis|weiblich|47.7
2021-12-31|05958|Hochsauerlandkreis|Insgesamt|45.5
2021-12-31|05958|Hochsauerlandkreis|männlich|44.1
2021-12-31|05958|Hochsauerlandkreis|weiblich|46.9
2021-12-31|05962|Märkischer Kreis|Insgesamt|45.3
2021-12-31|05962|Märkischer Kreis|männlich|43.8
2021-12-31|05962|Märkischer Kreis|weiblich|46.7
2021-12-31|05966|Olpe, Kreis|Insgesamt|44.6
2021-12-31|05966|Olpe, Kreis|männlich|43.4
2021-12-31|05966|Olpe, Kreis|weiblich|45.9
2021-12-31|05970|Siegen-Wittgenstein, Kreis|Insgesamt|44.5
2021-12-31|05970|Siegen-Wittgenstein, Kreis|männlich|43.3
2021-12-31|05970|Siegen-Wittgenstein, Kreis|weiblich|45.8
2021-12-31|05974|Soest, Kreis|Insgesamt|44.9
2021-12-31|05974|Soest, Kreis|männlich|43.4
2021-12-31|05974|Soest, Kreis|weiblich|46.4
2021-12-31|05978|Unna, Kreis|Insgesamt|45.7
2021-12-31|05978|Unna, Kreis|männlich|44.1
2021-12-31|05978|Unna, Kreis|weiblich|47.2
2021-12-31|06411|Darmstadt, kreisfreie Stadt, Wissenschaftsstadt|Insgesamt|41.0
2021-12-31|06411|Darmstadt, kreisfreie Stadt, Wissenschaftsstadt|männlich|39.4
2021-12-31|06411|Darmstadt, kreisfreie Stadt, Wissenschaftsstadt|weiblich|42.7
2021-12-31|06412|Frankfurt am Main, kreisfreie Stadt|Insgesamt|41.0
2021-12-31|06412|Frankfurt am Main, kreisfreie Stadt|männlich|40.2
2021-12-31|06412|Frankfurt am Main, kreisfreie Stadt|weiblich|41.8
2021-12-31|06413|Offenbach am Main, kreisfreie Stadt|Insgesamt|40.8
2021-12-31|06413|Offenbach am Main, kreisfreie Stadt|männlich|39.9
2021-12-31|06413|Offenbach am Main, kreisfreie Stadt|weiblich|41.7
2021-12-31|06414|Wiesbaden, kreisfreie Stadt, Landeshauptstadt|Insgesamt|43.1
2021-12-31|06414|Wiesbaden, kreisfreie Stadt, Landeshauptstadt|männlich|41.7
2021-12-31|06414|Wiesbaden, kreisfreie Stadt, Landeshauptstadt|weiblich|44.3
2021-12-31|06431|Bergstraße, Landkreis|Insgesamt|45.5
2021-12-31|06431|Bergstraße, Landkreis|männlich|44.3
2021-12-31|06431|Bergstraße, Landkreis|weiblich|46.8
2021-12-31|06432|Darmstadt-Dieburg, Landkreis|Insgesamt|44.6
2021-12-31|06432|Darmstadt-Dieburg, Landkreis|männlich|43.5
2021-12-31|06432|Darmstadt-Dieburg, Landkreis|weiblich|45.6
2021-12-31|06433|Groß-Gerau, Landkreis|Insgesamt|43.1
2021-12-31|06433|Groß-Gerau, Landkreis|männlich|42.0
2021-12-31|06433|Groß-Gerau, Landkreis|weiblich|44.2
2021-12-31|06434|Hochtaunuskreis|Insgesamt|45.4
2021-12-31|06434|Hochtaunuskreis|männlich|43.9
2021-12-31|06434|Hochtaunuskreis|weiblich|46.7
2021-12-31|06435|Main-Kinzig-Kreis|Insgesamt|44.7
2021-12-31|06435|Main-Kinzig-Kreis|männlich|43.4
2021-12-31|06435|Main-Kinzig-Kreis|weiblich|45.9
2021-12-31|06436|Main-Taunus-Kreis|Insgesamt|44.4
2021-12-31|06436|Main-Taunus-Kreis|männlich|43.0
2021-12-31|06436|Main-Taunus-Kreis|weiblich|45.7
2021-12-31|06437|Odenwaldkreis|Insgesamt|46.3
2021-12-31|06437|Odenwaldkreis|männlich|45.1
2021-12-31|06437|Odenwaldkreis|weiblich|47.5
2021-12-31|06438|Offenbach, Landkreis|Insgesamt|44.2
2021-12-31|06438|Offenbach, Landkreis|männlich|42.9
2021-12-31|06438|Offenbach, Landkreis|weiblich|45.5
2021-12-31|06439|Rheingau-Taunus-Kreis|Insgesamt|46.1
2021-12-31|06439|Rheingau-Taunus-Kreis|männlich|44.9
2021-12-31|06439|Rheingau-Taunus-Kreis|weiblich|47.3
2021-12-31|06440|Wetteraukreis|Insgesamt|44.7
2021-12-31|06440|Wetteraukreis|männlich|43.5
2021-12-31|06440|Wetteraukreis|weiblich|45.9
2021-12-31|06531|Gießen, Landkreis|Insgesamt|42.8
2021-12-31|06531|Gießen, Landkreis|männlich|41.7
2021-12-31|06531|Gießen, Landkreis|weiblich|43.8
2021-12-31|06532|Lahn-Dill-Kreis|Insgesamt|45.2
2021-12-31|06532|Lahn-Dill-Kreis|männlich|43.8
2021-12-31|06532|Lahn-Dill-Kreis|weiblich|46.5
2021-12-31|06533|Limburg-Weilburg, Landkreis|Insgesamt|45.1
2021-12-31|06533|Limburg-Weilburg, Landkreis|männlich|43.9
2021-12-31|06533|Limburg-Weilburg, Landkreis|weiblich|46.2
2021-12-31|06534|Marburg-Biedenkopf, Landkreis|Insgesamt|43.3
2021-12-31|06534|Marburg-Biedenkopf, Landkreis|männlich|42.3
2021-12-31|06534|Marburg-Biedenkopf, Landkreis|weiblich|44.3
2021-12-31|06535|Vogelsbergkreis|Insgesamt|47.2
2021-12-31|06535|Vogelsbergkreis|männlich|45.9
2021-12-31|06535|Vogelsbergkreis|weiblich|48.4
2021-12-31|06611|Kassel, kreisfreie Stadt, documenta-Stadt|Insgesamt|42.6
2021-12-31|06611|Kassel, kreisfreie Stadt, documenta-Stadt|männlich|41.0
2021-12-31|06611|Kassel, kreisfreie Stadt, documenta-Stadt|weiblich|44.3
2021-12-31|06631|Fulda, Landkreis|Insgesamt|44.4
2021-12-31|06631|Fulda, Landkreis|männlich|43.1
2021-12-31|06631|Fulda, Landkreis|weiblich|45.7
2021-12-31|06632|Hersfeld-Rotenburg, Landkreis|Insgesamt|46.2
2021-12-31|06632|Hersfeld-Rotenburg, Landkreis|männlich|44.8
2021-12-31|06632|Hersfeld-Rotenburg, Landkreis|weiblich|47.5
2021-12-31|06633|Kassel, Landkreis|Insgesamt|46.8
2021-12-31|06633|Kassel, Landkreis|männlich|45.4
2021-12-31|06633|Kassel, Landkreis|weiblich|48.1
2021-12-31|06634|Schwalm-Eder-Kreis|Insgesamt|46.2
2021-12-31|06634|Schwalm-Eder-Kreis|männlich|44.8
2021-12-31|06634|Schwalm-Eder-Kreis|weiblich|47.5
2021-12-31|06635|Waldeck-Frankenberg, Landkreis|Insgesamt|46.0
2021-12-31|06635|Waldeck-Frankenberg, Landkreis|männlich|44.6
2021-12-31|06635|Waldeck-Frankenberg, Landkreis|weiblich|47.4
2021-12-31|06636|Werra-Meißner-Kreis|Insgesamt|47.3
2021-12-31|06636|Werra-Meißner-Kreis|männlich|45.7
2021-12-31|06636|Werra-Meißner-Kreis|weiblich|48.8
2021-12-31|07111|Koblenz, kreisfreie Stadt|Insgesamt|43.9
2021-12-31|07111|Koblenz, kreisfreie Stadt|männlich|42.3
2021-12-31|07111|Koblenz, kreisfreie Stadt|weiblich|45.5
2021-12-31|07131|Ahrweiler, Landkreis|Insgesamt|46.6
2021-12-31|07131|Ahrweiler, Landkreis|männlich|45.4
2021-12-31|07131|Ahrweiler, Landkreis|weiblich|47.9
2021-12-31|07132|Altenkirchen (Westerwald), Landkreis|Insgesamt|45.4
2021-12-31|07132|Altenkirchen (Westerwald), Landkreis|männlich|44.1
2021-12-31|07132|Altenkirchen (Westerwald), Landkreis|weiblich|46.6
2021-12-31|07133|Bad Kreuznach, Landkreis|Insgesamt|45.9
2021-12-31|07133|Bad Kreuznach, Landkreis|männlich|44.7
2021-12-31|07133|Bad Kreuznach, Landkreis|weiblich|47.1
2021-12-31|07134|Birkenfeld, Landkreis|Insgesamt|46.3
2021-12-31|07134|Birkenfeld, Landkreis|männlich|44.9
2021-12-31|07134|Birkenfeld, Landkreis|weiblich|47.7
2021-12-31|07135|Cochem-Zell, Landkreis|Insgesamt|47.1
2021-12-31|07135|Cochem-Zell, Landkreis|männlich|45.9
2021-12-31|07135|Cochem-Zell, Landkreis|weiblich|48.4
2021-12-31|07137|Mayen-Koblenz, Landkreis|Insgesamt|45.3
2021-12-31|07137|Mayen-Koblenz, Landkreis|männlich|44.1
2021-12-31|07137|Mayen-Koblenz, Landkreis|weiblich|46.5
2021-12-31|07138|Neuwied, Landkreis|Insgesamt|45.1
2021-12-31|07138|Neuwied, Landkreis|männlich|43.9
2021-12-31|07138|Neuwied, Landkreis|weiblich|46.3
2021-12-31|07140|Rhein-Hunsrück-Kreis|Insgesamt|46.0
2021-12-31|07140|Rhein-Hunsrück-Kreis|männlich|44.7
2021-12-31|07140|Rhein-Hunsrück-Kreis|weiblich|47.2
2021-12-31|07141|Rhein-Lahn-Kreis|Insgesamt|46.1
2021-12-31|07141|Rhein-Lahn-Kreis|männlich|45.0
2021-12-31|07141|Rhein-Lahn-Kreis|weiblich|47.2
2021-12-31|07143|Westerwaldkreis|Insgesamt|45.0
2021-12-31|07143|Westerwaldkreis|männlich|43.8
2021-12-31|07143|Westerwaldkreis|weiblich|46.1
2021-12-31|07211|Trier, kreisfreie Stadt|Insgesamt|42.1
2021-12-31|07211|Trier, kreisfreie Stadt|männlich|40.7
2021-12-31|07211|Trier, kreisfreie Stadt|weiblich|43.6
2021-12-31|07231|Bernkastel-Wittlich, Landkreis|Insgesamt|45.9
2021-12-31|07231|Bernkastel-Wittlich, Landkreis|männlich|44.8
2021-12-31|07231|Bernkastel-Wittlich, Landkreis|weiblich|47.0
2021-12-31|07232|Eifelkreis Bitburg-Prüm|Insgesamt|44.6
2021-12-31|07232|Eifelkreis Bitburg-Prüm|männlich|43.5
2021-12-31|07232|Eifelkreis Bitburg-Prüm|weiblich|45.7
2021-12-31|07233|Vulkaneifel, Landkreis|Insgesamt|47.0
2021-12-31|07233|Vulkaneifel, Landkreis|männlich|46.0
2021-12-31|07233|Vulkaneifel, Landkreis|weiblich|48.0
2021-12-31|07235|Trier-Saarburg, Landkreis|Insgesamt|45.0
2021-12-31|07235|Trier-Saarburg, Landkreis|männlich|43.9
2021-12-31|07235|Trier-Saarburg, Landkreis|weiblich|46.1
2021-12-31|07311|Frankenthal (Pfalz), kreisfreie Stadt|Insgesamt|44.8
2021-12-31|07311|Frankenthal (Pfalz), kreisfreie Stadt|männlich|42.9
2021-12-31|07311|Frankenthal (Pfalz), kreisfreie Stadt|weiblich|46.6
2021-12-31|07312|Kaiserslautern, kreisfreie Stadt|Insgesamt|43.2
2021-12-31|07312|Kaiserslautern, kreisfreie Stadt|männlich|41.2
2021-12-31|07312|Kaiserslautern, kreisfreie Stadt|weiblich|45.2
2021-12-31|07313|Landau in der Pfalz, kreisfreie Stadt|Insgesamt|43.2
2021-12-31|07313|Landau in der Pfalz, kreisfreie Stadt|männlich|42.3
2021-12-31|07313|Landau in der Pfalz, kreisfreie Stadt|weiblich|44.1
2021-12-31|07314|Ludwigshafen am Rhein, kreisfreie Stadt|Insgesamt|42.2
2021-12-31|07314|Ludwigshafen am Rhein, kreisfreie Stadt|männlich|41.0
2021-12-31|07314|Ludwigshafen am Rhein, kreisfreie Stadt|weiblich|43.5
2021-12-31|07315|Mainz, kreisfreie Stadt|Insgesamt|41.6
2021-12-31|07315|Mainz, kreisfreie Stadt|männlich|40.6
2021-12-31|07315|Mainz, kreisfreie Stadt|weiblich|42.6
2021-12-31|07316|Neustadt an der Weinstraße, kreisfreie Stadt|Insgesamt|46.4
2021-12-31|07316|Neustadt an der Weinstraße, kreisfreie Stadt|männlich|44.9
2021-12-31|07316|Neustadt an der Weinstraße, kreisfreie Stadt|weiblich|47.8
2021-12-31|07317|Pirmasens, kreisfreie Stadt|Insgesamt|46.7
2021-12-31|07317|Pirmasens, kreisfreie Stadt|männlich|44.7
2021-12-31|07317|Pirmasens, kreisfreie Stadt|weiblich|48.5
2021-12-31|07318|Speyer, kreisfreie Stadt|Insgesamt|45.6
2021-12-31|07318|Speyer, kreisfreie Stadt|männlich|43.8
2021-12-31|07318|Speyer, kreisfreie Stadt|weiblich|47.4
2021-12-31|07319|Worms, kreisfreie Stadt|Insgesamt|43.5
2021-12-31|07319|Worms, kreisfreie Stadt|männlich|42.0
2021-12-31|07319|Worms, kreisfreie Stadt|weiblich|45.0
2021-12-31|07320|Zweibrücken, kreisfreie Stadt|Insgesamt|45.7
2021-12-31|07320|Zweibrücken, kreisfreie Stadt|männlich|44.0
2021-12-31|07320|Zweibrücken, kreisfreie Stadt|weiblich|47.4
2021-12-31|07331|Alzey-Worms, Landkreis|Insgesamt|44.6
2021-12-31|07331|Alzey-Worms, Landkreis|männlich|43.6
2021-12-31|07331|Alzey-Worms, Landkreis|weiblich|45.5
2021-12-31|07332|Bad Dürkheim, Landkreis|Insgesamt|47.0
2021-12-31|07332|Bad Dürkheim, Landkreis|männlich|45.7
2021-12-31|07332|Bad Dürkheim, Landkreis|weiblich|48.2
2021-12-31|07333|Donnersbergkreis|Insgesamt|45.6
2021-12-31|07333|Donnersbergkreis|männlich|44.6
2021-12-31|07333|Donnersbergkreis|weiblich|46.6
2021-12-31|07334|Germersheim, Landkreis|Insgesamt|44.3
2021-12-31|07334|Germersheim, Landkreis|männlich|43.2
2021-12-31|07334|Germersheim, Landkreis|weiblich|45.4
2021-12-31|07335|Kaiserslautern, Landkreis|Insgesamt|44.7
2021-12-31|07335|Kaiserslautern, Landkreis|männlich|43.6
2021-12-31|07335|Kaiserslautern, Landkreis|weiblich|45.8
2021-12-31|07336|Kusel, Landkreis|Insgesamt|46.8
2021-12-31|07336|Kusel, Landkreis|männlich|45.6
2021-12-31|07336|Kusel, Landkreis|weiblich|47.9
2021-12-31|07337|Südliche Weinstraße, Landkreis|Insgesamt|46.5
2021-12-31|07337|Südliche Weinstraße, Landkreis|männlich|45.3
2021-12-31|07337|Südliche Weinstraße, Landkreis|weiblich|47.6
2021-12-31|07338|Rhein-Pfalz-Kreis|Insgesamt|45.6
2021-12-31|07338|Rhein-Pfalz-Kreis|männlich|44.4
2021-12-31|07338|Rhein-Pfalz-Kreis|weiblich|46.8
2021-12-31|07339|Mainz-Bingen, Landkreis|Insgesamt|45.0
2021-12-31|07339|Mainz-Bingen, Landkreis|männlich|43.9
2021-12-31|07339|Mainz-Bingen, Landkreis|weiblich|46.1
2021-12-31|07340|Südwestpfalz, Landkreis|Insgesamt|48.0
2021-12-31|07340|Südwestpfalz, Landkreis|männlich|46.8
2021-12-31|07340|Südwestpfalz, Landkreis|weiblich|49.1
2021-12-31|08111|Stuttgart, Stadtkreis|Insgesamt|42.4
2021-12-31|08111|Stuttgart, Stadtkreis|männlich|41.3
2021-12-31|08111|Stuttgart, Stadtkreis|weiblich|43.6
2021-12-31|08115|Böblingen, Landkreis|Insgesamt|43.6
2021-12-31|08115|Böblingen, Landkreis|männlich|42.4
2021-12-31|08115|Böblingen, Landkreis|weiblich|44.7
2021-12-31|08116|Esslingen, Landkreis|Insgesamt|44.1
2021-12-31|08116|Esslingen, Landkreis|männlich|42.8
2021-12-31|08116|Esslingen, Landkreis|weiblich|45.3
2021-12-31|08117|Göppingen, Landkreis|Insgesamt|44.6
2021-12-31|08117|Göppingen, Landkreis|männlich|43.3
2021-12-31|08117|Göppingen, Landkreis|weiblich|45.9
2021-12-31|08118|Ludwigsburg, Landkreis|Insgesamt|43.6
2021-12-31|08118|Ludwigsburg, Landkreis|männlich|42.4
2021-12-31|08118|Ludwigsburg, Landkreis|weiblich|44.8
2021-12-31|08119|Rems-Murr-Kreis, Landkreis|Insgesamt|44.5
2021-12-31|08119|Rems-Murr-Kreis, Landkreis|männlich|43.2
2021-12-31|08119|Rems-Murr-Kreis, Landkreis|weiblich|45.7
2021-12-31|08121|Heilbronn, Stadtkreis|Insgesamt|42.5
2021-12-31|08121|Heilbronn, Stadtkreis|männlich|40.9
2021-12-31|08121|Heilbronn, Stadtkreis|weiblich|44.0
2021-12-31|08125|Heilbronn, Landkreis|Insgesamt|43.5
2021-12-31|08125|Heilbronn, Landkreis|männlich|42.5
2021-12-31|08125|Heilbronn, Landkreis|weiblich|44.6
2021-12-31|08126|Hohenlohekreis, Landkreis|Insgesamt|43.7
2021-12-31|08126|Hohenlohekreis, Landkreis|männlich|42.6
2021-12-31|08126|Hohenlohekreis, Landkreis|weiblich|44.9
2021-12-31|08127|Schwäbisch Hall, Landkreis|Insgesamt|43.3
2021-12-31|08127|Schwäbisch Hall, Landkreis|männlich|42.1
2021-12-31|08127|Schwäbisch Hall, Landkreis|weiblich|44.5
2021-12-31|08128|Main-Tauber-Kreis, Landkreis|Insgesamt|45.5
2021-12-31|08128|Main-Tauber-Kreis, Landkreis|männlich|44.1
2021-12-31|08128|Main-Tauber-Kreis, Landkreis|weiblich|46.9
2021-12-31|08135|Heidenheim, Landkreis|Insgesamt|44.6
2021-12-31|08135|Heidenheim, Landkreis|männlich|43.2
2021-12-31|08135|Heidenheim, Landkreis|weiblich|46.0
2021-12-31|08136|Ostalbkreis, Landkreis|Insgesamt|44.1
2021-12-31|08136|Ostalbkreis, Landkreis|männlich|42.9
2021-12-31|08136|Ostalbkreis, Landkreis|weiblich|45.3
2021-12-31|08211|Baden-Baden, Stadtkreis|Insgesamt|47.2
2021-12-31|08211|Baden-Baden, Stadtkreis|männlich|45.4
2021-12-31|08211|Baden-Baden, Stadtkreis|weiblich|49.0
2021-12-31|08212|Karlsruhe, Stadtkreis|Insgesamt|42.8
2021-12-31|08212|Karlsruhe, Stadtkreis|männlich|41.0
2021-12-31|08212|Karlsruhe, Stadtkreis|weiblich|44.6
2021-12-31|08215|Karlsruhe, Landkreis|Insgesamt|44.8
2021-12-31|08215|Karlsruhe, Landkreis|männlich|43.5
2021-12-31|08215|Karlsruhe, Landkreis|weiblich|46.1
2021-12-31|08216|Rastatt, Landkreis|Insgesamt|45.2
2021-12-31|08216|Rastatt, Landkreis|männlich|44.0
2021-12-31|08216|Rastatt, Landkreis|weiblich|46.5
2021-12-31|08221|Heidelberg, Stadtkreis|Insgesamt|40.7
2021-12-31|08221|Heidelberg, Stadtkreis|männlich|39.8
2021-12-31|08221|Heidelberg, Stadtkreis|weiblich|41.5
2021-12-31|08222|Mannheim, Stadtkreis|Insgesamt|42.2
2021-12-31|08222|Mannheim, Stadtkreis|männlich|40.9
2021-12-31|08222|Mannheim, Stadtkreis|weiblich|43.5
2021-12-31|08225|Neckar-Odenwald-Kreis, Landkreis|Insgesamt|45.2
2021-12-31|08225|Neckar-Odenwald-Kreis, Landkreis|männlich|43.9
2021-12-31|08225|Neckar-Odenwald-Kreis, Landkreis|weiblich|46.5
2021-12-31|08226|Rhein-Neckar-Kreis, Landkreis|Insgesamt|44.9
2021-12-31|08226|Rhein-Neckar-Kreis, Landkreis|männlich|43.6
2021-12-31|08226|Rhein-Neckar-Kreis, Landkreis|weiblich|46.2
2021-12-31|08231|Pforzheim, Stadtkreis|Insgesamt|42.7
2021-12-31|08231|Pforzheim, Stadtkreis|männlich|41.1
2021-12-31|08231|Pforzheim, Stadtkreis|weiblich|44.3
2021-12-31|08235|Calw, Landkreis|Insgesamt|44.4
2021-12-31|08235|Calw, Landkreis|männlich|43.2
2021-12-31|08235|Calw, Landkreis|weiblich|45.7
2021-12-31|08236|Enzkreis, Landkreis|Insgesamt|44.7
2021-12-31|08236|Enzkreis, Landkreis|männlich|43.5
2021-12-31|08236|Enzkreis, Landkreis|weiblich|45.9
2021-12-31|08237|Freudenstadt, Landkreis|Insgesamt|44.5
2021-12-31|08237|Freudenstadt, Landkreis|männlich|43.2
2021-12-31|08237|Freudenstadt, Landkreis|weiblich|45.8
2021-12-31|08311|Freiburg im Breisgau, Stadtkreis|Insgesamt|40.9
2021-12-31|08311|Freiburg im Breisgau, Stadtkreis|männlich|40.0
2021-12-31|08311|Freiburg im Breisgau, Stadtkreis|weiblich|41.8
2021-12-31|08315|Breisgau-Hochschwarzwald, Landkreis|Insgesamt|44.9
2021-12-31|08315|Breisgau-Hochschwarzwald, Landkreis|männlich|43.6
2021-12-31|08315|Breisgau-Hochschwarzwald, Landkreis|weiblich|46.1
2021-12-31|08316|Emmendingen, Landkreis|Insgesamt|44.6
2021-12-31|08316|Emmendingen, Landkreis|männlich|43.3
2021-12-31|08316|Emmendingen, Landkreis|weiblich|45.8
2021-12-31|08317|Ortenaukreis, Landkreis|Insgesamt|44.3
2021-12-31|08317|Ortenaukreis, Landkreis|männlich|43.2
2021-12-31|08317|Ortenaukreis, Landkreis|weiblich|45.5
2021-12-31|08325|Rottweil, Landkreis|Insgesamt|44.3
2021-12-31|08325|Rottweil, Landkreis|männlich|43.0
2021-12-31|08325|Rottweil, Landkreis|weiblich|45.5
2021-12-31|08326|Schwarzwald-Baar-Kreis, Landkreis|Insgesamt|44.7
2021-12-31|08326|Schwarzwald-Baar-Kreis, Landkreis|männlich|43.5
2021-12-31|08326|Schwarzwald-Baar-Kreis, Landkreis|weiblich|46.0
2021-12-31|08327|Tuttlingen, Landkreis|Insgesamt|43.0
2021-12-31|08327|Tuttlingen, Landkreis|männlich|41.8
2021-12-31|08327|Tuttlingen, Landkreis|weiblich|44.1
2021-12-31|08335|Konstanz, Landkreis|Insgesamt|44.0
2021-12-31|08335|Konstanz, Landkreis|männlich|42.8
2021-12-31|08335|Konstanz, Landkreis|weiblich|45.3
2021-12-31|08336|Lörrach, Landkreis|Insgesamt|44.3
2021-12-31|08336|Lörrach, Landkreis|männlich|43.0
2021-12-31|08336|Lörrach, Landkreis|weiblich|45.5
2021-12-31|08337|Waldshut, Landkreis|Insgesamt|44.6
2021-12-31|08337|Waldshut, Landkreis|männlich|43.4
2021-12-31|08337|Waldshut, Landkreis|weiblich|45.7
2021-12-31|08415|Reutlingen, Landkreis|Insgesamt|44.1
2021-12-31|08415|Reutlingen, Landkreis|männlich|42.8
2021-12-31|08415|Reutlingen, Landkreis|weiblich|45.4
2021-12-31|08416|Tübingen, Landkreis|Insgesamt|41.8
2021-12-31|08416|Tübingen, Landkreis|männlich|41.0
2021-12-31|08416|Tübingen, Landkreis|weiblich|42.6
2021-12-31|08417|Zollernalbkreis, Landkreis|Insgesamt|45.1
2021-12-31|08417|Zollernalbkreis, Landkreis|männlich|43.7
2021-12-31|08417|Zollernalbkreis, Landkreis|weiblich|46.5
2021-12-31|08421|Ulm, Stadtkreis|Insgesamt|42.0
2021-12-31|08421|Ulm, Stadtkreis|männlich|40.7
2021-12-31|08421|Ulm, Stadtkreis|weiblich|43.3
2021-12-31|08425|Alb-Donau-Kreis, Landkreis|Insgesamt|43.3
2021-12-31|08425|Alb-Donau-Kreis, Landkreis|männlich|42.2
2021-12-31|08425|Alb-Donau-Kreis, Landkreis|weiblich|44.3
2021-12-31|08426|Biberach, Landkreis|Insgesamt|42.9
2021-12-31|08426|Biberach, Landkreis|männlich|42.0
2021-12-31|08426|Biberach, Landkreis|weiblich|43.9
2021-12-31|08435|Bodenseekreis, Landkreis|Insgesamt|45.3
2021-12-31|08435|Bodenseekreis, Landkreis|männlich|44.0
2021-12-31|08435|Bodenseekreis, Landkreis|weiblich|46.4
2021-12-31|08436|Ravensburg, Landkreis|Insgesamt|43.5
2021-12-31|08436|Ravensburg, Landkreis|männlich|42.4
2021-12-31|08436|Ravensburg, Landkreis|weiblich|44.7
2021-12-31|08437|Sigmaringen, Landkreis|Insgesamt|44.2
2021-12-31|08437|Sigmaringen, Landkreis|männlich|42.9
2021-12-31|08437|Sigmaringen, Landkreis|weiblich|45.5
2021-12-31|09161|Ingolstadt, kreisfreie Stadt|Insgesamt|42.2
2021-12-31|09161|Ingolstadt, kreisfreie Stadt|männlich|40.8
2021-12-31|09161|Ingolstadt, kreisfreie Stadt|weiblich|43.7
2021-12-31|09162|München, kreisfreie Stadt|Insgesamt|41.6
2021-12-31|09162|München, kreisfreie Stadt|männlich|40.4
2021-12-31|09162|München, kreisfreie Stadt|weiblich|42.7
2021-12-31|09163|Rosenheim, kreisfreie Stadt|Insgesamt|43.2
2021-12-31|09163|Rosenheim, kreisfreie Stadt|männlich|41.7
2021-12-31|09163|Rosenheim, kreisfreie Stadt|weiblich|44.7
2021-12-31|09171|Altötting, Landkreis|Insgesamt|44.7
2021-12-31|09171|Altötting, Landkreis|männlich|43.2
2021-12-31|09171|Altötting, Landkreis|weiblich|46.1
2021-12-31|09172|Berchtesgadener Land, Landkreis|Insgesamt|45.6
2021-12-31|09172|Berchtesgadener Land, Landkreis|männlich|44.0
2021-12-31|09172|Berchtesgadener Land, Landkreis|weiblich|47.1
2021-12-31|09173|Bad Tölz-Wolfratshausen, Landkreis|Insgesamt|44.7
2021-12-31|09173|Bad Tölz-Wolfratshausen, Landkreis|männlich|43.4
2021-12-31|09173|Bad Tölz-Wolfratshausen, Landkreis|weiblich|46.0
2021-12-31|09174|Dachau, Landkreis|Insgesamt|43.2
2021-12-31|09174|Dachau, Landkreis|männlich|42.1
2021-12-31|09174|Dachau, Landkreis|weiblich|44.2
2021-12-31|09175|Ebersberg, Landkreis|Insgesamt|43.1
2021-12-31|09175|Ebersberg, Landkreis|männlich|42.0
2021-12-31|09175|Ebersberg, Landkreis|weiblich|44.2
2021-12-31|09176|Eichstätt, Landkreis|Insgesamt|42.4
2021-12-31|09176|Eichstätt, Landkreis|männlich|41.6
2021-12-31|09176|Eichstätt, Landkreis|weiblich|43.2
2021-12-31|09177|Erding, Landkreis|Insgesamt|42.7
2021-12-31|09177|Erding, Landkreis|männlich|41.8
2021-12-31|09177|Erding, Landkreis|weiblich|43.5
2021-12-31|09178|Freising, Landkreis|Insgesamt|41.8
2021-12-31|09178|Freising, Landkreis|männlich|40.9
2021-12-31|09178|Freising, Landkreis|weiblich|42.7
2021-12-31|09179|Fürstenfeldbruck, Landkreis|Insgesamt|44.5
2021-12-31|09179|Fürstenfeldbruck, Landkreis|männlich|43.2
2021-12-31|09179|Fürstenfeldbruck, Landkreis|weiblich|45.8
2021-12-31|09180|Garmisch-Partenkirchen, Landkreis|Insgesamt|46.7
2021-12-31|09180|Garmisch-Partenkirchen, Landkreis|männlich|45.0
2021-12-31|09180|Garmisch-Partenkirchen, Landkreis|weiblich|48.3
2021-12-31|09181|Landsberg am Lech, Landkreis|Insgesamt|44.3
2021-12-31|09181|Landsberg am Lech, Landkreis|männlich|43.2
2021-12-31|09181|Landsberg am Lech, Landkreis|weiblich|45.4
2021-12-31|09182|Miesbach, Landkreis|Insgesamt|45.5
2021-12-31|09182|Miesbach, Landkreis|männlich|44.2
2021-12-31|09182|Miesbach, Landkreis|weiblich|46.8
2021-12-31|09183|Mühldorf a.Inn, Landkreis|Insgesamt|43.7
2021-12-31|09183|Mühldorf a.Inn, Landkreis|männlich|42.5
2021-12-31|09183|Mühldorf a.Inn, Landkreis|weiblich|45.0
2021-12-31|09184|München, Landkreis|Insgesamt|43.8
2021-12-31|09184|München, Landkreis|männlich|42.5
2021-12-31|09184|München, Landkreis|weiblich|45.0
2021-12-31|09185|Neuburg-Schrobenhausen, Landkreis|Insgesamt|43.4
2021-12-31|09185|Neuburg-Schrobenhausen, Landkreis|männlich|42.4
2021-12-31|09185|Neuburg-Schrobenhausen, Landkreis|weiblich|44.4
2021-12-31|09186|Pfaffenhofen a.d.Ilm, Landkreis|Insgesamt|43.0
2021-12-31|09186|Pfaffenhofen a.d.Ilm, Landkreis|männlich|42.1
2021-12-31|09186|Pfaffenhofen a.d.Ilm, Landkreis|weiblich|44.0
2021-12-31|09187|Rosenheim, Landkreis|Insgesamt|44.7
2021-12-31|09187|Rosenheim, Landkreis|männlich|43.4
2021-12-31|09187|Rosenheim, Landkreis|weiblich|46.0
2021-12-31|09188|Starnberg, Landkreis|Insgesamt|45.6
2021-12-31|09188|Starnberg, Landkreis|männlich|44.2
2021-12-31|09188|Starnberg, Landkreis|weiblich|46.8
2021-12-31|09189|Traunstein, Landkreis|Insgesamt|45.4
2021-12-31|09189|Traunstein, Landkreis|männlich|44.1
2021-12-31|09189|Traunstein, Landkreis|weiblich|46.6
2021-12-31|09190|Weilheim-Schongau, Landkreis|Insgesamt|44.8
2021-12-31|09190|Weilheim-Schongau, Landkreis|männlich|43.7
2021-12-31|09190|Weilheim-Schongau, Landkreis|weiblich|45.8
2021-12-31|09261|Landshut, kreisfreie Stadt|Insgesamt|43.8
2021-12-31|09261|Landshut, kreisfreie Stadt|männlich|42.3
2021-12-31|09261|Landshut, kreisfreie Stadt|weiblich|45.2
2021-12-31|09262|Passau, kreisfreie Stadt|Insgesamt|43.6
2021-12-31|09262|Passau, kreisfreie Stadt|männlich|42.1
2021-12-31|09262|Passau, kreisfreie Stadt|weiblich|45.0
2021-12-31|09263|Straubing, kreisfreie Stadt|Insgesamt|44.8
2021-12-31|09263|Straubing, kreisfreie Stadt|männlich|43.2
2021-12-31|09263|Straubing, kreisfreie Stadt|weiblich|46.4
2021-12-31|09271|Deggendorf, Landkreis|Insgesamt|44.4
2021-12-31|09271|Deggendorf, Landkreis|männlich|43.0
2021-12-31|09271|Deggendorf, Landkreis|weiblich|45.8
2021-12-31|09272|Freyung-Grafenau, Landkreis|Insgesamt|45.9
2021-12-31|09272|Freyung-Grafenau, Landkreis|männlich|44.8
2021-12-31|09272|Freyung-Grafenau, Landkreis|weiblich|47.0
2021-12-31|09273|Kelheim, Landkreis|Insgesamt|43.2
2021-12-31|09273|Kelheim, Landkreis|männlich|42.2
2021-12-31|09273|Kelheim, Landkreis|weiblich|44.2
2021-12-31|09274|Landshut, Landkreis|Insgesamt|43.4
2021-12-31|09274|Landshut, Landkreis|männlich|42.5
2021-12-31|09274|Landshut, Landkreis|weiblich|44.3
2021-12-31|09275|Passau, Landkreis|Insgesamt|45.6
2021-12-31|09275|Passau, Landkreis|männlich|44.4
2021-12-31|09275|Passau, Landkreis|weiblich|46.9
2021-12-31|09276|Regen, Landkreis|Insgesamt|45.8
2021-12-31|09276|Regen, Landkreis|männlich|44.4
2021-12-31|09276|Regen, Landkreis|weiblich|47.2
2021-12-31|09277|Rottal-Inn, Landkreis|Insgesamt|44.8
2021-12-31|09277|Rottal-Inn, Landkreis|männlich|43.6
2021-12-31|09277|Rottal-Inn, Landkreis|weiblich|46.1
2021-12-31|09278|Straubing-Bogen, Landkreis|Insgesamt|44.1
2021-12-31|09278|Straubing-Bogen, Landkreis|männlich|43.0
2021-12-31|09278|Straubing-Bogen, Landkreis|weiblich|45.1
2021-12-31|09279|Dingolfing-Landau, Landkreis|Insgesamt|43.7
2021-12-31|09279|Dingolfing-Landau, Landkreis|männlich|42.7
2021-12-31|09279|Dingolfing-Landau, Landkreis|weiblich|44.8
2021-12-31|09361|Amberg, kreisfreie Stadt|Insgesamt|45.7
2021-12-31|09361|Amberg, kreisfreie Stadt|männlich|43.8
2021-12-31|09361|Amberg, kreisfreie Stadt|weiblich|47.6
2021-12-31|09362|Regensburg, kreisfreie Stadt|Insgesamt|41.5
2021-12-31|09362|Regensburg, kreisfreie Stadt|männlich|40.2
2021-12-31|09362|Regensburg, kreisfreie Stadt|weiblich|42.8
2021-12-31|09363|Weiden i.d.OPf., kreisfreie Stadt|Insgesamt|45.5
2021-12-31|09363|Weiden i.d.OPf., kreisfreie Stadt|männlich|43.6
2021-12-31|09363|Weiden i.d.OPf., kreisfreie Stadt|weiblich|47.2
2021-12-31|09371|Amberg-Sulzbach, Landkreis|Insgesamt|45.3
2021-12-31|09371|Amberg-Sulzbach, Landkreis|männlich|44.2
2021-12-31|09371|Amberg-Sulzbach, Landkreis|weiblich|46.3
2021-12-31|09372|Cham, Landkreis|Insgesamt|45.2
2021-12-31|09372|Cham, Landkreis|männlich|44.2
2021-12-31|09372|Cham, Landkreis|weiblich|46.3
2021-12-31|09373|Neumarkt i.d.OPf., Landkreis|Insgesamt|43.8
2021-12-31|09373|Neumarkt i.d.OPf., Landkreis|männlich|42.7
2021-12-31|09373|Neumarkt i.d.OPf., Landkreis|weiblich|44.8
2021-12-31|09374|Neustadt a.d.Waldnaab, Landkreis|Insgesamt|44.9
2021-12-31|09374|Neustadt a.d.Waldnaab, Landkreis|männlich|43.9
2021-12-31|09374|Neustadt a.d.Waldnaab, Landkreis|weiblich|45.9
2021-12-31|09375|Regensburg, Landkreis|Insgesamt|44.1
2021-12-31|09375|Regensburg, Landkreis|männlich|43.1
2021-12-31|09375|Regensburg, Landkreis|weiblich|45.1
2021-12-31|09376|Schwandorf, Landkreis|Insgesamt|44.6
2021-12-31|09376|Schwandorf, Landkreis|männlich|43.4
2021-12-31|09376|Schwandorf, Landkreis|weiblich|45.8
2021-12-31|09377|Tirschenreuth, Landkreis|Insgesamt|46.1
2021-12-31|09377|Tirschenreuth, Landkreis|männlich|44.9
2021-12-31|09377|Tirschenreuth, Landkreis|weiblich|47.4
2021-12-31|09461|Bamberg, kreisfreie Stadt|Insgesamt|42.7
2021-12-31|09461|Bamberg, kreisfreie Stadt|männlich|41.2
2021-12-31|09461|Bamberg, kreisfreie Stadt|weiblich|44.2
2021-12-31|09462|Bayreuth, kreisfreie Stadt|Insgesamt|43.8
2021-12-31|09462|Bayreuth, kreisfreie Stadt|männlich|41.9
2021-12-31|09462|Bayreuth, kreisfreie Stadt|weiblich|45.6
2021-12-31|09463|Coburg, kreisfreie Stadt|Insgesamt|45.7
2021-12-31|09463|Coburg, kreisfreie Stadt|männlich|43.9
2021-12-31|09463|Coburg, kreisfreie Stadt|weiblich|47.4
2021-12-31|09464|Hof, kreisfreie Stadt|Insgesamt|45.4
2021-12-31|09464|Hof, kreisfreie Stadt|männlich|43.4
2021-12-31|09464|Hof, kreisfreie Stadt|weiblich|47.4
2021-12-31|09471|Bamberg, Landkreis|Insgesamt|44.2
2021-12-31|09471|Bamberg, Landkreis|männlich|43.3
2021-12-31|09471|Bamberg, Landkreis|weiblich|45.2
2021-12-31|09472|Bayreuth, Landkreis|Insgesamt|46.1
2021-12-31|09472|Bayreuth, Landkreis|männlich|44.9
2021-12-31|09472|Bayreuth, Landkreis|weiblich|47.2
2021-12-31|09473|Coburg, Landkreis|Insgesamt|46.4
2021-12-31|09473|Coburg, Landkreis|männlich|45.0
2021-12-31|09473|Coburg, Landkreis|weiblich|47.7
2021-12-31|09474|Forchheim, Landkreis|Insgesamt|44.8
2021-12-31|09474|Forchheim, Landkreis|männlich|43.9
2021-12-31|09474|Forchheim, Landkreis|weiblich|45.8
2021-12-31|09475|Hof, Landkreis|Insgesamt|47.9
2021-12-31|09475|Hof, Landkreis|männlich|46.4
2021-12-31|09475|Hof, Landkreis|weiblich|49.2
2021-12-31|09476|Kronach, Landkreis|Insgesamt|47.8
2021-12-31|09476|Kronach, Landkreis|männlich|46.4
2021-12-31|09476|Kronach, Landkreis|weiblich|49.1
2021-12-31|09477|Kulmbach, Landkreis|Insgesamt|47.2
2021-12-31|09477|Kulmbach, Landkreis|männlich|45.7
2021-12-31|09477|Kulmbach, Landkreis|weiblich|48.7
2021-12-31|09478|Lichtenfels, Landkreis|Insgesamt|46.2
2021-12-31|09478|Lichtenfels, Landkreis|männlich|44.9
2021-12-31|09478|Lichtenfels, Landkreis|weiblich|47.4
2021-12-31|09479|Wunsiedel i.Fichtelgebirge, Landkreis|Insgesamt|47.9
2021-12-31|09479|Wunsiedel i.Fichtelgebirge, Landkreis|männlich|46.1
2021-12-31|09479|Wunsiedel i.Fichtelgebirge, Landkreis|weiblich|49.5
2021-12-31|09561|Ansbach, kreisfreie Stadt|Insgesamt|44.2
2021-12-31|09561|Ansbach, kreisfreie Stadt|männlich|42.6
2021-12-31|09561|Ansbach, kreisfreie Stadt|weiblich|45.7
2021-12-31|09562|Erlangen, kreisfreie Stadt|Insgesamt|41.6
2021-12-31|09562|Erlangen, kreisfreie Stadt|männlich|40.2
2021-12-31|09562|Erlangen, kreisfreie Stadt|weiblich|42.9
2021-12-31|09563|Fürth, kreisfreie Stadt|Insgesamt|43.1
2021-12-31|09563|Fürth, kreisfreie Stadt|männlich|41.7
2021-12-31|09563|Fürth, kreisfreie Stadt|weiblich|44.5
2021-12-31|09564|Nürnberg, kreisfreie Stadt|Insgesamt|43.4
2021-12-31|09564|Nürnberg, kreisfreie Stadt|männlich|41.9
2021-12-31|09564|Nürnberg, kreisfreie Stadt|weiblich|44.8
2021-12-31|09565|Schwabach, kreisfreie Stadt|Insgesamt|44.7
2021-12-31|09565|Schwabach, kreisfreie Stadt|männlich|43.3
2021-12-31|09565|Schwabach, kreisfreie Stadt|weiblich|46.1
2021-12-31|09571|Ansbach, Landkreis|Insgesamt|44.1
2021-12-31|09571|Ansbach, Landkreis|männlich|43.0
2021-12-31|09571|Ansbach, Landkreis|weiblich|45.2
2021-12-31|09572|Erlangen-Höchstadt, Landkreis|Insgesamt|44.2
2021-12-31|09572|Erlangen-Höchstadt, Landkreis|männlich|43.3
2021-12-31|09572|Erlangen-Höchstadt, Landkreis|weiblich|45.1
2021-12-31|09573|Fürth, Landkreis|Insgesamt|45.5
2021-12-31|09573|Fürth, Landkreis|männlich|44.2
2021-12-31|09573|Fürth, Landkreis|weiblich|46.8
2021-12-31|09574|Nürnberger Land, Landkreis|Insgesamt|45.5
2021-12-31|09574|Nürnberger Land, Landkreis|männlich|44.3
2021-12-31|09574|Nürnberger Land, Landkreis|weiblich|46.8
2021-12-31|09575|Neustadt a.d.Aisch-Bad Windsheim, Landkreis|Insgesamt|44.8
2021-12-31|09575|Neustadt a.d.Aisch-Bad Windsheim, Landkreis|männlich|43.6
2021-12-31|09575|Neustadt a.d.Aisch-Bad Windsheim, Landkreis|weiblich|45.9
2021-12-31|09576|Roth, Landkreis|Insgesamt|44.9
2021-12-31|09576|Roth, Landkreis|männlich|43.7
2021-12-31|09576|Roth, Landkreis|weiblich|46.0
2021-12-31|09577|Weißenburg-Gunzenhausen, Landkreis|Insgesamt|45.0
2021-12-31|09577|Weißenburg-Gunzenhausen, Landkreis|männlich|43.8
2021-12-31|09577|Weißenburg-Gunzenhausen, Landkreis|weiblich|46.3
2021-12-31|09661|Aschaffenburg, kreisfreie Stadt|Insgesamt|44.2
2021-12-31|09661|Aschaffenburg, kreisfreie Stadt|männlich|42.6
2021-12-31|09661|Aschaffenburg, kreisfreie Stadt|weiblich|45.7
2021-12-31|09662|Schweinfurt, kreisfreie Stadt|Insgesamt|44.8
2021-12-31|09662|Schweinfurt, kreisfreie Stadt|männlich|42.8
2021-12-31|09662|Schweinfurt, kreisfreie Stadt|weiblich|46.8
2021-12-31|09663|Würzburg, kreisfreie Stadt|Insgesamt|42.7
2021-12-31|09663|Würzburg, kreisfreie Stadt|männlich|41.4
2021-12-31|09663|Würzburg, kreisfreie Stadt|weiblich|43.9
2021-12-31|09671|Aschaffenburg, Landkreis|Insgesamt|45.5
2021-12-31|09671|Aschaffenburg, Landkreis|männlich|44.4
2021-12-31|09671|Aschaffenburg, Landkreis|weiblich|46.5
2021-12-31|09672|Bad Kissingen, Landkreis|Insgesamt|46.9
2021-12-31|09672|Bad Kissingen, Landkreis|männlich|45.7
2021-12-31|09672|Bad Kissingen, Landkreis|weiblich|48.2
2021-12-31|09673|Rhön-Grabfeld, Landkreis|Insgesamt|45.7
2021-12-31|09673|Rhön-Grabfeld, Landkreis|männlich|44.6
2021-12-31|09673|Rhön-Grabfeld, Landkreis|weiblich|46.7
2021-12-31|09674|Haßberge, Landkreis|Insgesamt|45.3
2021-12-31|09674|Haßberge, Landkreis|männlich|44.3
2021-12-31|09674|Haßberge, Landkreis|weiblich|46.2
2021-12-31|09675|Kitzingen, Landkreis|Insgesamt|44.6
2021-12-31|09675|Kitzingen, Landkreis|männlich|43.5
2021-12-31|09675|Kitzingen, Landkreis|weiblich|45.8
2021-12-31|09676|Miltenberg, Landkreis|Insgesamt|45.3
2021-12-31|09676|Miltenberg, Landkreis|männlich|44.2
2021-12-31|09676|Miltenberg, Landkreis|weiblich|46.3
2021-12-31|09677|Main-Spessart, Landkreis|Insgesamt|46.4
2021-12-31|09677|Main-Spessart, Landkreis|männlich|45.3
2021-12-31|09677|Main-Spessart, Landkreis|weiblich|47.5
2021-12-31|09678|Schweinfurt, Landkreis|Insgesamt|45.2
2021-12-31|09678|Schweinfurt, Landkreis|männlich|44.1
2021-12-31|09678|Schweinfurt, Landkreis|weiblich|46.3
2021-12-31|09679|Würzburg, Landkreis|Insgesamt|44.9
2021-12-31|09679|Würzburg, Landkreis|männlich|44.0
2021-12-31|09679|Würzburg, Landkreis|weiblich|45.9
2021-12-31|09761|Augsburg, kreisfreie Stadt|Insgesamt|42.8
2021-12-31|09761|Augsburg, kreisfreie Stadt|männlich|41.4
2021-12-31|09761|Augsburg, kreisfreie Stadt|weiblich|44.3
2021-12-31|09762|Kaufbeuren, kreisfreie Stadt|Insgesamt|44.7
2021-12-31|09762|Kaufbeuren, kreisfreie Stadt|männlich|43.2
2021-12-31|09762|Kaufbeuren, kreisfreie Stadt|weiblich|46.1
2021-12-31|09763|Kempten (Allgäu), kreisfreie Stadt|Insgesamt|44.2
2021-12-31|09763|Kempten (Allgäu), kreisfreie Stadt|männlich|42.6
2021-12-31|09763|Kempten (Allgäu), kreisfreie Stadt|weiblich|45.9
2021-12-31|09764|Memmingen, kreisfreie Stadt|Insgesamt|44.2
2021-12-31|09764|Memmingen, kreisfreie Stadt|männlich|42.9
2021-12-31|09764|Memmingen, kreisfreie Stadt|weiblich|45.5
2021-12-31|09771|Aichach-Friedberg, Landkreis|Insgesamt|43.8
2021-12-31|09771|Aichach-Friedberg, Landkreis|männlich|42.9
2021-12-31|09771|Aichach-Friedberg, Landkreis|weiblich|44.8
2021-12-31|09772|Augsburg, Landkreis|Insgesamt|44.0
2021-12-31|09772|Augsburg, Landkreis|männlich|43.0
2021-12-31|09772|Augsburg, Landkreis|weiblich|45.1
2021-12-31|09773|Dillingen a.d.Donau, Landkreis|Insgesamt|44.1
2021-12-31|09773|Dillingen a.d.Donau, Landkreis|männlich|42.9
2021-12-31|09773|Dillingen a.d.Donau, Landkreis|weiblich|45.2
2021-12-31|09774|Günzburg, Landkreis|Insgesamt|43.6
2021-12-31|09774|Günzburg, Landkreis|männlich|42.6
2021-12-31|09774|Günzburg, Landkreis|weiblich|44.7
2021-12-31|09775|Neu-Ulm, Landkreis|Insgesamt|43.6
2021-12-31|09775|Neu-Ulm, Landkreis|männlich|42.5
2021-12-31|09775|Neu-Ulm, Landkreis|weiblich|44.8
2021-12-31|09776|Lindau (Bodensee), Landkreis|Insgesamt|45.5
2021-12-31|09776|Lindau (Bodensee), Landkreis|männlich|44.2
2021-12-31|09776|Lindau (Bodensee), Landkreis|weiblich|46.8
2021-12-31|09777|Ostallgäu, Landkreis|Insgesamt|44.3
2021-12-31|09777|Ostallgäu, Landkreis|männlich|43.4
2021-12-31|09777|Ostallgäu, Landkreis|weiblich|45.2
2021-12-31|09778|Unterallgäu, Landkreis|Insgesamt|44.2
2021-12-31|09778|Unterallgäu, Landkreis|männlich|43.1
2021-12-31|09778|Unterallgäu, Landkreis|weiblich|45.4
2021-12-31|09779|Donau-Ries, Landkreis|Insgesamt|43.9
2021-12-31|09779|Donau-Ries, Landkreis|männlich|42.9
2021-12-31|09779|Donau-Ries, Landkreis|weiblich|45.0
2021-12-31|09780|Oberallgäu, Landkreis|Insgesamt|45.4
2021-12-31|09780|Oberallgäu, Landkreis|männlich|44.3
2021-12-31|09780|Oberallgäu, Landkreis|weiblich|46.5
2021-12-31|10041|Saarbrücken, Regionalverband|Insgesamt|45.5
2021-12-31|10041|Saarbrücken, Regionalverband|männlich|43.9
2021-12-31|10041|Saarbrücken, Regionalverband|weiblich|47.1
2021-12-31|10041100|Saarbrücken, Landeshauptstadt|Insgesamt|44.4
2021-12-31|10041100|Saarbrücken, Landeshauptstadt|männlich|42.8
2021-12-31|10041100|Saarbrücken, Landeshauptstadt|weiblich|46.0
2021-12-31|10042|Merzig-Wadern, Landkreis|Insgesamt|46.5
2021-12-31|10042|Merzig-Wadern, Landkreis|männlich|45.2
2021-12-31|10042|Merzig-Wadern, Landkreis|weiblich|47.9
2021-12-31|10043|Neunkirchen, Landkreis|Insgesamt|46.9
2021-12-31|10043|Neunkirchen, Landkreis|männlich|45.4
2021-12-31|10043|Neunkirchen, Landkreis|weiblich|48.4
2021-12-31|10044|Saarlouis, Landkreis|Insgesamt|46.8
2021-12-31|10044|Saarlouis, Landkreis|männlich|45.3
2021-12-31|10044|Saarlouis, Landkreis|weiblich|48.2
2021-12-31|10045|Saarpfalz-Kreis|Insgesamt|47.3
2021-12-31|10045|Saarpfalz-Kreis|männlich|45.9
2021-12-31|10045|Saarpfalz-Kreis|weiblich|48.7
2021-12-31|10046|St. Wendel, Landkreis|Insgesamt|47.9
2021-12-31|10046|St. Wendel, Landkreis|männlich|46.8
2021-12-31|10046|St. Wendel, Landkreis|weiblich|49.0
2021-12-31|11000|Berlin, kreisfreie Stadt|Insgesamt|42.6
2021-12-31|11000|Berlin, kreisfreie Stadt|männlich|41.4
2021-12-31|11000|Berlin, kreisfreie Stadt|weiblich|43.8
2021-12-31|11001001|Berlin-Mitte|Insgesamt|
2021-12-31|11001001|Berlin-Mitte|männlich|
2021-12-31|11001001|Berlin-Mitte|weiblich|
2021-12-31|11002002|Berlin-Friedrichshain-Kreuzberg|Insgesamt|
2021-12-31|11002002|Berlin-Friedrichshain-Kreuzberg|männlich|
2021-12-31|11002002|Berlin-Friedrichshain-Kreuzberg|weiblich|
2021-12-31|11003003|Berlin-Pankow|Insgesamt|
2021-12-31|11003003|Berlin-Pankow|männlich|
2021-12-31|11003003|Berlin-Pankow|weiblich|
2021-12-31|11004004|Berlin-Charlottenburg-Wilmersdorf|Insgesamt|
2021-12-31|11004004|Berlin-Charlottenburg-Wilmersdorf|männlich|
2021-12-31|11004004|Berlin-Charlottenburg-Wilmersdorf|weiblich|
2021-12-31|11005005|Berlin-Spandau|Insgesamt|
2021-12-31|11005005|Berlin-Spandau|männlich|
2021-12-31|11005005|Berlin-Spandau|weiblich|
2021-12-31|11006006|Berlin-Steglitz-Zehlendorf|Insgesamt|
2021-12-31|11006006|Berlin-Steglitz-Zehlendorf|männlich|
2021-12-31|11006006|Berlin-Steglitz-Zehlendorf|weiblich|
2021-12-31|11007007|Berlin-Tempelhof-Schöneberg|Insgesamt|
2021-12-31|11007007|Berlin-Tempelhof-Schöneberg|männlich|
2021-12-31|11007007|Berlin-Tempelhof-Schöneberg|weiblich|
2021-12-31|11008008|Berlin-Neukölln|Insgesamt|
2021-12-31|11008008|Berlin-Neukölln|männlich|
2021-12-31|11008008|Berlin-Neukölln|weiblich|
2021-12-31|11009009|Berlin-Treptow-Köpenick|Insgesamt|
2021-12-31|11009009|Berlin-Treptow-Köpenick|männlich|
2021-12-31|11009009|Berlin-Treptow-Köpenick|weiblich|
2021-12-31|11010010|Berlin-Marzahn-Hellersdorf|Insgesamt|
2021-12-31|11010010|Berlin-Marzahn-Hellersdorf|männlich|
2021-12-31|11010010|Berlin-Marzahn-Hellersdorf|weiblich|
2021-12-31|11011011|Berlin-Lichtenberg|Insgesamt|
2021-12-31|11011011|Berlin-Lichtenberg|männlich|
2021-12-31|11011011|Berlin-Lichtenberg|weiblich|
2021-12-31|11012012|Berlin-Reinickendorf|Insgesamt|
2021-12-31|11012012|Berlin-Reinickendorf|männlich|
2021-12-31|11012012|Berlin-Reinickendorf|weiblich|
2021-12-31|12051|Brandenburg an der Havel, kreisfreie Stadt|Insgesamt|48.0
2021-12-31|12051|Brandenburg an der Havel, kreisfreie Stadt|männlich|46.2
2021-12-31|12051|Brandenburg an der Havel, kreisfreie Stadt|weiblich|49.8
2021-12-31|12052|Cottbus, kreisfreie Stadt|Insgesamt|47.1
2021-12-31|12052|Cottbus, kreisfreie Stadt|männlich|45.1
2021-12-31|12052|Cottbus, kreisfreie Stadt|weiblich|49.1
2021-12-31|12053|Frankfurt (Oder), kreisfreie Stadt|Insgesamt|47.9
2021-12-31|12053|Frankfurt (Oder), kreisfreie Stadt|männlich|46.0
2021-12-31|12053|Frankfurt (Oder), kreisfreie Stadt|weiblich|49.6
2021-12-31|12054|Potsdam, kreisfreie Stadt|Insgesamt|42.8
2021-12-31|12054|Potsdam, kreisfreie Stadt|männlich|41.4
2021-12-31|12054|Potsdam, kreisfreie Stadt|weiblich|44.1
2021-12-31|12060|Barnim, Landkreis|Insgesamt|46.7
2021-12-31|12060|Barnim, Landkreis|männlich|45.5
2021-12-31|12060|Barnim, Landkreis|weiblich|48.0
2021-12-31|12061|Dahme-Spreewald, Landkreis|Insgesamt|46.6
2021-12-31|12061|Dahme-Spreewald, Landkreis|männlich|45.4
2021-12-31|12061|Dahme-Spreewald, Landkreis|weiblich|47.9
2021-12-31|12062|Elbe-Elster, Landkreis|Insgesamt|49.8
2021-12-31|12062|Elbe-Elster, Landkreis|männlich|48.1
2021-12-31|12062|Elbe-Elster, Landkreis|weiblich|51.5
2021-12-31|12063|Havelland, Landkreis|Insgesamt|46.2
2021-12-31|12063|Havelland, Landkreis|männlich|45.0
2021-12-31|12063|Havelland, Landkreis|weiblich|47.4
2021-12-31|12064|Märkisch-Oderland, Landkreis|Insgesamt|47.4
2021-12-31|12064|Märkisch-Oderland, Landkreis|männlich|46.2
2021-12-31|12064|Märkisch-Oderland, Landkreis|weiblich|48.6
2021-12-31|12065|Oberhavel, Landkreis|Insgesamt|46.6
2021-12-31|12065|Oberhavel, Landkreis|männlich|45.4
2021-12-31|12065|Oberhavel, Landkreis|weiblich|47.8
2021-12-31|12066|Oberspreewald-Lausitz, Landkreis|Insgesamt|49.8
2021-12-31|12066|Oberspreewald-Lausitz, Landkreis|männlich|47.7
2021-12-31|12066|Oberspreewald-Lausitz, Landkreis|weiblich|51.7
2021-12-31|12067|Oder-Spree, Landkreis|Insgesamt|48.5
2021-12-31|12067|Oder-Spree, Landkreis|männlich|47.0
2021-12-31|12067|Oder-Spree, Landkreis|weiblich|49.9
2021-12-31|12068|Ostprignitz-Ruppin, Landkreis|Insgesamt|48.5
2021-12-31|12068|Ostprignitz-Ruppin, Landkreis|männlich|46.9
2021-12-31|12068|Ostprignitz-Ruppin, Landkreis|weiblich|50.0
2021-12-31|12069|Potsdam-Mittelmark, Landkreis|Insgesamt|46.6
2021-12-31|12069|Potsdam-Mittelmark, Landkreis|männlich|45.5
2021-12-31|12069|Potsdam-Mittelmark, Landkreis|weiblich|47.6
2021-12-31|12070|Prignitz, Landkreis|Insgesamt|49.7
2021-12-31|12070|Prignitz, Landkreis|männlich|47.9
2021-12-31|12070|Prignitz, Landkreis|weiblich|51.4
2021-12-31|12071|Spree-Neiße, Landkreis|Insgesamt|50.1
2021-12-31|12071|Spree-Neiße, Landkreis|männlich|48.5
2021-12-31|12071|Spree-Neiße, Landkreis|weiblich|51.6
2021-12-31|12072|Teltow-Fläming, Landkreis|Insgesamt|45.9
2021-12-31|12072|Teltow-Fläming, Landkreis|männlich|44.6
2021-12-31|12072|Teltow-Fläming, Landkreis|weiblich|47.3
2021-12-31|12073|Uckermark, Landkreis|Insgesamt|49.7
2021-12-31|12073|Uckermark, Landkreis|männlich|48.0
2021-12-31|12073|Uckermark, Landkreis|weiblich|51.3
2021-12-31|13003|Rostock, kreisfreie Stadt|Insgesamt|45.3
2021-12-31|13003|Rostock, kreisfreie Stadt|männlich|43.5
2021-12-31|13003|Rostock, kreisfreie Stadt|weiblich|47.1
2021-12-31|13004|Schwerin, kreisfreie Stadt|Insgesamt|46.6
2021-12-31|13004|Schwerin, kreisfreie Stadt|männlich|44.5
2021-12-31|13004|Schwerin, kreisfreie Stadt|weiblich|48.5
2021-12-31|13071|Mecklenburgische Seenplatte, Landkreis|Insgesamt|48.5
2021-12-31|13071|Mecklenburgische Seenplatte, Landkreis|männlich|46.9
2021-12-31|13071|Mecklenburgische Seenplatte, Landkreis|weiblich|50.1
2021-12-31|13072|Landkreis Rostock|Insgesamt|47.3
2021-12-31|13072|Landkreis Rostock|männlich|46.2
2021-12-31|13072|Landkreis Rostock|weiblich|48.5
2021-12-31|13073|Vorpommern-Rügen, Landkreis|Insgesamt|48.7
2021-12-31|13073|Vorpommern-Rügen, Landkreis|männlich|47.2
2021-12-31|13073|Vorpommern-Rügen, Landkreis|weiblich|50.1
2021-12-31|13074|Nordwestmecklenburg, Landkreis|Insgesamt|47.0
2021-12-31|13074|Nordwestmecklenburg, Landkreis|männlich|45.6
2021-12-31|13074|Nordwestmecklenburg, Landkreis|weiblich|48.5
2021-12-31|13075|Vorpommern-Greifswald, Landkreis|Insgesamt|47.7
2021-12-31|13075|Vorpommern-Greifswald, Landkreis|männlich|46.4
2021-12-31|13075|Vorpommern-Greifswald, Landkreis|weiblich|49.1
2021-12-31|13076|Ludwigslust-Parchim, Landkreis|Insgesamt|47.6
2021-12-31|13076|Ludwigslust-Parchim, Landkreis|männlich|46.3
2021-12-31|13076|Ludwigslust-Parchim, Landkreis|weiblich|49.0
2021-12-31|14511|Chemnitz, kreisfreie Stadt|Insgesamt|46.9
2021-12-31|14511|Chemnitz, kreisfreie Stadt|männlich|44.7
2021-12-31|14511|Chemnitz, kreisfreie Stadt|weiblich|48.9
2021-12-31|14521|Erzgebirgskreis|Insgesamt|49.2
2021-12-31|14521|Erzgebirgskreis|männlich|47.4
2021-12-31|14521|Erzgebirgskreis|weiblich|51.0
2021-12-31|14522|Mittelsachsen, Landkreis|Insgesamt|48.6
2021-12-31|14522|Mittelsachsen, Landkreis|männlich|46.8
2021-12-31|14522|Mittelsachsen, Landkreis|weiblich|50.4
2021-12-31|14523|Vogtlandkreis|Insgesamt|49.8
2021-12-31|14523|Vogtlandkreis|männlich|47.8
2021-12-31|14523|Vogtlandkreis|weiblich|51.8
2021-12-31|14524|Zwickau, Landkreis|Insgesamt|49.1
2021-12-31|14524|Zwickau, Landkreis|männlich|47.2
2021-12-31|14524|Zwickau, Landkreis|weiblich|51.0
2021-12-31|14612|Dresden, kreisfreie Stadt|Insgesamt|43.3
2021-12-31|14612|Dresden, kreisfreie Stadt|männlich|41.6
2021-12-31|14612|Dresden, kreisfreie Stadt|weiblich|44.9
2021-12-31|14625|Bautzen, Landkreis|Insgesamt|48.5
2021-12-31|14625|Bautzen, Landkreis|männlich|46.8
2021-12-31|14625|Bautzen, Landkreis|weiblich|50.1
2021-12-31|14626|Görlitz, Landkreis|Insgesamt|49.6
2021-12-31|14626|Görlitz, Landkreis|männlich|47.9
2021-12-31|14626|Görlitz, Landkreis|weiblich|51.2
2021-12-31|14627|Meißen, Landkreis|Insgesamt|48.5
2021-12-31|14627|Meißen, Landkreis|männlich|46.8
2021-12-31|14627|Meißen, Landkreis|weiblich|50.1
2021-12-31|14628|Sächsische Schweiz-Osterzgebirge, Landkreis|Insgesamt|47.9
2021-12-31|14628|Sächsische Schweiz-Osterzgebirge, Landkreis|männlich|46.3
2021-12-31|14628|Sächsische Schweiz-Osterzgebirge, Landkreis|weiblich|49.5
2021-12-31|14713|Leipzig, kreisfreie Stadt|Insgesamt|42.3
2021-12-31|14713|Leipzig, kreisfreie Stadt|männlich|40.9
2021-12-31|14713|Leipzig, kreisfreie Stadt|weiblich|43.6
2021-12-31|14729|Leipzig, Landkreis|Insgesamt|48.0
2021-12-31|14729|Leipzig, Landkreis|männlich|46.5
2021-12-31|14729|Leipzig, Landkreis|weiblich|49.5
2021-12-31|14730|Nordsachsen, Landkreis|Insgesamt|47.8
2021-12-31|14730|Nordsachsen, Landkreis|männlich|46.2
2021-12-31|14730|Nordsachsen, Landkreis|weiblich|49.4
2021-12-31|15001|Dessau-Roßlau, kreisfreie Stadt|Insgesamt|50.6
2021-12-31|15001|Dessau-Roßlau, kreisfreie Stadt|männlich|48.6
2021-12-31|15001|Dessau-Roßlau, kreisfreie Stadt|weiblich|52.5
2021-12-31|15002|Halle (Saale), kreisfreie Stadt|Insgesamt|44.5
2021-12-31|15002|Halle (Saale), kreisfreie Stadt|männlich|42.7
2021-12-31|15002|Halle (Saale), kreisfreie Stadt|weiblich|46.2
2021-12-31|15003|Magdeburg, kreisfreie Stadt, Landeshauptstadt|Insgesamt|45.2
2021-12-31|15003|Magdeburg, kreisfreie Stadt, Landeshauptstadt|männlich|43.0
2021-12-31|15003|Magdeburg, kreisfreie Stadt, Landeshauptstadt|weiblich|47.3
2021-12-31|15081|Altmarkkreis Salzwedel|Insgesamt|48.0
2021-12-31|15081|Altmarkkreis Salzwedel|männlich|46.4
2021-12-31|15081|Altmarkkreis Salzwedel|weiblich|49.5
2021-12-31|15082|Anhalt-Bitterfeld, Landkreis|Insgesamt|49.4
2021-12-31|15082|Anhalt-Bitterfeld, Landkreis|männlich|47.6
2021-12-31|15082|Anhalt-Bitterfeld, Landkreis|weiblich|51.2
2021-12-31|15083|Börde, Landkreis|Insgesamt|47.4
2021-12-31|15083|Börde, Landkreis|männlich|46.0
2021-12-31|15083|Börde, Landkreis|weiblich|48.8
2021-12-31|15084|Burgenlandkreis|Insgesamt|49.2
2021-12-31|15084|Burgenlandkreis|männlich|47.2
2021-12-31|15084|Burgenlandkreis|weiblich|51.1
2021-12-31|15085|Harz, Landkreis|Insgesamt|49.5
2021-12-31|15085|Harz, Landkreis|männlich|47.6
2021-12-31|15085|Harz, Landkreis|weiblich|51.3
2021-12-31|15086|Jerichower Land, Landkreis|Insgesamt|48.5
2021-12-31|15086|Jerichower Land, Landkreis|männlich|46.9
2021-12-31|15086|Jerichower Land, Landkreis|weiblich|50.1
2021-12-31|15087|Mansfeld-Südharz, Landkreis|Insgesamt|50.4
2021-12-31|15087|Mansfeld-Südharz, Landkreis|männlich|48.5
2021-12-31|15087|Mansfeld-Südharz, Landkreis|weiblich|52.1
2021-12-31|15088|Saalekreis|Insgesamt|47.8
2021-12-31|15088|Saalekreis|männlich|46.3
2021-12-31|15088|Saalekreis|weiblich|49.3
2021-12-31|15089|Salzlandkreis|Insgesamt|49.2
2021-12-31|15089|Salzlandkreis|männlich|47.3
2021-12-31|15089|Salzlandkreis|weiblich|51.1
2021-12-31|15090|Stendal, Landkreis|Insgesamt|48.5
2021-12-31|15090|Stendal, Landkreis|männlich|46.8
2021-12-31|15090|Stendal, Landkreis|weiblich|50.0
2021-12-31|15091|Wittenberg, Landkreis|Insgesamt|49.8
2021-12-31|15091|Wittenberg, Landkreis|männlich|48.0
2021-12-31|15091|Wittenberg, Landkreis|weiblich|51.5
2021-12-31|16051|Erfurt, kreisfreie Stadt|Insgesamt|44.6
2021-12-31|16051|Erfurt, kreisfreie Stadt|männlich|43.2
2021-12-31|16051|Erfurt, kreisfreie Stadt|weiblich|45.8
2021-12-31|16052|Gera, kreisfreie Stadt|Insgesamt|49.2
2021-12-31|16052|Gera, kreisfreie Stadt|männlich|47.1
2021-12-31|16052|Gera, kreisfreie Stadt|weiblich|51.1
2021-12-31|16053|Jena, kreisfreie Stadt|Insgesamt|43.0
2021-12-31|16053|Jena, kreisfreie Stadt|männlich|41.5
2021-12-31|16053|Jena, kreisfreie Stadt|weiblich|44.4
2021-12-31|16054|Suhl, kreisfreie Stadt|Insgesamt|51.0
2021-12-31|16054|Suhl, kreisfreie Stadt|männlich|48.9
2021-12-31|16054|Suhl, kreisfreie Stadt|weiblich|53.0
2021-12-31|16055|Weimar, kreisfreie Stadt|Insgesamt|44.8
2021-12-31|16055|Weimar, kreisfreie Stadt|männlich|43.1
2021-12-31|16055|Weimar, kreisfreie Stadt|weiblich|46.4
2021-12-31|16061|Eichsfeld, Landkreis|Insgesamt|46.4
2021-12-31|16061|Eichsfeld, Landkreis|männlich|45.1
2021-12-31|16061|Eichsfeld, Landkreis|weiblich|47.6
2021-12-31|16062|Nordhausen, Landkreis|Insgesamt|48.1
2021-12-31|16062|Nordhausen, Landkreis|männlich|46.3
2021-12-31|16062|Nordhausen, Landkreis|weiblich|49.9
2021-12-31|16063|Wartburgkreis|Insgesamt|48.0
2021-12-31|16063|Wartburgkreis|männlich|46.3
2021-12-31|16063|Wartburgkreis|weiblich|49.7
2021-12-31|16064|Unstrut-Hainich-Kreis|Insgesamt|47.4
2021-12-31|16064|Unstrut-Hainich-Kreis|männlich|45.9
2021-12-31|16064|Unstrut-Hainich-Kreis|weiblich|48.8
2021-12-31|16065|Kyffhäuserkreis|Insgesamt|49.1
2021-12-31|16065|Kyffhäuserkreis|männlich|47.4
2021-12-31|16065|Kyffhäuserkreis|weiblich|50.8
2021-12-31|16066|Schmalkalden-Meiningen, Landkreis|Insgesamt|48.4
2021-12-31|16066|Schmalkalden-Meiningen, Landkreis|männlich|46.7
2021-12-31|16066|Schmalkalden-Meiningen, Landkreis|weiblich|50.1
2021-12-31|16067|Gotha, Landkreis|Insgesamt|47.4
2021-12-31|16067|Gotha, Landkreis|männlich|45.9
2021-12-31|16067|Gotha, Landkreis|weiblich|48.9
2021-12-31|16068|Sömmerda, Landkreis|Insgesamt|47.5
2021-12-31|16068|Sömmerda, Landkreis|männlich|45.9
2021-12-31|16068|Sömmerda, Landkreis|weiblich|49.1
2021-12-31|16069|Hildburghausen, Landkreis|Insgesamt|47.9
2021-12-31|16069|Hildburghausen, Landkreis|männlich|46.4
2021-12-31|16069|Hildburghausen, Landkreis|weiblich|49.5
2021-12-31|16070|Ilm-Kreis|Insgesamt|47.3
2021-12-31|16070|Ilm-Kreis|männlich|45.4
2021-12-31|16070|Ilm-Kreis|weiblich|49.3
2021-12-31|16071|Weimarer Land, Landkreis|Insgesamt|46.8
2021-12-31|16071|Weimarer Land, Landkreis|männlich|45.7
2021-12-31|16071|Weimarer Land, Landkreis|weiblich|47.9
2021-12-31|16072|Sonneberg, Landkreis|Insgesamt|49.6
2021-12-31|16072|Sonneberg, Landkreis|männlich|47.7
2021-12-31|16072|Sonneberg, Landkreis|weiblich|51.4
2021-12-31|16073|Saalfeld-Rudolstadt, Landkreis|Insgesamt|49.9
2021-12-31|16073|Saalfeld-Rudolstadt, Landkreis|männlich|48.0
2021-12-31|16073|Saalfeld-Rudolstadt, Landkreis|weiblich|51.8
2021-12-31|16074|Saale-Holzland-Kreis|Insgesamt|48.1
2021-12-31|16074|Saale-Holzland-Kreis|männlich|46.9
2021-12-31|16074|Saale-Holzland-Kreis|weiblich|49.4
2021-12-31|16075|Saale-Orla-Kreis|Insgesamt|48.7
2021-12-31|16075|Saale-Orla-Kreis|männlich|47.0
2021-12-31|16075|Saale-Orla-Kreis|weiblich|50.4
2021-12-31|16076|Greiz, Landkreis|Insgesamt|50.2
2021-12-31|16076|Greiz, Landkreis|männlich|48.4
2021-12-31|16076|Greiz, Landkreis|weiblich|52.0
2021-12-31|16077|Altenburger Land, Landkreis|Insgesamt|50.5
2021-12-31|16077|Altenburger Land, Landkreis|männlich|48.8
2021-12-31|16077|Altenburger Land, Landkreis|weiblich|52.1
2021-12-31|010|Schleswig-Holstein|Insgesamt|45.6
2021-12-31|010|Schleswig-Holstein|männlich|44.3
2021-12-31|010|Schleswig-Holstein|weiblich|46.9
2021-12-31|020|Hamburg|Insgesamt|42.1
2021-12-31|020|Hamburg|männlich|40.9
2021-12-31|020|Hamburg|weiblich|43.3
2021-12-31|031|Braunschweig, Statistische Region|Insgesamt|45.3
2021-12-31|031|Braunschweig, Statistische Region|männlich|43.9
2021-12-31|031|Braunschweig, Statistische Region|weiblich|46.6
2021-12-31|032|Hannover, Statistische Region|Insgesamt|45.0
2021-12-31|032|Hannover, Statistische Region|männlich|43.7
2021-12-31|032|Hannover, Statistische Region|weiblich|46.4
2021-12-31|033|Lüneburg, Statistische Region|Insgesamt|45.4
2021-12-31|033|Lüneburg, Statistische Region|männlich|44.1
2021-12-31|033|Lüneburg, Statistische Region|weiblich|46.7
2021-12-31|034|Weser-Ems, Statistische Region|Insgesamt|44.0
2021-12-31|034|Weser-Ems, Statistische Region|männlich|42.8
2021-12-31|034|Weser-Ems, Statistische Region|weiblich|45.2
2021-12-31|040|Bremen|Insgesamt|43.6
2021-12-31|040|Bremen|männlich|42.1
2021-12-31|040|Bremen|weiblich|45.1
2021-12-31|051|Düsseldorf, Regierungsbezirk|Insgesamt|44.6
2021-12-31|051|Düsseldorf, Regierungsbezirk|männlich|43.2
2021-12-31|051|Düsseldorf, Regierungsbezirk|weiblich|45.9
2021-12-31|053|Köln, Regierungsbezirk|Insgesamt|43.8
2021-12-31|053|Köln, Regierungsbezirk|männlich|42.5
2021-12-31|053|Köln, Regierungsbezirk|weiblich|45.0
2021-12-31|055|Münster, Regierungsbezirk|Insgesamt|44.1
2021-12-31|055|Münster, Regierungsbezirk|männlich|42.8
2021-12-31|055|Münster, Regierungsbezirk|weiblich|45.4
2021-12-31|057|Detmold, Regierungsbezirk|Insgesamt|44.1
2021-12-31|057|Detmold, Regierungsbezirk|männlich|42.7
2021-12-31|057|Detmold, Regierungsbezirk|weiblich|45.4
2021-12-31|059|Arnsberg, Regierungsbezirk|Insgesamt|44.8
2021-12-31|059|Arnsberg, Regierungsbezirk|männlich|43.3
2021-12-31|059|Arnsberg, Regierungsbezirk|weiblich|46.2
2021-12-31|064|Darmstadt, Regierungsbezirk|Insgesamt|43.6
2021-12-31|064|Darmstadt, Regierungsbezirk|männlich|42.5
2021-12-31|064|Darmstadt, Regierungsbezirk|weiblich|44.8
2021-12-31|065|Gießen, Regierungsbezirk|Insgesamt|44.3
2021-12-31|065|Gießen, Regierungsbezirk|männlich|43.1
2021-12-31|065|Gießen, Regierungsbezirk|weiblich|45.5
2021-12-31|066|Kassel, Regierungsbezirk|Insgesamt|45.5
2021-12-31|066|Kassel, Regierungsbezirk|männlich|44.1
2021-12-31|066|Kassel, Regierungsbezirk|weiblich|46.8
2021-12-31|071|Koblenz, Statistische Region|Insgesamt|45.6
2021-12-31|071|Koblenz, Statistische Region|männlich|44.3
2021-12-31|071|Koblenz, Statistische Region|weiblich|46.8
2021-12-31|072|Trier, Statistische Region|Insgesamt|44.7
2021-12-31|072|Trier, Statistische Region|männlich|43.6
2021-12-31|072|Trier, Statistische Region|weiblich|45.9
2021-12-31|073|Rheinhessen-Pfalz, Statistische Region|Insgesamt|44.7
2021-12-31|073|Rheinhessen-Pfalz, Statistische Region|männlich|43.4
2021-12-31|073|Rheinhessen-Pfalz, Statistische Region|weiblich|45.9
2021-12-31|081|Stuttgart, Regierungsbezirk|Insgesamt|43.7
2021-12-31|081|Stuttgart, Regierungsbezirk|männlich|42.5
2021-12-31|081|Stuttgart, Regierungsbezirk|weiblich|44.9
2021-12-31|082|Karlsruhe, Regierungsbezirk|Insgesamt|44.1
2021-12-31|082|Karlsruhe, Regierungsbezirk|männlich|42.7
2021-12-31|082|Karlsruhe, Regierungsbezirk|weiblich|45.4
2021-12-31|083|Freiburg, Regierungsbezirk|Insgesamt|44.0
2021-12-31|083|Freiburg, Regierungsbezirk|männlich|42.8
2021-12-31|083|Freiburg, Regierungsbezirk|weiblich|45.2
2021-12-31|084|Tübingen, Regierungsbezirk|Insgesamt|43.6
2021-12-31|084|Tübingen, Regierungsbezirk|männlich|42.5
2021-12-31|084|Tübingen, Regierungsbezirk|weiblich|44.8
2021-12-31|091|Oberbayern, Regierungsbezirk|Insgesamt|43.2
2021-12-31|091|Oberbayern, Regierungsbezirk|männlich|42.0
2021-12-31|091|Oberbayern, Regierungsbezirk|weiblich|44.4
2021-12-31|092|Niederbayern, Regierungsbezirk|Insgesamt|44.4
2021-12-31|092|Niederbayern, Regierungsbezirk|männlich|43.2
2021-12-31|092|Niederbayern, Regierungsbezirk|weiblich|45.6
2021-12-31|093|Oberpfalz, Regierungsbezirk|Insgesamt|44.3
2021-12-31|093|Oberpfalz, Regierungsbezirk|männlich|43.2
2021-12-31|093|Oberpfalz, Regierungsbezirk|weiblich|45.5
2021-12-31|094|Oberfranken, Regierungsbezirk|Insgesamt|45.7
2021-12-31|094|Oberfranken, Regierungsbezirk|männlich|44.4
2021-12-31|094|Oberfranken, Regierungsbezirk|weiblich|47.1
2021-12-31|095|Mittelfranken, Regierungsbezirk|Insgesamt|44.1
2021-12-31|095|Mittelfranken, Regierungsbezirk|männlich|42.8
2021-12-31|095|Mittelfranken, Regierungsbezirk|weiblich|45.3
2021-12-31|096|Unterfranken, Regierungsbezirk|Insgesamt|45.1
2021-12-31|096|Unterfranken, Regierungsbezirk|männlich|44.0
2021-12-31|096|Unterfranken, Regierungsbezirk|weiblich|46.3
2021-12-31|097|Schwaben, Regierungsbezirk|Insgesamt|44.0
2021-12-31|097|Schwaben, Regierungsbezirk|männlich|42.8
2021-12-31|097|Schwaben, Regierungsbezirk|weiblich|45.2
2021-12-31|100|Saarland, Regierungsbezirk|Insgesamt|46.5
2021-12-31|100|Saarland, Regierungsbezirk|männlich|45.1
2021-12-31|100|Saarland, Regierungsbezirk|weiblich|48.0
2021-12-31|110|Berlin|Insgesamt|42.6
2021-12-31|110|Berlin|männlich|41.4
2021-12-31|110|Berlin|weiblich|43.8
2021-12-31|120|Brandenburg|Insgesamt|47.3
2021-12-31|120|Brandenburg|männlich|45.8
2021-12-31|120|Brandenburg|weiblich|48.7
2021-12-31|130|Mecklenburg-Vorpommern, Statistische Region|Insgesamt|47.5
2021-12-31|130|Mecklenburg-Vorpommern, Statistische Region|männlich|46.0
2021-12-31|130|Mecklenburg-Vorpommern, Statistische Region|weiblich|48.9
2021-12-31|145|Chemnitz, Statistische Region|Insgesamt|48.8
2021-12-31|145|Chemnitz, Statistische Region|männlich|46.8
2021-12-31|145|Chemnitz, Statistische Region|weiblich|50.6
2021-12-31|146|Dresden, Statistische Region|Insgesamt|46.7
2021-12-31|146|Dresden, Statistische Region|männlich|45.1
2021-12-31|146|Dresden, Statistische Region|weiblich|48.4
2021-12-31|147|Leipzig, Statistische Region|Insgesamt|44.7
2021-12-31|147|Leipzig, Statistische Region|männlich|43.3
2021-12-31|147|Leipzig, Statistische Region|weiblich|46.1
2021-12-31|150|Sachsen-Anhalt|Insgesamt|48.1
2021-12-31|150|Sachsen-Anhalt|männlich|46.3
2021-12-31|150|Sachsen-Anhalt|weiblich|49.8
2021-12-31|160|Thüringen|Insgesamt|47.6
2021-12-31|160|Thüringen|männlich|46.0
2021-12-31|160|Thüringen|weiblich|49.2
2022-12-31|DG|Deutschland|Insgesamt|44.7
2022-12-31|DG|Deutschland|männlich|43.4
2022-12-31|DG|Deutschland|weiblich|46.0
2022-12-31|01|Schleswig-Holstein|Insgesamt|45.7
2022-12-31|01|Schleswig-Holstein|männlich|44.4
2022-12-31|01|Schleswig-Holstein|weiblich|46.9
2022-12-31|02|Hamburg|Insgesamt|42.2
2022-12-31|02|Hamburg|männlich|40.9
2022-12-31|02|Hamburg|weiblich|43.4
2022-12-31|03|Niedersachsen|Insgesamt|45.0
2022-12-31|03|Niedersachsen|männlich|43.7
2022-12-31|03|Niedersachsen|weiblich|46.2
2022-12-31|04|Bremen|Insgesamt|43.2
2022-12-31|04|Bremen|männlich|41.7
2022-12-31|04|Bremen|weiblich|44.7
2022-12-31|05|Nordrhein-Westfalen|Insgesamt|44.4
2022-12-31|05|Nordrhein-Westfalen|männlich|43.0
2022-12-31|05|Nordrhein-Westfalen|weiblich|45.7
2022-12-31|06|Hessen|Insgesamt|44.2
2022-12-31|06|Hessen|männlich|43.0
2022-12-31|06|Hessen|weiblich|45.3
2022-12-31|07|Rheinland-Pfalz|Insgesamt|45.0
2022-12-31|07|Rheinland-Pfalz|männlich|43.8
2022-12-31|07|Rheinland-Pfalz|weiblich|46.2
2022-12-31|08|Baden-Württemberg|Insgesamt|43.8
2022-12-31|08|Baden-Württemberg|männlich|42.6
2022-12-31|08|Baden-Württemberg|weiblich|45.0
2022-12-31|09|Bayern|Insgesamt|44.1
2022-12-31|09|Bayern|männlich|42.9
2022-12-31|09|Bayern|weiblich|45.3
2022-12-31|10|Saarland|Insgesamt|46.3
2022-12-31|10|Saarland|männlich|44.9
2022-12-31|10|Saarland|weiblich|47.7
2022-12-31|11|Berlin|Insgesamt|42.8
2022-12-31|11|Berlin|männlich|41.6
2022-12-31|11|Berlin|weiblich|44.0
2022-12-31|12|Brandenburg|Insgesamt|47.3
2022-12-31|12|Brandenburg|männlich|45.9
2022-12-31|12|Brandenburg|weiblich|48.7
2022-12-31|13|Mecklenburg-Vorpommern|Insgesamt|47.8
2022-12-31|13|Mecklenburg-Vorpommern|männlich|46.3
2022-12-31|13|Mecklenburg-Vorpommern|weiblich|49.2
2022-12-31|14|Sachsen|Insgesamt|46.9
2022-12-31|14|Sachsen|männlich|45.2
2022-12-31|14|Sachsen|weiblich|48.5
2022-12-31|15|Sachsen-Anhalt|Insgesamt|48.1
2022-12-31|15|Sachsen-Anhalt|männlich|46.3
2022-12-31|15|Sachsen-Anhalt|weiblich|49.9
2022-12-31|16|Thüringen|Insgesamt|47.6
2022-12-31|16|Thüringen|männlich|45.9
2022-12-31|16|Thüringen|weiblich|49.1
2022-12-31|01001|Flensburg, kreisfreie Stadt|Insgesamt|42.7
2022-12-31|01001|Flensburg, kreisfreie Stadt|männlich|41.7
2022-12-31|01001|Flensburg, kreisfreie Stadt|weiblich|43.7
2022-12-31|01002|Kiel, kreisfreie Stadt|Insgesamt|42.4
2022-12-31|01002|Kiel, kreisfreie Stadt|männlich|41.3
2022-12-31|01002|Kiel, kreisfreie Stadt|weiblich|43.5
2022-12-31|01003|Lübeck, kreisfreie Stadt, Hansestadt|Insgesamt|45.4
2022-12-31|01003|Lübeck, kreisfreie Stadt, Hansestadt|männlich|43.7
2022-12-31|01003|Lübeck, kreisfreie Stadt, Hansestadt|weiblich|47.0
2022-12-31|01004|Neumünster, kreisfreie Stadt|Insgesamt|45.2
2022-12-31|01004|Neumünster, kreisfreie Stadt|männlich|43.6
2022-12-31|01004|Neumünster, kreisfreie Stadt|weiblich|46.9
2022-12-31|01051|Dithmarschen, Kreis|Insgesamt|46.8
2022-12-31|01051|Dithmarschen, Kreis|männlich|45.6
2022-12-31|01051|Dithmarschen, Kreis|weiblich|48.0
2022-12-31|01053|Herzogtum Lauenburg, Kreis|Insgesamt|45.3
2022-12-31|01053|Herzogtum Lauenburg, Kreis|männlich|44.0
2022-12-31|01053|Herzogtum Lauenburg, Kreis|weiblich|46.6
2022-12-31|01054|Nordfriesland, Kreis|Insgesamt|46.7
2022-12-31|01054|Nordfriesland, Kreis|männlich|45.2
2022-12-31|01054|Nordfriesland, Kreis|weiblich|48.1
2022-12-31|01055|Ostholstein, Kreis|Insgesamt|48.9
2022-12-31|01055|Ostholstein, Kreis|männlich|47.7
2022-12-31|01055|Ostholstein, Kreis|weiblich|50.1
2022-12-31|01056|Pinneberg, Kreis|Insgesamt|45.3
2022-12-31|01056|Pinneberg, Kreis|männlich|43.9
2022-12-31|01056|Pinneberg, Kreis|weiblich|46.6
2022-12-31|01057|Plön, Kreis|Insgesamt|47.7
2022-12-31|01057|Plön, Kreis|männlich|46.5
2022-12-31|01057|Plön, Kreis|weiblich|48.9
2022-12-31|01058|Rendsburg-Eckernförde, Kreis|Insgesamt|46.2
2022-12-31|01058|Rendsburg-Eckernförde, Kreis|männlich|44.9
2022-12-31|01058|Rendsburg-Eckernförde, Kreis|weiblich|47.4
2022-12-31|01059|Schleswig-Flensburg, Kreis|Insgesamt|46.2
2022-12-31|01059|Schleswig-Flensburg, Kreis|männlich|45.1
2022-12-31|01059|Schleswig-Flensburg, Kreis|weiblich|47.2
2022-12-31|01060|Segeberg, Kreis|Insgesamt|45.1
2022-12-31|01060|Segeberg, Kreis|männlich|43.8
2022-12-31|01060|Segeberg, Kreis|weiblich|46.4
2022-12-31|01061|Steinburg, Kreis|Insgesamt|46.1
2022-12-31|01061|Steinburg, Kreis|männlich|44.9
2022-12-31|01061|Steinburg, Kreis|weiblich|47.3
2022-12-31|01062|Stormarn, Kreis|Insgesamt|45.8
2022-12-31|01062|Stormarn, Kreis|männlich|44.5
2022-12-31|01062|Stormarn, Kreis|weiblich|47.1
2022-12-31|02000|Hamburg, kreisfreie Stadt, Freie und Hansestadt|Insgesamt|42.2
2022-12-31|02000|Hamburg, kreisfreie Stadt, Freie und Hansestadt|männlich|40.9
2022-12-31|02000|Hamburg, kreisfreie Stadt, Freie und Hansestadt|weiblich|43.4
2022-12-31|03101|Braunschweig, kreisfreie Stadt|Insgesamt|44.0
2022-12-31|03101|Braunschweig, kreisfreie Stadt|männlich|42.5
2022-12-31|03101|Braunschweig, kreisfreie Stadt|weiblich|45.5
2022-12-31|03102|Salzgitter, kreisfreie Stadt|Insgesamt|44.2
2022-12-31|03102|Salzgitter, kreisfreie Stadt|männlich|42.8
2022-12-31|03102|Salzgitter, kreisfreie Stadt|weiblich|45.6
2022-12-31|03103|Wolfsburg, kreisfreie Stadt|Insgesamt|44.2
2022-12-31|03103|Wolfsburg, kreisfreie Stadt|männlich|42.8
2022-12-31|03103|Wolfsburg, kreisfreie Stadt|weiblich|45.7
2022-12-31|03151|Gifhorn, Landkreis|Insgesamt|44.4
2022-12-31|03151|Gifhorn, Landkreis|männlich|43.4
2022-12-31|03151|Gifhorn, Landkreis|weiblich|45.3
2022-12-31|03153|Goslar, Landkreis|Insgesamt|48.5
2022-12-31|03153|Goslar, Landkreis|männlich|46.8
2022-12-31|03153|Goslar, Landkreis|weiblich|50.1
2022-12-31|03154|Helmstedt, Landkreis|Insgesamt|46.1
2022-12-31|03154|Helmstedt, Landkreis|männlich|44.8
2022-12-31|03154|Helmstedt, Landkreis|weiblich|47.5
2022-12-31|03155|Northeim, Landkreis|Insgesamt|47.5
2022-12-31|03155|Northeim, Landkreis|männlich|46.3
2022-12-31|03155|Northeim, Landkreis|weiblich|48.5
2022-12-31|03157|Peine, Landkreis|Insgesamt|44.6
2022-12-31|03157|Peine, Landkreis|männlich|43.5
2022-12-31|03157|Peine, Landkreis|weiblich|45.7
2022-12-31|03158|Wolfenbüttel, Landkreis|Insgesamt|46.6
2022-12-31|03158|Wolfenbüttel, Landkreis|männlich|45.2
2022-12-31|03158|Wolfenbüttel, Landkreis|weiblich|47.9
2022-12-31|03159|Göttingen, Landkreis|Insgesamt|45.5
2022-12-31|03159|Göttingen, Landkreis|männlich|44.2
2022-12-31|03159|Göttingen, Landkreis|weiblich|46.7
2022-12-31|03241|Region Hannover, Landkreis|Insgesamt|44.3
2022-12-31|03241|Region Hannover, Landkreis|männlich|42.9
2022-12-31|03241|Region Hannover, Landkreis|weiblich|45.6
2022-12-31|03241001|Hannover, Landeshauptstadt|Insgesamt|42.8
2022-12-31|03241001|Hannover, Landeshauptstadt|männlich|41.4
2022-12-31|03241001|Hannover, Landeshauptstadt|weiblich|44.1
2022-12-31|03251|Diepholz, Landkreis|Insgesamt|45.5
2022-12-31|03251|Diepholz, Landkreis|männlich|44.4
2022-12-31|03251|Diepholz, Landkreis|weiblich|46.6
2022-12-31|03252|Hameln-Pyrmont, Landkreis|Insgesamt|46.8
2022-12-31|03252|Hameln-Pyrmont, Landkreis|männlich|45.2
2022-12-31|03252|Hameln-Pyrmont, Landkreis|weiblich|48.4
2022-12-31|03254|Hildesheim, Landkreis|Insgesamt|45.8
2022-12-31|03254|Hildesheim, Landkreis|männlich|44.5
2022-12-31|03254|Hildesheim, Landkreis|weiblich|47.1
2022-12-31|03255|Holzminden, Landkreis|Insgesamt|47.3
2022-12-31|03255|Holzminden, Landkreis|männlich|46.3
2022-12-31|03255|Holzminden, Landkreis|weiblich|48.3
2022-12-31|03256|Nienburg (Weser), Landkreis|Insgesamt|45.3
2022-12-31|03256|Nienburg (Weser), Landkreis|männlich|44.1
2022-12-31|03256|Nienburg (Weser), Landkreis|weiblich|46.5
2022-12-31|03257|Schaumburg, Landkreis|Insgesamt|46.9
2022-12-31|03257|Schaumburg, Landkreis|männlich|45.4
2022-12-31|03257|Schaumburg, Landkreis|weiblich|48.3
2022-12-31|03351|Celle, Landkreis|Insgesamt|45.5
2022-12-31|03351|Celle, Landkreis|männlich|44.3
2022-12-31|03351|Celle, Landkreis|weiblich|46.7
2022-12-31|03352|Cuxhaven, Landkreis|Insgesamt|46.9
2022-12-31|03352|Cuxhaven, Landkreis|männlich|45.5
2022-12-31|03352|Cuxhaven, Landkreis|weiblich|48.3
2022-12-31|03353|Harburg, Landkreis|Insgesamt|45.4
2022-12-31|03353|Harburg, Landkreis|männlich|44.1
2022-12-31|03353|Harburg, Landkreis|weiblich|46.7
2022-12-31|03354|Lüchow-Dannenberg, Landkreis|Insgesamt|48.7
2022-12-31|03354|Lüchow-Dannenberg, Landkreis|männlich|47.2
2022-12-31|03354|Lüchow-Dannenberg, Landkreis|weiblich|50.1
2022-12-31|03355|Lüneburg, Landkreis|Insgesamt|44.3
2022-12-31|03355|Lüneburg, Landkreis|männlich|43.1
2022-12-31|03355|Lüneburg, Landkreis|weiblich|45.4
2022-12-31|03356|Osterholz, Landkreis|Insgesamt|46.1
2022-12-31|03356|Osterholz, Landkreis|männlich|45.0
2022-12-31|03356|Osterholz, Landkreis|weiblich|47.2
2022-12-31|03357|Rotenburg (Wümme), Landkreis|Insgesamt|44.9
2022-12-31|03357|Rotenburg (Wümme), Landkreis|männlich|43.8
2022-12-31|03357|Rotenburg (Wümme), Landkreis|weiblich|46.0
2022-12-31|03358|Heidekreis|Insgesamt|45.2
2022-12-31|03358|Heidekreis|männlich|43.8
2022-12-31|03358|Heidekreis|weiblich|46.6
2022-12-31|03359|Stade, Landkreis|Insgesamt|44.5
2022-12-31|03359|Stade, Landkreis|männlich|43.1
2022-12-31|03359|Stade, Landkreis|weiblich|45.9
2022-12-31|03360|Uelzen, Landkreis|Insgesamt|47.3
2022-12-31|03360|Uelzen, Landkreis|männlich|45.9
2022-12-31|03360|Uelzen, Landkreis|weiblich|48.6
2022-12-31|03361|Verden, Landkreis|Insgesamt|44.9
2022-12-31|03361|Verden, Landkreis|männlich|43.7
2022-12-31|03361|Verden, Landkreis|weiblich|46.0
2022-12-31|03401|Delmenhorst, kreisfreie Stadt|Insgesamt|44.3
2022-12-31|03401|Delmenhorst, kreisfreie Stadt|männlich|42.8
2022-12-31|03401|Delmenhorst, kreisfreie Stadt|weiblich|45.7
2022-12-31|03402|Emden, kreisfreie Stadt|Insgesamt|44.1
2022-12-31|03402|Emden, kreisfreie Stadt|männlich|42.7
2022-12-31|03402|Emden, kreisfreie Stadt|weiblich|45.4
2022-12-31|03403|Oldenburg (Oldenburg), kreisfreie Stadt|Insgesamt|43.1
2022-12-31|03403|Oldenburg (Oldenburg), kreisfreie Stadt|männlich|41.7
2022-12-31|03403|Oldenburg (Oldenburg), kreisfreie Stadt|weiblich|44.4
2022-12-31|03404|Osnabrück, kreisfreie Stadt|Insgesamt|42.3
2022-12-31|03404|Osnabrück, kreisfreie Stadt|männlich|41.3
2022-12-31|03404|Osnabrück, kreisfreie Stadt|weiblich|43.3
2022-12-31|03405|Wilhelmshaven, kreisfreie Stadt|Insgesamt|46.4
2022-12-31|03405|Wilhelmshaven, kreisfreie Stadt|männlich|44.6
2022-12-31|03405|Wilhelmshaven, kreisfreie Stadt|weiblich|48.2
2022-12-31|03451|Ammerland, Landkreis|Insgesamt|45.7
2022-12-31|03451|Ammerland, Landkreis|männlich|44.5
2022-12-31|03451|Ammerland, Landkreis|weiblich|46.9
2022-12-31|03452|Aurich, Landkreis|Insgesamt|46.1
2022-12-31|03452|Aurich, Landkreis|männlich|44.8
2022-12-31|03452|Aurich, Landkreis|weiblich|47.3
2022-12-31|03453|Cloppenburg, Landkreis|Insgesamt|41.3
2022-12-31|03453|Cloppenburg, Landkreis|männlich|40.2
2022-12-31|03453|Cloppenburg, Landkreis|weiblich|42.4
2022-12-31|03454|Emsland, Landkreis|Insgesamt|43.2
2022-12-31|03454|Emsland, Landkreis|männlich|42.2
2022-12-31|03454|Emsland, Landkreis|weiblich|44.2
2022-12-31|03455|Friesland, Landkreis|Insgesamt|47.4
2022-12-31|03455|Friesland, Landkreis|männlich|46.2
2022-12-31|03455|Friesland, Landkreis|weiblich|48.7
2022-12-31|03456|Grafschaft Bentheim, Landkreis|Insgesamt|44.0
2022-12-31|03456|Grafschaft Bentheim, Landkreis|männlich|42.8
2022-12-31|03456|Grafschaft Bentheim, Landkreis|weiblich|45.3
2022-12-31|03457|Leer, Landkreis|Insgesamt|44.6
2022-12-31|03457|Leer, Landkreis|männlich|43.6
2022-12-31|03457|Leer, Landkreis|weiblich|45.7
2022-12-31|03458|Oldenburg, Landkreis|Insgesamt|45.3
2022-12-31|03458|Oldenburg, Landkreis|männlich|44.1
2022-12-31|03458|Oldenburg, Landkreis|weiblich|46.4
2022-12-31|03459|Osnabrück, Landkreis|Insgesamt|44.6
2022-12-31|03459|Osnabrück, Landkreis|männlich|43.3
2022-12-31|03459|Osnabrück, Landkreis|weiblich|45.8
2022-12-31|03460|Vechta, Landkreis|Insgesamt|41.5
2022-12-31|03460|Vechta, Landkreis|männlich|40.7
2022-12-31|03460|Vechta, Landkreis|weiblich|42.3
2022-12-31|03461|Wesermarsch, Landkreis|Insgesamt|46.1
2022-12-31|03461|Wesermarsch, Landkreis|männlich|45.0
2022-12-31|03461|Wesermarsch, Landkreis|weiblich|47.2
2022-12-31|03462|Wittmund, Landkreis|Insgesamt|46.8
2022-12-31|03462|Wittmund, Landkreis|männlich|45.5
2022-12-31|03462|Wittmund, Landkreis|weiblich|48.1
2022-12-31|04011|Bremen, kreisfreie Stadt|Insgesamt|43.2
2022-12-31|04011|Bremen, kreisfreie Stadt|männlich|41.7
2022-12-31|04011|Bremen, kreisfreie Stadt|weiblich|44.7
2022-12-31|04012|Bremerhaven, kreisfreie Stadt|Insgesamt|43.3
2022-12-31|04012|Bremerhaven, kreisfreie Stadt|männlich|41.9
2022-12-31|04012|Bremerhaven, kreisfreie Stadt|weiblich|44.7
2022-12-31|05111|Düsseldorf, kreisfreie Stadt|Insgesamt|43.1
2022-12-31|05111|Düsseldorf, kreisfreie Stadt|männlich|41.8
2022-12-31|05111|Düsseldorf, kreisfreie Stadt|weiblich|44.3
2022-12-31|05112|Duisburg, kreisfreie Stadt|Insgesamt|43.2
2022-12-31|05112|Duisburg, kreisfreie Stadt|männlich|41.8
2022-12-31|05112|Duisburg, kreisfreie Stadt|weiblich|44.7
2022-12-31|05113|Essen, kreisfreie Stadt|Insgesamt|44.1
2022-12-31|05113|Essen, kreisfreie Stadt|männlich|42.5
2022-12-31|05113|Essen, kreisfreie Stadt|weiblich|45.6
2022-12-31|05114|Krefeld, kreisfreie Stadt|Insgesamt|44.7
2022-12-31|05114|Krefeld, kreisfreie Stadt|männlich|43.2
2022-12-31|05114|Krefeld, kreisfreie Stadt|weiblich|46.2
2022-12-31|05116|Mönchengladbach, kreisfreie Stadt|Insgesamt|44.0
2022-12-31|05116|Mönchengladbach, kreisfreie Stadt|männlich|42.5
2022-12-31|05116|Mönchengladbach, kreisfreie Stadt|weiblich|45.4
2022-12-31|05117|Mülheim an der Ruhr, kreisfreie Stadt|Insgesamt|45.5
2022-12-31|05117|Mülheim an der Ruhr, kreisfreie Stadt|männlich|43.9
2022-12-31|05117|Mülheim an der Ruhr, kreisfreie Stadt|weiblich|47.1
2022-12-31|05119|Oberhausen, kreisfreie Stadt|Insgesamt|44.8
2022-12-31|05119|Oberhausen, kreisfreie Stadt|männlich|43.4
2022-12-31|05119|Oberhausen, kreisfreie Stadt|weiblich|46.0
2022-12-31|05120|Remscheid, kreisfreie Stadt|Insgesamt|44.7
2022-12-31|05120|Remscheid, kreisfreie Stadt|männlich|43.3
2022-12-31|05120|Remscheid, kreisfreie Stadt|weiblich|46.1
2022-12-31|05122|Solingen, kreisfreie Stadt|Insgesamt|44.8
2022-12-31|05122|Solingen, kreisfreie Stadt|männlich|43.3
2022-12-31|05122|Solingen, kreisfreie Stadt|weiblich|46.2
2022-12-31|05124|Wuppertal, kreisfreie Stadt|Insgesamt|43.5
2022-12-31|05124|Wuppertal, kreisfreie Stadt|männlich|42.0
2022-12-31|05124|Wuppertal, kreisfreie Stadt|weiblich|45.0
2022-12-31|05154|Kleve, Kreis|Insgesamt|44.6
2022-12-31|05154|Kleve, Kreis|männlich|43.3
2022-12-31|05154|Kleve, Kreis|weiblich|45.8
2022-12-31|05158|Mettmann, Kreis|Insgesamt|46.2
2022-12-31|05158|Mettmann, Kreis|männlich|44.6
2022-12-31|05158|Mettmann, Kreis|weiblich|47.6
2022-12-31|05162|Rhein-Kreis Neuss|Insgesamt|45.2
2022-12-31|05162|Rhein-Kreis Neuss|männlich|43.8
2022-12-31|05162|Rhein-Kreis Neuss|weiblich|46.5
2022-12-31|05166|Viersen, Kreis|Insgesamt|46.0
2022-12-31|05166|Viersen, Kreis|männlich|44.8
2022-12-31|05166|Viersen, Kreis|weiblich|47.2
2022-12-31|05170|Wesel, Kreis|Insgesamt|46.3
2022-12-31|05170|Wesel, Kreis|männlich|44.9
2022-12-31|05170|Wesel, Kreis|weiblich|47.6
2022-12-31|05314|Bonn, kreisfreie Stadt|Insgesamt|42.2
2022-12-31|05314|Bonn, kreisfreie Stadt|männlich|40.9
2022-12-31|05314|Bonn, kreisfreie Stadt|weiblich|43.5
2022-12-31|05315|Köln, kreisfreie Stadt|Insgesamt|42.4
2022-12-31|05315|Köln, kreisfreie Stadt|männlich|41.4
2022-12-31|05315|Köln, kreisfreie Stadt|weiblich|43.3
2022-12-31|05316|Leverkusen, kreisfreie Stadt|Insgesamt|44.4
2022-12-31|05316|Leverkusen, kreisfreie Stadt|männlich|43.0
2022-12-31|05316|Leverkusen, kreisfreie Stadt|weiblich|45.8
2022-12-31|05334|Städteregion Aachen, Kreis|Insgesamt|43.3
2022-12-31|05334|Städteregion Aachen, Kreis|männlich|41.8
2022-12-31|05334|Städteregion Aachen, Kreis|weiblich|44.9
2022-12-31|05334002|Aachen, kreisfreie Stadt|Insgesamt|41.3
2022-12-31|05334002|Aachen, kreisfreie Stadt|männlich|39.5
2022-12-31|05334002|Aachen, kreisfreie Stadt|weiblich|43.4
2022-12-31|05358|Düren, Kreis|Insgesamt|44.6
2022-12-31|05358|Düren, Kreis|männlich|43.3
2022-12-31|05358|Düren, Kreis|weiblich|45.9
2022-12-31|05362|Rhein-Erft-Kreis|Insgesamt|44.6
2022-12-31|05362|Rhein-Erft-Kreis|männlich|43.2
2022-12-31|05362|Rhein-Erft-Kreis|weiblich|45.9
2022-12-31|05366|Euskirchen, Kreis|Insgesamt|45.2
2022-12-31|05366|Euskirchen, Kreis|männlich|43.9
2022-12-31|05366|Euskirchen, Kreis|weiblich|46.5
2022-12-31|05370|Heinsberg, Kreis|Insgesamt|44.9
2022-12-31|05370|Heinsberg, Kreis|männlich|43.6
2022-12-31|05370|Heinsberg, Kreis|weiblich|46.1
2022-12-31|05374|Oberbergischer Kreis|Insgesamt|44.6
2022-12-31|05374|Oberbergischer Kreis|männlich|43.5
2022-12-31|05374|Oberbergischer Kreis|weiblich|45.7
2022-12-31|05378|Rheinisch-Bergischer Kreis|Insgesamt|46.2
2022-12-31|05378|Rheinisch-Bergischer Kreis|männlich|44.8
2022-12-31|05378|Rheinisch-Bergischer Kreis|weiblich|47.4
2022-12-31|05382|Rhein-Sieg-Kreis|Insgesamt|45.0
2022-12-31|05382|Rhein-Sieg-Kreis|männlich|43.7
2022-12-31|05382|Rhein-Sieg-Kreis|weiblich|46.4
2022-12-31|05512|Bottrop, kreisfreie Stadt|Insgesamt|45.7
2022-12-31|05512|Bottrop, kreisfreie Stadt|männlich|44.0
2022-12-31|05512|Bottrop, kreisfreie Stadt|weiblich|47.3
2022-12-31|05513|Gelsenkirchen, kreisfreie Stadt|Insgesamt|42.9
2022-12-31|05513|Gelsenkirchen, kreisfreie Stadt|männlich|41.5
2022-12-31|05513|Gelsenkirchen, kreisfreie Stadt|weiblich|44.3
2022-12-31|05515|Münster, kreisfreie Stadt|Insgesamt|41.7
2022-12-31|05515|Münster, kreisfreie Stadt|männlich|40.6
2022-12-31|05515|Münster, kreisfreie Stadt|weiblich|42.6
2022-12-31|05554|Borken, Kreis|Insgesamt|43.4
2022-12-31|05554|Borken, Kreis|männlich|42.3
2022-12-31|05554|Borken, Kreis|weiblich|44.5
2022-12-31|05558|Coesfeld, Kreis|Insgesamt|45.0
2022-12-31|05558|Coesfeld, Kreis|männlich|43.7
2022-12-31|05558|Coesfeld, Kreis|weiblich|46.2
2022-12-31|05562|Recklinghausen, Kreis|Insgesamt|45.5
2022-12-31|05562|Recklinghausen, Kreis|männlich|43.9
2022-12-31|05562|Recklinghausen, Kreis|weiblich|47.0
2022-12-31|05566|Steinfurt, Kreis|Insgesamt|44.0
2022-12-31|05566|Steinfurt, Kreis|männlich|42.7
2022-12-31|05566|Steinfurt, Kreis|weiblich|45.4
2022-12-31|05570|Warendorf, Kreis|Insgesamt|44.7
2022-12-31|05570|Warendorf, Kreis|männlich|43.4
2022-12-31|05570|Warendorf, Kreis|weiblich|45.9
2022-12-31|05711|Bielefeld, kreisfreie Stadt|Insgesamt|42.9
2022-12-31|05711|Bielefeld, kreisfreie Stadt|männlich|41.6
2022-12-31|05711|Bielefeld, kreisfreie Stadt|weiblich|44.2
2022-12-31|05754|Gütersloh, Kreis|Insgesamt|43.9
2022-12-31|05754|Gütersloh, Kreis|männlich|42.5
2022-12-31|05754|Gütersloh, Kreis|weiblich|45.2
2022-12-31|05758|Herford, Kreis|Insgesamt|45.0
2022-12-31|05758|Herford, Kreis|männlich|43.7
2022-12-31|05758|Herford, Kreis|weiblich|46.4
2022-12-31|05762|Höxter, Kreis|Insgesamt|45.9
2022-12-31|05762|Höxter, Kreis|männlich|44.5
2022-12-31|05762|Höxter, Kreis|weiblich|47.3
2022-12-31|05766|Lippe, Kreis|Insgesamt|44.9
2022-12-31|05766|Lippe, Kreis|männlich|43.4
2022-12-31|05766|Lippe, Kreis|weiblich|46.3
2022-12-31|05770|Minden-Lübbecke, Kreis|Insgesamt|44.7
2022-12-31|05770|Minden-Lübbecke, Kreis|männlich|43.3
2022-12-31|05770|Minden-Lübbecke, Kreis|weiblich|46.1
2022-12-31|05774|Paderborn, Kreis|Insgesamt|42.8
2022-12-31|05774|Paderborn, Kreis|männlich|41.5
2022-12-31|05774|Paderborn, Kreis|weiblich|44.1
2022-12-31|05911|Bochum, kreisfreie Stadt|Insgesamt|44.6
2022-12-31|05911|Bochum, kreisfreie Stadt|männlich|43.1
2022-12-31|05911|Bochum, kreisfreie Stadt|weiblich|46.0
2022-12-31|05913|Dortmund, kreisfreie Stadt|Insgesamt|43.3
2022-12-31|05913|Dortmund, kreisfreie Stadt|männlich|42.0
2022-12-31|05913|Dortmund, kreisfreie Stadt|weiblich|44.6
2022-12-31|05914|Hagen, kreisfreie Stadt|Insgesamt|43.9
2022-12-31|05914|Hagen, kreisfreie Stadt|männlich|42.5
2022-12-31|05914|Hagen, kreisfreie Stadt|weiblich|45.3
2022-12-31|05915|Hamm, kreisfreie Stadt|Insgesamt|43.8
2022-12-31|05915|Hamm, kreisfreie Stadt|männlich|42.4
2022-12-31|05915|Hamm, kreisfreie Stadt|weiblich|45.2
2022-12-31|05916|Herne, kreisfreie Stadt|Insgesamt|44.4
2022-12-31|05916|Herne, kreisfreie Stadt|männlich|42.8
2022-12-31|05916|Herne, kreisfreie Stadt|weiblich|45.9
2022-12-31|05954|Ennepe-Ruhr-Kreis|Insgesamt|46.4
2022-12-31|05954|Ennepe-Ruhr-Kreis|männlich|44.9
2022-12-31|05954|Ennepe-Ruhr-Kreis|weiblich|47.7
2022-12-31|05958|Hochsauerlandkreis|Insgesamt|45.6
2022-12-31|05958|Hochsauerlandkreis|männlich|44.3
2022-12-31|05958|Hochsauerlandkreis|weiblich|47.0
2022-12-31|05962|Märkischer Kreis|Insgesamt|45.3
2022-12-31|05962|Märkischer Kreis|männlich|43.9
2022-12-31|05962|Märkischer Kreis|weiblich|46.7
2022-12-31|05966|Olpe, Kreis|Insgesamt|44.5
2022-12-31|05966|Olpe, Kreis|männlich|43.3
2022-12-31|05966|Olpe, Kreis|weiblich|45.8
2022-12-31|05970|Siegen-Wittgenstein, Kreis|Insgesamt|44.6
2022-12-31|05970|Siegen-Wittgenstein, Kreis|männlich|43.1
2022-12-31|05970|Siegen-Wittgenstein, Kreis|weiblich|46.1
2022-12-31|05974|Soest, Kreis|Insgesamt|45.2
2022-12-31|05974|Soest, Kreis|männlich|43.8
2022-12-31|05974|Soest, Kreis|weiblich|46.5
2022-12-31|05978|Unna, Kreis|Insgesamt|45.7
2022-12-31|05978|Unna, Kreis|männlich|44.2
2022-12-31|05978|Unna, Kreis|weiblich|47.2
2022-12-31|06411|Darmstadt, kreisfreie Stadt, Wissenschaftsstadt|Insgesamt|41.0
2022-12-31|06411|Darmstadt, kreisfreie Stadt, Wissenschaftsstadt|männlich|39.4
2022-12-31|06411|Darmstadt, kreisfreie Stadt, Wissenschaftsstadt|weiblich|42.7
2022-12-31|06412|Frankfurt am Main, kreisfreie Stadt|Insgesamt|41.0
2022-12-31|06412|Frankfurt am Main, kreisfreie Stadt|männlich|40.3
2022-12-31|06412|Frankfurt am Main, kreisfreie Stadt|weiblich|41.7
2022-12-31|06413|Offenbach am Main, kreisfreie Stadt|Insgesamt|41.0
2022-12-31|06413|Offenbach am Main, kreisfreie Stadt|männlich|40.4
2022-12-31|06413|Offenbach am Main, kreisfreie Stadt|weiblich|41.8
2022-12-31|06414|Wiesbaden, kreisfreie Stadt, Landeshauptstadt|Insgesamt|43.2
2022-12-31|06414|Wiesbaden, kreisfreie Stadt, Landeshauptstadt|männlich|41.9
2022-12-31|06414|Wiesbaden, kreisfreie Stadt, Landeshauptstadt|weiblich|44.4
2022-12-31|06431|Bergstraße, Landkreis|Insgesamt|45.4
2022-12-31|06431|Bergstraße, Landkreis|männlich|44.3
2022-12-31|06431|Bergstraße, Landkreis|weiblich|46.6
2022-12-31|06432|Darmstadt-Dieburg, Landkreis|Insgesamt|44.6
2022-12-31|06432|Darmstadt-Dieburg, Landkreis|männlich|43.5
2022-12-31|06432|Darmstadt-Dieburg, Landkreis|weiblich|45.7
2022-12-31|06433|Groß-Gerau, Landkreis|Insgesamt|43.1
2022-12-31|06433|Groß-Gerau, Landkreis|männlich|42.0
2022-12-31|06433|Groß-Gerau, Landkreis|weiblich|44.3
2022-12-31|06434|Hochtaunuskreis|Insgesamt|45.6
2022-12-31|06434|Hochtaunuskreis|männlich|44.0
2022-12-31|06434|Hochtaunuskreis|weiblich|47.1
2022-12-31|06435|Main-Kinzig-Kreis|Insgesamt|44.8
2022-12-31|06435|Main-Kinzig-Kreis|männlich|43.6
2022-12-31|06435|Main-Kinzig-Kreis|weiblich|46.0
2022-12-31|06436|Main-Taunus-Kreis|Insgesamt|44.5
2022-12-31|06436|Main-Taunus-Kreis|männlich|43.2
2022-12-31|06436|Main-Taunus-Kreis|weiblich|45.8
2022-12-31|06437|Odenwaldkreis|Insgesamt|46.4
2022-12-31|06437|Odenwaldkreis|männlich|45.1
2022-12-31|06437|Odenwaldkreis|weiblich|47.7
2022-12-31|06438|Offenbach, Landkreis|Insgesamt|44.3
2022-12-31|06438|Offenbach, Landkreis|männlich|43.0
2022-12-31|06438|Offenbach, Landkreis|weiblich|45.5
2022-12-31|06439|Rheingau-Taunus-Kreis|Insgesamt|46.2
2022-12-31|06439|Rheingau-Taunus-Kreis|männlich|44.9
2022-12-31|06439|Rheingau-Taunus-Kreis|weiblich|47.4
2022-12-31|06440|Wetteraukreis|Insgesamt|44.8
2022-12-31|06440|Wetteraukreis|männlich|43.6
2022-12-31|06440|Wetteraukreis|weiblich|46.0
2022-12-31|06531|Gießen, Landkreis|Insgesamt|43.0
2022-12-31|06531|Gießen, Landkreis|männlich|42.0
2022-12-31|06531|Gießen, Landkreis|weiblich|43.9
2022-12-31|06532|Lahn-Dill-Kreis|Insgesamt|45.1
2022-12-31|06532|Lahn-Dill-Kreis|männlich|43.6
2022-12-31|06532|Lahn-Dill-Kreis|weiblich|46.5
2022-12-31|06533|Limburg-Weilburg, Landkreis|Insgesamt|45.1
2022-12-31|06533|Limburg-Weilburg, Landkreis|männlich|44.0
2022-12-31|06533|Limburg-Weilburg, Landkreis|weiblich|46.2
2022-12-31|06534|Marburg-Biedenkopf, Landkreis|Insgesamt|43.5
2022-12-31|06534|Marburg-Biedenkopf, Landkreis|männlich|42.4
2022-12-31|06534|Marburg-Biedenkopf, Landkreis|weiblich|44.5
2022-12-31|06535|Vogelsbergkreis|Insgesamt|47.1
2022-12-31|06535|Vogelsbergkreis|männlich|45.9
2022-12-31|06535|Vogelsbergkreis|weiblich|48.4
2022-12-31|06611|Kassel, kreisfreie Stadt, documenta-Stadt|Insgesamt|42.8
2022-12-31|06611|Kassel, kreisfreie Stadt, documenta-Stadt|männlich|41.6
2022-12-31|06611|Kassel, kreisfreie Stadt, documenta-Stadt|weiblich|43.9
2022-12-31|06631|Fulda, Landkreis|Insgesamt|44.5
2022-12-31|06631|Fulda, Landkreis|männlich|43.3
2022-12-31|06631|Fulda, Landkreis|weiblich|45.7
2022-12-31|06632|Hersfeld-Rotenburg, Landkreis|Insgesamt|46.4
2022-12-31|06632|Hersfeld-Rotenburg, Landkreis|männlich|44.9
2022-12-31|06632|Hersfeld-Rotenburg, Landkreis|weiblich|47.8
2022-12-31|06633|Kassel, Landkreis|Insgesamt|46.9
2022-12-31|06633|Kassel, Landkreis|männlich|45.5
2022-12-31|06633|Kassel, Landkreis|weiblich|48.2
2022-12-31|06634|Schwalm-Eder-Kreis|Insgesamt|46.1
2022-12-31|06634|Schwalm-Eder-Kreis|männlich|45.0
2022-12-31|06634|Schwalm-Eder-Kreis|weiblich|47.3
2022-12-31|06635|Waldeck-Frankenberg, Landkreis|Insgesamt|46.0
2022-12-31|06635|Waldeck-Frankenberg, Landkreis|männlich|44.6
2022-12-31|06635|Waldeck-Frankenberg, Landkreis|weiblich|47.3
2022-12-31|06636|Werra-Meißner-Kreis|Insgesamt|47.4
2022-12-31|06636|Werra-Meißner-Kreis|männlich|45.8
2022-12-31|06636|Werra-Meißner-Kreis|weiblich|49.0
2022-12-31|07111|Koblenz, kreisfreie Stadt|Insgesamt|43.9
2022-12-31|07111|Koblenz, kreisfreie Stadt|männlich|42.1
2022-12-31|07111|Koblenz, kreisfreie Stadt|weiblich|45.7
2022-12-31|07131|Ahrweiler, Landkreis|Insgesamt|46.8
2022-12-31|07131|Ahrweiler, Landkreis|männlich|45.6
2022-12-31|07131|Ahrweiler, Landkreis|weiblich|48.0
2022-12-31|07132|Altenkirchen (Westerwald), Landkreis|Insgesamt|45.1
2022-12-31|07132|Altenkirchen (Westerwald), Landkreis|männlich|43.8
2022-12-31|07132|Altenkirchen (Westerwald), Landkreis|weiblich|46.4
2022-12-31|07133|Bad Kreuznach, Landkreis|Insgesamt|45.8
2022-12-31|07133|Bad Kreuznach, Landkreis|männlich|44.4
2022-12-31|07133|Bad Kreuznach, Landkreis|weiblich|47.1
2022-12-31|07134|Birkenfeld, Landkreis|Insgesamt|46.3
2022-12-31|07134|Birkenfeld, Landkreis|männlich|44.8
2022-12-31|07134|Birkenfeld, Landkreis|weiblich|47.7
2022-12-31|07135|Cochem-Zell, Landkreis|Insgesamt|46.8
2022-12-31|07135|Cochem-Zell, Landkreis|männlich|45.4
2022-12-31|07135|Cochem-Zell, Landkreis|weiblich|48.3
2022-12-31|07137|Mayen-Koblenz, Landkreis|Insgesamt|45.2
2022-12-31|07137|Mayen-Koblenz, Landkreis|männlich|44.0
2022-12-31|07137|Mayen-Koblenz, Landkreis|weiblich|46.4
2022-12-31|07138|Neuwied, Landkreis|Insgesamt|45.0
2022-12-31|07138|Neuwied, Landkreis|männlich|43.8
2022-12-31|07138|Neuwied, Landkreis|weiblich|46.2
2022-12-31|07140|Rhein-Hunsrück-Kreis|Insgesamt|45.7
2022-12-31|07140|Rhein-Hunsrück-Kreis|männlich|44.5
2022-12-31|07140|Rhein-Hunsrück-Kreis|weiblich|46.9
2022-12-31|07141|Rhein-Lahn-Kreis|Insgesamt|45.9
2022-12-31|07141|Rhein-Lahn-Kreis|männlich|44.7
2022-12-31|07141|Rhein-Lahn-Kreis|weiblich|47.2
2022-12-31|07143|Westerwaldkreis|Insgesamt|44.9
2022-12-31|07143|Westerwaldkreis|männlich|43.8
2022-12-31|07143|Westerwaldkreis|weiblich|46.0
2022-12-31|07211|Trier, kreisfreie Stadt|Insgesamt|42.6
2022-12-31|07211|Trier, kreisfreie Stadt|männlich|41.1
2022-12-31|07211|Trier, kreisfreie Stadt|weiblich|43.9
2022-12-31|07231|Bernkastel-Wittlich, Landkreis|Insgesamt|45.9
2022-12-31|07231|Bernkastel-Wittlich, Landkreis|männlich|44.7
2022-12-31|07231|Bernkastel-Wittlich, Landkreis|weiblich|47.1
2022-12-31|07232|Eifelkreis Bitburg-Prüm|Insgesamt|44.4
2022-12-31|07232|Eifelkreis Bitburg-Prüm|männlich|43.1
2022-12-31|07232|Eifelkreis Bitburg-Prüm|weiblich|45.6
2022-12-31|07233|Vulkaneifel, Landkreis|Insgesamt|46.8
2022-12-31|07233|Vulkaneifel, Landkreis|männlich|45.9
2022-12-31|07233|Vulkaneifel, Landkreis|weiblich|47.7
2022-12-31|07235|Trier-Saarburg, Landkreis|Insgesamt|44.8
2022-12-31|07235|Trier-Saarburg, Landkreis|männlich|43.6
2022-12-31|07235|Trier-Saarburg, Landkreis|weiblich|45.9
2022-12-31|07311|Frankenthal (Pfalz), kreisfreie Stadt|Insgesamt|44.9
2022-12-31|07311|Frankenthal (Pfalz), kreisfreie Stadt|männlich|43.1
2022-12-31|07311|Frankenthal (Pfalz), kreisfreie Stadt|weiblich|46.7
2022-12-31|07312|Kaiserslautern, kreisfreie Stadt|Insgesamt|43.6
2022-12-31|07312|Kaiserslautern, kreisfreie Stadt|männlich|41.8
2022-12-31|07312|Kaiserslautern, kreisfreie Stadt|weiblich|45.4
2022-12-31|07313|Landau in der Pfalz, kreisfreie Stadt|Insgesamt|43.3
2022-12-31|07313|Landau in der Pfalz, kreisfreie Stadt|männlich|42.6
2022-12-31|07313|Landau in der Pfalz, kreisfreie Stadt|weiblich|44.0
2022-12-31|07314|Ludwigshafen am Rhein, kreisfreie Stadt|Insgesamt|42.4
2022-12-31|07314|Ludwigshafen am Rhein, kreisfreie Stadt|männlich|41.3
2022-12-31|07314|Ludwigshafen am Rhein, kreisfreie Stadt|weiblich|43.5
2022-12-31|07315|Mainz, kreisfreie Stadt|Insgesamt|41.5
2022-12-31|07315|Mainz, kreisfreie Stadt|männlich|40.9
2022-12-31|07315|Mainz, kreisfreie Stadt|weiblich|42.2
2022-12-31|07316|Neustadt an der Weinstraße, kreisfreie Stadt|Insgesamt|46.4
2022-12-31|07316|Neustadt an der Weinstraße, kreisfreie Stadt|männlich|44.8
2022-12-31|07316|Neustadt an der Weinstraße, kreisfreie Stadt|weiblich|47.9
2022-12-31|07317|Pirmasens, kreisfreie Stadt|Insgesamt|46.4
2022-12-31|07317|Pirmasens, kreisfreie Stadt|männlich|44.5
2022-12-31|07317|Pirmasens, kreisfreie Stadt|weiblich|48.2
2022-12-31|07318|Speyer, kreisfreie Stadt|Insgesamt|45.6
2022-12-31|07318|Speyer, kreisfreie Stadt|männlich|43.7
2022-12-31|07318|Speyer, kreisfreie Stadt|weiblich|47.5
2022-12-31|07319|Worms, kreisfreie Stadt|Insgesamt|43.4
2022-12-31|07319|Worms, kreisfreie Stadt|männlich|42.2
2022-12-31|07319|Worms, kreisfreie Stadt|weiblich|44.6
2022-12-31|07320|Zweibrücken, kreisfreie Stadt|Insgesamt|45.7
2022-12-31|07320|Zweibrücken, kreisfreie Stadt|männlich|44.6
2022-12-31|07320|Zweibrücken, kreisfreie Stadt|weiblich|46.9
2022-12-31|07331|Alzey-Worms, Landkreis|Insgesamt|44.6
2022-12-31|07331|Alzey-Worms, Landkreis|männlich|43.6
2022-12-31|07331|Alzey-Worms, Landkreis|weiblich|45.6
2022-12-31|07332|Bad Dürkheim, Landkreis|Insgesamt|47.0
2022-12-31|07332|Bad Dürkheim, Landkreis|männlich|46.1
2022-12-31|07332|Bad Dürkheim, Landkreis|weiblich|47.9
2022-12-31|07333|Donnersbergkreis|Insgesamt|45.7
2022-12-31|07333|Donnersbergkreis|männlich|44.6
2022-12-31|07333|Donnersbergkreis|weiblich|46.7
2022-12-31|07334|Germersheim, Landkreis|Insgesamt|44.3
2022-12-31|07334|Germersheim, Landkreis|männlich|43.3
2022-12-31|07334|Germersheim, Landkreis|weiblich|45.2
2022-12-31|07335|Kaiserslautern, Landkreis|Insgesamt|45.1
2022-12-31|07335|Kaiserslautern, Landkreis|männlich|43.9
2022-12-31|07335|Kaiserslautern, Landkreis|weiblich|46.2
2022-12-31|07336|Kusel, Landkreis|Insgesamt|46.6
2022-12-31|07336|Kusel, Landkreis|männlich|45.3
2022-12-31|07336|Kusel, Landkreis|weiblich|47.9
2022-12-31|07337|Südliche Weinstraße, Landkreis|Insgesamt|46.4
2022-12-31|07337|Südliche Weinstraße, Landkreis|männlich|45.0
2022-12-31|07337|Südliche Weinstraße, Landkreis|weiblich|47.6
2022-12-31|07338|Rhein-Pfalz-Kreis|Insgesamt|45.7
2022-12-31|07338|Rhein-Pfalz-Kreis|männlich|44.4
2022-12-31|07338|Rhein-Pfalz-Kreis|weiblich|46.9
2022-12-31|07339|Mainz-Bingen, Landkreis|Insgesamt|45.1
2022-12-31|07339|Mainz-Bingen, Landkreis|männlich|43.9
2022-12-31|07339|Mainz-Bingen, Landkreis|weiblich|46.2
2022-12-31|07340|Südwestpfalz, Landkreis|Insgesamt|48.1
2022-12-31|07340|Südwestpfalz, Landkreis|männlich|47.0
2022-12-31|07340|Südwestpfalz, Landkreis|weiblich|49.3
2022-12-31|08111|Stuttgart, Stadtkreis|Insgesamt|42.2
2022-12-31|08111|Stuttgart, Stadtkreis|männlich|41.1
2022-12-31|08111|Stuttgart, Stadtkreis|weiblich|43.2
2022-12-31|08115|Böblingen, Landkreis|Insgesamt|43.6
2022-12-31|08115|Böblingen, Landkreis|männlich|42.5
2022-12-31|08115|Böblingen, Landkreis|weiblich|44.6
2022-12-31|08116|Esslingen, Landkreis|Insgesamt|44.1
2022-12-31|08116|Esslingen, Landkreis|männlich|42.9
2022-12-31|08116|Esslingen, Landkreis|weiblich|45.3
2022-12-31|08117|Göppingen, Landkreis|Insgesamt|44.6
2022-12-31|08117|Göppingen, Landkreis|männlich|43.3
2022-12-31|08117|Göppingen, Landkreis|weiblich|45.9
2022-12-31|08118|Ludwigsburg, Landkreis|Insgesamt|43.7
2022-12-31|08118|Ludwigsburg, Landkreis|männlich|42.4
2022-12-31|08118|Ludwigsburg, Landkreis|weiblich|44.9
2022-12-31|08119|Rems-Murr-Kreis, Landkreis|Insgesamt|44.5
2022-12-31|08119|Rems-Murr-Kreis, Landkreis|männlich|43.3
2022-12-31|08119|Rems-Murr-Kreis, Landkreis|weiblich|45.6
2022-12-31|08121|Heilbronn, Stadtkreis|Insgesamt|42.2
2022-12-31|08121|Heilbronn, Stadtkreis|männlich|40.4
2022-12-31|08121|Heilbronn, Stadtkreis|weiblich|43.9
2022-12-31|08125|Heilbronn, Landkreis|Insgesamt|43.5
2022-12-31|08125|Heilbronn, Landkreis|männlich|42.3
2022-12-31|08125|Heilbronn, Landkreis|weiblich|44.7
2022-12-31|08126|Hohenlohekreis, Landkreis|Insgesamt|43.6
2022-12-31|08126|Hohenlohekreis, Landkreis|männlich|42.3
2022-12-31|08126|Hohenlohekreis, Landkreis|weiblich|45.0
2022-12-31|08127|Schwäbisch Hall, Landkreis|Insgesamt|43.3
2022-12-31|08127|Schwäbisch Hall, Landkreis|männlich|42.3
2022-12-31|08127|Schwäbisch Hall, Landkreis|weiblich|44.4
2022-12-31|08128|Main-Tauber-Kreis, Landkreis|Insgesamt|45.6
2022-12-31|08128|Main-Tauber-Kreis, Landkreis|männlich|44.2
2022-12-31|08128|Main-Tauber-Kreis, Landkreis|weiblich|47.1
2022-12-31|08135|Heidenheim, Landkreis|Insgesamt|44.5
2022-12-31|08135|Heidenheim, Landkreis|männlich|43.1
2022-12-31|08135|Heidenheim, Landkreis|weiblich|45.9
2022-12-31|08136|Ostalbkreis, Landkreis|Insgesamt|44.1
2022-12-31|08136|Ostalbkreis, Landkreis|männlich|42.9
2022-12-31|08136|Ostalbkreis, Landkreis|weiblich|45.3
2022-12-31|08211|Baden-Baden, Stadtkreis|Insgesamt|47.7
2022-12-31|08211|Baden-Baden, Stadtkreis|männlich|46.5
2022-12-31|08211|Baden-Baden, Stadtkreis|weiblich|48.7
2022-12-31|08212|Karlsruhe, Stadtkreis|Insgesamt|42.8
2022-12-31|08212|Karlsruhe, Stadtkreis|männlich|41.1
2022-12-31|08212|Karlsruhe, Stadtkreis|weiblich|44.6
2022-12-31|08215|Karlsruhe, Landkreis|Insgesamt|44.8
2022-12-31|08215|Karlsruhe, Landkreis|männlich|43.5
2022-12-31|08215|Karlsruhe, Landkreis|weiblich|46.2
2022-12-31|08216|Rastatt, Landkreis|Insgesamt|45.2
2022-12-31|08216|Rastatt, Landkreis|männlich|43.9
2022-12-31|08216|Rastatt, Landkreis|weiblich|46.5
2022-12-31|08221|Heidelberg, Stadtkreis|Insgesamt|39.8
2022-12-31|08221|Heidelberg, Stadtkreis|männlich|39.1
2022-12-31|08221|Heidelberg, Stadtkreis|weiblich|40.4
2022-12-31|08222|Mannheim, Stadtkreis|Insgesamt|42.4
2022-12-31|08222|Mannheim, Stadtkreis|männlich|41.4
2022-12-31|08222|Mannheim, Stadtkreis|weiblich|43.4
2022-12-31|08225|Neckar-Odenwald-Kreis, Landkreis|Insgesamt|45.2
2022-12-31|08225|Neckar-Odenwald-Kreis, Landkreis|männlich|43.9
2022-12-31|08225|Neckar-Odenwald-Kreis, Landkreis|weiblich|46.5
2022-12-31|08226|Rhein-Neckar-Kreis, Landkreis|Insgesamt|44.9
2022-12-31|08226|Rhein-Neckar-Kreis, Landkreis|männlich|43.6
2022-12-31|08226|Rhein-Neckar-Kreis, Landkreis|weiblich|46.1
2022-12-31|08231|Pforzheim, Stadtkreis|Insgesamt|42.5
2022-12-31|08231|Pforzheim, Stadtkreis|männlich|40.9
2022-12-31|08231|Pforzheim, Stadtkreis|weiblich|44.1
2022-12-31|08235|Calw, Landkreis|Insgesamt|44.4
2022-12-31|08235|Calw, Landkreis|männlich|43.1
2022-12-31|08235|Calw, Landkreis|weiblich|45.7
2022-12-31|08236|Enzkreis, Landkreis|Insgesamt|44.6
2022-12-31|08236|Enzkreis, Landkreis|männlich|43.5
2022-12-31|08236|Enzkreis, Landkreis|weiblich|45.7
2022-12-31|08237|Freudenstadt, Landkreis|Insgesamt|44.3
2022-12-31|08237|Freudenstadt, Landkreis|männlich|43.0
2022-12-31|08237|Freudenstadt, Landkreis|weiblich|45.7
2022-12-31|08311|Freiburg im Breisgau, Stadtkreis|Insgesamt|40.8
2022-12-31|08311|Freiburg im Breisgau, Stadtkreis|männlich|39.9
2022-12-31|08311|Freiburg im Breisgau, Stadtkreis|weiblich|41.5
2022-12-31|08315|Breisgau-Hochschwarzwald, Landkreis|Insgesamt|44.8
2022-12-31|08315|Breisgau-Hochschwarzwald, Landkreis|männlich|43.6
2022-12-31|08315|Breisgau-Hochschwarzwald, Landkreis|weiblich|46.0
2022-12-31|08316|Emmendingen, Landkreis|Insgesamt|44.5
2022-12-31|08316|Emmendingen, Landkreis|männlich|43.2
2022-12-31|08316|Emmendingen, Landkreis|weiblich|45.7
2022-12-31|08317|Ortenaukreis, Landkreis|Insgesamt|44.3
2022-12-31|08317|Ortenaukreis, Landkreis|männlich|43.1
2022-12-31|08317|Ortenaukreis, Landkreis|weiblich|45.5
2022-12-31|08325|Rottweil, Landkreis|Insgesamt|44.3
2022-12-31|08325|Rottweil, Landkreis|männlich|43.1
2022-12-31|08325|Rottweil, Landkreis|weiblich|45.5
2022-12-31|08326|Schwarzwald-Baar-Kreis, Landkreis|Insgesamt|44.6
2022-12-31|08326|Schwarzwald-Baar-Kreis, Landkreis|männlich|43.3
2022-12-31|08326|Schwarzwald-Baar-Kreis, Landkreis|weiblich|45.9
2022-12-31|08327|Tuttlingen, Landkreis|Insgesamt|43.0
2022-12-31|08327|Tuttlingen, Landkreis|männlich|41.7
2022-12-31|08327|Tuttlingen, Landkreis|weiblich|44.3
2022-12-31|08335|Konstanz, Landkreis|Insgesamt|44.0
2022-12-31|08335|Konstanz, Landkreis|männlich|42.8
2022-12-31|08335|Konstanz, Landkreis|weiblich|45.2
2022-12-31|08336|Lörrach, Landkreis|Insgesamt|44.1
2022-12-31|08336|Lörrach, Landkreis|männlich|42.9
2022-12-31|08336|Lörrach, Landkreis|weiblich|45.3
2022-12-31|08337|Waldshut, Landkreis|Insgesamt|44.2
2022-12-31|08337|Waldshut, Landkreis|männlich|43.1
2022-12-31|08337|Waldshut, Landkreis|weiblich|45.4
2022-12-31|08415|Reutlingen, Landkreis|Insgesamt|44.1
2022-12-31|08415|Reutlingen, Landkreis|männlich|42.8
2022-12-31|08415|Reutlingen, Landkreis|weiblich|45.3
2022-12-31|08416|Tübingen, Landkreis|Insgesamt|41.8
2022-12-31|08416|Tübingen, Landkreis|männlich|41.2
2022-12-31|08416|Tübingen, Landkreis|weiblich|42.4
2022-12-31|08417|Zollernalbkreis, Landkreis|Insgesamt|45.0
2022-12-31|08417|Zollernalbkreis, Landkreis|männlich|43.6
2022-12-31|08417|Zollernalbkreis, Landkreis|weiblich|46.3
2022-12-31|08421|Ulm, Stadtkreis|Insgesamt|42.2
2022-12-31|08421|Ulm, Stadtkreis|männlich|41.0
2022-12-31|08421|Ulm, Stadtkreis|weiblich|43.3
2022-12-31|08425|Alb-Donau-Kreis, Landkreis|Insgesamt|43.2
2022-12-31|08425|Alb-Donau-Kreis, Landkreis|männlich|42.1
2022-12-31|08425|Alb-Donau-Kreis, Landkreis|weiblich|44.4
2022-12-31|08426|Biberach, Landkreis|Insgesamt|43.0
2022-12-31|08426|Biberach, Landkreis|männlich|42.0
2022-12-31|08426|Biberach, Landkreis|weiblich|44.0
2022-12-31|08435|Bodenseekreis, Landkreis|Insgesamt|45.4
2022-12-31|08435|Bodenseekreis, Landkreis|männlich|44.1
2022-12-31|08435|Bodenseekreis, Landkreis|weiblich|46.7
2022-12-31|08436|Ravensburg, Landkreis|Insgesamt|43.6
2022-12-31|08436|Ravensburg, Landkreis|männlich|42.6
2022-12-31|08436|Ravensburg, Landkreis|weiblich|44.7
2022-12-31|08437|Sigmaringen, Landkreis|Insgesamt|44.2
2022-12-31|08437|Sigmaringen, Landkreis|männlich|42.8
2022-12-31|08437|Sigmaringen, Landkreis|weiblich|45.6
2022-12-31|09161|Ingolstadt, kreisfreie Stadt|Insgesamt|42.1
2022-12-31|09161|Ingolstadt, kreisfreie Stadt|männlich|40.8
2022-12-31|09161|Ingolstadt, kreisfreie Stadt|weiblich|43.4
2022-12-31|09162|München, kreisfreie Stadt|Insgesamt|41.7
2022-12-31|09162|München, kreisfreie Stadt|männlich|40.6
2022-12-31|09162|München, kreisfreie Stadt|weiblich|42.7
2022-12-31|09163|Rosenheim, kreisfreie Stadt|Insgesamt|43.3
2022-12-31|09163|Rosenheim, kreisfreie Stadt|männlich|41.8
2022-12-31|09163|Rosenheim, kreisfreie Stadt|weiblich|44.7
2022-12-31|09171|Altötting, Landkreis|Insgesamt|44.7
2022-12-31|09171|Altötting, Landkreis|männlich|43.2
2022-12-31|09171|Altötting, Landkreis|weiblich|46.2
2022-12-31|09172|Berchtesgadener Land, Landkreis|Insgesamt|45.5
2022-12-31|09172|Berchtesgadener Land, Landkreis|männlich|43.9
2022-12-31|09172|Berchtesgadener Land, Landkreis|weiblich|47.1
2022-12-31|09173|Bad Tölz-Wolfratshausen, Landkreis|Insgesamt|44.7
2022-12-31|09173|Bad Tölz-Wolfratshausen, Landkreis|männlich|43.4
2022-12-31|09173|Bad Tölz-Wolfratshausen, Landkreis|weiblich|46.1
2022-12-31|09174|Dachau, Landkreis|Insgesamt|43.3
2022-12-31|09174|Dachau, Landkreis|männlich|42.0
2022-12-31|09174|Dachau, Landkreis|weiblich|44.6
2022-12-31|09175|Ebersberg, Landkreis|Insgesamt|43.3
2022-12-31|09175|Ebersberg, Landkreis|männlich|42.2
2022-12-31|09175|Ebersberg, Landkreis|weiblich|44.4
2022-12-31|09176|Eichstätt, Landkreis|Insgesamt|42.4
2022-12-31|09176|Eichstätt, Landkreis|männlich|41.7
2022-12-31|09176|Eichstätt, Landkreis|weiblich|43.2
2022-12-31|09177|Erding, Landkreis|Insgesamt|42.8
2022-12-31|09177|Erding, Landkreis|männlich|42.1
2022-12-31|09177|Erding, Landkreis|weiblich|43.6
2022-12-31|09178|Freising, Landkreis|Insgesamt|41.9
2022-12-31|09178|Freising, Landkreis|männlich|40.9
2022-12-31|09178|Freising, Landkreis|weiblich|42.9
2022-12-31|09179|Fürstenfeldbruck, Landkreis|Insgesamt|44.5
2022-12-31|09179|Fürstenfeldbruck, Landkreis|männlich|43.1
2022-12-31|09179|Fürstenfeldbruck, Landkreis|weiblich|45.9
2022-12-31|09180|Garmisch-Partenkirchen, Landkreis|Insgesamt|46.7
2022-12-31|09180|Garmisch-Partenkirchen, Landkreis|männlich|45.1
2022-12-31|09180|Garmisch-Partenkirchen, Landkreis|weiblich|48.1
2022-12-31|09181|Landsberg am Lech, Landkreis|Insgesamt|44.5
2022-12-31|09181|Landsberg am Lech, Landkreis|männlich|43.4
2022-12-31|09181|Landsberg am Lech, Landkreis|weiblich|45.5
2022-12-31|09182|Miesbach, Landkreis|Insgesamt|45.6
2022-12-31|09182|Miesbach, Landkreis|männlich|44.1
2022-12-31|09182|Miesbach, Landkreis|weiblich|47.0
2022-12-31|09183|Mühldorf a.Inn, Landkreis|Insgesamt|43.8
2022-12-31|09183|Mühldorf a.Inn, Landkreis|männlich|42.8
2022-12-31|09183|Mühldorf a.Inn, Landkreis|weiblich|44.9
2022-12-31|09184|München, Landkreis|Insgesamt|43.9
2022-12-31|09184|München, Landkreis|männlich|42.6
2022-12-31|09184|München, Landkreis|weiblich|45.2
2022-12-31|09185|Neuburg-Schrobenhausen, Landkreis|Insgesamt|43.5
2022-12-31|09185|Neuburg-Schrobenhausen, Landkreis|männlich|42.5
2022-12-31|09185|Neuburg-Schrobenhausen, Landkreis|weiblich|44.5
2022-12-31|09186|Pfaffenhofen a.d.Ilm, Landkreis|Insgesamt|43.0
2022-12-31|09186|Pfaffenhofen a.d.Ilm, Landkreis|männlich|42.1
2022-12-31|09186|Pfaffenhofen a.d.Ilm, Landkreis|weiblich|44.0
2022-12-31|09187|Rosenheim, Landkreis|Insgesamt|44.8
2022-12-31|09187|Rosenheim, Landkreis|männlich|43.4
2022-12-31|09187|Rosenheim, Landkreis|weiblich|46.2
2022-12-31|09188|Starnberg, Landkreis|Insgesamt|45.7
2022-12-31|09188|Starnberg, Landkreis|männlich|44.4
2022-12-31|09188|Starnberg, Landkreis|weiblich|46.9
2022-12-31|09189|Traunstein, Landkreis|Insgesamt|45.5
2022-12-31|09189|Traunstein, Landkreis|männlich|44.2
2022-12-31|09189|Traunstein, Landkreis|weiblich|46.8
2022-12-31|09190|Weilheim-Schongau, Landkreis|Insgesamt|44.8
2022-12-31|09190|Weilheim-Schongau, Landkreis|männlich|43.7
2022-12-31|09190|Weilheim-Schongau, Landkreis|weiblich|45.9
2022-12-31|09261|Landshut, kreisfreie Stadt|Insgesamt|43.6
2022-12-31|09261|Landshut, kreisfreie Stadt|männlich|42.2
2022-12-31|09261|Landshut, kreisfreie Stadt|weiblich|45.0
2022-12-31|09262|Passau, kreisfreie Stadt|Insgesamt|44.0
2022-12-31|09262|Passau, kreisfreie Stadt|männlich|42.6
2022-12-31|09262|Passau, kreisfreie Stadt|weiblich|45.3
2022-12-31|09263|Straubing, kreisfreie Stadt|Insgesamt|44.8
2022-12-31|09263|Straubing, kreisfreie Stadt|männlich|43.1
2022-12-31|09263|Straubing, kreisfreie Stadt|weiblich|46.6
2022-12-31|09271|Deggendorf, Landkreis|Insgesamt|44.5
2022-12-31|09271|Deggendorf, Landkreis|männlich|43.1
2022-12-31|09271|Deggendorf, Landkreis|weiblich|45.8
2022-12-31|09272|Freyung-Grafenau, Landkreis|Insgesamt|46.1
2022-12-31|09272|Freyung-Grafenau, Landkreis|männlich|44.9
2022-12-31|09272|Freyung-Grafenau, Landkreis|weiblich|47.3
2022-12-31|09273|Kelheim, Landkreis|Insgesamt|43.3
2022-12-31|09273|Kelheim, Landkreis|männlich|42.4
2022-12-31|09273|Kelheim, Landkreis|weiblich|44.3
2022-12-31|09274|Landshut, Landkreis|Insgesamt|43.5
2022-12-31|09274|Landshut, Landkreis|männlich|42.6
2022-12-31|09274|Landshut, Landkreis|weiblich|44.4
2022-12-31|09275|Passau, Landkreis|Insgesamt|45.7
2022-12-31|09275|Passau, Landkreis|männlich|44.4
2022-12-31|09275|Passau, Landkreis|weiblich|47.1
2022-12-31|09276|Regen, Landkreis|Insgesamt|45.8
2022-12-31|09276|Regen, Landkreis|männlich|44.6
2022-12-31|09276|Regen, Landkreis|weiblich|47.0
2022-12-31|09277|Rottal-Inn, Landkreis|Insgesamt|45.0
2022-12-31|09277|Rottal-Inn, Landkreis|männlich|43.7
2022-12-31|09277|Rottal-Inn, Landkreis|weiblich|46.2
2022-12-31|09278|Straubing-Bogen, Landkreis|Insgesamt|44.1
2022-12-31|09278|Straubing-Bogen, Landkreis|männlich|43.1
2022-12-31|09278|Straubing-Bogen, Landkreis|weiblich|45.2
2022-12-31|09279|Dingolfing-Landau, Landkreis|Insgesamt|43.7
2022-12-31|09279|Dingolfing-Landau, Landkreis|männlich|42.6
2022-12-31|09279|Dingolfing-Landau, Landkreis|weiblich|44.8
2022-12-31|09361|Amberg, kreisfreie Stadt|Insgesamt|45.7
2022-12-31|09361|Amberg, kreisfreie Stadt|männlich|43.8
2022-12-31|09361|Amberg, kreisfreie Stadt|weiblich|47.5
2022-12-31|09362|Regensburg, kreisfreie Stadt|Insgesamt|41.7
2022-12-31|09362|Regensburg, kreisfreie Stadt|männlich|40.8
2022-12-31|09362|Regensburg, kreisfreie Stadt|weiblich|42.7
2022-12-31|09363|Weiden i.d.OPf., kreisfreie Stadt|Insgesamt|45.4
2022-12-31|09363|Weiden i.d.OPf., kreisfreie Stadt|männlich|43.6
2022-12-31|09363|Weiden i.d.OPf., kreisfreie Stadt|weiblich|47.2
2022-12-31|09371|Amberg-Sulzbach, Landkreis|Insgesamt|45.4
2022-12-31|09371|Amberg-Sulzbach, Landkreis|männlich|44.3
2022-12-31|09371|Amberg-Sulzbach, Landkreis|weiblich|46.5
2022-12-31|09372|Cham, Landkreis|Insgesamt|45.3
2022-12-31|09372|Cham, Landkreis|männlich|44.3
2022-12-31|09372|Cham, Landkreis|weiblich|46.3
2022-12-31|09373|Neumarkt i.d.OPf., Landkreis|Insgesamt|43.8
2022-12-31|09373|Neumarkt i.d.OPf., Landkreis|männlich|42.7
2022-12-31|09373|Neumarkt i.d.OPf., Landkreis|weiblich|45.0
2022-12-31|09374|Neustadt a.d.Waldnaab, Landkreis|Insgesamt|45.2
2022-12-31|09374|Neustadt a.d.Waldnaab, Landkreis|männlich|44.2
2022-12-31|09374|Neustadt a.d.Waldnaab, Landkreis|weiblich|46.2
2022-12-31|09375|Regensburg, Landkreis|Insgesamt|44.3
2022-12-31|09375|Regensburg, Landkreis|männlich|43.3
2022-12-31|09375|Regensburg, Landkreis|weiblich|45.2
2022-12-31|09376|Schwandorf, Landkreis|Insgesamt|44.6
2022-12-31|09376|Schwandorf, Landkreis|männlich|43.4
2022-12-31|09376|Schwandorf, Landkreis|weiblich|45.8
2022-12-31|09377|Tirschenreuth, Landkreis|Insgesamt|46.1
2022-12-31|09377|Tirschenreuth, Landkreis|männlich|45.1
2022-12-31|09377|Tirschenreuth, Landkreis|weiblich|47.2
2022-12-31|09461|Bamberg, kreisfreie Stadt|Insgesamt|43.1
2022-12-31|09461|Bamberg, kreisfreie Stadt|männlich|41.4
2022-12-31|09461|Bamberg, kreisfreie Stadt|weiblich|44.8
2022-12-31|09462|Bayreuth, kreisfreie Stadt|Insgesamt|44.0
2022-12-31|09462|Bayreuth, kreisfreie Stadt|männlich|42.0
2022-12-31|09462|Bayreuth, kreisfreie Stadt|weiblich|45.9
2022-12-31|09463|Coburg, kreisfreie Stadt|Insgesamt|45.5
2022-12-31|09463|Coburg, kreisfreie Stadt|männlich|43.8
2022-12-31|09463|Coburg, kreisfreie Stadt|weiblich|47.2
2022-12-31|09464|Hof, kreisfreie Stadt|Insgesamt|45.0
2022-12-31|09464|Hof, kreisfreie Stadt|männlich|42.7
2022-12-31|09464|Hof, kreisfreie Stadt|weiblich|47.2
2022-12-31|09471|Bamberg, Landkreis|Insgesamt|44.3
2022-12-31|09471|Bamberg, Landkreis|männlich|43.3
2022-12-31|09471|Bamberg, Landkreis|weiblich|45.3
2022-12-31|09472|Bayreuth, Landkreis|Insgesamt|46.1
2022-12-31|09472|Bayreuth, Landkreis|männlich|44.8
2022-12-31|09472|Bayreuth, Landkreis|weiblich|47.3
2022-12-31|09473|Coburg, Landkreis|Insgesamt|46.5
2022-12-31|09473|Coburg, Landkreis|männlich|44.9
2022-12-31|09473|Coburg, Landkreis|weiblich|48.0
2022-12-31|09474|Forchheim, Landkreis|Insgesamt|44.9
2022-12-31|09474|Forchheim, Landkreis|männlich|44.0
2022-12-31|09474|Forchheim, Landkreis|weiblich|45.8
2022-12-31|09475|Hof, Landkreis|Insgesamt|47.6
2022-12-31|09475|Hof, Landkreis|männlich|46.2
2022-12-31|09475|Hof, Landkreis|weiblich|49.0
2022-12-31|09476|Kronach, Landkreis|Insgesamt|47.7
2022-12-31|09476|Kronach, Landkreis|männlich|46.3
2022-12-31|09476|Kronach, Landkreis|weiblich|49.2
2022-12-31|09477|Kulmbach, Landkreis|Insgesamt|47.3
2022-12-31|09477|Kulmbach, Landkreis|männlich|45.7
2022-12-31|09477|Kulmbach, Landkreis|weiblich|48.8
2022-12-31|09478|Lichtenfels, Landkreis|Insgesamt|46.1
2022-12-31|09478|Lichtenfels, Landkreis|männlich|44.8
2022-12-31|09478|Lichtenfels, Landkreis|weiblich|47.4
2022-12-31|09479|Wunsiedel i.Fichtelgebirge, Landkreis|Insgesamt|47.7
2022-12-31|09479|Wunsiedel i.Fichtelgebirge, Landkreis|männlich|46.1
2022-12-31|09479|Wunsiedel i.Fichtelgebirge, Landkreis|weiblich|49.3
2022-12-31|09561|Ansbach, kreisfreie Stadt|Insgesamt|44.4
2022-12-31|09561|Ansbach, kreisfreie Stadt|männlich|42.7
2022-12-31|09561|Ansbach, kreisfreie Stadt|weiblich|45.9
2022-12-31|09562|Erlangen, kreisfreie Stadt|Insgesamt|41.9
2022-12-31|09562|Erlangen, kreisfreie Stadt|männlich|40.1
2022-12-31|09562|Erlangen, kreisfreie Stadt|weiblich|43.6
2022-12-31|09563|Fürth, kreisfreie Stadt|Insgesamt|43.4
2022-12-31|09563|Fürth, kreisfreie Stadt|männlich|41.9
2022-12-31|09563|Fürth, kreisfreie Stadt|weiblich|44.8
2022-12-31|09564|Nürnberg, kreisfreie Stadt|Insgesamt|43.4
2022-12-31|09564|Nürnberg, kreisfreie Stadt|männlich|42.0
2022-12-31|09564|Nürnberg, kreisfreie Stadt|weiblich|44.9
2022-12-31|09565|Schwabach, kreisfreie Stadt|Insgesamt|45.2
2022-12-31|09565|Schwabach, kreisfreie Stadt|männlich|43.9
2022-12-31|09565|Schwabach, kreisfreie Stadt|weiblich|46.5
2022-12-31|09571|Ansbach, Landkreis|Insgesamt|44.1
2022-12-31|09571|Ansbach, Landkreis|männlich|43.0
2022-12-31|09571|Ansbach, Landkreis|weiblich|45.3
2022-12-31|09572|Erlangen-Höchstadt, Landkreis|Insgesamt|44.3
2022-12-31|09572|Erlangen-Höchstadt, Landkreis|männlich|43.1
2022-12-31|09572|Erlangen-Höchstadt, Landkreis|weiblich|45.5
2022-12-31|09573|Fürth, Landkreis|Insgesamt|45.7
2022-12-31|09573|Fürth, Landkreis|männlich|44.2
2022-12-31|09573|Fürth, Landkreis|weiblich|47.0
2022-12-31|09574|Nürnberger Land, Landkreis|Insgesamt|45.6
2022-12-31|09574|Nürnberger Land, Landkreis|männlich|44.2
2022-12-31|09574|Nürnberger Land, Landkreis|weiblich|47.0
2022-12-31|09575|Neustadt a.d.Aisch-Bad Windsheim, Landkreis|Insgesamt|44.9
2022-12-31|09575|Neustadt a.d.Aisch-Bad Windsheim, Landkreis|männlich|43.9
2022-12-31|09575|Neustadt a.d.Aisch-Bad Windsheim, Landkreis|weiblich|45.9
2022-12-31|09576|Roth, Landkreis|Insgesamt|45.0
2022-12-31|09576|Roth, Landkreis|männlich|44.0
2022-12-31|09576|Roth, Landkreis|weiblich|46.1
2022-12-31|09577|Weißenburg-Gunzenhausen, Landkreis|Insgesamt|44.9
2022-12-31|09577|Weißenburg-Gunzenhausen, Landkreis|männlich|43.7
2022-12-31|09577|Weißenburg-Gunzenhausen, Landkreis|weiblich|46.1
2022-12-31|09661|Aschaffenburg, kreisfreie Stadt|Insgesamt|44.4
2022-12-31|09661|Aschaffenburg, kreisfreie Stadt|männlich|42.8
2022-12-31|09661|Aschaffenburg, kreisfreie Stadt|weiblich|45.9
2022-12-31|09662|Schweinfurt, kreisfreie Stadt|Insgesamt|44.9
2022-12-31|09662|Schweinfurt, kreisfreie Stadt|männlich|42.6
2022-12-31|09662|Schweinfurt, kreisfreie Stadt|weiblich|47.1
2022-12-31|09663|Würzburg, kreisfreie Stadt|Insgesamt|42.9
2022-12-31|09663|Würzburg, kreisfreie Stadt|männlich|41.7
2022-12-31|09663|Würzburg, kreisfreie Stadt|weiblich|44.1
2022-12-31|09671|Aschaffenburg, Landkreis|Insgesamt|45.5
2022-12-31|09671|Aschaffenburg, Landkreis|männlich|44.4
2022-12-31|09671|Aschaffenburg, Landkreis|weiblich|46.6
2022-12-31|09672|Bad Kissingen, Landkreis|Insgesamt|47.0
2022-12-31|09672|Bad Kissingen, Landkreis|männlich|45.9
2022-12-31|09672|Bad Kissingen, Landkreis|weiblich|48.0
2022-12-31|09673|Rhön-Grabfeld, Landkreis|Insgesamt|45.6
2022-12-31|09673|Rhön-Grabfeld, Landkreis|männlich|44.4
2022-12-31|09673|Rhön-Grabfeld, Landkreis|weiblich|46.7
2022-12-31|09674|Haßberge, Landkreis|Insgesamt|45.3
2022-12-31|09674|Haßberge, Landkreis|männlich|44.3
2022-12-31|09674|Haßberge, Landkreis|weiblich|46.3
2022-12-31|09675|Kitzingen, Landkreis|Insgesamt|44.6
2022-12-31|09675|Kitzingen, Landkreis|männlich|43.4
2022-12-31|09675|Kitzingen, Landkreis|weiblich|45.8
2022-12-31|09676|Miltenberg, Landkreis|Insgesamt|45.3
2022-12-31|09676|Miltenberg, Landkreis|männlich|44.1
2022-12-31|09676|Miltenberg, Landkreis|weiblich|46.4
2022-12-31|09677|Main-Spessart, Landkreis|Insgesamt|46.4
2022-12-31|09677|Main-Spessart, Landkreis|männlich|45.3
2022-12-31|09677|Main-Spessart, Landkreis|weiblich|47.5
2022-12-31|09678|Schweinfurt, Landkreis|Insgesamt|45.2
2022-12-31|09678|Schweinfurt, Landkreis|männlich|43.9
2022-12-31|09678|Schweinfurt, Landkreis|weiblich|46.6
2022-12-31|09679|Würzburg, Landkreis|Insgesamt|45.1
2022-12-31|09679|Würzburg, Landkreis|männlich|44.0
2022-12-31|09679|Würzburg, Landkreis|weiblich|46.1
2022-12-31|09761|Augsburg, kreisfreie Stadt|Insgesamt|42.7
2022-12-31|09761|Augsburg, kreisfreie Stadt|männlich|41.3
2022-12-31|09761|Augsburg, kreisfreie Stadt|weiblich|44.2
2022-12-31|09762|Kaufbeuren, kreisfreie Stadt|Insgesamt|44.7
2022-12-31|09762|Kaufbeuren, kreisfreie Stadt|männlich|43.1
2022-12-31|09762|Kaufbeuren, kreisfreie Stadt|weiblich|46.1
2022-12-31|09763|Kempten (Allgäu), kreisfreie Stadt|Insgesamt|44.2
2022-12-31|09763|Kempten (Allgäu), kreisfreie Stadt|männlich|42.6
2022-12-31|09763|Kempten (Allgäu), kreisfreie Stadt|weiblich|45.7
2022-12-31|09764|Memmingen, kreisfreie Stadt|Insgesamt|44.1
2022-12-31|09764|Memmingen, kreisfreie Stadt|männlich|43.2
2022-12-31|09764|Memmingen, kreisfreie Stadt|weiblich|45.0
2022-12-31|09771|Aichach-Friedberg, Landkreis|Insgesamt|44.0
2022-12-31|09771|Aichach-Friedberg, Landkreis|männlich|43.0
2022-12-31|09771|Aichach-Friedberg, Landkreis|weiblich|44.9
2022-12-31|09772|Augsburg, Landkreis|Insgesamt|44.1
2022-12-31|09772|Augsburg, Landkreis|männlich|42.9
2022-12-31|09772|Augsburg, Landkreis|weiblich|45.2
2022-12-31|09773|Dillingen a.d.Donau, Landkreis|Insgesamt|44.1
2022-12-31|09773|Dillingen a.d.Donau, Landkreis|männlich|43.0
2022-12-31|09773|Dillingen a.d.Donau, Landkreis|weiblich|45.2
2022-12-31|09774|Günzburg, Landkreis|Insgesamt|43.7
2022-12-31|09774|Günzburg, Landkreis|männlich|42.6
2022-12-31|09774|Günzburg, Landkreis|weiblich|44.8
2022-12-31|09775|Neu-Ulm, Landkreis|Insgesamt|43.6
2022-12-31|09775|Neu-Ulm, Landkreis|männlich|42.6
2022-12-31|09775|Neu-Ulm, Landkreis|weiblich|44.7
2022-12-31|09776|Lindau (Bodensee), Landkreis|Insgesamt|45.5
2022-12-31|09776|Lindau (Bodensee), Landkreis|männlich|44.2
2022-12-31|09776|Lindau (Bodensee), Landkreis|weiblich|46.8
2022-12-31|09777|Ostallgäu, Landkreis|Insgesamt|44.4
2022-12-31|09777|Ostallgäu, Landkreis|männlich|43.3
2022-12-31|09777|Ostallgäu, Landkreis|weiblich|45.4
2022-12-31|09778|Unterallgäu, Landkreis|Insgesamt|44.2
2022-12-31|09778|Unterallgäu, Landkreis|männlich|43.1
2022-12-31|09778|Unterallgäu, Landkreis|weiblich|45.4
2022-12-31|09779|Donau-Ries, Landkreis|Insgesamt|44.1
2022-12-31|09779|Donau-Ries, Landkreis|männlich|43.0
2022-12-31|09779|Donau-Ries, Landkreis|weiblich|45.2
2022-12-31|09780|Oberallgäu, Landkreis|Insgesamt|45.5
2022-12-31|09780|Oberallgäu, Landkreis|männlich|44.4
2022-12-31|09780|Oberallgäu, Landkreis|weiblich|46.7
2022-12-31|10041|Saarbrücken, Regionalverband|Insgesamt|45.3
2022-12-31|10041|Saarbrücken, Regionalverband|männlich|43.8
2022-12-31|10041|Saarbrücken, Regionalverband|weiblich|46.8
2022-12-31|10041100|Saarbrücken, Landeshauptstadt|Insgesamt|44.2
2022-12-31|10041100|Saarbrücken, Landeshauptstadt|männlich|42.6
2022-12-31|10041100|Saarbrücken, Landeshauptstadt|weiblich|45.7
2022-12-31|10042|Merzig-Wadern, Landkreis|Insgesamt|46.1
2022-12-31|10042|Merzig-Wadern, Landkreis|männlich|44.5
2022-12-31|10042|Merzig-Wadern, Landkreis|weiblich|47.7
2022-12-31|10043|Neunkirchen, Landkreis|Insgesamt|46.7
2022-12-31|10043|Neunkirchen, Landkreis|männlich|45.1
2022-12-31|10043|Neunkirchen, Landkreis|weiblich|48.2
2022-12-31|10044|Saarlouis, Landkreis|Insgesamt|46.6
2022-12-31|10044|Saarlouis, Landkreis|männlich|45.1
2022-12-31|10044|Saarlouis, Landkreis|weiblich|48.1
2022-12-31|10045|Saarpfalz-Kreis|Insgesamt|47.3
2022-12-31|10045|Saarpfalz-Kreis|männlich|45.9
2022-12-31|10045|Saarpfalz-Kreis|weiblich|48.6
2022-12-31|10046|St. Wendel, Landkreis|Insgesamt|47.7
2022-12-31|10046|St. Wendel, Landkreis|männlich|46.9
2022-12-31|10046|St. Wendel, Landkreis|weiblich|48.5
2022-12-31|11000|Berlin, kreisfreie Stadt|Insgesamt|42.8
2022-12-31|11000|Berlin, kreisfreie Stadt|männlich|41.6
2022-12-31|11000|Berlin, kreisfreie Stadt|weiblich|44.0
2022-12-31|11001001|Berlin-Mitte|Insgesamt|39.0
2022-12-31|11001001|Berlin-Mitte|männlich|38.6
2022-12-31|11001001|Berlin-Mitte|weiblich|39.4
2022-12-31|11002002|Berlin-Friedrichshain-Kreuzberg|Insgesamt|38.9
2022-12-31|11002002|Berlin-Friedrichshain-Kreuzberg|männlich|38.6
2022-12-31|11002002|Berlin-Friedrichshain-Kreuzberg|weiblich|39.1
2022-12-31|11003003|Berlin-Pankow|Insgesamt|41.3
2022-12-31|11003003|Berlin-Pankow|männlich|40.3
2022-12-31|11003003|Berlin-Pankow|weiblich|42.2
2022-12-31|11004004|Berlin-Charlottenburg-Wilmersdorf|Insgesamt|45.3
2022-12-31|11004004|Berlin-Charlottenburg-Wilmersdorf|männlich|43.9
2022-12-31|11004004|Berlin-Charlottenburg-Wilmersdorf|weiblich|46.7
2022-12-31|11005005|Berlin-Spandau|Insgesamt|43.3
2022-12-31|11005005|Berlin-Spandau|männlich|41.8
2022-12-31|11005005|Berlin-Spandau|weiblich|44.7
2022-12-31|11006006|Berlin-Steglitz-Zehlendorf|Insgesamt|46.5
2022-12-31|11006006|Berlin-Steglitz-Zehlendorf|männlich|44.7
2022-12-31|11006006|Berlin-Steglitz-Zehlendorf|weiblich|48.1
2022-12-31|11007007|Berlin-Tempelhof-Schöneberg|Insgesamt|44.1
2022-12-31|11007007|Berlin-Tempelhof-Schöneberg|männlich|42.8
2022-12-31|11007007|Berlin-Tempelhof-Schöneberg|weiblich|45.3
2022-12-31|11008008|Berlin-Neukölln|Insgesamt|41.9
2022-12-31|11008008|Berlin-Neukölln|männlich|41.0
2022-12-31|11008008|Berlin-Neukölln|weiblich|42.8
2022-12-31|11009009|Berlin-Treptow-Köpenick|Insgesamt|44.0
2022-12-31|11009009|Berlin-Treptow-Köpenick|männlich|42.4
2022-12-31|11009009|Berlin-Treptow-Köpenick|weiblich|45.5
2022-12-31|11010010|Berlin-Marzahn-Hellersdorf|Insgesamt|43.8
2022-12-31|11010010|Berlin-Marzahn-Hellersdorf|männlich|42.7
2022-12-31|11010010|Berlin-Marzahn-Hellersdorf|weiblich|44.9
2022-12-31|11011011|Berlin-Lichtenberg|Insgesamt|42.1
2022-12-31|11011011|Berlin-Lichtenberg|männlich|40.7
2022-12-31|11011011|Berlin-Lichtenberg|weiblich|43.5
2022-12-31|11012012|Berlin-Reinickendorf|Insgesamt|44.8
2022-12-31|11012012|Berlin-Reinickendorf|männlich|43.2
2022-12-31|11012012|Berlin-Reinickendorf|weiblich|46.2
2022-12-31|12051|Brandenburg an der Havel, kreisfreie Stadt|Insgesamt|47.9
2022-12-31|12051|Brandenburg an der Havel, kreisfreie Stadt|männlich|46.1
2022-12-31|12051|Brandenburg an der Havel, kreisfreie Stadt|weiblich|49.5
2022-12-31|12052|Cottbus, kreisfreie Stadt|Insgesamt|47.1
2022-12-31|12052|Cottbus, kreisfreie Stadt|männlich|45.1
2022-12-31|12052|Cottbus, kreisfreie Stadt|weiblich|49.1
2022-12-31|12053|Frankfurt (Oder), kreisfreie Stadt|Insgesamt|47.9
2022-12-31|12053|Frankfurt (Oder), kreisfreie Stadt|männlich|46.1
2022-12-31|12053|Frankfurt (Oder), kreisfreie Stadt|weiblich|49.7
2022-12-31|12054|Potsdam, kreisfreie Stadt|Insgesamt|43.1
2022-12-31|12054|Potsdam, kreisfreie Stadt|männlich|41.7
2022-12-31|12054|Potsdam, kreisfreie Stadt|weiblich|44.5
2022-12-31|12060|Barnim, Landkreis|Insgesamt|46.8
2022-12-31|12060|Barnim, Landkreis|männlich|45.7
2022-12-31|12060|Barnim, Landkreis|weiblich|47.9
2022-12-31|12061|Dahme-Spreewald, Landkreis|Insgesamt|46.6
2022-12-31|12061|Dahme-Spreewald, Landkreis|männlich|45.5
2022-12-31|12061|Dahme-Spreewald, Landkreis|weiblich|47.8
2022-12-31|12062|Elbe-Elster, Landkreis|Insgesamt|49.7
2022-12-31|12062|Elbe-Elster, Landkreis|männlich|48.1
2022-12-31|12062|Elbe-Elster, Landkreis|weiblich|51.3
2022-12-31|12063|Havelland, Landkreis|Insgesamt|46.2
2022-12-31|12063|Havelland, Landkreis|männlich|45.0
2022-12-31|12063|Havelland, Landkreis|weiblich|47.3
2022-12-31|12064|Märkisch-Oderland, Landkreis|Insgesamt|47.4
2022-12-31|12064|Märkisch-Oderland, Landkreis|männlich|46.1
2022-12-31|12064|Märkisch-Oderland, Landkreis|weiblich|48.7
2022-12-31|12065|Oberhavel, Landkreis|Insgesamt|46.8
2022-12-31|12065|Oberhavel, Landkreis|männlich|45.6
2022-12-31|12065|Oberhavel, Landkreis|weiblich|47.9
2022-12-31|12066|Oberspreewald-Lausitz, Landkreis|Insgesamt|49.6
2022-12-31|12066|Oberspreewald-Lausitz, Landkreis|männlich|47.6
2022-12-31|12066|Oberspreewald-Lausitz, Landkreis|weiblich|51.6
2022-12-31|12067|Oder-Spree, Landkreis|Insgesamt|48.4
2022-12-31|12067|Oder-Spree, Landkreis|männlich|46.9
2022-12-31|12067|Oder-Spree, Landkreis|weiblich|49.8
2022-12-31|12068|Ostprignitz-Ruppin, Landkreis|Insgesamt|48.4
2022-12-31|12068|Ostprignitz-Ruppin, Landkreis|männlich|46.9
2022-12-31|12068|Ostprignitz-Ruppin, Landkreis|weiblich|49.9
2022-12-31|12069|Potsdam-Mittelmark, Landkreis|Insgesamt|46.7
2022-12-31|12069|Potsdam-Mittelmark, Landkreis|männlich|45.5
2022-12-31|12069|Potsdam-Mittelmark, Landkreis|weiblich|47.8
2022-12-31|12070|Prignitz, Landkreis|Insgesamt|49.4
2022-12-31|12070|Prignitz, Landkreis|männlich|47.7
2022-12-31|12070|Prignitz, Landkreis|weiblich|51.1
2022-12-31|12071|Spree-Neiße, Landkreis|Insgesamt|50.1
2022-12-31|12071|Spree-Neiße, Landkreis|männlich|48.6
2022-12-31|12071|Spree-Neiße, Landkreis|weiblich|51.5
2022-12-31|12072|Teltow-Fläming, Landkreis|Insgesamt|45.8
2022-12-31|12072|Teltow-Fläming, Landkreis|männlich|44.5
2022-12-31|12072|Teltow-Fläming, Landkreis|weiblich|47.1
2022-12-31|12073|Uckermark, Landkreis|Insgesamt|49.7
2022-12-31|12073|Uckermark, Landkreis|männlich|48.0
2022-12-31|12073|Uckermark, Landkreis|weiblich|51.4
2022-12-31|13003|Rostock, kreisfreie Stadt|Insgesamt|45.9
2022-12-31|13003|Rostock, kreisfreie Stadt|männlich|44.1
2022-12-31|13003|Rostock, kreisfreie Stadt|weiblich|47.6
2022-12-31|13004|Schwerin, kreisfreie Stadt|Insgesamt|46.9
2022-12-31|13004|Schwerin, kreisfreie Stadt|männlich|44.9
2022-12-31|13004|Schwerin, kreisfreie Stadt|weiblich|48.7
2022-12-31|13071|Mecklenburgische Seenplatte, Landkreis|Insgesamt|48.9
2022-12-31|13071|Mecklenburgische Seenplatte, Landkreis|männlich|47.2
2022-12-31|13071|Mecklenburgische Seenplatte, Landkreis|weiblich|50.5
2022-12-31|13072|Landkreis Rostock|Insgesamt|47.6
2022-12-31|13072|Landkreis Rostock|männlich|46.3
2022-12-31|13072|Landkreis Rostock|weiblich|48.8
2022-12-31|13073|Vorpommern-Rügen, Landkreis|Insgesamt|49.1
2022-12-31|13073|Vorpommern-Rügen, Landkreis|männlich|47.6
2022-12-31|13073|Vorpommern-Rügen, Landkreis|weiblich|50.5
2022-12-31|13074|Nordwestmecklenburg, Landkreis|Insgesamt|47.2
2022-12-31|13074|Nordwestmecklenburg, Landkreis|männlich|45.8
2022-12-31|13074|Nordwestmecklenburg, Landkreis|weiblich|48.5
2022-12-31|13075|Vorpommern-Greifswald, Landkreis|Insgesamt|48.0
2022-12-31|13075|Vorpommern-Greifswald, Landkreis|männlich|46.8
2022-12-31|13075|Vorpommern-Greifswald, Landkreis|weiblich|49.2
2022-12-31|13076|Ludwigslust-Parchim, Landkreis|Insgesamt|47.8
2022-12-31|13076|Ludwigslust-Parchim, Landkreis|männlich|46.6
2022-12-31|13076|Ludwigslust-Parchim, Landkreis|weiblich|49.1
2022-12-31|14511|Chemnitz, kreisfreie Stadt|Insgesamt|46.8
2022-12-31|14511|Chemnitz, kreisfreie Stadt|männlich|44.7
2022-12-31|14511|Chemnitz, kreisfreie Stadt|weiblich|48.9
2022-12-31|14521|Erzgebirgskreis|Insgesamt|49.2
2022-12-31|14521|Erzgebirgskreis|männlich|47.5
2022-12-31|14521|Erzgebirgskreis|weiblich|50.9
2022-12-31|14522|Mittelsachsen, Landkreis|Insgesamt|48.6
2022-12-31|14522|Mittelsachsen, Landkreis|männlich|46.8
2022-12-31|14522|Mittelsachsen, Landkreis|weiblich|50.4
2022-12-31|14523|Vogtlandkreis|Insgesamt|49.7
2022-12-31|14523|Vogtlandkreis|männlich|47.7
2022-12-31|14523|Vogtlandkreis|weiblich|51.6
2022-12-31|14524|Zwickau, Landkreis|Insgesamt|49.0
2022-12-31|14524|Zwickau, Landkreis|männlich|47.0
2022-12-31|14524|Zwickau, Landkreis|weiblich|50.8
2022-12-31|14612|Dresden, kreisfreie Stadt|Insgesamt|43.4
2022-12-31|14612|Dresden, kreisfreie Stadt|männlich|41.8
2022-12-31|14612|Dresden, kreisfreie Stadt|weiblich|45.0
2022-12-31|14625|Bautzen, Landkreis|Insgesamt|48.5
2022-12-31|14625|Bautzen, Landkreis|männlich|46.8
2022-12-31|14625|Bautzen, Landkreis|weiblich|50.1
2022-12-31|14626|Görlitz, Landkreis|Insgesamt|49.6
2022-12-31|14626|Görlitz, Landkreis|männlich|47.8
2022-12-31|14626|Görlitz, Landkreis|weiblich|51.2
2022-12-31|14627|Meißen, Landkreis|Insgesamt|48.5
2022-12-31|14627|Meißen, Landkreis|männlich|46.9
2022-12-31|14627|Meißen, Landkreis|weiblich|50.0
2022-12-31|14628|Sächsische Schweiz-Osterzgebirge, Landkreis|Insgesamt|47.9
2022-12-31|14628|Sächsische Schweiz-Osterzgebirge, Landkreis|männlich|46.4
2022-12-31|14628|Sächsische Schweiz-Osterzgebirge, Landkreis|weiblich|49.5
2022-12-31|14713|Leipzig, kreisfreie Stadt|Insgesamt|42.2
2022-12-31|14713|Leipzig, kreisfreie Stadt|männlich|40.9
2022-12-31|14713|Leipzig, kreisfreie Stadt|weiblich|43.6
2022-12-31|14729|Leipzig, Landkreis|Insgesamt|47.9
2022-12-31|14729|Leipzig, Landkreis|männlich|46.3
2022-12-31|14729|Leipzig, Landkreis|weiblich|49.5
2022-12-31|14730|Nordsachsen, Landkreis|Insgesamt|47.6
2022-12-31|14730|Nordsachsen, Landkreis|männlich|46.0
2022-12-31|14730|Nordsachsen, Landkreis|weiblich|49.3
2022-12-31|15001|Dessau-Roßlau, kreisfreie Stadt|Insgesamt|50.5
2022-12-31|15001|Dessau-Roßlau, kreisfreie Stadt|männlich|48.6
2022-12-31|15001|Dessau-Roßlau, kreisfreie Stadt|weiblich|52.4
2022-12-31|15002|Halle (Saale), kreisfreie Stadt|Insgesamt|44.7
2022-12-31|15002|Halle (Saale), kreisfreie Stadt|männlich|42.7
2022-12-31|15002|Halle (Saale), kreisfreie Stadt|weiblich|46.7
2022-12-31|15003|Magdeburg, kreisfreie Stadt, Landeshauptstadt|Insgesamt|45.2
2022-12-31|15003|Magdeburg, kreisfreie Stadt, Landeshauptstadt|männlich|43.0
2022-12-31|15003|Magdeburg, kreisfreie Stadt, Landeshauptstadt|weiblich|47.3
2022-12-31|15081|Altmarkkreis Salzwedel|Insgesamt|48.1
2022-12-31|15081|Altmarkkreis Salzwedel|männlich|46.2
2022-12-31|15081|Altmarkkreis Salzwedel|weiblich|49.9
2022-12-31|15082|Anhalt-Bitterfeld, Landkreis|Insgesamt|49.3
2022-12-31|15082|Anhalt-Bitterfeld, Landkreis|männlich|47.6
2022-12-31|15082|Anhalt-Bitterfeld, Landkreis|weiblich|51.0
2022-12-31|15083|Börde, Landkreis|Insgesamt|47.5
2022-12-31|15083|Börde, Landkreis|männlich|45.9
2022-12-31|15083|Börde, Landkreis|weiblich|49.2
2022-12-31|15084|Burgenlandkreis|Insgesamt|49.2
2022-12-31|15084|Burgenlandkreis|männlich|47.3
2022-12-31|15084|Burgenlandkreis|weiblich|50.9
2022-12-31|15085|Harz, Landkreis|Insgesamt|49.6
2022-12-31|15085|Harz, Landkreis|männlich|47.7
2022-12-31|15085|Harz, Landkreis|weiblich|51.4
2022-12-31|15086|Jerichower Land, Landkreis|Insgesamt|48.6
2022-12-31|15086|Jerichower Land, Landkreis|männlich|47.0
2022-12-31|15086|Jerichower Land, Landkreis|weiblich|50.1
2022-12-31|15087|Mansfeld-Südharz, Landkreis|Insgesamt|50.5
2022-12-31|15087|Mansfeld-Südharz, Landkreis|männlich|48.7
2022-12-31|15087|Mansfeld-Südharz, Landkreis|weiblich|52.3
2022-12-31|15088|Saalekreis|Insgesamt|47.9
2022-12-31|15088|Saalekreis|männlich|46.4
2022-12-31|15088|Saalekreis|weiblich|49.4
2022-12-31|15089|Salzlandkreis|Insgesamt|49.2
2022-12-31|15089|Salzlandkreis|männlich|47.2
2022-12-31|15089|Salzlandkreis|weiblich|51.2
2022-12-31|15090|Stendal, Landkreis|Insgesamt|48.5
2022-12-31|15090|Stendal, Landkreis|männlich|46.9
2022-12-31|15090|Stendal, Landkreis|weiblich|50.0
2022-12-31|15091|Wittenberg, Landkreis|Insgesamt|49.7
2022-12-31|15091|Wittenberg, Landkreis|männlich|47.7
2022-12-31|15091|Wittenberg, Landkreis|weiblich|51.7
2022-12-31|16051|Erfurt, kreisfreie Stadt|Insgesamt|44.6
2022-12-31|16051|Erfurt, kreisfreie Stadt|männlich|43.3
2022-12-31|16051|Erfurt, kreisfreie Stadt|weiblich|45.9
2022-12-31|16052|Gera, kreisfreie Stadt|Insgesamt|48.3
2022-12-31|16052|Gera, kreisfreie Stadt|männlich|46.3
2022-12-31|16052|Gera, kreisfreie Stadt|weiblich|50.3
2022-12-31|16053|Jena, kreisfreie Stadt|Insgesamt|43.3
2022-12-31|16053|Jena, kreisfreie Stadt|männlich|41.8
2022-12-31|16053|Jena, kreisfreie Stadt|weiblich|44.7
2022-12-31|16054|Suhl, kreisfreie Stadt|Insgesamt|50.6
2022-12-31|16054|Suhl, kreisfreie Stadt|männlich|48.3
2022-12-31|16054|Suhl, kreisfreie Stadt|weiblich|52.8
2022-12-31|16055|Weimar, kreisfreie Stadt|Insgesamt|45.1
2022-12-31|16055|Weimar, kreisfreie Stadt|männlich|43.6
2022-12-31|16055|Weimar, kreisfreie Stadt|weiblich|46.5
2022-12-31|16061|Eichsfeld, Landkreis|Insgesamt|46.5
2022-12-31|16061|Eichsfeld, Landkreis|männlich|45.4
2022-12-31|16061|Eichsfeld, Landkreis|weiblich|47.6
2022-12-31|16062|Nordhausen, Landkreis|Insgesamt|48.2
2022-12-31|16062|Nordhausen, Landkreis|männlich|46.4
2022-12-31|16062|Nordhausen, Landkreis|weiblich|49.9
2022-12-31|16063|Wartburgkreis|Insgesamt|48.1
2022-12-31|16063|Wartburgkreis|männlich|46.5
2022-12-31|16063|Wartburgkreis|weiblich|49.7
2022-12-31|16064|Unstrut-Hainich-Kreis|Insgesamt|47.4
2022-12-31|16064|Unstrut-Hainich-Kreis|männlich|45.6
2022-12-31|16064|Unstrut-Hainich-Kreis|weiblich|49.2
2022-12-31|16065|Kyffhäuserkreis|Insgesamt|49.0
2022-12-31|16065|Kyffhäuserkreis|männlich|47.1
2022-12-31|16065|Kyffhäuserkreis|weiblich|51.0
2022-12-31|16066|Schmalkalden-Meiningen, Landkreis|Insgesamt|48.5
2022-12-31|16066|Schmalkalden-Meiningen, Landkreis|männlich|46.7
2022-12-31|16066|Schmalkalden-Meiningen, Landkreis|weiblich|50.2
2022-12-31|16067|Gotha, Landkreis|Insgesamt|47.4
2022-12-31|16067|Gotha, Landkreis|männlich|45.9
2022-12-31|16067|Gotha, Landkreis|weiblich|48.8
2022-12-31|16068|Sömmerda, Landkreis|Insgesamt|47.4
2022-12-31|16068|Sömmerda, Landkreis|männlich|45.6
2022-12-31|16068|Sömmerda, Landkreis|weiblich|49.2
2022-12-31|16069|Hildburghausen, Landkreis|Insgesamt|48.1
2022-12-31|16069|Hildburghausen, Landkreis|männlich|46.5
2022-12-31|16069|Hildburghausen, Landkreis|weiblich|49.6
2022-12-31|16070|Ilm-Kreis|Insgesamt|47.3
2022-12-31|16070|Ilm-Kreis|männlich|45.4
2022-12-31|16070|Ilm-Kreis|weiblich|49.3
2022-12-31|16071|Weimarer Land, Landkreis|Insgesamt|46.6
2022-12-31|16071|Weimarer Land, Landkreis|männlich|45.5
2022-12-31|16071|Weimarer Land, Landkreis|weiblich|47.7
2022-12-31|16072|Sonneberg, Landkreis|Insgesamt|49.3
2022-12-31|16072|Sonneberg, Landkreis|männlich|47.3
2022-12-31|16072|Sonneberg, Landkreis|weiblich|51.3
2022-12-31|16073|Saalfeld-Rudolstadt, Landkreis|Insgesamt|49.8
2022-12-31|16073|Saalfeld-Rudolstadt, Landkreis|männlich|47.9
2022-12-31|16073|Saalfeld-Rudolstadt, Landkreis|weiblich|51.6
2022-12-31|16074|Saale-Holzland-Kreis|Insgesamt|48.1
2022-12-31|16074|Saale-Holzland-Kreis|männlich|46.9
2022-12-31|16074|Saale-Holzland-Kreis|weiblich|49.3
2022-12-31|16075|Saale-Orla-Kreis|Insgesamt|48.7
2022-12-31|16075|Saale-Orla-Kreis|männlich|47.2
2022-12-31|16075|Saale-Orla-Kreis|weiblich|50.2
2022-12-31|16076|Greiz, Landkreis|Insgesamt|50.2
2022-12-31|16076|Greiz, Landkreis|männlich|48.3
2022-12-31|16076|Greiz, Landkreis|weiblich|52.1
2022-12-31|16077|Altenburger Land, Landkreis|Insgesamt|50.4
2022-12-31|16077|Altenburger Land, Landkreis|männlich|48.6
2022-12-31|16077|Altenburger Land, Landkreis|weiblich|52.0
2022-12-31|010|Schleswig-Holstein|Insgesamt|45.7
2022-12-31|010|Schleswig-Holstein|männlich|44.4
2022-12-31|010|Schleswig-Holstein|weiblich|46.9
2022-12-31|020|Hamburg|Insgesamt|42.2
2022-12-31|020|Hamburg|männlich|40.9
2022-12-31|020|Hamburg|weiblich|43.4
2022-12-31|031|Braunschweig, Statistische Region|Insgesamt|45.4
2022-12-31|031|Braunschweig, Statistische Region|männlich|44.1
2022-12-31|031|Braunschweig, Statistische Region|weiblich|46.7
2022-12-31|032|Hannover, Statistische Region|Insgesamt|45.1
2022-12-31|032|Hannover, Statistische Region|männlich|43.8
2022-12-31|032|Hannover, Statistische Region|weiblich|46.4
2022-12-31|033|Lüneburg, Statistische Region|Insgesamt|45.5
2022-12-31|033|Lüneburg, Statistische Region|männlich|44.2
2022-12-31|033|Lüneburg, Statistische Region|weiblich|46.8
2022-12-31|034|Weser-Ems, Statistische Region|Insgesamt|44.2
2022-12-31|034|Weser-Ems, Statistische Region|männlich|43.0
2022-12-31|034|Weser-Ems, Statistische Region|weiblich|45.3
2022-12-31|040|Bremen|Insgesamt|43.2
2022-12-31|040|Bremen|männlich|41.7
2022-12-31|040|Bremen|weiblich|44.7
2022-12-31|051|Düsseldorf, Regierungsbezirk|Insgesamt|44.6
2022-12-31|051|Düsseldorf, Regierungsbezirk|männlich|43.2
2022-12-31|051|Düsseldorf, Regierungsbezirk|weiblich|46.0
2022-12-31|053|Köln, Regierungsbezirk|Insgesamt|43.9
2022-12-31|053|Köln, Regierungsbezirk|männlich|42.7
2022-12-31|053|Köln, Regierungsbezirk|weiblich|45.2
2022-12-31|055|Münster, Regierungsbezirk|Insgesamt|44.1
2022-12-31|055|Münster, Regierungsbezirk|männlich|42.8
2022-12-31|055|Münster, Regierungsbezirk|weiblich|45.4
2022-12-31|057|Detmold, Regierungsbezirk|Insgesamt|44.1
2022-12-31|057|Detmold, Regierungsbezirk|männlich|42.8
2022-12-31|057|Detmold, Regierungsbezirk|weiblich|45.5
2022-12-31|059|Arnsberg, Regierungsbezirk|Insgesamt|44.8
2022-12-31|059|Arnsberg, Regierungsbezirk|männlich|43.3
2022-12-31|059|Arnsberg, Regierungsbezirk|weiblich|46.2
2022-12-31|064|Darmstadt, Regierungsbezirk|Insgesamt|43.7
2022-12-31|064|Darmstadt, Regierungsbezirk|männlich|42.6
2022-12-31|064|Darmstadt, Regierungsbezirk|weiblich|44.8
2022-12-31|065|Gießen, Regierungsbezirk|Insgesamt|44.4
2022-12-31|065|Gießen, Regierungsbezirk|männlich|43.2
2022-12-31|065|Gießen, Regierungsbezirk|weiblich|45.5
2022-12-31|066|Kassel, Regierungsbezirk|Insgesamt|45.5
2022-12-31|066|Kassel, Regierungsbezirk|männlich|44.2
2022-12-31|066|Kassel, Regierungsbezirk|weiblich|46.8
2022-12-31|071|Koblenz, Statistische Region|Insgesamt|45.5
2022-12-31|071|Koblenz, Statistische Region|männlich|44.2
2022-12-31|071|Koblenz, Statistische Region|weiblich|46.7
2022-12-31|072|Trier, Statistische Region|Insgesamt|44.7
2022-12-31|072|Trier, Statistische Region|männlich|43.5
2022-12-31|072|Trier, Statistische Region|weiblich|45.9
2022-12-31|073|Rheinhessen-Pfalz, Statistische Region|Insgesamt|44.7
2022-12-31|073|Rheinhessen-Pfalz, Statistische Region|männlich|43.6
2022-12-31|073|Rheinhessen-Pfalz, Statistische Region|weiblich|45.9
2022-12-31|081|Stuttgart, Regierungsbezirk|Insgesamt|43.7
2022-12-31|081|Stuttgart, Regierungsbezirk|männlich|42.5
2022-12-31|081|Stuttgart, Regierungsbezirk|weiblich|44.9
2022-12-31|082|Karlsruhe, Regierungsbezirk|Insgesamt|44.0
2022-12-31|082|Karlsruhe, Regierungsbezirk|männlich|42.7
2022-12-31|082|Karlsruhe, Regierungsbezirk|weiblich|45.3
2022-12-31|083|Freiburg, Regierungsbezirk|Insgesamt|43.9
2022-12-31|083|Freiburg, Regierungsbezirk|männlich|42.7
2022-12-31|083|Freiburg, Regierungsbezirk|weiblich|45.1
2022-12-31|084|Tübingen, Regierungsbezirk|Insgesamt|43.7
2022-12-31|084|Tübingen, Regierungsbezirk|männlich|42.5
2022-12-31|084|Tübingen, Regierungsbezirk|weiblich|44.8
2022-12-31|091|Oberbayern, Regierungsbezirk|Insgesamt|43.3
2022-12-31|091|Oberbayern, Regierungsbezirk|männlich|42.1
2022-12-31|091|Oberbayern, Regierungsbezirk|weiblich|44.5
2022-12-31|092|Niederbayern, Regierungsbezirk|Insgesamt|44.5
2022-12-31|092|Niederbayern, Regierungsbezirk|männlich|43.3
2022-12-31|092|Niederbayern, Regierungsbezirk|weiblich|45.7
2022-12-31|093|Oberpfalz, Regierungsbezirk|Insgesamt|44.4
2022-12-31|093|Oberpfalz, Regierungsbezirk|männlich|43.3
2022-12-31|093|Oberpfalz, Regierungsbezirk|weiblich|45.6
2022-12-31|094|Oberfranken, Regierungsbezirk|Insgesamt|45.8
2022-12-31|094|Oberfranken, Regierungsbezirk|männlich|44.3
2022-12-31|094|Oberfranken, Regierungsbezirk|weiblich|47.1
2022-12-31|095|Mittelfranken, Regierungsbezirk|Insgesamt|44.2
2022-12-31|095|Mittelfranken, Regierungsbezirk|männlich|42.8
2022-12-31|095|Mittelfranken, Regierungsbezirk|weiblich|45.5
2022-12-31|096|Unterfranken, Regierungsbezirk|Insgesamt|45.2
2022-12-31|096|Unterfranken, Regierungsbezirk|männlich|44.0
2022-12-31|096|Unterfranken, Regierungsbezirk|weiblich|46.4
2022-12-31|097|Schwaben, Regierungsbezirk|Insgesamt|44.0
2022-12-31|097|Schwaben, Regierungsbezirk|männlich|42.8
2022-12-31|097|Schwaben, Regierungsbezirk|weiblich|45.2
2022-12-31|100|Saarland, Regierungsbezirk|Insgesamt|46.3
2022-12-31|100|Saarland, Regierungsbezirk|männlich|44.9
2022-12-31|100|Saarland, Regierungsbezirk|weiblich|47.7
2022-12-31|110|Berlin|Insgesamt|42.8
2022-12-31|110|Berlin|männlich|41.6
2022-12-31|110|Berlin|weiblich|44.0
2022-12-31|120|Brandenburg|Insgesamt|47.3
2022-12-31|120|Brandenburg|männlich|45.9
2022-12-31|120|Brandenburg|weiblich|48.7
2022-12-31|130|Mecklenburg-Vorpommern, Statistische Region|Insgesamt|47.8
2022-12-31|130|Mecklenburg-Vorpommern, Statistische Region|männlich|46.3
2022-12-31|130|Mecklenburg-Vorpommern, Statistische Region|weiblich|49.2
2022-12-31|145|Chemnitz, Statistische Region|Insgesamt|48.7
2022-12-31|145|Chemnitz, Statistische Region|männlich|46.8
2022-12-31|145|Chemnitz, Statistische Region|weiblich|50.5
2022-12-31|146|Dresden, Statistische Region|Insgesamt|46.8
2022-12-31|146|Dresden, Statistische Region|männlich|45.1
2022-12-31|146|Dresden, Statistische Region|weiblich|48.4
2022-12-31|147|Leipzig, Statistische Region|Insgesamt|44.6
2022-12-31|147|Leipzig, Statistische Region|männlich|43.2
2022-12-31|147|Leipzig, Statistische Region|weiblich|46.1
2022-12-31|150|Sachsen-Anhalt|Insgesamt|48.1
2022-12-31|150|Sachsen-Anhalt|männlich|46.3
2022-12-31|150|Sachsen-Anhalt|weiblich|49.9
2022-12-31|160|Thüringen|Insgesamt|47.6
2022-12-31|160|Thüringen|männlich|45.9
2022-12-31|160|Thüringen|weiblich|49.1
2023-12-31|DG|Deutschland|Insgesamt|44.8
2023-12-31|DG|Deutschland|männlich|43.4
2023-12-31|DG|Deutschland|weiblich|46.1
2023-12-31|01|Schleswig-Holstein|Insgesamt|45.7
2023-12-31|01|Schleswig-Holstein|männlich|44.4
2023-12-31|01|Schleswig-Holstein|weiblich|47.0
2023-12-31|02|Hamburg|Insgesamt|42.2
2023-12-31|02|Hamburg|männlich|40.9
2023-12-31|02|Hamburg|weiblich|43.4
2023-12-31|03|Niedersachsen|Insgesamt|45.0
2023-12-31|03|Niedersachsen|männlich|43.7
2023-12-31|03|Niedersachsen|weiblich|46.3
2023-12-31|04|Bremen|Insgesamt|43.1
2023-12-31|04|Bremen|männlich|41.6
2023-12-31|04|Bremen|weiblich|44.6
2023-12-31|05|Nordrhein-Westfalen|Insgesamt|44.4
2023-12-31|05|Nordrhein-Westfalen|männlich|43.0
2023-12-31|05|Nordrhein-Westfalen|weiblich|45.7
2023-12-31|06|Hessen|Insgesamt|44.2
2023-12-31|06|Hessen|männlich|43.0
2023-12-31|06|Hessen|weiblich|45.4
2023-12-31|07|Rheinland-Pfalz|Insgesamt|45.0
2023-12-31|07|Rheinland-Pfalz|männlich|43.8
2023-12-31|07|Rheinland-Pfalz|weiblich|46.3
2023-12-31|08|Baden-Württemberg|Insgesamt|43.9
2023-12-31|08|Baden-Württemberg|männlich|42.7
2023-12-31|08|Baden-Württemberg|weiblich|45.1
2023-12-31|09|Bayern|Insgesamt|44.2
2023-12-31|09|Bayern|männlich|42.9
2023-12-31|09|Bayern|weiblich|45.4
2023-12-31|10|Saarland|Insgesamt|46.3
2023-12-31|10|Saarland|männlich|44.9
2023-12-31|10|Saarland|weiblich|47.8
2023-12-31|11|Berlin|Insgesamt|42.8
2023-12-31|11|Berlin|männlich|41.6
2023-12-31|11|Berlin|weiblich|44.0
2023-12-31|12|Brandenburg|Insgesamt|47.4
2023-12-31|12|Brandenburg|männlich|45.9
2023-12-31|12|Brandenburg|weiblich|48.7
2023-12-31|13|Mecklenburg-Vorpommern|Insgesamt|47.9
2023-12-31|13|Mecklenburg-Vorpommern|männlich|46.4
2023-12-31|13|Mecklenburg-Vorpommern|weiblich|49.3
2023-12-31|14|Sachsen|Insgesamt|46.9
2023-12-31|14|Sachsen|männlich|45.2
2023-12-31|14|Sachsen|weiblich|48.6
2023-12-31|15|Sachsen-Anhalt|Insgesamt|48.2
2023-12-31|15|Sachsen-Anhalt|männlich|46.3
2023-12-31|15|Sachsen-Anhalt|weiblich|50.0
2023-12-31|16|Thüringen|Insgesamt|47.7
2023-12-31|16|Thüringen|männlich|46.0
2023-12-31|16|Thüringen|weiblich|49.3
2023-12-31|01001|Flensburg, kreisfreie Stadt|Insgesamt|42.8
2023-12-31|01001|Flensburg, kreisfreie Stadt|männlich|41.8
2023-12-31|01001|Flensburg, kreisfreie Stadt|weiblich|43.8
2023-12-31|01002|Kiel, kreisfreie Stadt|Insgesamt|42.5
2023-12-31|01002|Kiel, kreisfreie Stadt|männlich|41.3
2023-12-31|01002|Kiel, kreisfreie Stadt|weiblich|43.6
2023-12-31|01003|Lübeck, kreisfreie Stadt, Hansestadt|Insgesamt|45.4
2023-12-31|01003|Lübeck, kreisfreie Stadt, Hansestadt|männlich|43.7
2023-12-31|01003|Lübeck, kreisfreie Stadt, Hansestadt|weiblich|47.0
2023-12-31|01004|Neumünster, kreisfreie Stadt|Insgesamt|45.1
2023-12-31|01004|Neumünster, kreisfreie Stadt|männlich|43.4
2023-12-31|01004|Neumünster, kreisfreie Stadt|weiblich|46.8
2023-12-31|01051|Dithmarschen, Kreis|Insgesamt|46.8
2023-12-31|01051|Dithmarschen, Kreis|männlich|45.6
2023-12-31|01051|Dithmarschen, Kreis|weiblich|48.1
2023-12-31|01053|Herzogtum Lauenburg, Kreis|Insgesamt|45.4
2023-12-31|01053|Herzogtum Lauenburg, Kreis|männlich|44.0
2023-12-31|01053|Herzogtum Lauenburg, Kreis|weiblich|46.7
2023-12-31|01054|Nordfriesland, Kreis|Insgesamt|46.6
2023-12-31|01054|Nordfriesland, Kreis|männlich|45.1
2023-12-31|01054|Nordfriesland, Kreis|weiblich|48.1
2023-12-31|01055|Ostholstein, Kreis|Insgesamt|49.0
2023-12-31|01055|Ostholstein, Kreis|männlich|47.8
2023-12-31|01055|Ostholstein, Kreis|weiblich|50.1
2023-12-31|01056|Pinneberg, Kreis|Insgesamt|45.3
2023-12-31|01056|Pinneberg, Kreis|männlich|43.9
2023-12-31|01056|Pinneberg, Kreis|weiblich|46.7
2023-12-31|01057|Plön, Kreis|Insgesamt|47.9
2023-12-31|01057|Plön, Kreis|männlich|46.6
2023-12-31|01057|Plön, Kreis|weiblich|49.1
2023-12-31|01058|Rendsburg-Eckernförde, Kreis|Insgesamt|46.2
2023-12-31|01058|Rendsburg-Eckernförde, Kreis|männlich|44.9
2023-12-31|01058|Rendsburg-Eckernförde, Kreis|weiblich|47.5
2023-12-31|01059|Schleswig-Flensburg, Kreis|Insgesamt|46.2
2023-12-31|01059|Schleswig-Flensburg, Kreis|männlich|45.1
2023-12-31|01059|Schleswig-Flensburg, Kreis|weiblich|47.3
2023-12-31|01060|Segeberg, Kreis|Insgesamt|45.2
2023-12-31|01060|Segeberg, Kreis|männlich|43.8
2023-12-31|01060|Segeberg, Kreis|weiblich|46.5
2023-12-31|01061|Steinburg, Kreis|Insgesamt|46.1
2023-12-31|01061|Steinburg, Kreis|männlich|44.8
2023-12-31|01061|Steinburg, Kreis|weiblich|47.4
2023-12-31|01062|Stormarn, Kreis|Insgesamt|46.0
2023-12-31|01062|Stormarn, Kreis|männlich|44.6
2023-12-31|01062|Stormarn, Kreis|weiblich|47.2
2023-12-31|02000|Hamburg, kreisfreie Stadt, Freie und Hansestadt|Insgesamt|42.2
2023-12-31|02000|Hamburg, kreisfreie Stadt, Freie und Hansestadt|männlich|40.9
2023-12-31|02000|Hamburg, kreisfreie Stadt, Freie und Hansestadt|weiblich|43.4
2023-12-31|03101|Braunschweig, kreisfreie Stadt|Insgesamt|44.1
2023-12-31|03101|Braunschweig, kreisfreie Stadt|männlich|42.6
2023-12-31|03101|Braunschweig, kreisfreie Stadt|weiblich|45.6
2023-12-31|03102|Salzgitter, kreisfreie Stadt|Insgesamt|44.1
2023-12-31|03102|Salzgitter, kreisfreie Stadt|männlich|42.7
2023-12-31|03102|Salzgitter, kreisfreie Stadt|weiblich|45.5
2023-12-31|03103|Wolfsburg, kreisfreie Stadt|Insgesamt|44.1
2023-12-31|03103|Wolfsburg, kreisfreie Stadt|männlich|42.6
2023-12-31|03103|Wolfsburg, kreisfreie Stadt|weiblich|45.5
2023-12-31|03151|Gifhorn, Landkreis|Insgesamt|44.5
2023-12-31|03151|Gifhorn, Landkreis|männlich|43.5
2023-12-31|03151|Gifhorn, Landkreis|weiblich|45.4
2023-12-31|03153|Goslar, Landkreis|Insgesamt|48.3
2023-12-31|03153|Goslar, Landkreis|männlich|46.6
2023-12-31|03153|Goslar, Landkreis|weiblich|50.0
2023-12-31|03154|Helmstedt, Landkreis|Insgesamt|46.2
2023-12-31|03154|Helmstedt, Landkreis|männlich|44.9
2023-12-31|03154|Helmstedt, Landkreis|weiblich|47.5
2023-12-31|03155|Northeim, Landkreis|Insgesamt|47.5
2023-12-31|03155|Northeim, Landkreis|männlich|46.3
2023-12-31|03155|Northeim, Landkreis|weiblich|48.6
2023-12-31|03157|Peine, Landkreis|Insgesamt|44.6
2023-12-31|03157|Peine, Landkreis|männlich|43.5
2023-12-31|03157|Peine, Landkreis|weiblich|45.7
2023-12-31|03158|Wolfenbüttel, Landkreis|Insgesamt|46.5
2023-12-31|03158|Wolfenbüttel, Landkreis|männlich|45.1
2023-12-31|03158|Wolfenbüttel, Landkreis|weiblich|47.9
2023-12-31|03159|Göttingen, Landkreis|Insgesamt|45.5
2023-12-31|03159|Göttingen, Landkreis|männlich|44.2
2023-12-31|03159|Göttingen, Landkreis|weiblich|46.7
2023-12-31|03241|Region Hannover, Landkreis|Insgesamt|44.3
2023-12-31|03241|Region Hannover, Landkreis|männlich|42.9
2023-12-31|03241|Region Hannover, Landkreis|weiblich|45.7
2023-12-31|03241001|Hannover, Landeshauptstadt|Insgesamt|42.8
2023-12-31|03241001|Hannover, Landeshauptstadt|männlich|41.4
2023-12-31|03241001|Hannover, Landeshauptstadt|weiblich|44.1
2023-12-31|03251|Diepholz, Landkreis|Insgesamt|45.6
2023-12-31|03251|Diepholz, Landkreis|männlich|44.5
2023-12-31|03251|Diepholz, Landkreis|weiblich|46.6
2023-12-31|03252|Hameln-Pyrmont, Landkreis|Insgesamt|46.8
2023-12-31|03252|Hameln-Pyrmont, Landkreis|männlich|45.2
2023-12-31|03252|Hameln-Pyrmont, Landkreis|weiblich|48.3
2023-12-31|03254|Hildesheim, Landkreis|Insgesamt|45.8
2023-12-31|03254|Hildesheim, Landkreis|männlich|44.5
2023-12-31|03254|Hildesheim, Landkreis|weiblich|47.1
2023-12-31|03255|Holzminden, Landkreis|Insgesamt|47.3
2023-12-31|03255|Holzminden, Landkreis|männlich|46.3
2023-12-31|03255|Holzminden, Landkreis|weiblich|48.3
2023-12-31|03256|Nienburg (Weser), Landkreis|Insgesamt|45.4
2023-12-31|03256|Nienburg (Weser), Landkreis|männlich|44.2
2023-12-31|03256|Nienburg (Weser), Landkreis|weiblich|46.5
2023-12-31|03257|Schaumburg, Landkreis|Insgesamt|46.9
2023-12-31|03257|Schaumburg, Landkreis|männlich|45.3
2023-12-31|03257|Schaumburg, Landkreis|weiblich|48.3
2023-12-31|03351|Celle, Landkreis|Insgesamt|45.6
2023-12-31|03351|Celle, Landkreis|männlich|44.3
2023-12-31|03351|Celle, Landkreis|weiblich|46.8
2023-12-31|03352|Cuxhaven, Landkreis|Insgesamt|47.0
2023-12-31|03352|Cuxhaven, Landkreis|männlich|45.5
2023-12-31|03352|Cuxhaven, Landkreis|weiblich|48.3
2023-12-31|03353|Harburg, Landkreis|Insgesamt|45.4
2023-12-31|03353|Harburg, Landkreis|männlich|44.1
2023-12-31|03353|Harburg, Landkreis|weiblich|46.8
2023-12-31|03354|Lüchow-Dannenberg, Landkreis|Insgesamt|48.9
2023-12-31|03354|Lüchow-Dannenberg, Landkreis|männlich|47.4
2023-12-31|03354|Lüchow-Dannenberg, Landkreis|weiblich|50.3
2023-12-31|03355|Lüneburg, Landkreis|Insgesamt|44.3
2023-12-31|03355|Lüneburg, Landkreis|männlich|43.1
2023-12-31|03355|Lüneburg, Landkreis|weiblich|45.4
2023-12-31|03356|Osterholz, Landkreis|Insgesamt|46.2
2023-12-31|03356|Osterholz, Landkreis|männlich|45.1
2023-12-31|03356|Osterholz, Landkreis|weiblich|47.3
2023-12-31|03357|Rotenburg (Wümme), Landkreis|Insgesamt|45.0
2023-12-31|03357|Rotenburg (Wümme), Landkreis|männlich|43.9
2023-12-31|03357|Rotenburg (Wümme), Landkreis|weiblich|46.1
2023-12-31|03358|Heidekreis|Insgesamt|45.6
2023-12-31|03358|Heidekreis|männlich|44.2
2023-12-31|03358|Heidekreis|weiblich|46.8
2023-12-31|03359|Stade, Landkreis|Insgesamt|44.6
2023-12-31|03359|Stade, Landkreis|männlich|43.1
2023-12-31|03359|Stade, Landkreis|weiblich|46.0
2023-12-31|03360|Uelzen, Landkreis|Insgesamt|47.1
2023-12-31|03360|Uelzen, Landkreis|männlich|45.6
2023-12-31|03360|Uelzen, Landkreis|weiblich|48.6
2023-12-31|03361|Verden, Landkreis|Insgesamt|45.0
2023-12-31|03361|Verden, Landkreis|männlich|43.7
2023-12-31|03361|Verden, Landkreis|weiblich|46.1
2023-12-31|03401|Delmenhorst, kreisfreie Stadt|Insgesamt|44.2
2023-12-31|03401|Delmenhorst, kreisfreie Stadt|männlich|42.8
2023-12-31|03401|Delmenhorst, kreisfreie Stadt|weiblich|45.7
2023-12-31|03402|Emden, kreisfreie Stadt|Insgesamt|44.1
2023-12-31|03402|Emden, kreisfreie Stadt|männlich|42.7
2023-12-31|03402|Emden, kreisfreie Stadt|weiblich|45.5
2023-12-31|03403|Oldenburg (Oldenburg), kreisfreie Stadt|Insgesamt|43.1
2023-12-31|03403|Oldenburg (Oldenburg), kreisfreie Stadt|männlich|41.7
2023-12-31|03403|Oldenburg (Oldenburg), kreisfreie Stadt|weiblich|44.4
2023-12-31|03404|Osnabrück, kreisfreie Stadt|Insgesamt|42.4
2023-12-31|03404|Osnabrück, kreisfreie Stadt|männlich|41.4
2023-12-31|03404|Osnabrück, kreisfreie Stadt|weiblich|43.3
2023-12-31|03405|Wilhelmshaven, kreisfreie Stadt|Insgesamt|46.3
2023-12-31|03405|Wilhelmshaven, kreisfreie Stadt|männlich|44.5
2023-12-31|03405|Wilhelmshaven, kreisfreie Stadt|weiblich|48.2
2023-12-31|03451|Ammerland, Landkreis|Insgesamt|45.8
2023-12-31|03451|Ammerland, Landkreis|männlich|44.5
2023-12-31|03451|Ammerland, Landkreis|weiblich|47.0
2023-12-31|03452|Aurich, Landkreis|Insgesamt|46.2
2023-12-31|03452|Aurich, Landkreis|männlich|44.9
2023-12-31|03452|Aurich, Landkreis|weiblich|47.5
2023-12-31|03453|Cloppenburg, Landkreis|Insgesamt|41.4
2023-12-31|03453|Cloppenburg, Landkreis|männlich|40.3
2023-12-31|03453|Cloppenburg, Landkreis|weiblich|42.5
2023-12-31|03454|Emsland, Landkreis|Insgesamt|43.3
2023-12-31|03454|Emsland, Landkreis|männlich|42.3
2023-12-31|03454|Emsland, Landkreis|weiblich|44.4
2023-12-31|03455|Friesland, Landkreis|Insgesamt|47.5
2023-12-31|03455|Friesland, Landkreis|männlich|46.2
2023-12-31|03455|Friesland, Landkreis|weiblich|48.7
2023-12-31|03456|Grafschaft Bentheim, Landkreis|Insgesamt|44.1
2023-12-31|03456|Grafschaft Bentheim, Landkreis|männlich|42.8
2023-12-31|03456|Grafschaft Bentheim, Landkreis|weiblich|45.3
2023-12-31|03457|Leer, Landkreis|Insgesamt|44.7
2023-12-31|03457|Leer, Landkreis|männlich|43.6
2023-12-31|03457|Leer, Landkreis|weiblich|45.8
2023-12-31|03458|Oldenburg, Landkreis|Insgesamt|45.3
2023-12-31|03458|Oldenburg, Landkreis|männlich|44.2
2023-12-31|03458|Oldenburg, Landkreis|weiblich|46.5
2023-12-31|03459|Osnabrück, Landkreis|Insgesamt|44.7
2023-12-31|03459|Osnabrück, Landkreis|männlich|43.4
2023-12-31|03459|Osnabrück, Landkreis|weiblich|45.9
2023-12-31|03460|Vechta, Landkreis|Insgesamt|41.7
2023-12-31|03460|Vechta, Landkreis|männlich|40.9
2023-12-31|03460|Vechta, Landkreis|weiblich|42.5
2023-12-31|03461|Wesermarsch, Landkreis|Insgesamt|46.1
2023-12-31|03461|Wesermarsch, Landkreis|männlich|45.0
2023-12-31|03461|Wesermarsch, Landkreis|weiblich|47.3
2023-12-31|03462|Wittmund, Landkreis|Insgesamt|47.0
2023-12-31|03462|Wittmund, Landkreis|männlich|45.6
2023-12-31|03462|Wittmund, Landkreis|weiblich|48.4
2023-12-31|04011|Bremen, kreisfreie Stadt|Insgesamt|43.1
2023-12-31|04011|Bremen, kreisfreie Stadt|männlich|41.5
2023-12-31|04011|Bremen, kreisfreie Stadt|weiblich|44.6
2023-12-31|04012|Bremerhaven, kreisfreie Stadt|Insgesamt|43.3
2023-12-31|04012|Bremerhaven, kreisfreie Stadt|männlich|41.8
2023-12-31|04012|Bremerhaven, kreisfreie Stadt|weiblich|44.7
2023-12-31|05111|Düsseldorf, kreisfreie Stadt|Insgesamt|43.1
2023-12-31|05111|Düsseldorf, kreisfreie Stadt|männlich|41.8
2023-12-31|05111|Düsseldorf, kreisfreie Stadt|weiblich|44.4
2023-12-31|05112|Duisburg, kreisfreie Stadt|Insgesamt|43.2
2023-12-31|05112|Duisburg, kreisfreie Stadt|männlich|41.7
2023-12-31|05112|Duisburg, kreisfreie Stadt|weiblich|44.6
2023-12-31|05113|Essen, kreisfreie Stadt|Insgesamt|44.1
2023-12-31|05113|Essen, kreisfreie Stadt|männlich|42.5
2023-12-31|05113|Essen, kreisfreie Stadt|weiblich|45.5
2023-12-31|05114|Krefeld, kreisfreie Stadt|Insgesamt|44.8
2023-12-31|05114|Krefeld, kreisfreie Stadt|männlich|43.2
2023-12-31|05114|Krefeld, kreisfreie Stadt|weiblich|46.2
2023-12-31|05116|Mönchengladbach, kreisfreie Stadt|Insgesamt|44.0
2023-12-31|05116|Mönchengladbach, kreisfreie Stadt|männlich|42.5
2023-12-31|05116|Mönchengladbach, kreisfreie Stadt|weiblich|45.5
2023-12-31|05117|Mülheim an der Ruhr, kreisfreie Stadt|Insgesamt|45.5
2023-12-31|05117|Mülheim an der Ruhr, kreisfreie Stadt|männlich|43.8
2023-12-31|05117|Mülheim an der Ruhr, kreisfreie Stadt|weiblich|47.1
2023-12-31|05119|Oberhausen, kreisfreie Stadt|Insgesamt|44.8
2023-12-31|05119|Oberhausen, kreisfreie Stadt|männlich|43.5
2023-12-31|05119|Oberhausen, kreisfreie Stadt|weiblich|46.0
2023-12-31|05120|Remscheid, kreisfreie Stadt|Insgesamt|44.8
2023-12-31|05120|Remscheid, kreisfreie Stadt|männlich|43.4
2023-12-31|05120|Remscheid, kreisfreie Stadt|weiblich|46.2
2023-12-31|05122|Solingen, kreisfreie Stadt|Insgesamt|44.8
2023-12-31|05122|Solingen, kreisfreie Stadt|männlich|43.3
2023-12-31|05122|Solingen, kreisfreie Stadt|weiblich|46.3
2023-12-31|05124|Wuppertal, kreisfreie Stadt|Insgesamt|43.6
2023-12-31|05124|Wuppertal, kreisfreie Stadt|männlich|42.1
2023-12-31|05124|Wuppertal, kreisfreie Stadt|weiblich|45.1
2023-12-31|05154|Kleve, Kreis|Insgesamt|44.5
2023-12-31|05154|Kleve, Kreis|männlich|43.3
2023-12-31|05154|Kleve, Kreis|weiblich|45.8
2023-12-31|05158|Mettmann, Kreis|Insgesamt|46.2
2023-12-31|05158|Mettmann, Kreis|männlich|44.6
2023-12-31|05158|Mettmann, Kreis|weiblich|47.6
2023-12-31|05162|Rhein-Kreis Neuss|Insgesamt|45.2
2023-12-31|05162|Rhein-Kreis Neuss|männlich|43.8
2023-12-31|05162|Rhein-Kreis Neuss|weiblich|46.5
2023-12-31|05166|Viersen, Kreis|Insgesamt|46.0
2023-12-31|05166|Viersen, Kreis|männlich|44.7
2023-12-31|05166|Viersen, Kreis|weiblich|47.2
2023-12-31|05170|Wesel, Kreis|Insgesamt|46.3
2023-12-31|05170|Wesel, Kreis|männlich|44.8
2023-12-31|05170|Wesel, Kreis|weiblich|47.6
2023-12-31|05314|Bonn, kreisfreie Stadt|Insgesamt|42.4
2023-12-31|05314|Bonn, kreisfreie Stadt|männlich|41.1
2023-12-31|05314|Bonn, kreisfreie Stadt|weiblich|43.6
2023-12-31|05315|Köln, kreisfreie Stadt|Insgesamt|42.4
2023-12-31|05315|Köln, kreisfreie Stadt|männlich|41.4
2023-12-31|05315|Köln, kreisfreie Stadt|weiblich|43.3
2023-12-31|05316|Leverkusen, kreisfreie Stadt|Insgesamt|44.4
2023-12-31|05316|Leverkusen, kreisfreie Stadt|männlich|43.0
2023-12-31|05316|Leverkusen, kreisfreie Stadt|weiblich|45.8
2023-12-31|05334|Städteregion Aachen, Kreis|Insgesamt|43.4
2023-12-31|05334|Städteregion Aachen, Kreis|männlich|41.8
2023-12-31|05334|Städteregion Aachen, Kreis|weiblich|45.0
2023-12-31|05334002|Aachen, kreisfreie Stadt|Insgesamt|41.4
2023-12-31|05334002|Aachen, kreisfreie Stadt|männlich|39.5
2023-12-31|05334002|Aachen, kreisfreie Stadt|weiblich|43.5
2023-12-31|05358|Düren, Kreis|Insgesamt|44.6
2023-12-31|05358|Düren, Kreis|männlich|43.2
2023-12-31|05358|Düren, Kreis|weiblich|45.9
2023-12-31|05362|Rhein-Erft-Kreis|Insgesamt|44.6
2023-12-31|05362|Rhein-Erft-Kreis|männlich|43.2
2023-12-31|05362|Rhein-Erft-Kreis|weiblich|45.9
2023-12-31|05366|Euskirchen, Kreis|Insgesamt|45.2
2023-12-31|05366|Euskirchen, Kreis|männlich|43.9
2023-12-31|05366|Euskirchen, Kreis|weiblich|46.5
2023-12-31|05370|Heinsberg, Kreis|Insgesamt|45.0
2023-12-31|05370|Heinsberg, Kreis|männlich|43.8
2023-12-31|05370|Heinsberg, Kreis|weiblich|46.2
2023-12-31|05374|Oberbergischer Kreis|Insgesamt|44.7
2023-12-31|05374|Oberbergischer Kreis|männlich|43.5
2023-12-31|05374|Oberbergischer Kreis|weiblich|45.9
2023-12-31|05378|Rheinisch-Bergischer Kreis|Insgesamt|46.2
2023-12-31|05378|Rheinisch-Bergischer Kreis|männlich|44.9
2023-12-31|05378|Rheinisch-Bergischer Kreis|weiblich|47.5
2023-12-31|05382|Rhein-Sieg-Kreis|Insgesamt|45.1
2023-12-31|05382|Rhein-Sieg-Kreis|männlich|43.7
2023-12-31|05382|Rhein-Sieg-Kreis|weiblich|46.5
2023-12-31|05512|Bottrop, kreisfreie Stadt|Insgesamt|45.7
2023-12-31|05512|Bottrop, kreisfreie Stadt|männlich|44.0
2023-12-31|05512|Bottrop, kreisfreie Stadt|weiblich|47.2
2023-12-31|05513|Gelsenkirchen, kreisfreie Stadt|Insgesamt|42.7
2023-12-31|05513|Gelsenkirchen, kreisfreie Stadt|männlich|41.3
2023-12-31|05513|Gelsenkirchen, kreisfreie Stadt|weiblich|44.1
2023-12-31|05515|Münster, kreisfreie Stadt|Insgesamt|41.7
2023-12-31|05515|Münster, kreisfreie Stadt|männlich|40.6
2023-12-31|05515|Münster, kreisfreie Stadt|weiblich|42.7
2023-12-31|05554|Borken, Kreis|Insgesamt|43.5
2023-12-31|05554|Borken, Kreis|männlich|42.4
2023-12-31|05554|Borken, Kreis|weiblich|44.6
2023-12-31|05558|Coesfeld, Kreis|Insgesamt|45.1
2023-12-31|05558|Coesfeld, Kreis|männlich|43.8
2023-12-31|05558|Coesfeld, Kreis|weiblich|46.3
2023-12-31|05562|Recklinghausen, Kreis|Insgesamt|45.5
2023-12-31|05562|Recklinghausen, Kreis|männlich|43.8
2023-12-31|05562|Recklinghausen, Kreis|weiblich|47.0
2023-12-31|05566|Steinfurt, Kreis|Insgesamt|44.1
2023-12-31|05566|Steinfurt, Kreis|männlich|42.7
2023-12-31|05566|Steinfurt, Kreis|weiblich|45.5
2023-12-31|05570|Warendorf, Kreis|Insgesamt|44.7
2023-12-31|05570|Warendorf, Kreis|männlich|43.5
2023-12-31|05570|Warendorf, Kreis|weiblich|46.0
2023-12-31|05711|Bielefeld, kreisfreie Stadt|Insgesamt|43.0
2023-12-31|05711|Bielefeld, kreisfreie Stadt|männlich|41.6
2023-12-31|05711|Bielefeld, kreisfreie Stadt|weiblich|44.2
2023-12-31|05754|Gütersloh, Kreis|Insgesamt|44.0
2023-12-31|05754|Gütersloh, Kreis|männlich|42.6
2023-12-31|05754|Gütersloh, Kreis|weiblich|45.3
2023-12-31|05758|Herford, Kreis|Insgesamt|45.2
2023-12-31|05758|Herford, Kreis|männlich|43.8
2023-12-31|05758|Herford, Kreis|weiblich|46.5
2023-12-31|05762|Höxter, Kreis|Insgesamt|46.0
2023-12-31|05762|Höxter, Kreis|männlich|44.6
2023-12-31|05762|Höxter, Kreis|weiblich|47.4
2023-12-31|05766|Lippe, Kreis|Insgesamt|45.0
2023-12-31|05766|Lippe, Kreis|männlich|43.5
2023-12-31|05766|Lippe, Kreis|weiblich|46.5
2023-12-31|05770|Minden-Lübbecke, Kreis|Insgesamt|44.8
2023-12-31|05770|Minden-Lübbecke, Kreis|männlich|43.3
2023-12-31|05770|Minden-Lübbecke, Kreis|weiblich|46.2
2023-12-31|05774|Paderborn, Kreis|Insgesamt|42.9
2023-12-31|05774|Paderborn, Kreis|männlich|41.7
2023-12-31|05774|Paderborn, Kreis|weiblich|44.2
2023-12-31|05911|Bochum, kreisfreie Stadt|Insgesamt|44.5
2023-12-31|05911|Bochum, kreisfreie Stadt|männlich|43.0
2023-12-31|05911|Bochum, kreisfreie Stadt|weiblich|45.9
2023-12-31|05913|Dortmund, kreisfreie Stadt|Insgesamt|43.3
2023-12-31|05913|Dortmund, kreisfreie Stadt|männlich|41.9
2023-12-31|05913|Dortmund, kreisfreie Stadt|weiblich|44.6
2023-12-31|05914|Hagen, kreisfreie Stadt|Insgesamt|43.8
2023-12-31|05914|Hagen, kreisfreie Stadt|männlich|42.3
2023-12-31|05914|Hagen, kreisfreie Stadt|weiblich|45.2
2023-12-31|05915|Hamm, kreisfreie Stadt|Insgesamt|43.9
2023-12-31|05915|Hamm, kreisfreie Stadt|männlich|42.5
2023-12-31|05915|Hamm, kreisfreie Stadt|weiblich|45.3
2023-12-31|05916|Herne, kreisfreie Stadt|Insgesamt|44.3
2023-12-31|05916|Herne, kreisfreie Stadt|männlich|42.7
2023-12-31|05916|Herne, kreisfreie Stadt|weiblich|45.8
2023-12-31|05954|Ennepe-Ruhr-Kreis|Insgesamt|46.3
2023-12-31|05954|Ennepe-Ruhr-Kreis|männlich|44.8
2023-12-31|05954|Ennepe-Ruhr-Kreis|weiblich|47.8
2023-12-31|05958|Hochsauerlandkreis|Insgesamt|45.7
2023-12-31|05958|Hochsauerlandkreis|männlich|44.3
2023-12-31|05958|Hochsauerlandkreis|weiblich|47.1
2023-12-31|05962|Märkischer Kreis|Insgesamt|45.4
2023-12-31|05962|Märkischer Kreis|männlich|44.0
2023-12-31|05962|Märkischer Kreis|weiblich|46.8
2023-12-31|05966|Olpe, Kreis|Insgesamt|44.6
2023-12-31|05966|Olpe, Kreis|männlich|43.4
2023-12-31|05966|Olpe, Kreis|weiblich|45.9
2023-12-31|05970|Siegen-Wittgenstein, Kreis|Insgesamt|44.6
2023-12-31|05970|Siegen-Wittgenstein, Kreis|männlich|43.2
2023-12-31|05970|Siegen-Wittgenstein, Kreis|weiblich|46.1
2023-12-31|05974|Soest, Kreis|Insgesamt|45.2
2023-12-31|05974|Soest, Kreis|männlich|43.8
2023-12-31|05974|Soest, Kreis|weiblich|46.6
2023-12-31|05978|Unna, Kreis|Insgesamt|45.7
2023-12-31|05978|Unna, Kreis|männlich|44.2
2023-12-31|05978|Unna, Kreis|weiblich|47.2
2023-12-31|06411|Darmstadt, kreisfreie Stadt, Wissenschaftsstadt|Insgesamt|41.0
2023-12-31|06411|Darmstadt, kreisfreie Stadt, Wissenschaftsstadt|männlich|39.3
2023-12-31|06411|Darmstadt, kreisfreie Stadt, Wissenschaftsstadt|weiblich|42.7
2023-12-31|06412|Frankfurt am Main, kreisfreie Stadt|Insgesamt|41.1
2023-12-31|06412|Frankfurt am Main, kreisfreie Stadt|männlich|40.4
2023-12-31|06412|Frankfurt am Main, kreisfreie Stadt|weiblich|41.8
2023-12-31|06413|Offenbach am Main, kreisfreie Stadt|Insgesamt|41.0
2023-12-31|06413|Offenbach am Main, kreisfreie Stadt|männlich|40.2
2023-12-31|06413|Offenbach am Main, kreisfreie Stadt|weiblich|41.7
2023-12-31|06414|Wiesbaden, kreisfreie Stadt, Landeshauptstadt|Insgesamt|43.1
2023-12-31|06414|Wiesbaden, kreisfreie Stadt, Landeshauptstadt|männlich|41.8
2023-12-31|06414|Wiesbaden, kreisfreie Stadt, Landeshauptstadt|weiblich|44.3
2023-12-31|06431|Bergstraße, Landkreis|Insgesamt|45.5
2023-12-31|06431|Bergstraße, Landkreis|männlich|44.3
2023-12-31|06431|Bergstraße, Landkreis|weiblich|46.7
2023-12-31|06432|Darmstadt-Dieburg, Landkreis|Insgesamt|44.7
2023-12-31|06432|Darmstadt-Dieburg, Landkreis|männlich|43.6
2023-12-31|06432|Darmstadt-Dieburg, Landkreis|weiblich|45.8
2023-12-31|06433|Groß-Gerau, Landkreis|Insgesamt|43.1
2023-12-31|06433|Groß-Gerau, Landkreis|männlich|42.0
2023-12-31|06433|Groß-Gerau, Landkreis|weiblich|44.3
2023-12-31|06434|Hochtaunuskreis|Insgesamt|45.6
2023-12-31|06434|Hochtaunuskreis|männlich|44.0
2023-12-31|06434|Hochtaunuskreis|weiblich|47.2
2023-12-31|06435|Main-Kinzig-Kreis|Insgesamt|44.7
2023-12-31|06435|Main-Kinzig-Kreis|männlich|43.5
2023-12-31|06435|Main-Kinzig-Kreis|weiblich|45.9
2023-12-31|06436|Main-Taunus-Kreis|Insgesamt|44.6
2023-12-31|06436|Main-Taunus-Kreis|männlich|43.2
2023-12-31|06436|Main-Taunus-Kreis|weiblich|45.9
2023-12-31|06437|Odenwaldkreis|Insgesamt|46.6
2023-12-31|06437|Odenwaldkreis|männlich|45.2
2023-12-31|06437|Odenwaldkreis|weiblich|47.9
2023-12-31|06438|Offenbach, Landkreis|Insgesamt|44.3
2023-12-31|06438|Offenbach, Landkreis|männlich|43.0
2023-12-31|06438|Offenbach, Landkreis|weiblich|45.5
2023-12-31|06439|Rheingau-Taunus-Kreis|Insgesamt|46.3
2023-12-31|06439|Rheingau-Taunus-Kreis|männlich|44.9
2023-12-31|06439|Rheingau-Taunus-Kreis|weiblich|47.6
2023-12-31|06440|Wetteraukreis|Insgesamt|44.9
2023-12-31|06440|Wetteraukreis|männlich|43.7
2023-12-31|06440|Wetteraukreis|weiblich|46.1
2023-12-31|06531|Gießen, Landkreis|Insgesamt|43.0
2023-12-31|06531|Gießen, Landkreis|männlich|42.0
2023-12-31|06531|Gießen, Landkreis|weiblich|43.9
2023-12-31|06532|Lahn-Dill-Kreis|Insgesamt|45.1
2023-12-31|06532|Lahn-Dill-Kreis|männlich|43.6
2023-12-31|06532|Lahn-Dill-Kreis|weiblich|46.6
2023-12-31|06533|Limburg-Weilburg, Landkreis|Insgesamt|45.1
2023-12-31|06533|Limburg-Weilburg, Landkreis|männlich|44.0
2023-12-31|06533|Limburg-Weilburg, Landkreis|weiblich|46.2
2023-12-31|06534|Marburg-Biedenkopf, Landkreis|Insgesamt|43.5
2023-12-31|06534|Marburg-Biedenkopf, Landkreis|männlich|42.5
2023-12-31|06534|Marburg-Biedenkopf, Landkreis|weiblich|44.6
2023-12-31|06535|Vogelsbergkreis|Insgesamt|47.1
2023-12-31|06535|Vogelsbergkreis|männlich|45.9
2023-12-31|06535|Vogelsbergkreis|weiblich|48.4
2023-12-31|06611|Kassel, kreisfreie Stadt, documenta-Stadt|Insgesamt|42.8
2023-12-31|06611|Kassel, kreisfreie Stadt, documenta-Stadt|männlich|41.6
2023-12-31|06611|Kassel, kreisfreie Stadt, documenta-Stadt|weiblich|44.0
2023-12-31|06631|Fulda, Landkreis|Insgesamt|44.5
2023-12-31|06631|Fulda, Landkreis|männlich|43.3
2023-12-31|06631|Fulda, Landkreis|weiblich|45.8
2023-12-31|06632|Hersfeld-Rotenburg, Landkreis|Insgesamt|46.4
2023-12-31|06632|Hersfeld-Rotenburg, Landkreis|männlich|45.0
2023-12-31|06632|Hersfeld-Rotenburg, Landkreis|weiblich|47.8
2023-12-31|06633|Kassel, Landkreis|Insgesamt|46.8
2023-12-31|06633|Kassel, Landkreis|männlich|45.4
2023-12-31|06633|Kassel, Landkreis|weiblich|48.2
2023-12-31|06634|Schwalm-Eder-Kreis|Insgesamt|46.1
2023-12-31|06634|Schwalm-Eder-Kreis|männlich|44.9
2023-12-31|06634|Schwalm-Eder-Kreis|weiblich|47.3
2023-12-31|06635|Waldeck-Frankenberg, Landkreis|Insgesamt|46.0
2023-12-31|06635|Waldeck-Frankenberg, Landkreis|männlich|44.6
2023-12-31|06635|Waldeck-Frankenberg, Landkreis|weiblich|47.4
2023-12-31|06636|Werra-Meißner-Kreis|Insgesamt|47.3
2023-12-31|06636|Werra-Meißner-Kreis|männlich|45.7
2023-12-31|06636|Werra-Meißner-Kreis|weiblich|49.0
2023-12-31|07111|Koblenz, kreisfreie Stadt|Insgesamt|43.9
2023-12-31|07111|Koblenz, kreisfreie Stadt|männlich|42.1
2023-12-31|07111|Koblenz, kreisfreie Stadt|weiblich|45.7
2023-12-31|07131|Ahrweiler, Landkreis|Insgesamt|46.8
2023-12-31|07131|Ahrweiler, Landkreis|männlich|45.6
2023-12-31|07131|Ahrweiler, Landkreis|weiblich|48.0
2023-12-31|07132|Altenkirchen (Westerwald), Landkreis|Insgesamt|45.1
2023-12-31|07132|Altenkirchen (Westerwald), Landkreis|männlich|43.8
2023-12-31|07132|Altenkirchen (Westerwald), Landkreis|weiblich|46.4
2023-12-31|07133|Bad Kreuznach, Landkreis|Insgesamt|45.9
2023-12-31|07133|Bad Kreuznach, Landkreis|männlich|44.5
2023-12-31|07133|Bad Kreuznach, Landkreis|weiblich|47.2
2023-12-31|07134|Birkenfeld, Landkreis|Insgesamt|46.3
2023-12-31|07134|Birkenfeld, Landkreis|männlich|44.8
2023-12-31|07134|Birkenfeld, Landkreis|weiblich|47.7
2023-12-31|07135|Cochem-Zell, Landkreis|Insgesamt|46.9
2023-12-31|07135|Cochem-Zell, Landkreis|männlich|45.5
2023-12-31|07135|Cochem-Zell, Landkreis|weiblich|48.4
2023-12-31|07137|Mayen-Koblenz, Landkreis|Insgesamt|45.2
2023-12-31|07137|Mayen-Koblenz, Landkreis|männlich|44.1
2023-12-31|07137|Mayen-Koblenz, Landkreis|weiblich|46.4
2023-12-31|07138|Neuwied, Landkreis|Insgesamt|45.1
2023-12-31|07138|Neuwied, Landkreis|männlich|43.8
2023-12-31|07138|Neuwied, Landkreis|weiblich|46.4
2023-12-31|07140|Rhein-Hunsrück-Kreis|Insgesamt|45.7
2023-12-31|07140|Rhein-Hunsrück-Kreis|männlich|44.5
2023-12-31|07140|Rhein-Hunsrück-Kreis|weiblich|47.0
2023-12-31|07141|Rhein-Lahn-Kreis|Insgesamt|46.0
2023-12-31|07141|Rhein-Lahn-Kreis|männlich|44.7
2023-12-31|07141|Rhein-Lahn-Kreis|weiblich|47.3
2023-12-31|07143|Westerwaldkreis|Insgesamt|45.0
2023-12-31|07143|Westerwaldkreis|männlich|43.9
2023-12-31|07143|Westerwaldkreis|weiblich|46.2
2023-12-31|07211|Trier, kreisfreie Stadt|Insgesamt|42.6
2023-12-31|07211|Trier, kreisfreie Stadt|männlich|41.2
2023-12-31|07211|Trier, kreisfreie Stadt|weiblich|44.0
2023-12-31|07231|Bernkastel-Wittlich, Landkreis|Insgesamt|46.0
2023-12-31|07231|Bernkastel-Wittlich, Landkreis|männlich|44.8
2023-12-31|07231|Bernkastel-Wittlich, Landkreis|weiblich|47.2
2023-12-31|07232|Eifelkreis Bitburg-Prüm|Insgesamt|44.4
2023-12-31|07232|Eifelkreis Bitburg-Prüm|männlich|43.1
2023-12-31|07232|Eifelkreis Bitburg-Prüm|weiblich|45.6
2023-12-31|07233|Vulkaneifel, Landkreis|Insgesamt|46.9
2023-12-31|07233|Vulkaneifel, Landkreis|männlich|45.9
2023-12-31|07233|Vulkaneifel, Landkreis|weiblich|47.8
2023-12-31|07235|Trier-Saarburg, Landkreis|Insgesamt|44.9
2023-12-31|07235|Trier-Saarburg, Landkreis|männlich|43.8
2023-12-31|07235|Trier-Saarburg, Landkreis|weiblich|46.1
2023-12-31|07311|Frankenthal (Pfalz), kreisfreie Stadt|Insgesamt|45.0
2023-12-31|07311|Frankenthal (Pfalz), kreisfreie Stadt|männlich|43.1
2023-12-31|07311|Frankenthal (Pfalz), kreisfreie Stadt|weiblich|46.9
2023-12-31|07312|Kaiserslautern, kreisfreie Stadt|Insgesamt|43.6
2023-12-31|07312|Kaiserslautern, kreisfreie Stadt|männlich|41.8
2023-12-31|07312|Kaiserslautern, kreisfreie Stadt|weiblich|45.4
2023-12-31|07313|Landau in der Pfalz, kreisfreie Stadt|Insgesamt|43.2
2023-12-31|07313|Landau in der Pfalz, kreisfreie Stadt|männlich|42.4
2023-12-31|07313|Landau in der Pfalz, kreisfreie Stadt|weiblich|43.9
2023-12-31|07314|Ludwigshafen am Rhein, kreisfreie Stadt|Insgesamt|42.3
2023-12-31|07314|Ludwigshafen am Rhein, kreisfreie Stadt|männlich|41.2
2023-12-31|07314|Ludwigshafen am Rhein, kreisfreie Stadt|weiblich|43.4
2023-12-31|07315|Mainz, kreisfreie Stadt|Insgesamt|41.6
2023-12-31|07315|Mainz, kreisfreie Stadt|männlich|40.9
2023-12-31|07315|Mainz, kreisfreie Stadt|weiblich|42.2
2023-12-31|07316|Neustadt an der Weinstraße, kreisfreie Stadt|Insgesamt|46.5
2023-12-31|07316|Neustadt an der Weinstraße, kreisfreie Stadt|männlich|44.8
2023-12-31|07316|Neustadt an der Weinstraße, kreisfreie Stadt|weiblich|48.0
2023-12-31|07317|Pirmasens, kreisfreie Stadt|Insgesamt|46.2
2023-12-31|07317|Pirmasens, kreisfreie Stadt|männlich|44.3
2023-12-31|07317|Pirmasens, kreisfreie Stadt|weiblich|48.0
2023-12-31|07318|Speyer, kreisfreie Stadt|Insgesamt|45.8
2023-12-31|07318|Speyer, kreisfreie Stadt|männlich|43.8
2023-12-31|07318|Speyer, kreisfreie Stadt|weiblich|47.7
2023-12-31|07319|Worms, kreisfreie Stadt|Insgesamt|43.3
2023-12-31|07319|Worms, kreisfreie Stadt|männlich|42.1
2023-12-31|07319|Worms, kreisfreie Stadt|weiblich|44.6
2023-12-31|07320|Zweibrücken, kreisfreie Stadt|Insgesamt|45.7
2023-12-31|07320|Zweibrücken, kreisfreie Stadt|männlich|44.5
2023-12-31|07320|Zweibrücken, kreisfreie Stadt|weiblich|47.0
2023-12-31|07331|Alzey-Worms, Landkreis|Insgesamt|44.7
2023-12-31|07331|Alzey-Worms, Landkreis|männlich|43.6
2023-12-31|07331|Alzey-Worms, Landkreis|weiblich|45.7
2023-12-31|07332|Bad Dürkheim, Landkreis|Insgesamt|47.1
2023-12-31|07332|Bad Dürkheim, Landkreis|männlich|46.0
2023-12-31|07332|Bad Dürkheim, Landkreis|weiblich|48.1
2023-12-31|07333|Donnersbergkreis|Insgesamt|45.9
2023-12-31|07333|Donnersbergkreis|männlich|44.8
2023-12-31|07333|Donnersbergkreis|weiblich|47.0
2023-12-31|07334|Germersheim, Landkreis|Insgesamt|44.4
2023-12-31|07334|Germersheim, Landkreis|männlich|43.4
2023-12-31|07334|Germersheim, Landkreis|weiblich|45.3
2023-12-31|07335|Kaiserslautern, Landkreis|Insgesamt|45.1
2023-12-31|07335|Kaiserslautern, Landkreis|männlich|43.8
2023-12-31|07335|Kaiserslautern, Landkreis|weiblich|46.3
2023-12-31|07336|Kusel, Landkreis|Insgesamt|46.7
2023-12-31|07336|Kusel, Landkreis|männlich|45.4
2023-12-31|07336|Kusel, Landkreis|weiblich|48.0
2023-12-31|07337|Südliche Weinstraße, Landkreis|Insgesamt|46.5
2023-12-31|07337|Südliche Weinstraße, Landkreis|männlich|45.2
2023-12-31|07337|Südliche Weinstraße, Landkreis|weiblich|47.8
2023-12-31|07338|Rhein-Pfalz-Kreis|Insgesamt|45.7
2023-12-31|07338|Rhein-Pfalz-Kreis|männlich|44.4
2023-12-31|07338|Rhein-Pfalz-Kreis|weiblich|47.0
2023-12-31|07339|Mainz-Bingen, Landkreis|Insgesamt|45.2
2023-12-31|07339|Mainz-Bingen, Landkreis|männlich|44.0
2023-12-31|07339|Mainz-Bingen, Landkreis|weiblich|46.4
2023-12-31|07340|Südwestpfalz, Landkreis|Insgesamt|48.1
2023-12-31|07340|Südwestpfalz, Landkreis|männlich|46.9
2023-12-31|07340|Südwestpfalz, Landkreis|weiblich|49.3
2023-12-31|08111|Stuttgart, Stadtkreis|Insgesamt|42.3
2023-12-31|08111|Stuttgart, Stadtkreis|männlich|41.3
2023-12-31|08111|Stuttgart, Stadtkreis|weiblich|43.3
2023-12-31|08115|Böblingen, Landkreis|Insgesamt|43.6
2023-12-31|08115|Böblingen, Landkreis|männlich|42.5
2023-12-31|08115|Böblingen, Landkreis|weiblich|44.6
2023-12-31|08116|Esslingen, Landkreis|Insgesamt|44.1
2023-12-31|08116|Esslingen, Landkreis|männlich|42.9
2023-12-31|08116|Esslingen, Landkreis|weiblich|45.4
2023-12-31|08117|Göppingen, Landkreis|Insgesamt|44.6
2023-12-31|08117|Göppingen, Landkreis|männlich|43.3
2023-12-31|08117|Göppingen, Landkreis|weiblich|45.8
2023-12-31|08118|Ludwigsburg, Landkreis|Insgesamt|43.7
2023-12-31|08118|Ludwigsburg, Landkreis|männlich|42.5
2023-12-31|08118|Ludwigsburg, Landkreis|weiblich|44.9
2023-12-31|08119|Rems-Murr-Kreis, Landkreis|Insgesamt|44.5
2023-12-31|08119|Rems-Murr-Kreis, Landkreis|männlich|43.3
2023-12-31|08119|Rems-Murr-Kreis, Landkreis|weiblich|45.7
2023-12-31|08121|Heilbronn, Stadtkreis|Insgesamt|42.1
2023-12-31|08121|Heilbronn, Stadtkreis|männlich|40.4
2023-12-31|08121|Heilbronn, Stadtkreis|weiblich|43.9
2023-12-31|08125|Heilbronn, Landkreis|Insgesamt|43.6
2023-12-31|08125|Heilbronn, Landkreis|männlich|42.3
2023-12-31|08125|Heilbronn, Landkreis|weiblich|44.8
2023-12-31|08126|Hohenlohekreis, Landkreis|Insgesamt|43.7
2023-12-31|08126|Hohenlohekreis, Landkreis|männlich|42.4
2023-12-31|08126|Hohenlohekreis, Landkreis|weiblich|45.0
2023-12-31|08127|Schwäbisch Hall, Landkreis|Insgesamt|43.4
2023-12-31|08127|Schwäbisch Hall, Landkreis|männlich|42.3
2023-12-31|08127|Schwäbisch Hall, Landkreis|weiblich|44.4
2023-12-31|08128|Main-Tauber-Kreis, Landkreis|Insgesamt|45.7
2023-12-31|08128|Main-Tauber-Kreis, Landkreis|männlich|44.2
2023-12-31|08128|Main-Tauber-Kreis, Landkreis|weiblich|47.1
2023-12-31|08135|Heidenheim, Landkreis|Insgesamt|44.6
2023-12-31|08135|Heidenheim, Landkreis|männlich|43.3
2023-12-31|08135|Heidenheim, Landkreis|weiblich|46.0
2023-12-31|08136|Ostalbkreis, Landkreis|Insgesamt|44.2
2023-12-31|08136|Ostalbkreis, Landkreis|männlich|43.0
2023-12-31|08136|Ostalbkreis, Landkreis|weiblich|45.4
2023-12-31|08211|Baden-Baden, Stadtkreis|Insgesamt|47.6
2023-12-31|08211|Baden-Baden, Stadtkreis|männlich|46.3
2023-12-31|08211|Baden-Baden, Stadtkreis|weiblich|48.8
2023-12-31|08212|Karlsruhe, Stadtkreis|Insgesamt|42.9
2023-12-31|08212|Karlsruhe, Stadtkreis|männlich|41.2
2023-12-31|08212|Karlsruhe, Stadtkreis|weiblich|44.7
2023-12-31|08215|Karlsruhe, Landkreis|Insgesamt|44.9
2023-12-31|08215|Karlsruhe, Landkreis|männlich|43.6
2023-12-31|08215|Karlsruhe, Landkreis|weiblich|46.3
2023-12-31|08216|Rastatt, Landkreis|Insgesamt|45.3
2023-12-31|08216|Rastatt, Landkreis|männlich|44.0
2023-12-31|08216|Rastatt, Landkreis|weiblich|46.6
2023-12-31|08221|Heidelberg, Stadtkreis|Insgesamt|39.9
2023-12-31|08221|Heidelberg, Stadtkreis|männlich|39.3
2023-12-31|08221|Heidelberg, Stadtkreis|weiblich|40.5
2023-12-31|08222|Mannheim, Stadtkreis|Insgesamt|42.4
2023-12-31|08222|Mannheim, Stadtkreis|männlich|41.4
2023-12-31|08222|Mannheim, Stadtkreis|weiblich|43.5
2023-12-31|08225|Neckar-Odenwald-Kreis, Landkreis|Insgesamt|45.3
2023-12-31|08225|Neckar-Odenwald-Kreis, Landkreis|männlich|44.0
2023-12-31|08225|Neckar-Odenwald-Kreis, Landkreis|weiblich|46.6
2023-12-31|08226|Rhein-Neckar-Kreis, Landkreis|Insgesamt|45.0
2023-12-31|08226|Rhein-Neckar-Kreis, Landkreis|männlich|43.7
2023-12-31|08226|Rhein-Neckar-Kreis, Landkreis|weiblich|46.2
2023-12-31|08231|Pforzheim, Stadtkreis|Insgesamt|42.5
2023-12-31|08231|Pforzheim, Stadtkreis|männlich|40.8
2023-12-31|08231|Pforzheim, Stadtkreis|weiblich|44.1
2023-12-31|08235|Calw, Landkreis|Insgesamt|44.4
2023-12-31|08235|Calw, Landkreis|männlich|43.2
2023-12-31|08235|Calw, Landkreis|weiblich|45.7
2023-12-31|08236|Enzkreis, Landkreis|Insgesamt|44.7
2023-12-31|08236|Enzkreis, Landkreis|männlich|43.5
2023-12-31|08236|Enzkreis, Landkreis|weiblich|45.8
2023-12-31|08237|Freudenstadt, Landkreis|Insgesamt|44.4
2023-12-31|08237|Freudenstadt, Landkreis|männlich|43.1
2023-12-31|08237|Freudenstadt, Landkreis|weiblich|45.7
2023-12-31|08311|Freiburg im Breisgau, Stadtkreis|Insgesamt|40.9
2023-12-31|08311|Freiburg im Breisgau, Stadtkreis|männlich|40.1
2023-12-31|08311|Freiburg im Breisgau, Stadtkreis|weiblich|41.6
2023-12-31|08315|Breisgau-Hochschwarzwald, Landkreis|Insgesamt|44.9
2023-12-31|08315|Breisgau-Hochschwarzwald, Landkreis|männlich|43.7
2023-12-31|08315|Breisgau-Hochschwarzwald, Landkreis|weiblich|46.0
2023-12-31|08316|Emmendingen, Landkreis|Insgesamt|44.5
2023-12-31|08316|Emmendingen, Landkreis|männlich|43.2
2023-12-31|08316|Emmendingen, Landkreis|weiblich|45.8
2023-12-31|08317|Ortenaukreis, Landkreis|Insgesamt|44.4
2023-12-31|08317|Ortenaukreis, Landkreis|männlich|43.2
2023-12-31|08317|Ortenaukreis, Landkreis|weiblich|45.6
2023-12-31|08325|Rottweil, Landkreis|Insgesamt|44.3
2023-12-31|08325|Rottweil, Landkreis|männlich|43.1
2023-12-31|08325|Rottweil, Landkreis|weiblich|45.5
2023-12-31|08326|Schwarzwald-Baar-Kreis, Landkreis|Insgesamt|44.6
2023-12-31|08326|Schwarzwald-Baar-Kreis, Landkreis|männlich|43.2
2023-12-31|08326|Schwarzwald-Baar-Kreis, Landkreis|weiblich|45.9
2023-12-31|08327|Tuttlingen, Landkreis|Insgesamt|43.0
2023-12-31|08327|Tuttlingen, Landkreis|männlich|41.7
2023-12-31|08327|Tuttlingen, Landkreis|weiblich|44.3
2023-12-31|08335|Konstanz, Landkreis|Insgesamt|44.1
2023-12-31|08335|Konstanz, Landkreis|männlich|42.9
2023-12-31|08335|Konstanz, Landkreis|weiblich|45.3
2023-12-31|08336|Lörrach, Landkreis|Insgesamt|44.2
2023-12-31|08336|Lörrach, Landkreis|männlich|42.9
2023-12-31|08336|Lörrach, Landkreis|weiblich|45.4
2023-12-31|08337|Waldshut, Landkreis|Insgesamt|44.4
2023-12-31|08337|Waldshut, Landkreis|männlich|43.2
2023-12-31|08337|Waldshut, Landkreis|weiblich|45.5
2023-12-31|08415|Reutlingen, Landkreis|Insgesamt|44.1
2023-12-31|08415|Reutlingen, Landkreis|männlich|42.8
2023-12-31|08415|Reutlingen, Landkreis|weiblich|45.4
2023-12-31|08416|Tübingen, Landkreis|Insgesamt|42.0
2023-12-31|08416|Tübingen, Landkreis|männlich|41.3
2023-12-31|08416|Tübingen, Landkreis|weiblich|42.5
2023-12-31|08417|Zollernalbkreis, Landkreis|Insgesamt|45.0
2023-12-31|08417|Zollernalbkreis, Landkreis|männlich|43.6
2023-12-31|08417|Zollernalbkreis, Landkreis|weiblich|46.4
2023-12-31|08421|Ulm, Stadtkreis|Insgesamt|42.2
2023-12-31|08421|Ulm, Stadtkreis|männlich|41.0
2023-12-31|08421|Ulm, Stadtkreis|weiblich|43.4
2023-12-31|08425|Alb-Donau-Kreis, Landkreis|Insgesamt|43.3
2023-12-31|08425|Alb-Donau-Kreis, Landkreis|männlich|42.2
2023-12-31|08425|Alb-Donau-Kreis, Landkreis|weiblich|44.4
2023-12-31|08426|Biberach, Landkreis|Insgesamt|43.0
2023-12-31|08426|Biberach, Landkreis|männlich|42.0
2023-12-31|08426|Biberach, Landkreis|weiblich|44.1
2023-12-31|08435|Bodenseekreis, Landkreis|Insgesamt|45.5
2023-12-31|08435|Bodenseekreis, Landkreis|männlich|44.1
2023-12-31|08435|Bodenseekreis, Landkreis|weiblich|46.8
2023-12-31|08436|Ravensburg, Landkreis|Insgesamt|43.7
2023-12-31|08436|Ravensburg, Landkreis|männlich|42.6
2023-12-31|08436|Ravensburg, Landkreis|weiblich|44.8
2023-12-31|08437|Sigmaringen, Landkreis|Insgesamt|44.3
2023-12-31|08437|Sigmaringen, Landkreis|männlich|42.9
2023-12-31|08437|Sigmaringen, Landkreis|weiblich|45.7
2023-12-31|09161|Ingolstadt, kreisfreie Stadt|Insgesamt|42.1
2023-12-31|09161|Ingolstadt, kreisfreie Stadt|männlich|40.8
2023-12-31|09161|Ingolstadt, kreisfreie Stadt|weiblich|43.4
2023-12-31|09162|München, kreisfreie Stadt|Insgesamt|41.7
2023-12-31|09162|München, kreisfreie Stadt|männlich|40.6
2023-12-31|09162|München, kreisfreie Stadt|weiblich|42.8
2023-12-31|09163|Rosenheim, kreisfreie Stadt|Insgesamt|43.2
2023-12-31|09163|Rosenheim, kreisfreie Stadt|männlich|41.6
2023-12-31|09163|Rosenheim, kreisfreie Stadt|weiblich|44.6
2023-12-31|09171|Altötting, Landkreis|Insgesamt|44.8
2023-12-31|09171|Altötting, Landkreis|männlich|43.2
2023-12-31|09171|Altötting, Landkreis|weiblich|46.3
2023-12-31|09172|Berchtesgadener Land, Landkreis|Insgesamt|45.5
2023-12-31|09172|Berchtesgadener Land, Landkreis|männlich|43.9
2023-12-31|09172|Berchtesgadener Land, Landkreis|weiblich|47.1
2023-12-31|09173|Bad Tölz-Wolfratshausen, Landkreis|Insgesamt|44.8
2023-12-31|09173|Bad Tölz-Wolfratshausen, Landkreis|männlich|43.4
2023-12-31|09173|Bad Tölz-Wolfratshausen, Landkreis|weiblich|46.2
2023-12-31|09174|Dachau, Landkreis|Insgesamt|43.4
2023-12-31|09174|Dachau, Landkreis|männlich|42.1
2023-12-31|09174|Dachau, Landkreis|weiblich|44.8
2023-12-31|09175|Ebersberg, Landkreis|Insgesamt|43.4
2023-12-31|09175|Ebersberg, Landkreis|männlich|42.2
2023-12-31|09175|Ebersberg, Landkreis|weiblich|44.6
2023-12-31|09176|Eichstätt, Landkreis|Insgesamt|42.5
2023-12-31|09176|Eichstätt, Landkreis|männlich|41.8
2023-12-31|09176|Eichstätt, Landkreis|weiblich|43.3
2023-12-31|09177|Erding, Landkreis|Insgesamt|43.0
2023-12-31|09177|Erding, Landkreis|männlich|42.2
2023-12-31|09177|Erding, Landkreis|weiblich|43.7
2023-12-31|09178|Freising, Landkreis|Insgesamt|42.0
2023-12-31|09178|Freising, Landkreis|männlich|41.0
2023-12-31|09178|Freising, Landkreis|weiblich|43.0
2023-12-31|09179|Fürstenfeldbruck, Landkreis|Insgesamt|44.5
2023-12-31|09179|Fürstenfeldbruck, Landkreis|männlich|43.1
2023-12-31|09179|Fürstenfeldbruck, Landkreis|weiblich|45.9
2023-12-31|09180|Garmisch-Partenkirchen, Landkreis|Insgesamt|46.7
2023-12-31|09180|Garmisch-Partenkirchen, Landkreis|männlich|45.2
2023-12-31|09180|Garmisch-Partenkirchen, Landkreis|weiblich|48.1
2023-12-31|09181|Landsberg am Lech, Landkreis|Insgesamt|44.6
2023-12-31|09181|Landsberg am Lech, Landkreis|männlich|43.4
2023-12-31|09181|Landsberg am Lech, Landkreis|weiblich|45.7
2023-12-31|09182|Miesbach, Landkreis|Insgesamt|45.7
2023-12-31|09182|Miesbach, Landkreis|männlich|44.2
2023-12-31|09182|Miesbach, Landkreis|weiblich|47.3
2023-12-31|09183|Mühldorf a.Inn, Landkreis|Insgesamt|43.9
2023-12-31|09183|Mühldorf a.Inn, Landkreis|männlich|42.8
2023-12-31|09183|Mühldorf a.Inn, Landkreis|weiblich|45.0
2023-12-31|09184|München, Landkreis|Insgesamt|44.0
2023-12-31|09184|München, Landkreis|männlich|42.7
2023-12-31|09184|München, Landkreis|weiblich|45.3
2023-12-31|09185|Neuburg-Schrobenhausen, Landkreis|Insgesamt|43.5
2023-12-31|09185|Neuburg-Schrobenhausen, Landkreis|männlich|42.4
2023-12-31|09185|Neuburg-Schrobenhausen, Landkreis|weiblich|44.5
2023-12-31|09186|Pfaffenhofen a.d.Ilm, Landkreis|Insgesamt|43.1
2023-12-31|09186|Pfaffenhofen a.d.Ilm, Landkreis|männlich|42.2
2023-12-31|09186|Pfaffenhofen a.d.Ilm, Landkreis|weiblich|44.0
2023-12-31|09187|Rosenheim, Landkreis|Insgesamt|45.0
2023-12-31|09187|Rosenheim, Landkreis|männlich|43.6
2023-12-31|09187|Rosenheim, Landkreis|weiblich|46.3
2023-12-31|09188|Starnberg, Landkreis|Insgesamt|45.8
2023-12-31|09188|Starnberg, Landkreis|männlich|44.5
2023-12-31|09188|Starnberg, Landkreis|weiblich|47.1
2023-12-31|09189|Traunstein, Landkreis|Insgesamt|45.6
2023-12-31|09189|Traunstein, Landkreis|männlich|44.2
2023-12-31|09189|Traunstein, Landkreis|weiblich|46.9
2023-12-31|09190|Weilheim-Schongau, Landkreis|Insgesamt|44.8
2023-12-31|09190|Weilheim-Schongau, Landkreis|männlich|43.6
2023-12-31|09190|Weilheim-Schongau, Landkreis|weiblich|46.0
2023-12-31|09261|Landshut, kreisfreie Stadt|Insgesamt|43.5
2023-12-31|09261|Landshut, kreisfreie Stadt|männlich|42.0
2023-12-31|09261|Landshut, kreisfreie Stadt|weiblich|44.9
2023-12-31|09262|Passau, kreisfreie Stadt|Insgesamt|44.0
2023-12-31|09262|Passau, kreisfreie Stadt|männlich|42.6
2023-12-31|09262|Passau, kreisfreie Stadt|weiblich|45.2
2023-12-31|09263|Straubing, kreisfreie Stadt|Insgesamt|44.6
2023-12-31|09263|Straubing, kreisfreie Stadt|männlich|42.9
2023-12-31|09263|Straubing, kreisfreie Stadt|weiblich|46.4
2023-12-31|09271|Deggendorf, Landkreis|Insgesamt|44.6
2023-12-31|09271|Deggendorf, Landkreis|männlich|43.1
2023-12-31|09271|Deggendorf, Landkreis|weiblich|46.0
2023-12-31|09272|Freyung-Grafenau, Landkreis|Insgesamt|46.2
2023-12-31|09272|Freyung-Grafenau, Landkreis|männlich|45.0
2023-12-31|09272|Freyung-Grafenau, Landkreis|weiblich|47.4
2023-12-31|09273|Kelheim, Landkreis|Insgesamt|43.4
2023-12-31|09273|Kelheim, Landkreis|männlich|42.5
2023-12-31|09273|Kelheim, Landkreis|weiblich|44.4
2023-12-31|09274|Landshut, Landkreis|Insgesamt|43.6
2023-12-31|09274|Landshut, Landkreis|männlich|42.8
2023-12-31|09274|Landshut, Landkreis|weiblich|44.5
2023-12-31|09275|Passau, Landkreis|Insgesamt|45.9
2023-12-31|09275|Passau, Landkreis|männlich|44.5
2023-12-31|09275|Passau, Landkreis|weiblich|47.2
2023-12-31|09276|Regen, Landkreis|Insgesamt|46.0
2023-12-31|09276|Regen, Landkreis|männlich|44.8
2023-12-31|09276|Regen, Landkreis|weiblich|47.2
2023-12-31|09277|Rottal-Inn, Landkreis|Insgesamt|45.0
2023-12-31|09277|Rottal-Inn, Landkreis|männlich|43.7
2023-12-31|09277|Rottal-Inn, Landkreis|weiblich|46.3
2023-12-31|09278|Straubing-Bogen, Landkreis|Insgesamt|44.3
2023-12-31|09278|Straubing-Bogen, Landkreis|männlich|43.2
2023-12-31|09278|Straubing-Bogen, Landkreis|weiblich|45.3
2023-12-31|09279|Dingolfing-Landau, Landkreis|Insgesamt|43.7
2023-12-31|09279|Dingolfing-Landau, Landkreis|männlich|42.6
2023-12-31|09279|Dingolfing-Landau, Landkreis|weiblich|44.9
2023-12-31|09361|Amberg, kreisfreie Stadt|Insgesamt|45.8
2023-12-31|09361|Amberg, kreisfreie Stadt|männlich|43.9
2023-12-31|09361|Amberg, kreisfreie Stadt|weiblich|47.6
2023-12-31|09362|Regensburg, kreisfreie Stadt|Insgesamt|41.6
2023-12-31|09362|Regensburg, kreisfreie Stadt|männlich|40.6
2023-12-31|09362|Regensburg, kreisfreie Stadt|weiblich|42.5
2023-12-31|09363|Weiden i.d.OPf., kreisfreie Stadt|Insgesamt|45.4
2023-12-31|09363|Weiden i.d.OPf., kreisfreie Stadt|männlich|43.6
2023-12-31|09363|Weiden i.d.OPf., kreisfreie Stadt|weiblich|47.1
2023-12-31|09371|Amberg-Sulzbach, Landkreis|Insgesamt|45.4
2023-12-31|09371|Amberg-Sulzbach, Landkreis|männlich|44.3
2023-12-31|09371|Amberg-Sulzbach, Landkreis|weiblich|46.5
2023-12-31|09372|Cham, Landkreis|Insgesamt|45.4
2023-12-31|09372|Cham, Landkreis|männlich|44.3
2023-12-31|09372|Cham, Landkreis|weiblich|46.4
2023-12-31|09373|Neumarkt i.d.OPf., Landkreis|Insgesamt|43.9
2023-12-31|09373|Neumarkt i.d.OPf., Landkreis|männlich|42.7
2023-12-31|09373|Neumarkt i.d.OPf., Landkreis|weiblich|45.1
2023-12-31|09374|Neustadt a.d.Waldnaab, Landkreis|Insgesamt|45.2
2023-12-31|09374|Neustadt a.d.Waldnaab, Landkreis|männlich|44.1
2023-12-31|09374|Neustadt a.d.Waldnaab, Landkreis|weiblich|46.3
2023-12-31|09375|Regensburg, Landkreis|Insgesamt|44.3
2023-12-31|09375|Regensburg, Landkreis|männlich|43.2
2023-12-31|09375|Regensburg, Landkreis|weiblich|45.4
2023-12-31|09376|Schwandorf, Landkreis|Insgesamt|44.7
2023-12-31|09376|Schwandorf, Landkreis|männlich|43.5
2023-12-31|09376|Schwandorf, Landkreis|weiblich|45.9
2023-12-31|09377|Tirschenreuth, Landkreis|Insgesamt|46.2
2023-12-31|09377|Tirschenreuth, Landkreis|männlich|45.1
2023-12-31|09377|Tirschenreuth, Landkreis|weiblich|47.2
2023-12-31|09461|Bamberg, kreisfreie Stadt|Insgesamt|43.1
2023-12-31|09461|Bamberg, kreisfreie Stadt|männlich|41.3
2023-12-31|09461|Bamberg, kreisfreie Stadt|weiblich|44.8
2023-12-31|09462|Bayreuth, kreisfreie Stadt|Insgesamt|44.0
2023-12-31|09462|Bayreuth, kreisfreie Stadt|männlich|42.0
2023-12-31|09462|Bayreuth, kreisfreie Stadt|weiblich|45.9
2023-12-31|09463|Coburg, kreisfreie Stadt|Insgesamt|45.4
2023-12-31|09463|Coburg, kreisfreie Stadt|männlich|43.6
2023-12-31|09463|Coburg, kreisfreie Stadt|weiblich|47.1
2023-12-31|09464|Hof, kreisfreie Stadt|Insgesamt|44.9
2023-12-31|09464|Hof, kreisfreie Stadt|männlich|42.7
2023-12-31|09464|Hof, kreisfreie Stadt|weiblich|47.0
2023-12-31|09471|Bamberg, Landkreis|Insgesamt|44.4
2023-12-31|09471|Bamberg, Landkreis|männlich|43.4
2023-12-31|09471|Bamberg, Landkreis|weiblich|45.5
2023-12-31|09472|Bayreuth, Landkreis|Insgesamt|46.2
2023-12-31|09472|Bayreuth, Landkreis|männlich|44.9
2023-12-31|09472|Bayreuth, Landkreis|weiblich|47.5
2023-12-31|09473|Coburg, Landkreis|Insgesamt|46.5
2023-12-31|09473|Coburg, Landkreis|männlich|44.9
2023-12-31|09473|Coburg, Landkreis|weiblich|48.1
2023-12-31|09474|Forchheim, Landkreis|Insgesamt|44.9
2023-12-31|09474|Forchheim, Landkreis|männlich|43.9
2023-12-31|09474|Forchheim, Landkreis|weiblich|45.9
2023-12-31|09475|Hof, Landkreis|Insgesamt|47.7
2023-12-31|09475|Hof, Landkreis|männlich|46.2
2023-12-31|09475|Hof, Landkreis|weiblich|49.0
2023-12-31|09476|Kronach, Landkreis|Insgesamt|47.8
2023-12-31|09476|Kronach, Landkreis|männlich|46.3
2023-12-31|09476|Kronach, Landkreis|weiblich|49.2
2023-12-31|09477|Kulmbach, Landkreis|Insgesamt|47.2
2023-12-31|09477|Kulmbach, Landkreis|männlich|45.6
2023-12-31|09477|Kulmbach, Landkreis|weiblich|48.8
2023-12-31|09478|Lichtenfels, Landkreis|Insgesamt|46.1
2023-12-31|09478|Lichtenfels, Landkreis|männlich|44.8
2023-12-31|09478|Lichtenfels, Landkreis|weiblich|47.5
2023-12-31|09479|Wunsiedel i.Fichtelgebirge, Landkreis|Insgesamt|47.7
2023-12-31|09479|Wunsiedel i.Fichtelgebirge, Landkreis|männlich|46.0
2023-12-31|09479|Wunsiedel i.Fichtelgebirge, Landkreis|weiblich|49.3
2023-12-31|09561|Ansbach, kreisfreie Stadt|Insgesamt|44.4
2023-12-31|09561|Ansbach, kreisfreie Stadt|männlich|42.7
2023-12-31|09561|Ansbach, kreisfreie Stadt|weiblich|46.0
2023-12-31|09562|Erlangen, kreisfreie Stadt|Insgesamt|41.8
2023-12-31|09562|Erlangen, kreisfreie Stadt|männlich|40.0
2023-12-31|09562|Erlangen, kreisfreie Stadt|weiblich|43.6
2023-12-31|09563|Fürth, kreisfreie Stadt|Insgesamt|43.5
2023-12-31|09563|Fürth, kreisfreie Stadt|männlich|42.0
2023-12-31|09563|Fürth, kreisfreie Stadt|weiblich|44.9
2023-12-31|09564|Nürnberg, kreisfreie Stadt|Insgesamt|43.4
2023-12-31|09564|Nürnberg, kreisfreie Stadt|männlich|42.0
2023-12-31|09564|Nürnberg, kreisfreie Stadt|weiblich|44.8
2023-12-31|09565|Schwabach, kreisfreie Stadt|Insgesamt|45.2
2023-12-31|09565|Schwabach, kreisfreie Stadt|männlich|43.8
2023-12-31|09565|Schwabach, kreisfreie Stadt|weiblich|46.5
2023-12-31|09571|Ansbach, Landkreis|Insgesamt|44.2
2023-12-31|09571|Ansbach, Landkreis|männlich|43.0
2023-12-31|09571|Ansbach, Landkreis|weiblich|45.4
2023-12-31|09572|Erlangen-Höchstadt, Landkreis|Insgesamt|44.4
2023-12-31|09572|Erlangen-Höchstadt, Landkreis|männlich|43.2
2023-12-31|09572|Erlangen-Höchstadt, Landkreis|weiblich|45.6
2023-12-31|09573|Fürth, Landkreis|Insgesamt|45.8
2023-12-31|09573|Fürth, Landkreis|männlich|44.3
2023-12-31|09573|Fürth, Landkreis|weiblich|47.1
2023-12-31|09574|Nürnberger Land, Landkreis|Insgesamt|45.7
2023-12-31|09574|Nürnberger Land, Landkreis|männlich|44.2
2023-12-31|09574|Nürnberger Land, Landkreis|weiblich|47.1
2023-12-31|09575|Neustadt a.d.Aisch-Bad Windsheim, Landkreis|Insgesamt|45.0
2023-12-31|09575|Neustadt a.d.Aisch-Bad Windsheim, Landkreis|männlich|43.9
2023-12-31|09575|Neustadt a.d.Aisch-Bad Windsheim, Landkreis|weiblich|46.0
2023-12-31|09576|Roth, Landkreis|Insgesamt|45.1
2023-12-31|09576|Roth, Landkreis|männlich|44.0
2023-12-31|09576|Roth, Landkreis|weiblich|46.2
2023-12-31|09577|Weißenburg-Gunzenhausen, Landkreis|Insgesamt|45.0
2023-12-31|09577|Weißenburg-Gunzenhausen, Landkreis|männlich|43.8
2023-12-31|09577|Weißenburg-Gunzenhausen, Landkreis|weiblich|46.3
2023-12-31|09661|Aschaffenburg, kreisfreie Stadt|Insgesamt|44.4
2023-12-31|09661|Aschaffenburg, kreisfreie Stadt|männlich|42.8
2023-12-31|09661|Aschaffenburg, kreisfreie Stadt|weiblich|45.9
2023-12-31|09662|Schweinfurt, kreisfreie Stadt|Insgesamt|44.7
2023-12-31|09662|Schweinfurt, kreisfreie Stadt|männlich|42.4
2023-12-31|09662|Schweinfurt, kreisfreie Stadt|weiblich|46.9
2023-12-31|09663|Würzburg, kreisfreie Stadt|Insgesamt|42.9
2023-12-31|09663|Würzburg, kreisfreie Stadt|männlich|41.7
2023-12-31|09663|Würzburg, kreisfreie Stadt|weiblich|44.1
2023-12-31|09671|Aschaffenburg, Landkreis|Insgesamt|45.6
2023-12-31|09671|Aschaffenburg, Landkreis|männlich|44.5
2023-12-31|09671|Aschaffenburg, Landkreis|weiblich|46.7
2023-12-31|09672|Bad Kissingen, Landkreis|Insgesamt|47.0
2023-12-31|09672|Bad Kissingen, Landkreis|männlich|45.9
2023-12-31|09672|Bad Kissingen, Landkreis|weiblich|48.0
2023-12-31|09673|Rhön-Grabfeld, Landkreis|Insgesamt|45.7
2023-12-31|09673|Rhön-Grabfeld, Landkreis|männlich|44.5
2023-12-31|09673|Rhön-Grabfeld, Landkreis|weiblich|46.8
2023-12-31|09674|Haßberge, Landkreis|Insgesamt|45.3
2023-12-31|09674|Haßberge, Landkreis|männlich|44.3
2023-12-31|09674|Haßberge, Landkreis|weiblich|46.4
2023-12-31|09675|Kitzingen, Landkreis|Insgesamt|44.6
2023-12-31|09675|Kitzingen, Landkreis|männlich|43.4
2023-12-31|09675|Kitzingen, Landkreis|weiblich|45.9
2023-12-31|09676|Miltenberg, Landkreis|Insgesamt|45.3
2023-12-31|09676|Miltenberg, Landkreis|männlich|44.1
2023-12-31|09676|Miltenberg, Landkreis|weiblich|46.5
2023-12-31|09677|Main-Spessart, Landkreis|Insgesamt|46.4
2023-12-31|09677|Main-Spessart, Landkreis|männlich|45.2
2023-12-31|09677|Main-Spessart, Landkreis|weiblich|47.6
2023-12-31|09678|Schweinfurt, Landkreis|Insgesamt|45.4
2023-12-31|09678|Schweinfurt, Landkreis|männlich|44.1
2023-12-31|09678|Schweinfurt, Landkreis|weiblich|46.7
2023-12-31|09679|Würzburg, Landkreis|Insgesamt|45.1
2023-12-31|09679|Würzburg, Landkreis|männlich|44.0
2023-12-31|09679|Würzburg, Landkreis|weiblich|46.2
2023-12-31|09761|Augsburg, kreisfreie Stadt|Insgesamt|42.8
2023-12-31|09761|Augsburg, kreisfreie Stadt|männlich|41.3
2023-12-31|09761|Augsburg, kreisfreie Stadt|weiblich|44.2
2023-12-31|09762|Kaufbeuren, kreisfreie Stadt|Insgesamt|44.5
2023-12-31|09762|Kaufbeuren, kreisfreie Stadt|männlich|43.0
2023-12-31|09762|Kaufbeuren, kreisfreie Stadt|weiblich|46.0
2023-12-31|09763|Kempten (Allgäu), kreisfreie Stadt|Insgesamt|44.0
2023-12-31|09763|Kempten (Allgäu), kreisfreie Stadt|männlich|42.4
2023-12-31|09763|Kempten (Allgäu), kreisfreie Stadt|weiblich|45.6
2023-12-31|09764|Memmingen, kreisfreie Stadt|Insgesamt|44.1
2023-12-31|09764|Memmingen, kreisfreie Stadt|männlich|43.2
2023-12-31|09764|Memmingen, kreisfreie Stadt|weiblich|45.0
2023-12-31|09771|Aichach-Friedberg, Landkreis|Insgesamt|44.0
2023-12-31|09771|Aichach-Friedberg, Landkreis|männlich|43.1
2023-12-31|09771|Aichach-Friedberg, Landkreis|weiblich|44.9
2023-12-31|09772|Augsburg, Landkreis|Insgesamt|44.2
2023-12-31|09772|Augsburg, Landkreis|männlich|42.9
2023-12-31|09772|Augsburg, Landkreis|weiblich|45.4
2023-12-31|09773|Dillingen a.d.Donau, Landkreis|Insgesamt|44.2
2023-12-31|09773|Dillingen a.d.Donau, Landkreis|männlich|43.1
2023-12-31|09773|Dillingen a.d.Donau, Landkreis|weiblich|45.3
2023-12-31|09774|Günzburg, Landkreis|Insgesamt|43.7
2023-12-31|09774|Günzburg, Landkreis|männlich|42.5
2023-12-31|09774|Günzburg, Landkreis|weiblich|44.9
2023-12-31|09775|Neu-Ulm, Landkreis|Insgesamt|43.6
2023-12-31|09775|Neu-Ulm, Landkreis|männlich|42.5
2023-12-31|09775|Neu-Ulm, Landkreis|weiblich|44.7
2023-12-31|09776|Lindau (Bodensee), Landkreis|Insgesamt|45.6
2023-12-31|09776|Lindau (Bodensee), Landkreis|männlich|44.3
2023-12-31|09776|Lindau (Bodensee), Landkreis|weiblich|46.9
2023-12-31|09777|Ostallgäu, Landkreis|Insgesamt|44.4
2023-12-31|09777|Ostallgäu, Landkreis|männlich|43.3
2023-12-31|09777|Ostallgäu, Landkreis|weiblich|45.5
2023-12-31|09778|Unterallgäu, Landkreis|Insgesamt|44.1
2023-12-31|09778|Unterallgäu, Landkreis|männlich|43.0
2023-12-31|09778|Unterallgäu, Landkreis|weiblich|45.3
2023-12-31|09779|Donau-Ries, Landkreis|Insgesamt|44.2
2023-12-31|09779|Donau-Ries, Landkreis|männlich|43.1
2023-12-31|09779|Donau-Ries, Landkreis|weiblich|45.3
2023-12-31|09780|Oberallgäu, Landkreis|Insgesamt|45.6
2023-12-31|09780|Oberallgäu, Landkreis|männlich|44.4
2023-12-31|09780|Oberallgäu, Landkreis|weiblich|46.7
2023-12-31|10041|Saarbrücken, Regionalverband|Insgesamt|45.2
2023-12-31|10041|Saarbrücken, Regionalverband|männlich|43.7
2023-12-31|10041|Saarbrücken, Regionalverband|weiblich|46.7
2023-12-31|10041100|Saarbrücken, Landeshauptstadt|Insgesamt|44.0
2023-12-31|10041100|Saarbrücken, Landeshauptstadt|männlich|42.4
2023-12-31|10041100|Saarbrücken, Landeshauptstadt|weiblich|45.6
2023-12-31|10042|Merzig-Wadern, Landkreis|Insgesamt|46.3
2023-12-31|10042|Merzig-Wadern, Landkreis|männlich|44.7
2023-12-31|10042|Merzig-Wadern, Landkreis|weiblich|47.9
2023-12-31|10043|Neunkirchen, Landkreis|Insgesamt|46.7
2023-12-31|10043|Neunkirchen, Landkreis|männlich|45.1
2023-12-31|10043|Neunkirchen, Landkreis|weiblich|48.2
2023-12-31|10044|Saarlouis, Landkreis|Insgesamt|46.6
2023-12-31|10044|Saarlouis, Landkreis|männlich|45.1
2023-12-31|10044|Saarlouis, Landkreis|weiblich|48.1
2023-12-31|10045|Saarpfalz-Kreis|Insgesamt|47.3
2023-12-31|10045|Saarpfalz-Kreis|männlich|45.9
2023-12-31|10045|Saarpfalz-Kreis|weiblich|48.6
2023-12-31|10046|St. Wendel, Landkreis|Insgesamt|47.7
2023-12-31|10046|St. Wendel, Landkreis|männlich|46.9
2023-12-31|10046|St. Wendel, Landkreis|weiblich|48.6
2023-12-31|11000|Berlin, kreisfreie Stadt|Insgesamt|42.8
2023-12-31|11000|Berlin, kreisfreie Stadt|männlich|41.6
2023-12-31|11000|Berlin, kreisfreie Stadt|weiblich|44.0
2023-12-31|11001001|Berlin-Mitte|Insgesamt|39.2
2023-12-31|11001001|Berlin-Mitte|männlich|38.8
2023-12-31|11001001|Berlin-Mitte|weiblich|39.6
2023-12-31|11002002|Berlin-Friedrichshain-Kreuzberg|Insgesamt|39.1
2023-12-31|11002002|Berlin-Friedrichshain-Kreuzberg|männlich|38.8
2023-12-31|11002002|Berlin-Friedrichshain-Kreuzberg|weiblich|39.4
2023-12-31|11003003|Berlin-Pankow|Insgesamt|41.4
2023-12-31|11003003|Berlin-Pankow|männlich|40.4
2023-12-31|11003003|Berlin-Pankow|weiblich|42.4
2023-12-31|11004004|Berlin-Charlottenburg-Wilmersdorf|Insgesamt|45.3
2023-12-31|11004004|Berlin-Charlottenburg-Wilmersdorf|männlich|43.8
2023-12-31|11004004|Berlin-Charlottenburg-Wilmersdorf|weiblich|46.6
2023-12-31|11005005|Berlin-Spandau|Insgesamt|43.1
2023-12-31|11005005|Berlin-Spandau|männlich|41.6
2023-12-31|11005005|Berlin-Spandau|weiblich|44.6
2023-12-31|11006006|Berlin-Steglitz-Zehlendorf|Insgesamt|46.6
2023-12-31|11006006|Berlin-Steglitz-Zehlendorf|männlich|44.8
2023-12-31|11006006|Berlin-Steglitz-Zehlendorf|weiblich|48.2
2023-12-31|11007007|Berlin-Tempelhof-Schöneberg|Insgesamt|44.0
2023-12-31|11007007|Berlin-Tempelhof-Schöneberg|männlich|42.6
2023-12-31|11007007|Berlin-Tempelhof-Schöneberg|weiblich|45.4
2023-12-31|11008008|Berlin-Neukölln|Insgesamt|41.9
2023-12-31|11008008|Berlin-Neukölln|männlich|40.9
2023-12-31|11008008|Berlin-Neukölln|weiblich|42.8
2023-12-31|11009009|Berlin-Treptow-Köpenick|Insgesamt|43.8
2023-12-31|11009009|Berlin-Treptow-Köpenick|männlich|42.2
2023-12-31|11009009|Berlin-Treptow-Köpenick|weiblich|45.3
2023-12-31|11010010|Berlin-Marzahn-Hellersdorf|Insgesamt|43.6
2023-12-31|11010010|Berlin-Marzahn-Hellersdorf|männlich|42.5
2023-12-31|11010010|Berlin-Marzahn-Hellersdorf|weiblich|44.7
2023-12-31|11011011|Berlin-Lichtenberg|Insgesamt|42.0
2023-12-31|11011011|Berlin-Lichtenberg|männlich|40.6
2023-12-31|11011011|Berlin-Lichtenberg|weiblich|43.3
2023-12-31|11012012|Berlin-Reinickendorf|Insgesamt|44.7
2023-12-31|11012012|Berlin-Reinickendorf|männlich|43.2
2023-12-31|11012012|Berlin-Reinickendorf|weiblich|46.2
2023-12-31|12051|Brandenburg an der Havel, kreisfreie Stadt|Insgesamt|47.9
2023-12-31|12051|Brandenburg an der Havel, kreisfreie Stadt|männlich|46.2
2023-12-31|12051|Brandenburg an der Havel, kreisfreie Stadt|weiblich|49.6
2023-12-31|12052|Cottbus, kreisfreie Stadt|Insgesamt|47.0
2023-12-31|12052|Cottbus, kreisfreie Stadt|männlich|44.9
2023-12-31|12052|Cottbus, kreisfreie Stadt|weiblich|49.0
2023-12-31|12053|Frankfurt (Oder), kreisfreie Stadt|Insgesamt|47.7
2023-12-31|12053|Frankfurt (Oder), kreisfreie Stadt|männlich|45.9
2023-12-31|12053|Frankfurt (Oder), kreisfreie Stadt|weiblich|49.5
2023-12-31|12054|Potsdam, kreisfreie Stadt|Insgesamt|43.2
2023-12-31|12054|Potsdam, kreisfreie Stadt|männlich|41.7
2023-12-31|12054|Potsdam, kreisfreie Stadt|weiblich|44.6
2023-12-31|12060|Barnim, Landkreis|Insgesamt|46.9
2023-12-31|12060|Barnim, Landkreis|männlich|45.8
2023-12-31|12060|Barnim, Landkreis|weiblich|48.0
2023-12-31|12061|Dahme-Spreewald, Landkreis|Insgesamt|46.7
2023-12-31|12061|Dahme-Spreewald, Landkreis|männlich|45.4
2023-12-31|12061|Dahme-Spreewald, Landkreis|weiblich|47.9
2023-12-31|12062|Elbe-Elster, Landkreis|Insgesamt|49.9
2023-12-31|12062|Elbe-Elster, Landkreis|männlich|48.3
2023-12-31|12062|Elbe-Elster, Landkreis|weiblich|51.5
2023-12-31|12063|Havelland, Landkreis|Insgesamt|46.2
2023-12-31|12063|Havelland, Landkreis|männlich|45.1
2023-12-31|12063|Havelland, Landkreis|weiblich|47.4
2023-12-31|12064|Märkisch-Oderland, Landkreis|Insgesamt|47.5
2023-12-31|12064|Märkisch-Oderland, Landkreis|männlich|46.2
2023-12-31|12064|Märkisch-Oderland, Landkreis|weiblich|48.8
2023-12-31|12065|Oberhavel, Landkreis|Insgesamt|46.9
2023-12-31|12065|Oberhavel, Landkreis|männlich|45.7
2023-12-31|12065|Oberhavel, Landkreis|weiblich|48.0
2023-12-31|12066|Oberspreewald-Lausitz, Landkreis|Insgesamt|49.7
2023-12-31|12066|Oberspreewald-Lausitz, Landkreis|männlich|47.7
2023-12-31|12066|Oberspreewald-Lausitz, Landkreis|weiblich|51.6
2023-12-31|12067|Oder-Spree, Landkreis|Insgesamt|48.3
2023-12-31|12067|Oder-Spree, Landkreis|männlich|46.7
2023-12-31|12067|Oder-Spree, Landkreis|weiblich|49.9
2023-12-31|12068|Ostprignitz-Ruppin, Landkreis|Insgesamt|48.5
2023-12-31|12068|Ostprignitz-Ruppin, Landkreis|männlich|47.0
2023-12-31|12068|Ostprignitz-Ruppin, Landkreis|weiblich|50.0
2023-12-31|12069|Potsdam-Mittelmark, Landkreis|Insgesamt|46.9
2023-12-31|12069|Potsdam-Mittelmark, Landkreis|männlich|45.7
2023-12-31|12069|Potsdam-Mittelmark, Landkreis|weiblich|48.0
2023-12-31|12070|Prignitz, Landkreis|Insgesamt|49.5
2023-12-31|12070|Prignitz, Landkreis|männlich|47.7
2023-12-31|12070|Prignitz, Landkreis|weiblich|51.2
2023-12-31|12071|Spree-Neiße, Landkreis|Insgesamt|50.2
2023-12-31|12071|Spree-Neiße, Landkreis|männlich|48.7
2023-12-31|12071|Spree-Neiße, Landkreis|weiblich|51.6
2023-12-31|12072|Teltow-Fläming, Landkreis|Insgesamt|45.8
2023-12-31|12072|Teltow-Fläming, Landkreis|männlich|44.5
2023-12-31|12072|Teltow-Fläming, Landkreis|weiblich|47.1
2023-12-31|12073|Uckermark, Landkreis|Insgesamt|49.8
2023-12-31|12073|Uckermark, Landkreis|männlich|48.0
2023-12-31|12073|Uckermark, Landkreis|weiblich|51.5
2023-12-31|13003|Rostock, kreisfreie Stadt|Insgesamt|45.9
2023-12-31|13003|Rostock, kreisfreie Stadt|männlich|44.0
2023-12-31|13003|Rostock, kreisfreie Stadt|weiblich|47.6
2023-12-31|13004|Schwerin, kreisfreie Stadt|Insgesamt|47.0
2023-12-31|13004|Schwerin, kreisfreie Stadt|männlich|45.0
2023-12-31|13004|Schwerin, kreisfreie Stadt|weiblich|48.9
2023-12-31|13071|Mecklenburgische Seenplatte, Landkreis|Insgesamt|49.0
2023-12-31|13071|Mecklenburgische Seenplatte, Landkreis|männlich|47.3
2023-12-31|13071|Mecklenburgische Seenplatte, Landkreis|weiblich|50.6
2023-12-31|13072|Landkreis Rostock|Insgesamt|47.7
2023-12-31|13072|Landkreis Rostock|männlich|46.4
2023-12-31|13072|Landkreis Rostock|weiblich|49.0
2023-12-31|13073|Vorpommern-Rügen, Landkreis|Insgesamt|49.2
2023-12-31|13073|Vorpommern-Rügen, Landkreis|männlich|47.6
2023-12-31|13073|Vorpommern-Rügen, Landkreis|weiblich|50.6
2023-12-31|13074|Nordwestmecklenburg, Landkreis|Insgesamt|47.4
2023-12-31|13074|Nordwestmecklenburg, Landkreis|männlich|46.0
2023-12-31|13074|Nordwestmecklenburg, Landkreis|weiblich|48.8
2023-12-31|13075|Vorpommern-Greifswald, Landkreis|Insgesamt|48.1
2023-12-31|13075|Vorpommern-Greifswald, Landkreis|männlich|46.8
2023-12-31|13075|Vorpommern-Greifswald, Landkreis|weiblich|49.4
2023-12-31|13076|Ludwigslust-Parchim, Landkreis|Insgesamt|47.9
2023-12-31|13076|Ludwigslust-Parchim, Landkreis|männlich|46.6
2023-12-31|13076|Ludwigslust-Parchim, Landkreis|weiblich|49.2
2023-12-31|14511|Chemnitz, kreisfreie Stadt|Insgesamt|46.7
2023-12-31|14511|Chemnitz, kreisfreie Stadt|männlich|44.6
2023-12-31|14511|Chemnitz, kreisfreie Stadt|weiblich|48.7
2023-12-31|14521|Erzgebirgskreis|Insgesamt|49.3
2023-12-31|14521|Erzgebirgskreis|männlich|47.5
2023-12-31|14521|Erzgebirgskreis|weiblich|51.0
2023-12-31|14522|Mittelsachsen, Landkreis|Insgesamt|48.7
2023-12-31|14522|Mittelsachsen, Landkreis|männlich|46.8
2023-12-31|14522|Mittelsachsen, Landkreis|weiblich|50.5
2023-12-31|14523|Vogtlandkreis|Insgesamt|49.8
2023-12-31|14523|Vogtlandkreis|männlich|47.7
2023-12-31|14523|Vogtlandkreis|weiblich|51.7
2023-12-31|14524|Zwickau, Landkreis|Insgesamt|49.0
2023-12-31|14524|Zwickau, Landkreis|männlich|47.0
2023-12-31|14524|Zwickau, Landkreis|weiblich|50.9
2023-12-31|14612|Dresden, kreisfreie Stadt|Insgesamt|43.5
2023-12-31|14612|Dresden, kreisfreie Stadt|männlich|41.8
2023-12-31|14612|Dresden, kreisfreie Stadt|weiblich|45.1
2023-12-31|14625|Bautzen, Landkreis|Insgesamt|48.6
2023-12-31|14625|Bautzen, Landkreis|männlich|46.9
2023-12-31|14625|Bautzen, Landkreis|weiblich|50.2
2023-12-31|14626|Görlitz, Landkreis|Insgesamt|49.7
2023-12-31|14626|Görlitz, Landkreis|männlich|47.9
2023-12-31|14626|Görlitz, Landkreis|weiblich|51.4
2023-12-31|14627|Meißen, Landkreis|Insgesamt|48.6
2023-12-31|14627|Meißen, Landkreis|männlich|47.0
2023-12-31|14627|Meißen, Landkreis|weiblich|50.2
2023-12-31|14628|Sächsische Schweiz-Osterzgebirge, Landkreis|Insgesamt|48.1
2023-12-31|14628|Sächsische Schweiz-Osterzgebirge, Landkreis|männlich|46.5
2023-12-31|14628|Sächsische Schweiz-Osterzgebirge, Landkreis|weiblich|49.7
2023-12-31|14713|Leipzig, kreisfreie Stadt|Insgesamt|42.3
2023-12-31|14713|Leipzig, kreisfreie Stadt|männlich|40.9
2023-12-31|14713|Leipzig, kreisfreie Stadt|weiblich|43.6
2023-12-31|14729|Leipzig, Landkreis|Insgesamt|48.0
2023-12-31|14729|Leipzig, Landkreis|männlich|46.4
2023-12-31|14729|Leipzig, Landkreis|weiblich|49.6
2023-12-31|14730|Nordsachsen, Landkreis|Insgesamt|47.7
2023-12-31|14730|Nordsachsen, Landkreis|männlich|46.1
2023-12-31|14730|Nordsachsen, Landkreis|weiblich|49.4
2023-12-31|15001|Dessau-Roßlau, kreisfreie Stadt|Insgesamt|50.4
2023-12-31|15001|Dessau-Roßlau, kreisfreie Stadt|männlich|48.3
2023-12-31|15001|Dessau-Roßlau, kreisfreie Stadt|weiblich|52.2
2023-12-31|15002|Halle (Saale), kreisfreie Stadt|Insgesamt|44.7
2023-12-31|15002|Halle (Saale), kreisfreie Stadt|männlich|42.6
2023-12-31|15002|Halle (Saale), kreisfreie Stadt|weiblich|46.7
2023-12-31|15003|Magdeburg, kreisfreie Stadt, Landeshauptstadt|Insgesamt|45.1
2023-12-31|15003|Magdeburg, kreisfreie Stadt, Landeshauptstadt|männlich|42.9
2023-12-31|15003|Magdeburg, kreisfreie Stadt, Landeshauptstadt|weiblich|47.3
2023-12-31|15081|Altmarkkreis Salzwedel|Insgesamt|48.2
2023-12-31|15081|Altmarkkreis Salzwedel|männlich|46.3
2023-12-31|15081|Altmarkkreis Salzwedel|weiblich|50.1
2023-12-31|15082|Anhalt-Bitterfeld, Landkreis|Insgesamt|49.4
2023-12-31|15082|Anhalt-Bitterfeld, Landkreis|männlich|47.5
2023-12-31|15082|Anhalt-Bitterfeld, Landkreis|weiblich|51.1
2023-12-31|15083|Börde, Landkreis|Insgesamt|47.6
2023-12-31|15083|Börde, Landkreis|männlich|46.0
2023-12-31|15083|Börde, Landkreis|weiblich|49.3
2023-12-31|15084|Burgenlandkreis|Insgesamt|49.1
2023-12-31|15084|Burgenlandkreis|männlich|47.2
2023-12-31|15084|Burgenlandkreis|weiblich|50.9
2023-12-31|15085|Harz, Landkreis|Insgesamt|49.8
2023-12-31|15085|Harz, Landkreis|männlich|47.9
2023-12-31|15085|Harz, Landkreis|weiblich|51.6
2023-12-31|15086|Jerichower Land, Landkreis|Insgesamt|48.7
2023-12-31|15086|Jerichower Land, Landkreis|männlich|47.1
2023-12-31|15086|Jerichower Land, Landkreis|weiblich|50.3
2023-12-31|15087|Mansfeld-Südharz, Landkreis|Insgesamt|50.6
2023-12-31|15087|Mansfeld-Südharz, Landkreis|männlich|48.7
2023-12-31|15087|Mansfeld-Südharz, Landkreis|weiblich|52.4
2023-12-31|15088|Saalekreis|Insgesamt|48.0
2023-12-31|15088|Saalekreis|männlich|46.5
2023-12-31|15088|Saalekreis|weiblich|49.4
2023-12-31|15089|Salzlandkreis|Insgesamt|49.3
2023-12-31|15089|Salzlandkreis|männlich|47.2
2023-12-31|15089|Salzlandkreis|weiblich|51.3
2023-12-31|15090|Stendal, Landkreis|Insgesamt|48.6
2023-12-31|15090|Stendal, Landkreis|männlich|47.0
2023-12-31|15090|Stendal, Landkreis|weiblich|50.2
2023-12-31|15091|Wittenberg, Landkreis|Insgesamt|49.8
2023-12-31|15091|Wittenberg, Landkreis|männlich|47.8
2023-12-31|15091|Wittenberg, Landkreis|weiblich|51.8
2023-12-31|16051|Erfurt, kreisfreie Stadt|Insgesamt|44.7
2023-12-31|16051|Erfurt, kreisfreie Stadt|männlich|43.3
2023-12-31|16051|Erfurt, kreisfreie Stadt|weiblich|46.0
2023-12-31|16052|Gera, kreisfreie Stadt|Insgesamt|48.1
2023-12-31|16052|Gera, kreisfreie Stadt|männlich|46.0
2023-12-31|16052|Gera, kreisfreie Stadt|weiblich|50.0
2023-12-31|16053|Jena, kreisfreie Stadt|Insgesamt|43.5
2023-12-31|16053|Jena, kreisfreie Stadt|männlich|42.1
2023-12-31|16053|Jena, kreisfreie Stadt|weiblich|44.9
2023-12-31|16054|Suhl, kreisfreie Stadt|Insgesamt|50.6
2023-12-31|16054|Suhl, kreisfreie Stadt|männlich|48.1
2023-12-31|16054|Suhl, kreisfreie Stadt|weiblich|53.0
2023-12-31|16055|Weimar, kreisfreie Stadt|Insgesamt|45.3
2023-12-31|16055|Weimar, kreisfreie Stadt|männlich|43.8
2023-12-31|16055|Weimar, kreisfreie Stadt|weiblich|46.7
2023-12-31|16061|Eichsfeld, Landkreis|Insgesamt|46.7
2023-12-31|16061|Eichsfeld, Landkreis|männlich|45.5
2023-12-31|16061|Eichsfeld, Landkreis|weiblich|47.9
2023-12-31|16062|Nordhausen, Landkreis|Insgesamt|48.2
2023-12-31|16062|Nordhausen, Landkreis|männlich|46.4
2023-12-31|16062|Nordhausen, Landkreis|weiblich|50.0
2023-12-31|16063|Wartburgkreis|Insgesamt|48.2
2023-12-31|16063|Wartburgkreis|männlich|46.6
2023-12-31|16063|Wartburgkreis|weiblich|49.8
2023-12-31|16064|Unstrut-Hainich-Kreis|Insgesamt|47.6
2023-12-31|16064|Unstrut-Hainich-Kreis|männlich|45.7
2023-12-31|16064|Unstrut-Hainich-Kreis|weiblich|49.4
2023-12-31|16065|Kyffhäuserkreis|Insgesamt|49.1
2023-12-31|16065|Kyffhäuserkreis|männlich|47.2
2023-12-31|16065|Kyffhäuserkreis|weiblich|51.1
2023-12-31|16066|Schmalkalden-Meiningen, Landkreis|Insgesamt|48.7
2023-12-31|16066|Schmalkalden-Meiningen, Landkreis|männlich|46.9
2023-12-31|16066|Schmalkalden-Meiningen, Landkreis|weiblich|50.4
2023-12-31|16067|Gotha, Landkreis|Insgesamt|47.5
2023-12-31|16067|Gotha, Landkreis|männlich|46.0
2023-12-31|16067|Gotha, Landkreis|weiblich|49.0
2023-12-31|16068|Sömmerda, Landkreis|Insgesamt|47.6
2023-12-31|16068|Sömmerda, Landkreis|männlich|45.8
2023-12-31|16068|Sömmerda, Landkreis|weiblich|49.4
2023-12-31|16069|Hildburghausen, Landkreis|Insgesamt|48.3
2023-12-31|16069|Hildburghausen, Landkreis|männlich|46.8
2023-12-31|16069|Hildburghausen, Landkreis|weiblich|49.8
2023-12-31|16070|Ilm-Kreis|Insgesamt|47.5
2023-12-31|16070|Ilm-Kreis|männlich|45.5
2023-12-31|16070|Ilm-Kreis|weiblich|49.5
2023-12-31|16071|Weimarer Land, Landkreis|Insgesamt|46.8
2023-12-31|16071|Weimarer Land, Landkreis|männlich|45.6
2023-12-31|16071|Weimarer Land, Landkreis|weiblich|48.0
2023-12-31|16072|Sonneberg, Landkreis|Insgesamt|49.5
2023-12-31|16072|Sonneberg, Landkreis|männlich|47.5
2023-12-31|16072|Sonneberg, Landkreis|weiblich|51.4
2023-12-31|16073|Saalfeld-Rudolstadt, Landkreis|Insgesamt|49.9
2023-12-31|16073|Saalfeld-Rudolstadt, Landkreis|männlich|47.9
2023-12-31|16073|Saalfeld-Rudolstadt, Landkreis|weiblich|51.8
2023-12-31|16074|Saale-Holzland-Kreis|Insgesamt|48.1
2023-12-31|16074|Saale-Holzland-Kreis|männlich|46.8
2023-12-31|16074|Saale-Holzland-Kreis|weiblich|49.4
2023-12-31|16075|Saale-Orla-Kreis|Insgesamt|48.9
2023-12-31|16075|Saale-Orla-Kreis|männlich|47.4
2023-12-31|16075|Saale-Orla-Kreis|weiblich|50.4
2023-12-31|16076|Greiz, Landkreis|Insgesamt|50.3
2023-12-31|16076|Greiz, Landkreis|männlich|48.4
2023-12-31|16076|Greiz, Landkreis|weiblich|52.2
2023-12-31|16077|Altenburger Land, Landkreis|Insgesamt|50.4
2023-12-31|16077|Altenburger Land, Landkreis|männlich|48.5
2023-12-31|16077|Altenburger Land, Landkreis|weiblich|52.1
2023-12-31|010|Schleswig-Holstein|Insgesamt|45.7
2023-12-31|010|Schleswig-Holstein|männlich|44.4
2023-12-31|010|Schleswig-Holstein|weiblich|47.0
2023-12-31|020|Hamburg|Insgesamt|42.2
2023-12-31|020|Hamburg|männlich|40.9
2023-12-31|020|Hamburg|weiblich|43.4
2023-12-31|031|Braunschweig, Statistische Region|Insgesamt|45.4
2023-12-31|031|Braunschweig, Statistische Region|männlich|44.0
2023-12-31|031|Braunschweig, Statistische Region|weiblich|46.7
2023-12-31|032|Hannover, Statistische Region|Insgesamt|45.2
2023-12-31|032|Hannover, Statistische Region|männlich|43.8
2023-12-31|032|Hannover, Statistische Region|weiblich|46.5
2023-12-31|033|Lüneburg, Statistische Region|Insgesamt|45.6
2023-12-31|033|Lüneburg, Statistische Region|männlich|44.3
2023-12-31|033|Lüneburg, Statistische Region|weiblich|46.8
2023-12-31|034|Weser-Ems, Statistische Region|Insgesamt|44.3
2023-12-31|034|Weser-Ems, Statistische Region|männlich|43.0
2023-12-31|034|Weser-Ems, Statistische Region|weiblich|45.5
2023-12-31|040|Bremen|Insgesamt|43.1
2023-12-31|040|Bremen|männlich|41.6
2023-12-31|040|Bremen|weiblich|44.6
2023-12-31|051|Düsseldorf, Regierungsbezirk|Insgesamt|44.6
2023-12-31|051|Düsseldorf, Regierungsbezirk|männlich|43.2
2023-12-31|051|Düsseldorf, Regierungsbezirk|weiblich|46.0
2023-12-31|053|Köln, Regierungsbezirk|Insgesamt|44.0
2023-12-31|053|Köln, Regierungsbezirk|männlich|42.7
2023-12-31|053|Köln, Regierungsbezirk|weiblich|45.2
2023-12-31|055|Münster, Regierungsbezirk|Insgesamt|44.1
2023-12-31|055|Münster, Regierungsbezirk|männlich|42.8
2023-12-31|055|Münster, Regierungsbezirk|weiblich|45.5
2023-12-31|057|Detmold, Regierungsbezirk|Insgesamt|44.2
2023-12-31|057|Detmold, Regierungsbezirk|männlich|42.8
2023-12-31|057|Detmold, Regierungsbezirk|weiblich|45.6
2023-12-31|059|Arnsberg, Regierungsbezirk|Insgesamt|44.8
2023-12-31|059|Arnsberg, Regierungsbezirk|männlich|43.3
2023-12-31|059|Arnsberg, Regierungsbezirk|weiblich|46.2
2023-12-31|064|Darmstadt, Regierungsbezirk|Insgesamt|43.7
2023-12-31|064|Darmstadt, Regierungsbezirk|männlich|42.5
2023-12-31|064|Darmstadt, Regierungsbezirk|weiblich|44.9
2023-12-31|065|Gießen, Regierungsbezirk|Insgesamt|44.4
2023-12-31|065|Gießen, Regierungsbezirk|männlich|43.2
2023-12-31|065|Gießen, Regierungsbezirk|weiblich|45.5
2023-12-31|066|Kassel, Regierungsbezirk|Insgesamt|45.5
2023-12-31|066|Kassel, Regierungsbezirk|männlich|44.2
2023-12-31|066|Kassel, Regierungsbezirk|weiblich|46.8
2023-12-31|071|Koblenz, Statistische Region|Insgesamt|45.5
2023-12-31|071|Koblenz, Statistische Region|männlich|44.2
2023-12-31|071|Koblenz, Statistische Region|weiblich|46.8
2023-12-31|072|Trier, Statistische Region|Insgesamt|44.8
2023-12-31|072|Trier, Statistische Region|männlich|43.6
2023-12-31|072|Trier, Statistische Region|weiblich|46.0
2023-12-31|073|Rheinhessen-Pfalz, Statistische Region|Insgesamt|44.8
2023-12-31|073|Rheinhessen-Pfalz, Statistische Region|männlich|43.6
2023-12-31|073|Rheinhessen-Pfalz, Statistische Region|weiblich|45.9
2023-12-31|081|Stuttgart, Regierungsbezirk|Insgesamt|43.7
2023-12-31|081|Stuttgart, Regierungsbezirk|männlich|42.5
2023-12-31|081|Stuttgart, Regierungsbezirk|weiblich|44.9
2023-12-31|082|Karlsruhe, Regierungsbezirk|Insgesamt|44.1
2023-12-31|082|Karlsruhe, Regierungsbezirk|männlich|42.8
2023-12-31|082|Karlsruhe, Regierungsbezirk|weiblich|45.4
2023-12-31|083|Freiburg, Regierungsbezirk|Insgesamt|44.0
2023-12-31|083|Freiburg, Regierungsbezirk|männlich|42.8
2023-12-31|083|Freiburg, Regierungsbezirk|weiblich|45.1
2023-12-31|084|Tübingen, Regierungsbezirk|Insgesamt|43.7
2023-12-31|084|Tübingen, Regierungsbezirk|männlich|42.6
2023-12-31|084|Tübingen, Regierungsbezirk|weiblich|44.9
2023-12-31|091|Oberbayern, Regierungsbezirk|Insgesamt|43.4
2023-12-31|091|Oberbayern, Regierungsbezirk|männlich|42.1
2023-12-31|091|Oberbayern, Regierungsbezirk|weiblich|44.6
2023-12-31|092|Niederbayern, Regierungsbezirk|Insgesamt|44.6
2023-12-31|092|Niederbayern, Regierungsbezirk|männlich|43.4
2023-12-31|092|Niederbayern, Regierungsbezirk|weiblich|45.8
2023-12-31|093|Oberpfalz, Regierungsbezirk|Insgesamt|44.5
2023-12-31|093|Oberpfalz, Regierungsbezirk|männlich|43.3
2023-12-31|093|Oberpfalz, Regierungsbezirk|weiblich|45.6
2023-12-31|094|Oberfranken, Regierungsbezirk|Insgesamt|45.8
2023-12-31|094|Oberfranken, Regierungsbezirk|männlich|44.3
2023-12-31|094|Oberfranken, Regierungsbezirk|weiblich|47.2
2023-12-31|095|Mittelfranken, Regierungsbezirk|Insgesamt|44.2
2023-12-31|095|Mittelfranken, Regierungsbezirk|männlich|42.8
2023-12-31|095|Mittelfranken, Regierungsbezirk|weiblich|45.6
2023-12-31|096|Unterfranken, Regierungsbezirk|Insgesamt|45.2
2023-12-31|096|Unterfranken, Regierungsbezirk|männlich|44.0
2023-12-31|096|Unterfranken, Regierungsbezirk|weiblich|46.4
2023-12-31|097|Schwaben, Regierungsbezirk|Insgesamt|44.0
2023-12-31|097|Schwaben, Regierungsbezirk|männlich|42.8
2023-12-31|097|Schwaben, Regierungsbezirk|weiblich|45.2
2023-12-31|100|Saarland, Regierungsbezirk|Insgesamt|46.3
2023-12-31|100|Saarland, Regierungsbezirk|männlich|44.9
2023-12-31|100|Saarland, Regierungsbezirk|weiblich|47.8
2023-12-31|110|Berlin|Insgesamt|42.8
2023-12-31|110|Berlin|männlich|41.6
2023-12-31|110|Berlin|weiblich|44.0
2023-12-31|120|Brandenburg|Insgesamt|47.4
2023-12-31|120|Brandenburg|männlich|45.9
2023-12-31|120|Brandenburg|weiblich|48.7
2023-12-31|130|Mecklenburg-Vorpommern, Statistische Region|Insgesamt|47.9
2023-12-31|130|Mecklenburg-Vorpommern, Statistische Region|männlich|46.4
2023-12-31|130|Mecklenburg-Vorpommern, Statistische Region|weiblich|49.3
2023-12-31|145|Chemnitz, Statistische Region|Insgesamt|48.7
2023-12-31|145|Chemnitz, Statistische Region|männlich|46.8
2023-12-31|145|Chemnitz, Statistische Region|weiblich|50.6
2023-12-31|146|Dresden, Statistische Region|Insgesamt|46.9
2023-12-31|146|Dresden, Statistische Region|männlich|45.2
2023-12-31|146|Dresden, Statistische Region|weiblich|48.5
2023-12-31|147|Leipzig, Statistische Region|Insgesamt|44.7
2023-12-31|147|Leipzig, Statistische Region|männlich|43.2
2023-12-31|147|Leipzig, Statistische Region|weiblich|46.1
2023-12-31|150|Sachsen-Anhalt|Insgesamt|48.2
2023-12-31|150|Sachsen-Anhalt|männlich|46.3
2023-12-31|150|Sachsen-Anhalt|weiblich|50.0
2023-12-31|160|Thüringen|Insgesamt|47.7
2023-12-31|160|Thüringen|männlich|46.0
2023-12-31|160|Thüringen|weiblich|49.3
2024-12-31|DG|Deutschland|Insgesamt|44.9
2024-12-31|DG|Deutschland|männlich|43.5
2024-12-31|DG|Deutschland|weiblich|46.2
2024-12-31|01|Schleswig-Holstein|Insgesamt|45.8
2024-12-31|01|Schleswig-Holstein|männlich|44.5
2024-12-31|01|Schleswig-Holstein|weiblich|47.2
2024-12-31|02|Hamburg|Insgesamt|42.2
2024-12-31|02|Hamburg|männlich|40.9
2024-12-31|02|Hamburg|weiblich|43.4
2024-12-31|03|Niedersachsen|Insgesamt|45.1
2024-12-31|03|Niedersachsen|männlich|43.8
2024-12-31|03|Niedersachsen|weiblich|46.4
2024-12-31|04|Bremen|Insgesamt|43.1
2024-12-31|04|Bremen|männlich|41.6
2024-12-31|04|Bremen|weiblich|44.6
2024-12-31|05|Nordrhein-Westfalen|Insgesamt|44.5
2024-12-31|05|Nordrhein-Westfalen|männlich|43.1
2024-12-31|05|Nordrhein-Westfalen|weiblich|45.8
2024-12-31|06|Hessen|Insgesamt|44.3
2024-12-31|06|Hessen|männlich|43.0
2024-12-31|06|Hessen|weiblich|45.5
2024-12-31|07|Rheinland-Pfalz|Insgesamt|45.1
2024-12-31|07|Rheinland-Pfalz|männlich|43.9
2024-12-31|07|Rheinland-Pfalz|weiblich|46.4
2024-12-31|08|Baden-Württemberg|Insgesamt|44.0
2024-12-31|08|Baden-Württemberg|männlich|42.8
2024-12-31|08|Baden-Württemberg|weiblich|45.2
2024-12-31|09|Bayern|Insgesamt|44.3
2024-12-31|09|Bayern|männlich|43.0
2024-12-31|09|Bayern|weiblich|45.5
2024-12-31|10|Saarland|Insgesamt|46.4
2024-12-31|10|Saarland|männlich|44.9
2024-12-31|10|Saarland|weiblich|47.8
2024-12-31|11|Berlin|Insgesamt|42.8
2024-12-31|11|Berlin|männlich|41.5
2024-12-31|11|Berlin|weiblich|44.0
2024-12-31|12|Brandenburg|Insgesamt|47.5
2024-12-31|12|Brandenburg|männlich|46.0
2024-12-31|12|Brandenburg|weiblich|48.9
2024-12-31|13|Mecklenburg-Vorpommern|Insgesamt|48.1
2024-12-31|13|Mecklenburg-Vorpommern|männlich|46.5
2024-12-31|13|Mecklenburg-Vorpommern|weiblich|49.5
2024-12-31|14|Sachsen|Insgesamt|47.1
2024-12-31|14|Sachsen|männlich|45.4
2024-12-31|14|Sachsen|weiblich|48.7
2024-12-31|15|Sachsen-Anhalt|Insgesamt|48.3
2024-12-31|15|Sachsen-Anhalt|männlich|46.4
2024-12-31|15|Sachsen-Anhalt|weiblich|50.1
2024-12-31|16|Thüringen|Insgesamt|47.9
2024-12-31|16|Thüringen|männlich|46.2
2024-12-31|16|Thüringen|weiblich|49.5
2024-12-31|01001|Flensburg, kreisfreie Stadt|Insgesamt|42.9
2024-12-31|01001|Flensburg, kreisfreie Stadt|männlich|41.8
2024-12-31|01001|Flensburg, kreisfreie Stadt|weiblich|43.9
2024-12-31|01002|Kiel, kreisfreie Stadt|Insgesamt|42.6
2024-12-31|01002|Kiel, kreisfreie Stadt|männlich|41.4
2024-12-31|01002|Kiel, kreisfreie Stadt|weiblich|43.7
2024-12-31|01003|Lübeck, kreisfreie Stadt, Hansestadt|Insgesamt|45.5
2024-12-31|01003|Lübeck, kreisfreie Stadt, Hansestadt|männlich|43.8
2024-12-31|01003|Lübeck, kreisfreie Stadt, Hansestadt|weiblich|47.2
2024-12-31|01004|Neumünster, kreisfreie Stadt|Insgesamt|45.1
2024-12-31|01004|Neumünster, kreisfreie Stadt|männlich|43.4
2024-12-31|01004|Neumünster, kreisfreie Stadt|weiblich|46.9
2024-12-31|01051|Dithmarschen, Kreis|Insgesamt|47.0
2024-12-31|01051|Dithmarschen, Kreis|männlich|45.8
2024-12-31|01051|Dithmarschen, Kreis|weiblich|48.2
2024-12-31|01053|Herzogtum Lauenburg, Kreis|Insgesamt|45.5
2024-12-31|01053|Herzogtum Lauenburg, Kreis|männlich|44.1
2024-12-31|01053|Herzogtum Lauenburg, Kreis|weiblich|46.8
2024-12-31|01054|Nordfriesland, Kreis|Insgesamt|46.8
2024-12-31|01054|Nordfriesland, Kreis|männlich|45.3
2024-12-31|01054|Nordfriesland, Kreis|weiblich|48.3
2024-12-31|01055|Ostholstein, Kreis|Insgesamt|49.1
2024-12-31|01055|Ostholstein, Kreis|männlich|47.9
2024-12-31|01055|Ostholstein, Kreis|weiblich|50.3
2024-12-31|01056|Pinneberg, Kreis|Insgesamt|45.4
2024-12-31|01056|Pinneberg, Kreis|männlich|43.9
2024-12-31|01056|Pinneberg, Kreis|weiblich|46.8
2024-12-31|01057|Plön, Kreis|Insgesamt|48.0
2024-12-31|01057|Plön, Kreis|männlich|46.7
2024-12-31|01057|Plön, Kreis|weiblich|49.2
2024-12-31|01058|Rendsburg-Eckernförde, Kreis|Insgesamt|46.4
2024-12-31|01058|Rendsburg-Eckernförde, Kreis|männlich|45.1
2024-12-31|01058|Rendsburg-Eckernförde, Kreis|weiblich|47.7
2024-12-31|01059|Schleswig-Flensburg, Kreis|Insgesamt|46.4
2024-12-31|01059|Schleswig-Flensburg, Kreis|männlich|45.2
2024-12-31|01059|Schleswig-Flensburg, Kreis|weiblich|47.5
2024-12-31|01060|Segeberg, Kreis|Insgesamt|45.3
2024-12-31|01060|Segeberg, Kreis|männlich|43.9
2024-12-31|01060|Segeberg, Kreis|weiblich|46.6
2024-12-31|01061|Steinburg, Kreis|Insgesamt|46.2
2024-12-31|01061|Steinburg, Kreis|männlich|44.9
2024-12-31|01061|Steinburg, Kreis|weiblich|47.5
2024-12-31|01062|Stormarn, Kreis|Insgesamt|46.0
2024-12-31|01062|Stormarn, Kreis|männlich|44.6
2024-12-31|01062|Stormarn, Kreis|weiblich|47.4
2024-12-31|02000|Hamburg, kreisfreie Stadt, Freie und Hansestadt|Insgesamt|42.2
2024-12-31|02000|Hamburg, kreisfreie Stadt, Freie und Hansestadt|männlich|40.9
2024-12-31|02000|Hamburg, kreisfreie Stadt, Freie und Hansestadt|weiblich|43.4
2024-12-31|03101|Braunschweig, kreisfreie Stadt|Insgesamt|44.2
2024-12-31|03101|Braunschweig, kreisfreie Stadt|männlich|42.7
2024-12-31|03101|Braunschweig, kreisfreie Stadt|weiblich|45.7
2024-12-31|03102|Salzgitter, kreisfreie Stadt|Insgesamt|44.1
2024-12-31|03102|Salzgitter, kreisfreie Stadt|männlich|42.7
2024-12-31|03102|Salzgitter, kreisfreie Stadt|weiblich|45.6
2024-12-31|03103|Wolfsburg, kreisfreie Stadt|Insgesamt|44.1
2024-12-31|03103|Wolfsburg, kreisfreie Stadt|männlich|42.6
2024-12-31|03103|Wolfsburg, kreisfreie Stadt|weiblich|45.6
2024-12-31|03151|Gifhorn, Landkreis|Insgesamt|44.6
2024-12-31|03151|Gifhorn, Landkreis|männlich|43.6
2024-12-31|03151|Gifhorn, Landkreis|weiblich|45.6
2024-12-31|03153|Goslar, Landkreis|Insgesamt|48.4
2024-12-31|03153|Goslar, Landkreis|männlich|46.7
2024-12-31|03153|Goslar, Landkreis|weiblich|50.1
2024-12-31|03154|Helmstedt, Landkreis|Insgesamt|46.3
2024-12-31|03154|Helmstedt, Landkreis|männlich|45.0
2024-12-31|03154|Helmstedt, Landkreis|weiblich|47.7
2024-12-31|03155|Northeim, Landkreis|Insgesamt|47.5
2024-12-31|03155|Northeim, Landkreis|männlich|46.3
2024-12-31|03155|Northeim, Landkreis|weiblich|48.7
2024-12-31|03157|Peine, Landkreis|Insgesamt|44.7
2024-12-31|03157|Peine, Landkreis|männlich|43.7
2024-12-31|03157|Peine, Landkreis|weiblich|45.8
2024-12-31|03158|Wolfenbüttel, Landkreis|Insgesamt|46.6
2024-12-31|03158|Wolfenbüttel, Landkreis|männlich|45.2
2024-12-31|03158|Wolfenbüttel, Landkreis|weiblich|48.0
2024-12-31|03159|Göttingen, Landkreis|Insgesamt|45.5
2024-12-31|03159|Göttingen, Landkreis|männlich|44.3
2024-12-31|03159|Göttingen, Landkreis|weiblich|46.7
2024-12-31|03241|Region Hannover, Landkreis|Insgesamt|44.4
2024-12-31|03241|Region Hannover, Landkreis|männlich|43.0
2024-12-31|03241|Region Hannover, Landkreis|weiblich|45.7
2024-12-31|03241001|Hannover, Landeshauptstadt|Insgesamt|42.8
2024-12-31|03241001|Hannover, Landeshauptstadt|männlich|41.5
2024-12-31|03241001|Hannover, Landeshauptstadt|weiblich|44.2
2024-12-31|03251|Diepholz, Landkreis|Insgesamt|45.6
2024-12-31|03251|Diepholz, Landkreis|männlich|44.5
2024-12-31|03251|Diepholz, Landkreis|weiblich|46.7
2024-12-31|03252|Hameln-Pyrmont, Landkreis|Insgesamt|46.8
2024-12-31|03252|Hameln-Pyrmont, Landkreis|männlich|45.2
2024-12-31|03252|Hameln-Pyrmont, Landkreis|weiblich|48.3
2024-12-31|03254|Hildesheim, Landkreis|Insgesamt|45.9
2024-12-31|03254|Hildesheim, Landkreis|männlich|44.6
2024-12-31|03254|Hildesheim, Landkreis|weiblich|47.1
2024-12-31|03255|Holzminden, Landkreis|Insgesamt|47.4
2024-12-31|03255|Holzminden, Landkreis|männlich|46.3
2024-12-31|03255|Holzminden, Landkreis|weiblich|48.4
2024-12-31|03256|Nienburg (Weser), Landkreis|Insgesamt|45.5
2024-12-31|03256|Nienburg (Weser), Landkreis|männlich|44.3
2024-12-31|03256|Nienburg (Weser), Landkreis|weiblich|46.7
2024-12-31|03257|Schaumburg, Landkreis|Insgesamt|47.0
2024-12-31|03257|Schaumburg, Landkreis|männlich|45.4
2024-12-31|03257|Schaumburg, Landkreis|weiblich|48.4
2024-12-31|03351|Celle, Landkreis|Insgesamt|45.7
2024-12-31|03351|Celle, Landkreis|männlich|44.4
2024-12-31|03351|Celle, Landkreis|weiblich|46.9
2024-12-31|03352|Cuxhaven, Landkreis|Insgesamt|47.1
2024-12-31|03352|Cuxhaven, Landkreis|männlich|45.7
2024-12-31|03352|Cuxhaven, Landkreis|weiblich|48.5
2024-12-31|03353|Harburg, Landkreis|Insgesamt|45.5
2024-12-31|03353|Harburg, Landkreis|männlich|44.2
2024-12-31|03353|Harburg, Landkreis|weiblich|46.9
2024-12-31|03354|Lüchow-Dannenberg, Landkreis|Insgesamt|49.1
2024-12-31|03354|Lüchow-Dannenberg, Landkreis|männlich|47.6
2024-12-31|03354|Lüchow-Dannenberg, Landkreis|weiblich|50.5
2024-12-31|03355|Lüneburg, Landkreis|Insgesamt|44.4
2024-12-31|03355|Lüneburg, Landkreis|männlich|43.2
2024-12-31|03355|Lüneburg, Landkreis|weiblich|45.5
2024-12-31|03356|Osterholz, Landkreis|Insgesamt|46.4
2024-12-31|03356|Osterholz, Landkreis|männlich|45.2
2024-12-31|03356|Osterholz, Landkreis|weiblich|47.4
2024-12-31|03357|Rotenburg (Wümme), Landkreis|Insgesamt|45.1
2024-12-31|03357|Rotenburg (Wümme), Landkreis|männlich|44.0
2024-12-31|03357|Rotenburg (Wümme), Landkreis|weiblich|46.3
2024-12-31|03358|Heidekreis|Insgesamt|45.7
2024-12-31|03358|Heidekreis|männlich|44.3
2024-12-31|03358|Heidekreis|weiblich|47.0
2024-12-31|03359|Stade, Landkreis|Insgesamt|44.8
2024-12-31|03359|Stade, Landkreis|männlich|43.3
2024-12-31|03359|Stade, Landkreis|weiblich|46.2
2024-12-31|03360|Uelzen, Landkreis|Insgesamt|47.2
2024-12-31|03360|Uelzen, Landkreis|männlich|45.7
2024-12-31|03360|Uelzen, Landkreis|weiblich|48.6
2024-12-31|03361|Verden, Landkreis|Insgesamt|45.1
2024-12-31|03361|Verden, Landkreis|männlich|43.8
2024-12-31|03361|Verden, Landkreis|weiblich|46.2
2024-12-31|03401|Delmenhorst, kreisfreie Stadt|Insgesamt|44.3
2024-12-31|03401|Delmenhorst, kreisfreie Stadt|männlich|42.8
2024-12-31|03401|Delmenhorst, kreisfreie Stadt|weiblich|45.7
2024-12-31|03402|Emden, kreisfreie Stadt|Insgesamt|44.4
2024-12-31|03402|Emden, kreisfreie Stadt|männlich|43.0
2024-12-31|03402|Emden, kreisfreie Stadt|weiblich|45.7
2024-12-31|03403|Oldenburg (Oldenburg), kreisfreie Stadt|Insgesamt|43.2
2024-12-31|03403|Oldenburg (Oldenburg), kreisfreie Stadt|männlich|41.9
2024-12-31|03403|Oldenburg (Oldenburg), kreisfreie Stadt|weiblich|44.5
2024-12-31|03404|Osnabrück, kreisfreie Stadt|Insgesamt|42.4
2024-12-31|03404|Osnabrück, kreisfreie Stadt|männlich|41.4
2024-12-31|03404|Osnabrück, kreisfreie Stadt|weiblich|43.4
2024-12-31|03405|Wilhelmshaven, kreisfreie Stadt|Insgesamt|46.4
2024-12-31|03405|Wilhelmshaven, kreisfreie Stadt|männlich|44.5
2024-12-31|03405|Wilhelmshaven, kreisfreie Stadt|weiblich|48.2
2024-12-31|03451|Ammerland, Landkreis|Insgesamt|45.9
2024-12-31|03451|Ammerland, Landkreis|männlich|44.6
2024-12-31|03451|Ammerland, Landkreis|weiblich|47.2
2024-12-31|03452|Aurich, Landkreis|Insgesamt|46.4
2024-12-31|03452|Aurich, Landkreis|männlich|45.0
2024-12-31|03452|Aurich, Landkreis|weiblich|47.7
2024-12-31|03453|Cloppenburg, Landkreis|Insgesamt|41.6
2024-12-31|03453|Cloppenburg, Landkreis|männlich|40.5
2024-12-31|03453|Cloppenburg, Landkreis|weiblich|42.7
2024-12-31|03454|Emsland, Landkreis|Insgesamt|43.5
2024-12-31|03454|Emsland, Landkreis|männlich|42.5
2024-12-31|03454|Emsland, Landkreis|weiblich|44.6
2024-12-31|03455|Friesland, Landkreis|Insgesamt|47.6
2024-12-31|03455|Friesland, Landkreis|männlich|46.3
2024-12-31|03455|Friesland, Landkreis|weiblich|48.9
2024-12-31|03456|Grafschaft Bentheim, Landkreis|Insgesamt|44.3
2024-12-31|03456|Grafschaft Bentheim, Landkreis|männlich|43.0
2024-12-31|03456|Grafschaft Bentheim, Landkreis|weiblich|45.5
2024-12-31|03457|Leer, Landkreis|Insgesamt|44.9
2024-12-31|03457|Leer, Landkreis|männlich|43.7
2024-12-31|03457|Leer, Landkreis|weiblich|46.0
2024-12-31|03458|Oldenburg, Landkreis|Insgesamt|45.5
2024-12-31|03458|Oldenburg, Landkreis|männlich|44.2
2024-12-31|03458|Oldenburg, Landkreis|weiblich|46.6
2024-12-31|03459|Osnabrück, Landkreis|Insgesamt|44.9
2024-12-31|03459|Osnabrück, Landkreis|männlich|43.6
2024-12-31|03459|Osnabrück, Landkreis|weiblich|46.1
2024-12-31|03460|Vechta, Landkreis|Insgesamt|41.9
2024-12-31|03460|Vechta, Landkreis|männlich|41.1
2024-12-31|03460|Vechta, Landkreis|weiblich|42.7
2024-12-31|03461|Wesermarsch, Landkreis|Insgesamt|46.2
2024-12-31|03461|Wesermarsch, Landkreis|männlich|45.1
2024-12-31|03461|Wesermarsch, Landkreis|weiblich|47.4
2024-12-31|03462|Wittmund, Landkreis|Insgesamt|47.2
2024-12-31|03462|Wittmund, Landkreis|männlich|45.8
2024-12-31|03462|Wittmund, Landkreis|weiblich|48.5
2024-12-31|04011|Bremen, kreisfreie Stadt|Insgesamt|43.1
2024-12-31|04011|Bremen, kreisfreie Stadt|männlich|41.5
2024-12-31|04011|Bremen, kreisfreie Stadt|weiblich|44.6
2024-12-31|04012|Bremerhaven, kreisfreie Stadt|Insgesamt|43.3
2024-12-31|04012|Bremerhaven, kreisfreie Stadt|männlich|41.8
2024-12-31|04012|Bremerhaven, kreisfreie Stadt|weiblich|44.7
2024-12-31|05111|Düsseldorf, kreisfreie Stadt|Insgesamt|43.1
2024-12-31|05111|Düsseldorf, kreisfreie Stadt|männlich|41.9
2024-12-31|05111|Düsseldorf, kreisfreie Stadt|weiblich|44.4
2024-12-31|05112|Duisburg, kreisfreie Stadt|Insgesamt|43.2
2024-12-31|05112|Duisburg, kreisfreie Stadt|männlich|41.7
2024-12-31|05112|Duisburg, kreisfreie Stadt|weiblich|44.6
2024-12-31|05113|Essen, kreisfreie Stadt|Insgesamt|44.0
2024-12-31|05113|Essen, kreisfreie Stadt|männlich|42.5
2024-12-31|05113|Essen, kreisfreie Stadt|weiblich|45.5
2024-12-31|05114|Krefeld, kreisfreie Stadt|Insgesamt|44.8
2024-12-31|05114|Krefeld, kreisfreie Stadt|männlich|43.2
2024-12-31|05114|Krefeld, kreisfreie Stadt|weiblich|46.3
2024-12-31|05116|Mönchengladbach, kreisfreie Stadt|Insgesamt|44.1
2024-12-31|05116|Mönchengladbach, kreisfreie Stadt|männlich|42.6
2024-12-31|05116|Mönchengladbach, kreisfreie Stadt|weiblich|45.5
2024-12-31|05117|Mülheim an der Ruhr, kreisfreie Stadt|Insgesamt|45.5
2024-12-31|05117|Mülheim an der Ruhr, kreisfreie Stadt|männlich|43.8
2024-12-31|05117|Mülheim an der Ruhr, kreisfreie Stadt|weiblich|47.1
2024-12-31|05119|Oberhausen, kreisfreie Stadt|Insgesamt|44.8
2024-12-31|05119|Oberhausen, kreisfreie Stadt|männlich|43.5
2024-12-31|05119|Oberhausen, kreisfreie Stadt|weiblich|46.1
2024-12-31|05120|Remscheid, kreisfreie Stadt|Insgesamt|44.8
2024-12-31|05120|Remscheid, kreisfreie Stadt|männlich|43.4
2024-12-31|05120|Remscheid, kreisfreie Stadt|weiblich|46.3
2024-12-31|05122|Solingen, kreisfreie Stadt|Insgesamt|45.0
2024-12-31|05122|Solingen, kreisfreie Stadt|männlich|43.4
2024-12-31|05122|Solingen, kreisfreie Stadt|weiblich|46.4
2024-12-31|05124|Wuppertal, kreisfreie Stadt|Insgesamt|43.7
2024-12-31|05124|Wuppertal, kreisfreie Stadt|männlich|42.1
2024-12-31|05124|Wuppertal, kreisfreie Stadt|weiblich|45.1
2024-12-31|05154|Kleve, Kreis|Insgesamt|44.6
2024-12-31|05154|Kleve, Kreis|männlich|43.4
2024-12-31|05154|Kleve, Kreis|weiblich|45.9
2024-12-31|05158|Mettmann, Kreis|Insgesamt|46.2
2024-12-31|05158|Mettmann, Kreis|männlich|44.6
2024-12-31|05158|Mettmann, Kreis|weiblich|47.7
2024-12-31|05162|Rhein-Kreis Neuss|Insgesamt|45.3
2024-12-31|05162|Rhein-Kreis Neuss|männlich|43.8
2024-12-31|05162|Rhein-Kreis Neuss|weiblich|46.6
2024-12-31|05166|Viersen, Kreis|Insgesamt|46.1
2024-12-31|05166|Viersen, Kreis|männlich|44.8
2024-12-31|05166|Viersen, Kreis|weiblich|47.3
2024-12-31|05170|Wesel, Kreis|Insgesamt|46.3
2024-12-31|05170|Wesel, Kreis|männlich|44.9
2024-12-31|05170|Wesel, Kreis|weiblich|47.7
2024-12-31|05314|Bonn, kreisfreie Stadt|Insgesamt|42.5
2024-12-31|05314|Bonn, kreisfreie Stadt|männlich|41.2
2024-12-31|05314|Bonn, kreisfreie Stadt|weiblich|43.6
2024-12-31|05315|Köln, kreisfreie Stadt|Insgesamt|42.5
2024-12-31|05315|Köln, kreisfreie Stadt|männlich|41.5
2024-12-31|05315|Köln, kreisfreie Stadt|weiblich|43.4
2024-12-31|05316|Leverkusen, kreisfreie Stadt|Insgesamt|44.4
2024-12-31|05316|Leverkusen, kreisfreie Stadt|männlich|43.0
2024-12-31|05316|Leverkusen, kreisfreie Stadt|weiblich|45.8
2024-12-31|05334|Städteregion Aachen, Kreis|Insgesamt|43.5
2024-12-31|05334|Städteregion Aachen, Kreis|männlich|42.0
2024-12-31|05334|Städteregion Aachen, Kreis|weiblich|45.1
2024-12-31|05334002|Aachen, kreisfreie Stadt|Insgesamt|41.6
2024-12-31|05334002|Aachen, kreisfreie Stadt|männlich|39.7
2024-12-31|05334002|Aachen, kreisfreie Stadt|weiblich|43.6
2024-12-31|05358|Düren, Kreis|Insgesamt|44.6
2024-12-31|05358|Düren, Kreis|männlich|43.3
2024-12-31|05358|Düren, Kreis|weiblich|46.0
2024-12-31|05362|Rhein-Erft-Kreis|Insgesamt|44.6
2024-12-31|05362|Rhein-Erft-Kreis|männlich|43.2
2024-12-31|05362|Rhein-Erft-Kreis|weiblich|46.0
2024-12-31|05366|Euskirchen, Kreis|Insgesamt|45.3
2024-12-31|05366|Euskirchen, Kreis|männlich|44.0
2024-12-31|05366|Euskirchen, Kreis|weiblich|46.7
2024-12-31|05370|Heinsberg, Kreis|Insgesamt|45.1
2024-12-31|05370|Heinsberg, Kreis|männlich|43.8
2024-12-31|05370|Heinsberg, Kreis|weiblich|46.3
2024-12-31|05374|Oberbergischer Kreis|Insgesamt|44.8
2024-12-31|05374|Oberbergischer Kreis|männlich|43.6
2024-12-31|05374|Oberbergischer Kreis|weiblich|45.9
2024-12-31|05378|Rheinisch-Bergischer Kreis|Insgesamt|46.2
2024-12-31|05378|Rheinisch-Bergischer Kreis|männlich|44.9
2024-12-31|05378|Rheinisch-Bergischer Kreis|weiblich|47.5
2024-12-31|05382|Rhein-Sieg-Kreis|Insgesamt|45.2
2024-12-31|05382|Rhein-Sieg-Kreis|männlich|43.8
2024-12-31|05382|Rhein-Sieg-Kreis|weiblich|46.6
2024-12-31|05512|Bottrop, kreisfreie Stadt|Insgesamt|45.7
2024-12-31|05512|Bottrop, kreisfreie Stadt|männlich|44.1
2024-12-31|05512|Bottrop, kreisfreie Stadt|weiblich|47.3
2024-12-31|05513|Gelsenkirchen, kreisfreie Stadt|Insgesamt|42.7
2024-12-31|05513|Gelsenkirchen, kreisfreie Stadt|männlich|41.3
2024-12-31|05513|Gelsenkirchen, kreisfreie Stadt|weiblich|44.1
2024-12-31|05515|Münster, kreisfreie Stadt|Insgesamt|41.8
2024-12-31|05515|Münster, kreisfreie Stadt|männlich|40.8
2024-12-31|05515|Münster, kreisfreie Stadt|weiblich|42.8
2024-12-31|05554|Borken, Kreis|Insgesamt|43.6
2024-12-31|05554|Borken, Kreis|männlich|42.5
2024-12-31|05554|Borken, Kreis|weiblich|44.8
2024-12-31|05558|Coesfeld, Kreis|Insgesamt|45.2
2024-12-31|05558|Coesfeld, Kreis|männlich|43.8
2024-12-31|05558|Coesfeld, Kreis|weiblich|46.4
2024-12-31|05562|Recklinghausen, Kreis|Insgesamt|45.5
2024-12-31|05562|Recklinghausen, Kreis|männlich|43.9
2024-12-31|05562|Recklinghausen, Kreis|weiblich|47.1
2024-12-31|05566|Steinfurt, Kreis|Insgesamt|44.2
2024-12-31|05566|Steinfurt, Kreis|männlich|42.8
2024-12-31|05566|Steinfurt, Kreis|weiblich|45.6
2024-12-31|05570|Warendorf, Kreis|Insgesamt|44.9
2024-12-31|05570|Warendorf, Kreis|männlich|43.6
2024-12-31|05570|Warendorf, Kreis|weiblich|46.1
2024-12-31|05711|Bielefeld, kreisfreie Stadt|Insgesamt|43.0
2024-12-31|05711|Bielefeld, kreisfreie Stadt|männlich|41.7
2024-12-31|05711|Bielefeld, kreisfreie Stadt|weiblich|44.3
2024-12-31|05754|Gütersloh, Kreis|Insgesamt|44.1
2024-12-31|05754|Gütersloh, Kreis|männlich|42.7
2024-12-31|05754|Gütersloh, Kreis|weiblich|45.5
2024-12-31|05758|Herford, Kreis|Insgesamt|45.3
2024-12-31|05758|Herford, Kreis|männlich|44.0
2024-12-31|05758|Herford, Kreis|weiblich|46.6
2024-12-31|05762|Höxter, Kreis|Insgesamt|46.1
2024-12-31|05762|Höxter, Kreis|männlich|44.7
2024-12-31|05762|Höxter, Kreis|weiblich|47.4
2024-12-31|05766|Lippe, Kreis|Insgesamt|45.1
2024-12-31|05766|Lippe, Kreis|männlich|43.5
2024-12-31|05766|Lippe, Kreis|weiblich|46.6
2024-12-31|05770|Minden-Lübbecke, Kreis|Insgesamt|44.9
2024-12-31|05770|Minden-Lübbecke, Kreis|männlich|43.5
2024-12-31|05770|Minden-Lübbecke, Kreis|weiblich|46.3
2024-12-31|05774|Paderborn, Kreis|Insgesamt|43.1
2024-12-31|05774|Paderborn, Kreis|männlich|41.9
2024-12-31|05774|Paderborn, Kreis|weiblich|44.4
2024-12-31|05911|Bochum, kreisfreie Stadt|Insgesamt|44.5
2024-12-31|05911|Bochum, kreisfreie Stadt|männlich|43.0
2024-12-31|05911|Bochum, kreisfreie Stadt|weiblich|45.9
2024-12-31|05913|Dortmund, kreisfreie Stadt|Insgesamt|43.3
2024-12-31|05913|Dortmund, kreisfreie Stadt|männlich|41.9
2024-12-31|05913|Dortmund, kreisfreie Stadt|weiblich|44.6
2024-12-31|05914|Hagen, kreisfreie Stadt|Insgesamt|43.8
2024-12-31|05914|Hagen, kreisfreie Stadt|männlich|42.3
2024-12-31|05914|Hagen, kreisfreie Stadt|weiblich|45.1
2024-12-31|05915|Hamm, kreisfreie Stadt|Insgesamt|43.9
2024-12-31|05915|Hamm, kreisfreie Stadt|männlich|42.5
2024-12-31|05915|Hamm, kreisfreie Stadt|weiblich|45.4
2024-12-31|05916|Herne, kreisfreie Stadt|Insgesamt|44.3
2024-12-31|05916|Herne, kreisfreie Stadt|männlich|42.7
2024-12-31|05916|Herne, kreisfreie Stadt|weiblich|45.8
2024-12-31|05954|Ennepe-Ruhr-Kreis|Insgesamt|46.4
2024-12-31|05954|Ennepe-Ruhr-Kreis|männlich|44.9
2024-12-31|05954|Ennepe-Ruhr-Kreis|weiblich|47.8
2024-12-31|05958|Hochsauerlandkreis|Insgesamt|45.8
2024-12-31|05958|Hochsauerlandkreis|männlich|44.4
2024-12-31|05958|Hochsauerlandkreis|weiblich|47.2
2024-12-31|05962|Märkischer Kreis|Insgesamt|45.5
2024-12-31|05962|Märkischer Kreis|männlich|44.1
2024-12-31|05962|Märkischer Kreis|weiblich|47.0
2024-12-31|05966|Olpe, Kreis|Insgesamt|44.8
2024-12-31|05966|Olpe, Kreis|männlich|43.5
2024-12-31|05966|Olpe, Kreis|weiblich|46.1
2024-12-31|05970|Siegen-Wittgenstein, Kreis|Insgesamt|44.7
2024-12-31|05970|Siegen-Wittgenstein, Kreis|männlich|43.2
2024-12-31|05970|Siegen-Wittgenstein, Kreis|weiblich|46.2
2024-12-31|05974|Soest, Kreis|Insgesamt|45.3
2024-12-31|05974|Soest, Kreis|männlich|44.0
2024-12-31|05974|Soest, Kreis|weiblich|46.7
2024-12-31|05978|Unna, Kreis|Insgesamt|45.9
2024-12-31|05978|Unna, Kreis|männlich|44.4
2024-12-31|05978|Unna, Kreis|weiblich|47.3
2024-12-31|06411|Darmstadt, kreisfreie Stadt, Wissenschaftsstadt|Insgesamt|41.0
2024-12-31|06411|Darmstadt, kreisfreie Stadt, Wissenschaftsstadt|männlich|39.3
2024-12-31|06411|Darmstadt, kreisfreie Stadt, Wissenschaftsstadt|weiblich|42.7
2024-12-31|06412|Frankfurt am Main, kreisfreie Stadt|Insgesamt|41.1
2024-12-31|06412|Frankfurt am Main, kreisfreie Stadt|männlich|40.4
2024-12-31|06412|Frankfurt am Main, kreisfreie Stadt|weiblich|41.9
2024-12-31|06413|Offenbach am Main, kreisfreie Stadt|Insgesamt|41.0
2024-12-31|06413|Offenbach am Main, kreisfreie Stadt|männlich|40.3
2024-12-31|06413|Offenbach am Main, kreisfreie Stadt|weiblich|41.8
2024-12-31|06414|Wiesbaden, kreisfreie Stadt, Landeshauptstadt|Insgesamt|43.2
2024-12-31|06414|Wiesbaden, kreisfreie Stadt, Landeshauptstadt|männlich|41.9
2024-12-31|06414|Wiesbaden, kreisfreie Stadt, Landeshauptstadt|weiblich|44.4
2024-12-31|06431|Bergstraße, Landkreis|Insgesamt|45.6
2024-12-31|06431|Bergstraße, Landkreis|männlich|44.4
2024-12-31|06431|Bergstraße, Landkreis|weiblich|46.8
2024-12-31|06432|Darmstadt-Dieburg, Landkreis|Insgesamt|44.9
2024-12-31|06432|Darmstadt-Dieburg, Landkreis|männlich|43.7
2024-12-31|06432|Darmstadt-Dieburg, Landkreis|weiblich|46.0
2024-12-31|06433|Groß-Gerau, Landkreis|Insgesamt|43.2
2024-12-31|06433|Groß-Gerau, Landkreis|männlich|42.0
2024-12-31|06433|Groß-Gerau, Landkreis|weiblich|44.4
2024-12-31|06434|Hochtaunuskreis|Insgesamt|45.7
2024-12-31|06434|Hochtaunuskreis|männlich|44.1
2024-12-31|06434|Hochtaunuskreis|weiblich|47.3
2024-12-31|06435|Main-Kinzig-Kreis|Insgesamt|44.8
2024-12-31|06435|Main-Kinzig-Kreis|männlich|43.5
2024-12-31|06435|Main-Kinzig-Kreis|weiblich|46.0
2024-12-31|06436|Main-Taunus-Kreis|Insgesamt|44.7
2024-12-31|06436|Main-Taunus-Kreis|männlich|43.3
2024-12-31|06436|Main-Taunus-Kreis|weiblich|46.0
2024-12-31|06437|Odenwaldkreis|Insgesamt|46.7
2024-12-31|06437|Odenwaldkreis|männlich|45.3
2024-12-31|06437|Odenwaldkreis|weiblich|48.0
2024-12-31|06438|Offenbach, Landkreis|Insgesamt|44.3
2024-12-31|06438|Offenbach, Landkreis|männlich|43.0
2024-12-31|06438|Offenbach, Landkreis|weiblich|45.6
2024-12-31|06439|Rheingau-Taunus-Kreis|Insgesamt|46.4
2024-12-31|06439|Rheingau-Taunus-Kreis|männlich|45.0
2024-12-31|06439|Rheingau-Taunus-Kreis|weiblich|47.7
2024-12-31|06440|Wetteraukreis|Insgesamt|45.0
2024-12-31|06440|Wetteraukreis|männlich|43.7
2024-12-31|06440|Wetteraukreis|weiblich|46.3
2024-12-31|06531|Gießen, Landkreis|Insgesamt|43.1
2024-12-31|06531|Gießen, Landkreis|männlich|42.1
2024-12-31|06531|Gießen, Landkreis|weiblich|44.0
2024-12-31|06532|Lahn-Dill-Kreis|Insgesamt|45.2
2024-12-31|06532|Lahn-Dill-Kreis|männlich|43.7
2024-12-31|06532|Lahn-Dill-Kreis|weiblich|46.7
2024-12-31|06533|Limburg-Weilburg, Landkreis|Insgesamt|45.3
2024-12-31|06533|Limburg-Weilburg, Landkreis|männlich|44.1
2024-12-31|06533|Limburg-Weilburg, Landkreis|weiblich|46.4
2024-12-31|06534|Marburg-Biedenkopf, Landkreis|Insgesamt|43.7
2024-12-31|06534|Marburg-Biedenkopf, Landkreis|männlich|42.6
2024-12-31|06534|Marburg-Biedenkopf, Landkreis|weiblich|44.7
2024-12-31|06535|Vogelsbergkreis|Insgesamt|47.3
2024-12-31|06535|Vogelsbergkreis|männlich|46.0
2024-12-31|06535|Vogelsbergkreis|weiblich|48.5
2024-12-31|06611|Kassel, kreisfreie Stadt, documenta-Stadt|Insgesamt|42.9
2024-12-31|06611|Kassel, kreisfreie Stadt, documenta-Stadt|männlich|41.7
2024-12-31|06611|Kassel, kreisfreie Stadt, documenta-Stadt|weiblich|44.1
2024-12-31|06631|Fulda, Landkreis|Insgesamt|44.6
2024-12-31|06631|Fulda, Landkreis|männlich|43.3
2024-12-31|06631|Fulda, Landkreis|weiblich|45.9
2024-12-31|06632|Hersfeld-Rotenburg, Landkreis|Insgesamt|46.5
2024-12-31|06632|Hersfeld-Rotenburg, Landkreis|männlich|45.0
2024-12-31|06632|Hersfeld-Rotenburg, Landkreis|weiblich|47.9
2024-12-31|06633|Kassel, Landkreis|Insgesamt|46.8
2024-12-31|06633|Kassel, Landkreis|männlich|45.4
2024-12-31|06633|Kassel, Landkreis|weiblich|48.2
2024-12-31|06634|Schwalm-Eder-Kreis|Insgesamt|46.2
2024-12-31|06634|Schwalm-Eder-Kreis|männlich|45.0
2024-12-31|06634|Schwalm-Eder-Kreis|weiblich|47.5
2024-12-31|06635|Waldeck-Frankenberg, Landkreis|Insgesamt|46.0
2024-12-31|06635|Waldeck-Frankenberg, Landkreis|männlich|44.6
2024-12-31|06635|Waldeck-Frankenberg, Landkreis|weiblich|47.5
2024-12-31|06636|Werra-Meißner-Kreis|Insgesamt|47.4
2024-12-31|06636|Werra-Meißner-Kreis|männlich|45.8
2024-12-31|06636|Werra-Meißner-Kreis|weiblich|49.0
2024-12-31|07111|Koblenz, kreisfreie Stadt|Insgesamt|44.0
2024-12-31|07111|Koblenz, kreisfreie Stadt|männlich|42.3
2024-12-31|07111|Koblenz, kreisfreie Stadt|weiblich|45.7
2024-12-31|07131|Ahrweiler, Landkreis|Insgesamt|46.8
2024-12-31|07131|Ahrweiler, Landkreis|männlich|45.6
2024-12-31|07131|Ahrweiler, Landkreis|weiblich|48.0
2024-12-31|07132|Altenkirchen (Westerwald), Landkreis|Insgesamt|45.2
2024-12-31|07132|Altenkirchen (Westerwald), Landkreis|männlich|43.9
2024-12-31|07132|Altenkirchen (Westerwald), Landkreis|weiblich|46.6
2024-12-31|07133|Bad Kreuznach, Landkreis|Insgesamt|46.0
2024-12-31|07133|Bad Kreuznach, Landkreis|männlich|44.6
2024-12-31|07133|Bad Kreuznach, Landkreis|weiblich|47.3
2024-12-31|07134|Birkenfeld, Landkreis|Insgesamt|46.3
2024-12-31|07134|Birkenfeld, Landkreis|männlich|44.9
2024-12-31|07134|Birkenfeld, Landkreis|weiblich|47.7
2024-12-31|07135|Cochem-Zell, Landkreis|Insgesamt|47.0
2024-12-31|07135|Cochem-Zell, Landkreis|männlich|45.6
2024-12-31|07135|Cochem-Zell, Landkreis|weiblich|48.5
2024-12-31|07137|Mayen-Koblenz, Landkreis|Insgesamt|45.3
2024-12-31|07137|Mayen-Koblenz, Landkreis|männlich|44.1
2024-12-31|07137|Mayen-Koblenz, Landkreis|weiblich|46.5
2024-12-31|07138|Neuwied, Landkreis|Insgesamt|45.2
2024-12-31|07138|Neuwied, Landkreis|männlich|43.9
2024-12-31|07138|Neuwied, Landkreis|weiblich|46.4
2024-12-31|07140|Rhein-Hunsrück-Kreis|Insgesamt|45.8
2024-12-31|07140|Rhein-Hunsrück-Kreis|männlich|44.6
2024-12-31|07140|Rhein-Hunsrück-Kreis|weiblich|47.1
2024-12-31|07141|Rhein-Lahn-Kreis|Insgesamt|46.1
2024-12-31|07141|Rhein-Lahn-Kreis|männlich|44.7
2024-12-31|07141|Rhein-Lahn-Kreis|weiblich|47.4
2024-12-31|07143|Westerwaldkreis|Insgesamt|45.2
2024-12-31|07143|Westerwaldkreis|männlich|44.1
2024-12-31|07143|Westerwaldkreis|weiblich|46.3
2024-12-31|07211|Trier, kreisfreie Stadt|Insgesamt|42.7
2024-12-31|07211|Trier, kreisfreie Stadt|männlich|41.3
2024-12-31|07211|Trier, kreisfreie Stadt|weiblich|44.0
2024-12-31|07231|Bernkastel-Wittlich, Landkreis|Insgesamt|46.1
2024-12-31|07231|Bernkastel-Wittlich, Landkreis|männlich|44.9
2024-12-31|07231|Bernkastel-Wittlich, Landkreis|weiblich|47.3
2024-12-31|07232|Eifelkreis Bitburg-Prüm|Insgesamt|44.7
2024-12-31|07232|Eifelkreis Bitburg-Prüm|männlich|43.5
2024-12-31|07232|Eifelkreis Bitburg-Prüm|weiblich|45.9
2024-12-31|07233|Vulkaneifel, Landkreis|Insgesamt|47.0
2024-12-31|07233|Vulkaneifel, Landkreis|männlich|46.1
2024-12-31|07233|Vulkaneifel, Landkreis|weiblich|48.0
2024-12-31|07235|Trier-Saarburg, Landkreis|Insgesamt|45.2
2024-12-31|07235|Trier-Saarburg, Landkreis|männlich|44.0
2024-12-31|07235|Trier-Saarburg, Landkreis|weiblich|46.3
2024-12-31|07311|Frankenthal (Pfalz), kreisfreie Stadt|Insgesamt|45.0
2024-12-31|07311|Frankenthal (Pfalz), kreisfreie Stadt|männlich|43.1
2024-12-31|07311|Frankenthal (Pfalz), kreisfreie Stadt|weiblich|46.8
2024-12-31|07312|Kaiserslautern, kreisfreie Stadt|Insgesamt|43.7
2024-12-31|07312|Kaiserslautern, kreisfreie Stadt|männlich|41.9
2024-12-31|07312|Kaiserslautern, kreisfreie Stadt|weiblich|45.5
2024-12-31|07313|Landau in der Pfalz, kreisfreie Stadt|Insgesamt|43.3
2024-12-31|07313|Landau in der Pfalz, kreisfreie Stadt|männlich|42.5
2024-12-31|07313|Landau in der Pfalz, kreisfreie Stadt|weiblich|44.1
2024-12-31|07314|Ludwigshafen am Rhein, kreisfreie Stadt|Insgesamt|42.3
2024-12-31|07314|Ludwigshafen am Rhein, kreisfreie Stadt|männlich|41.1
2024-12-31|07314|Ludwigshafen am Rhein, kreisfreie Stadt|weiblich|43.4
2024-12-31|07315|Mainz, kreisfreie Stadt|Insgesamt|41.6
2024-12-31|07315|Mainz, kreisfreie Stadt|männlich|40.9
2024-12-31|07315|Mainz, kreisfreie Stadt|weiblich|42.2
2024-12-31|07316|Neustadt an der Weinstraße, kreisfreie Stadt|Insgesamt|46.4
2024-12-31|07316|Neustadt an der Weinstraße, kreisfreie Stadt|männlich|44.7
2024-12-31|07316|Neustadt an der Weinstraße, kreisfreie Stadt|weiblich|48.1
2024-12-31|07317|Pirmasens, kreisfreie Stadt|Insgesamt|46.0
2024-12-31|07317|Pirmasens, kreisfreie Stadt|männlich|44.1
2024-12-31|07317|Pirmasens, kreisfreie Stadt|weiblich|47.9
2024-12-31|07318|Speyer, kreisfreie Stadt|Insgesamt|46.1
2024-12-31|07318|Speyer, kreisfreie Stadt|männlich|44.2
2024-12-31|07318|Speyer, kreisfreie Stadt|weiblich|48.0
2024-12-31|07319|Worms, kreisfreie Stadt|Insgesamt|43.4
2024-12-31|07319|Worms, kreisfreie Stadt|männlich|42.2
2024-12-31|07319|Worms, kreisfreie Stadt|weiblich|44.7
2024-12-31|07320|Zweibrücken, kreisfreie Stadt|Insgesamt|45.7
2024-12-31|07320|Zweibrücken, kreisfreie Stadt|männlich|44.5
2024-12-31|07320|Zweibrücken, kreisfreie Stadt|weiblich|46.9
2024-12-31|07331|Alzey-Worms, Landkreis|Insgesamt|44.8
2024-12-31|07331|Alzey-Worms, Landkreis|männlich|43.7
2024-12-31|07331|Alzey-Worms, Landkreis|weiblich|45.9
2024-12-31|07332|Bad Dürkheim, Landkreis|Insgesamt|47.2
2024-12-31|07332|Bad Dürkheim, Landkreis|männlich|46.2
2024-12-31|07332|Bad Dürkheim, Landkreis|weiblich|48.2
2024-12-31|07333|Donnersbergkreis|Insgesamt|46.0
2024-12-31|07333|Donnersbergkreis|männlich|44.9
2024-12-31|07333|Donnersbergkreis|weiblich|47.0
2024-12-31|07334|Germersheim, Landkreis|Insgesamt|44.5
2024-12-31|07334|Germersheim, Landkreis|männlich|43.5
2024-12-31|07334|Germersheim, Landkreis|weiblich|45.5
2024-12-31|07335|Kaiserslautern, Landkreis|Insgesamt|45.0
2024-12-31|07335|Kaiserslautern, Landkreis|männlich|43.8
2024-12-31|07335|Kaiserslautern, Landkreis|weiblich|46.3
2024-12-31|07336|Kusel, Landkreis|Insgesamt|46.8
2024-12-31|07336|Kusel, Landkreis|männlich|45.6
2024-12-31|07336|Kusel, Landkreis|weiblich|48.1
2024-12-31|07337|Südliche Weinstraße, Landkreis|Insgesamt|46.6
2024-12-31|07337|Südliche Weinstraße, Landkreis|männlich|45.3
2024-12-31|07337|Südliche Weinstraße, Landkreis|weiblich|47.9
2024-12-31|07338|Rhein-Pfalz-Kreis|Insgesamt|45.8
2024-12-31|07338|Rhein-Pfalz-Kreis|männlich|44.4
2024-12-31|07338|Rhein-Pfalz-Kreis|weiblich|47.1
2024-12-31|07339|Mainz-Bingen, Landkreis|Insgesamt|45.3
2024-12-31|07339|Mainz-Bingen, Landkreis|männlich|44.1
2024-12-31|07339|Mainz-Bingen, Landkreis|weiblich|46.5
2024-12-31|07340|Südwestpfalz, Landkreis|Insgesamt|48.1
2024-12-31|07340|Südwestpfalz, Landkreis|männlich|46.9
2024-12-31|07340|Südwestpfalz, Landkreis|weiblich|49.3
2024-12-31|08111|Stuttgart, Stadtkreis|Insgesamt|42.4
2024-12-31|08111|Stuttgart, Stadtkreis|männlich|41.4
2024-12-31|08111|Stuttgart, Stadtkreis|weiblich|43.4
2024-12-31|08115|Böblingen, Landkreis|Insgesamt|43.7
2024-12-31|08115|Böblingen, Landkreis|männlich|42.6
2024-12-31|08115|Böblingen, Landkreis|weiblich|44.7
2024-12-31|08116|Esslingen, Landkreis|Insgesamt|44.2
2024-12-31|08116|Esslingen, Landkreis|männlich|43.0
2024-12-31|08116|Esslingen, Landkreis|weiblich|45.5
2024-12-31|08117|Göppingen, Landkreis|Insgesamt|44.7
2024-12-31|08117|Göppingen, Landkreis|männlich|43.4
2024-12-31|08117|Göppingen, Landkreis|weiblich|45.9
2024-12-31|08118|Ludwigsburg, Landkreis|Insgesamt|43.8
2024-12-31|08118|Ludwigsburg, Landkreis|männlich|42.6
2024-12-31|08118|Ludwigsburg, Landkreis|weiblich|45.1
2024-12-31|08119|Rems-Murr-Kreis, Landkreis|Insgesamt|44.6
2024-12-31|08119|Rems-Murr-Kreis, Landkreis|männlich|43.4
2024-12-31|08119|Rems-Murr-Kreis, Landkreis|weiblich|45.8
2024-12-31|08121|Heilbronn, Stadtkreis|Insgesamt|42.1
2024-12-31|08121|Heilbronn, Stadtkreis|männlich|40.4
2024-12-31|08121|Heilbronn, Stadtkreis|weiblich|43.9
2024-12-31|08125|Heilbronn, Landkreis|Insgesamt|43.7
2024-12-31|08125|Heilbronn, Landkreis|männlich|42.5
2024-12-31|08125|Heilbronn, Landkreis|weiblich|45.0
2024-12-31|08126|Hohenlohekreis, Landkreis|Insgesamt|43.9
2024-12-31|08126|Hohenlohekreis, Landkreis|männlich|42.6
2024-12-31|08126|Hohenlohekreis, Landkreis|weiblich|45.2
2024-12-31|08127|Schwäbisch Hall, Landkreis|Insgesamt|43.6
2024-12-31|08127|Schwäbisch Hall, Landkreis|männlich|42.5
2024-12-31|08127|Schwäbisch Hall, Landkreis|weiblich|44.6
2024-12-31|08128|Main-Tauber-Kreis, Landkreis|Insgesamt|45.8
2024-12-31|08128|Main-Tauber-Kreis, Landkreis|männlich|44.3
2024-12-31|08128|Main-Tauber-Kreis, Landkreis|weiblich|47.3
2024-12-31|08135|Heidenheim, Landkreis|Insgesamt|44.8
2024-12-31|08135|Heidenheim, Landkreis|männlich|43.4
2024-12-31|08135|Heidenheim, Landkreis|weiblich|46.1
2024-12-31|08136|Ostalbkreis, Landkreis|Insgesamt|44.4
2024-12-31|08136|Ostalbkreis, Landkreis|männlich|43.2
2024-12-31|08136|Ostalbkreis, Landkreis|weiblich|45.5
2024-12-31|08211|Baden-Baden, Stadtkreis|Insgesamt|47.7
2024-12-31|08211|Baden-Baden, Stadtkreis|männlich|46.3
2024-12-31|08211|Baden-Baden, Stadtkreis|weiblich|48.9
2024-12-31|08212|Karlsruhe, Stadtkreis|Insgesamt|43.0
2024-12-31|08212|Karlsruhe, Stadtkreis|männlich|41.3
2024-12-31|08212|Karlsruhe, Stadtkreis|weiblich|44.8
2024-12-31|08215|Karlsruhe, Landkreis|Insgesamt|45.1
2024-12-31|08215|Karlsruhe, Landkreis|männlich|43.7
2024-12-31|08215|Karlsruhe, Landkreis|weiblich|46.5
2024-12-31|08216|Rastatt, Landkreis|Insgesamt|45.5
2024-12-31|08216|Rastatt, Landkreis|männlich|44.1
2024-12-31|08216|Rastatt, Landkreis|weiblich|46.8
2024-12-31|08221|Heidelberg, Stadtkreis|Insgesamt|40.0
2024-12-31|08221|Heidelberg, Stadtkreis|männlich|39.4
2024-12-31|08221|Heidelberg, Stadtkreis|weiblich|40.7
2024-12-31|08222|Mannheim, Stadtkreis|Insgesamt|42.5
2024-12-31|08222|Mannheim, Stadtkreis|männlich|41.4
2024-12-31|08222|Mannheim, Stadtkreis|weiblich|43.5
2024-12-31|08225|Neckar-Odenwald-Kreis, Landkreis|Insgesamt|45.5
2024-12-31|08225|Neckar-Odenwald-Kreis, Landkreis|männlich|44.1
2024-12-31|08225|Neckar-Odenwald-Kreis, Landkreis|weiblich|46.8
2024-12-31|08226|Rhein-Neckar-Kreis, Landkreis|Insgesamt|45.1
2024-12-31|08226|Rhein-Neckar-Kreis, Landkreis|männlich|43.9
2024-12-31|08226|Rhein-Neckar-Kreis, Landkreis|weiblich|46.3
2024-12-31|08231|Pforzheim, Stadtkreis|Insgesamt|42.6
2024-12-31|08231|Pforzheim, Stadtkreis|männlich|41.0
2024-12-31|08231|Pforzheim, Stadtkreis|weiblich|44.1
2024-12-31|08235|Calw, Landkreis|Insgesamt|44.6
2024-12-31|08235|Calw, Landkreis|männlich|43.3
2024-12-31|08235|Calw, Landkreis|weiblich|45.8
2024-12-31|08236|Enzkreis, Landkreis|Insgesamt|44.8
2024-12-31|08236|Enzkreis, Landkreis|männlich|43.6
2024-12-31|08236|Enzkreis, Landkreis|weiblich|46.0
2024-12-31|08237|Freudenstadt, Landkreis|Insgesamt|44.6
2024-12-31|08237|Freudenstadt, Landkreis|männlich|43.3
2024-12-31|08237|Freudenstadt, Landkreis|weiblich|45.9
2024-12-31|08311|Freiburg im Breisgau, Stadtkreis|Insgesamt|41.0
2024-12-31|08311|Freiburg im Breisgau, Stadtkreis|männlich|40.2
2024-12-31|08311|Freiburg im Breisgau, Stadtkreis|weiblich|41.7
2024-12-31|08315|Breisgau-Hochschwarzwald, Landkreis|Insgesamt|45.0
2024-12-31|08315|Breisgau-Hochschwarzwald, Landkreis|männlich|43.8
2024-12-31|08315|Breisgau-Hochschwarzwald, Landkreis|weiblich|46.1
2024-12-31|08316|Emmendingen, Landkreis|Insgesamt|44.7
2024-12-31|08316|Emmendingen, Landkreis|männlich|43.4
2024-12-31|08316|Emmendingen, Landkreis|weiblich|46.0
2024-12-31|08317|Ortenaukreis, Landkreis|Insgesamt|44.5
2024-12-31|08317|Ortenaukreis, Landkreis|männlich|43.3
2024-12-31|08317|Ortenaukreis, Landkreis|weiblich|45.8
2024-12-31|08325|Rottweil, Landkreis|Insgesamt|44.4
2024-12-31|08325|Rottweil, Landkreis|männlich|43.2
2024-12-31|08325|Rottweil, Landkreis|weiblich|45.6
2024-12-31|08326|Schwarzwald-Baar-Kreis, Landkreis|Insgesamt|44.7
2024-12-31|08326|Schwarzwald-Baar-Kreis, Landkreis|männlich|43.3
2024-12-31|08326|Schwarzwald-Baar-Kreis, Landkreis|weiblich|46.0
2024-12-31|08327|Tuttlingen, Landkreis|Insgesamt|43.1
2024-12-31|08327|Tuttlingen, Landkreis|männlich|41.8
2024-12-31|08327|Tuttlingen, Landkreis|weiblich|44.4
2024-12-31|08335|Konstanz, Landkreis|Insgesamt|44.3
2024-12-31|08335|Konstanz, Landkreis|männlich|43.0
2024-12-31|08335|Konstanz, Landkreis|weiblich|45.4
2024-12-31|08336|Lörrach, Landkreis|Insgesamt|44.3
2024-12-31|08336|Lörrach, Landkreis|männlich|43.0
2024-12-31|08336|Lörrach, Landkreis|weiblich|45.5
2024-12-31|08337|Waldshut, Landkreis|Insgesamt|44.6
2024-12-31|08337|Waldshut, Landkreis|männlich|43.4
2024-12-31|08337|Waldshut, Landkreis|weiblich|45.8
2024-12-31|08415|Reutlingen, Landkreis|Insgesamt|44.3
2024-12-31|08415|Reutlingen, Landkreis|männlich|43.0
2024-12-31|08415|Reutlingen, Landkreis|weiblich|45.5
2024-12-31|08416|Tübingen, Landkreis|Insgesamt|42.1
2024-12-31|08416|Tübingen, Landkreis|männlich|41.5
2024-12-31|08416|Tübingen, Landkreis|weiblich|42.7
2024-12-31|08417|Zollernalbkreis, Landkreis|Insgesamt|45.1
2024-12-31|08417|Zollernalbkreis, Landkreis|männlich|43.7
2024-12-31|08417|Zollernalbkreis, Landkreis|weiblich|46.5
2024-12-31|08421|Ulm, Stadtkreis|Insgesamt|42.3
2024-12-31|08421|Ulm, Stadtkreis|männlich|41.1
2024-12-31|08421|Ulm, Stadtkreis|weiblich|43.5
2024-12-31|08425|Alb-Donau-Kreis, Landkreis|Insgesamt|43.4
2024-12-31|08425|Alb-Donau-Kreis, Landkreis|männlich|42.3
2024-12-31|08425|Alb-Donau-Kreis, Landkreis|weiblich|44.6
2024-12-31|08426|Biberach, Landkreis|Insgesamt|43.3
2024-12-31|08426|Biberach, Landkreis|männlich|42.2
2024-12-31|08426|Biberach, Landkreis|weiblich|44.3
2024-12-31|08435|Bodenseekreis, Landkreis|Insgesamt|45.7
2024-12-31|08435|Bodenseekreis, Landkreis|männlich|44.3
2024-12-31|08435|Bodenseekreis, Landkreis|weiblich|47.0
2024-12-31|08436|Ravensburg, Landkreis|Insgesamt|43.9
2024-12-31|08436|Ravensburg, Landkreis|männlich|42.8
2024-12-31|08436|Ravensburg, Landkreis|weiblich|44.9
2024-12-31|08437|Sigmaringen, Landkreis|Insgesamt|44.6
2024-12-31|08437|Sigmaringen, Landkreis|männlich|43.2
2024-12-31|08437|Sigmaringen, Landkreis|weiblich|46.0
2024-12-31|09161|Ingolstadt, kreisfreie Stadt|Insgesamt|42.0
2024-12-31|09161|Ingolstadt, kreisfreie Stadt|männlich|40.7
2024-12-31|09161|Ingolstadt, kreisfreie Stadt|weiblich|43.3
2024-12-31|09162|München, kreisfreie Stadt|Insgesamt|41.7
2024-12-31|09162|München, kreisfreie Stadt|männlich|40.5
2024-12-31|09162|München, kreisfreie Stadt|weiblich|42.8
2024-12-31|09163|Rosenheim, kreisfreie Stadt|Insgesamt|43.1
2024-12-31|09163|Rosenheim, kreisfreie Stadt|männlich|41.6
2024-12-31|09163|Rosenheim, kreisfreie Stadt|weiblich|44.6
2024-12-31|09171|Altötting, Landkreis|Insgesamt|44.7
2024-12-31|09171|Altötting, Landkreis|männlich|43.1
2024-12-31|09171|Altötting, Landkreis|weiblich|46.3
2024-12-31|09172|Berchtesgadener Land, Landkreis|Insgesamt|45.7
2024-12-31|09172|Berchtesgadener Land, Landkreis|männlich|44.1
2024-12-31|09172|Berchtesgadener Land, Landkreis|weiblich|47.3
2024-12-31|09173|Bad Tölz-Wolfratshausen, Landkreis|Insgesamt|44.9
2024-12-31|09173|Bad Tölz-Wolfratshausen, Landkreis|männlich|43.6
2024-12-31|09173|Bad Tölz-Wolfratshausen, Landkreis|weiblich|46.3
2024-12-31|09174|Dachau, Landkreis|Insgesamt|43.6
2024-12-31|09174|Dachau, Landkreis|männlich|42.2
2024-12-31|09174|Dachau, Landkreis|weiblich|44.9
2024-12-31|09175|Ebersberg, Landkreis|Insgesamt|43.5
2024-12-31|09175|Ebersberg, Landkreis|männlich|42.4
2024-12-31|09175|Ebersberg, Landkreis|weiblich|44.7
2024-12-31|09176|Eichstätt, Landkreis|Insgesamt|42.8
2024-12-31|09176|Eichstätt, Landkreis|männlich|42.0
2024-12-31|09176|Eichstätt, Landkreis|weiblich|43.6
2024-12-31|09177|Erding, Landkreis|Insgesamt|43.1
2024-12-31|09177|Erding, Landkreis|männlich|42.4
2024-12-31|09177|Erding, Landkreis|weiblich|43.9
2024-12-31|09178|Freising, Landkreis|Insgesamt|42.2
2024-12-31|09178|Freising, Landkreis|männlich|41.1
2024-12-31|09178|Freising, Landkreis|weiblich|43.2
2024-12-31|09179|Fürstenfeldbruck, Landkreis|Insgesamt|44.7
2024-12-31|09179|Fürstenfeldbruck, Landkreis|männlich|43.2
2024-12-31|09179|Fürstenfeldbruck, Landkreis|weiblich|46.1
2024-12-31|09180|Garmisch-Partenkirchen, Landkreis|Insgesamt|46.9
2024-12-31|09180|Garmisch-Partenkirchen, Landkreis|männlich|45.3
2024-12-31|09180|Garmisch-Partenkirchen, Landkreis|weiblich|48.4
2024-12-31|09181|Landsberg am Lech, Landkreis|Insgesamt|44.8
2024-12-31|09181|Landsberg am Lech, Landkreis|männlich|43.6
2024-12-31|09181|Landsberg am Lech, Landkreis|weiblich|45.9
2024-12-31|09182|Miesbach, Landkreis|Insgesamt|45.9
2024-12-31|09182|Miesbach, Landkreis|männlich|44.4
2024-12-31|09182|Miesbach, Landkreis|weiblich|47.4
2024-12-31|09183|Mühldorf a.Inn, Landkreis|Insgesamt|44.0
2024-12-31|09183|Mühldorf a.Inn, Landkreis|männlich|43.0
2024-12-31|09183|Mühldorf a.Inn, Landkreis|weiblich|45.1
2024-12-31|09184|München, Landkreis|Insgesamt|44.1
2024-12-31|09184|München, Landkreis|männlich|42.7
2024-12-31|09184|München, Landkreis|weiblich|45.4
2024-12-31|09185|Neuburg-Schrobenhausen, Landkreis|Insgesamt|43.6
2024-12-31|09185|Neuburg-Schrobenhausen, Landkreis|männlich|42.6
2024-12-31|09185|Neuburg-Schrobenhausen, Landkreis|weiblich|44.6
2024-12-31|09186|Pfaffenhofen a.d.Ilm, Landkreis|Insgesamt|43.2
2024-12-31|09186|Pfaffenhofen a.d.Ilm, Landkreis|männlich|42.3
2024-12-31|09186|Pfaffenhofen a.d.Ilm, Landkreis|weiblich|44.2
2024-12-31|09187|Rosenheim, Landkreis|Insgesamt|45.1
2024-12-31|09187|Rosenheim, Landkreis|männlich|43.7
2024-12-31|09187|Rosenheim, Landkreis|weiblich|46.5
2024-12-31|09188|Starnberg, Landkreis|Insgesamt|46.0
2024-12-31|09188|Starnberg, Landkreis|männlich|44.6
2024-12-31|09188|Starnberg, Landkreis|weiblich|47.3
2024-12-31|09189|Traunstein, Landkreis|Insgesamt|45.7
2024-12-31|09189|Traunstein, Landkreis|männlich|44.3
2024-12-31|09189|Traunstein, Landkreis|weiblich|47.0
2024-12-31|09190|Weilheim-Schongau, Landkreis|Insgesamt|44.9
2024-12-31|09190|Weilheim-Schongau, Landkreis|männlich|43.7
2024-12-31|09190|Weilheim-Schongau, Landkreis|weiblich|46.1
2024-12-31|09261|Landshut, kreisfreie Stadt|Insgesamt|43.5
2024-12-31|09261|Landshut, kreisfreie Stadt|männlich|42.1
2024-12-31|09261|Landshut, kreisfreie Stadt|weiblich|44.9
2024-12-31|09262|Passau, kreisfreie Stadt|Insgesamt|44.0
2024-12-31|09262|Passau, kreisfreie Stadt|männlich|42.7
2024-12-31|09262|Passau, kreisfreie Stadt|weiblich|45.3
2024-12-31|09263|Straubing, kreisfreie Stadt|Insgesamt|44.6
2024-12-31|09263|Straubing, kreisfreie Stadt|männlich|42.8
2024-12-31|09263|Straubing, kreisfreie Stadt|weiblich|46.4
2024-12-31|09271|Deggendorf, Landkreis|Insgesamt|44.6
2024-12-31|09271|Deggendorf, Landkreis|männlich|43.2
2024-12-31|09271|Deggendorf, Landkreis|weiblich|46.0
2024-12-31|09272|Freyung-Grafenau, Landkreis|Insgesamt|46.4
2024-12-31|09272|Freyung-Grafenau, Landkreis|männlich|45.1
2024-12-31|09272|Freyung-Grafenau, Landkreis|weiblich|47.6
2024-12-31|09273|Kelheim, Landkreis|Insgesamt|43.6
2024-12-31|09273|Kelheim, Landkreis|männlich|42.6
2024-12-31|09273|Kelheim, Landkreis|weiblich|44.6
2024-12-31|09274|Landshut, Landkreis|Insgesamt|43.8
2024-12-31|09274|Landshut, Landkreis|männlich|42.9
2024-12-31|09274|Landshut, Landkreis|weiblich|44.7
2024-12-31|09275|Passau, Landkreis|Insgesamt|46.1
2024-12-31|09275|Passau, Landkreis|männlich|44.8
2024-12-31|09275|Passau, Landkreis|weiblich|47.4
2024-12-31|09276|Regen, Landkreis|Insgesamt|46.2
2024-12-31|09276|Regen, Landkreis|männlich|44.9
2024-12-31|09276|Regen, Landkreis|weiblich|47.4
2024-12-31|09277|Rottal-Inn, Landkreis|Insgesamt|45.2
2024-12-31|09277|Rottal-Inn, Landkreis|männlich|43.8
2024-12-31|09277|Rottal-Inn, Landkreis|weiblich|46.5
2024-12-31|09278|Straubing-Bogen, Landkreis|Insgesamt|44.4
2024-12-31|09278|Straubing-Bogen, Landkreis|männlich|43.5
2024-12-31|09278|Straubing-Bogen, Landkreis|weiblich|45.4
2024-12-31|09279|Dingolfing-Landau, Landkreis|Insgesamt|43.9
2024-12-31|09279|Dingolfing-Landau, Landkreis|männlich|42.7
2024-12-31|09279|Dingolfing-Landau, Landkreis|weiblich|45.1
2024-12-31|09361|Amberg, kreisfreie Stadt|Insgesamt|45.7
2024-12-31|09361|Amberg, kreisfreie Stadt|männlich|43.9
2024-12-31|09361|Amberg, kreisfreie Stadt|weiblich|47.5
2024-12-31|09362|Regensburg, kreisfreie Stadt|Insgesamt|41.5
2024-12-31|09362|Regensburg, kreisfreie Stadt|männlich|40.6
2024-12-31|09362|Regensburg, kreisfreie Stadt|weiblich|42.5
2024-12-31|09363|Weiden i.d.OPf., kreisfreie Stadt|Insgesamt|45.4
2024-12-31|09363|Weiden i.d.OPf., kreisfreie Stadt|männlich|43.6
2024-12-31|09363|Weiden i.d.OPf., kreisfreie Stadt|weiblich|47.1
2024-12-31|09371|Amberg-Sulzbach, Landkreis|Insgesamt|45.5
2024-12-31|09371|Amberg-Sulzbach, Landkreis|männlich|44.4
2024-12-31|09371|Amberg-Sulzbach, Landkreis|weiblich|46.6
2024-12-31|09372|Cham, Landkreis|Insgesamt|45.5
2024-12-31|09372|Cham, Landkreis|männlich|44.5
2024-12-31|09372|Cham, Landkreis|weiblich|46.6
2024-12-31|09373|Neumarkt i.d.OPf., Landkreis|Insgesamt|44.1
2024-12-31|09373|Neumarkt i.d.OPf., Landkreis|männlich|42.9
2024-12-31|09373|Neumarkt i.d.OPf., Landkreis|weiblich|45.3
2024-12-31|09374|Neustadt a.d.Waldnaab, Landkreis|Insgesamt|45.3
2024-12-31|09374|Neustadt a.d.Waldnaab, Landkreis|männlich|44.2
2024-12-31|09374|Neustadt a.d.Waldnaab, Landkreis|weiblich|46.4
2024-12-31|09375|Regensburg, Landkreis|Insgesamt|44.4
2024-12-31|09375|Regensburg, Landkreis|männlich|43.3
2024-12-31|09375|Regensburg, Landkreis|weiblich|45.4
2024-12-31|09376|Schwandorf, Landkreis|Insgesamt|44.8
2024-12-31|09376|Schwandorf, Landkreis|männlich|43.6
2024-12-31|09376|Schwandorf, Landkreis|weiblich|46.1
2024-12-31|09377|Tirschenreuth, Landkreis|Insgesamt|46.4
2024-12-31|09377|Tirschenreuth, Landkreis|männlich|45.3
2024-12-31|09377|Tirschenreuth, Landkreis|weiblich|47.4
2024-12-31|09461|Bamberg, kreisfreie Stadt|Insgesamt|43.2
2024-12-31|09461|Bamberg, kreisfreie Stadt|männlich|41.5
2024-12-31|09461|Bamberg, kreisfreie Stadt|weiblich|44.8
2024-12-31|09462|Bayreuth, kreisfreie Stadt|Insgesamt|44.1
2024-12-31|09462|Bayreuth, kreisfreie Stadt|männlich|42.2
2024-12-31|09462|Bayreuth, kreisfreie Stadt|weiblich|46.1
2024-12-31|09463|Coburg, kreisfreie Stadt|Insgesamt|45.5
2024-12-31|09463|Coburg, kreisfreie Stadt|männlich|43.8
2024-12-31|09463|Coburg, kreisfreie Stadt|weiblich|47.2
2024-12-31|09464|Hof, kreisfreie Stadt|Insgesamt|44.8
2024-12-31|09464|Hof, kreisfreie Stadt|männlich|42.6
2024-12-31|09464|Hof, kreisfreie Stadt|weiblich|47.1
2024-12-31|09471|Bamberg, Landkreis|Insgesamt|44.7
2024-12-31|09471|Bamberg, Landkreis|männlich|43.6
2024-12-31|09471|Bamberg, Landkreis|weiblich|45.7
2024-12-31|09472|Bayreuth, Landkreis|Insgesamt|46.4
2024-12-31|09472|Bayreuth, Landkreis|männlich|45.1
2024-12-31|09472|Bayreuth, Landkreis|weiblich|47.7
2024-12-31|09473|Coburg, Landkreis|Insgesamt|46.6
2024-12-31|09473|Coburg, Landkreis|männlich|45.0
2024-12-31|09473|Coburg, Landkreis|weiblich|48.2
2024-12-31|09474|Forchheim, Landkreis|Insgesamt|45.1
2024-12-31|09474|Forchheim, Landkreis|männlich|44.1
2024-12-31|09474|Forchheim, Landkreis|weiblich|46.1
2024-12-31|09475|Hof, Landkreis|Insgesamt|47.8
2024-12-31|09475|Hof, Landkreis|männlich|46.3
2024-12-31|09475|Hof, Landkreis|weiblich|49.2
2024-12-31|09476|Kronach, Landkreis|Insgesamt|48.0
2024-12-31|09476|Kronach, Landkreis|männlich|46.5
2024-12-31|09476|Kronach, Landkreis|weiblich|49.4
2024-12-31|09477|Kulmbach, Landkreis|Insgesamt|47.3
2024-12-31|09477|Kulmbach, Landkreis|männlich|45.6
2024-12-31|09477|Kulmbach, Landkreis|weiblich|48.9
2024-12-31|09478|Lichtenfels, Landkreis|Insgesamt|46.3
2024-12-31|09478|Lichtenfels, Landkreis|männlich|45.0
2024-12-31|09478|Lichtenfels, Landkreis|weiblich|47.6
2024-12-31|09479|Wunsiedel i.Fichtelgebirge, Landkreis|Insgesamt|47.7
2024-12-31|09479|Wunsiedel i.Fichtelgebirge, Landkreis|männlich|46.1
2024-12-31|09479|Wunsiedel i.Fichtelgebirge, Landkreis|weiblich|49.3
2024-12-31|09561|Ansbach, kreisfreie Stadt|Insgesamt|44.5
2024-12-31|09561|Ansbach, kreisfreie Stadt|männlich|42.8
2024-12-31|09561|Ansbach, kreisfreie Stadt|weiblich|46.1
2024-12-31|09562|Erlangen, kreisfreie Stadt|Insgesamt|41.9
2024-12-31|09562|Erlangen, kreisfreie Stadt|männlich|40.1
2024-12-31|09562|Erlangen, kreisfreie Stadt|weiblich|43.7
2024-12-31|09563|Fürth, kreisfreie Stadt|Insgesamt|43.6
2024-12-31|09563|Fürth, kreisfreie Stadt|männlich|42.2
2024-12-31|09563|Fürth, kreisfreie Stadt|weiblich|45.0
2024-12-31|09564|Nürnberg, kreisfreie Stadt|Insgesamt|43.4
2024-12-31|09564|Nürnberg, kreisfreie Stadt|männlich|41.9
2024-12-31|09564|Nürnberg, kreisfreie Stadt|weiblich|44.9
2024-12-31|09565|Schwabach, kreisfreie Stadt|Insgesamt|45.3
2024-12-31|09565|Schwabach, kreisfreie Stadt|männlich|43.9
2024-12-31|09565|Schwabach, kreisfreie Stadt|weiblich|46.6
2024-12-31|09571|Ansbach, Landkreis|Insgesamt|44.4
2024-12-31|09571|Ansbach, Landkreis|männlich|43.2
2024-12-31|09571|Ansbach, Landkreis|weiblich|45.5
2024-12-31|09572|Erlangen-Höchstadt, Landkreis|Insgesamt|44.7
2024-12-31|09572|Erlangen-Höchstadt, Landkreis|männlich|43.4
2024-12-31|09572|Erlangen-Höchstadt, Landkreis|weiblich|45.8
2024-12-31|09573|Fürth, Landkreis|Insgesamt|45.9
2024-12-31|09573|Fürth, Landkreis|männlich|44.4
2024-12-31|09573|Fürth, Landkreis|weiblich|47.3
2024-12-31|09574|Nürnberger Land, Landkreis|Insgesamt|45.8
2024-12-31|09574|Nürnberger Land, Landkreis|männlich|44.3
2024-12-31|09574|Nürnberger Land, Landkreis|weiblich|47.2
2024-12-31|09575|Neustadt a.d.Aisch-Bad Windsheim, Landkreis|Insgesamt|45.1
2024-12-31|09575|Neustadt a.d.Aisch-Bad Windsheim, Landkreis|männlich|44.1
2024-12-31|09575|Neustadt a.d.Aisch-Bad Windsheim, Landkreis|weiblich|46.1
2024-12-31|09576|Roth, Landkreis|Insgesamt|45.3
2024-12-31|09576|Roth, Landkreis|männlich|44.1
2024-12-31|09576|Roth, Landkreis|weiblich|46.4
2024-12-31|09577|Weißenburg-Gunzenhausen, Landkreis|Insgesamt|45.2
2024-12-31|09577|Weißenburg-Gunzenhausen, Landkreis|männlich|43.9
2024-12-31|09577|Weißenburg-Gunzenhausen, Landkreis|weiblich|46.4
2024-12-31|09661|Aschaffenburg, kreisfreie Stadt|Insgesamt|44.5
2024-12-31|09661|Aschaffenburg, kreisfreie Stadt|männlich|42.9
2024-12-31|09661|Aschaffenburg, kreisfreie Stadt|weiblich|46.1
2024-12-31|09662|Schweinfurt, kreisfreie Stadt|Insgesamt|44.6
2024-12-31|09662|Schweinfurt, kreisfreie Stadt|männlich|42.3
2024-12-31|09662|Schweinfurt, kreisfreie Stadt|weiblich|46.8
2024-12-31|09663|Würzburg, kreisfreie Stadt|Insgesamt|42.9
2024-12-31|09663|Würzburg, kreisfreie Stadt|männlich|41.6
2024-12-31|09663|Würzburg, kreisfreie Stadt|weiblich|44.0
2024-12-31|09671|Aschaffenburg, Landkreis|Insgesamt|45.8
2024-12-31|09671|Aschaffenburg, Landkreis|männlich|44.6
2024-12-31|09671|Aschaffenburg, Landkreis|weiblich|46.9
2024-12-31|09672|Bad Kissingen, Landkreis|Insgesamt|47.0
2024-12-31|09672|Bad Kissingen, Landkreis|männlich|46.0
2024-12-31|09672|Bad Kissingen, Landkreis|weiblich|48.0
2024-12-31|09673|Rhön-Grabfeld, Landkreis|Insgesamt|45.8
2024-12-31|09673|Rhön-Grabfeld, Landkreis|männlich|44.7
2024-12-31|09673|Rhön-Grabfeld, Landkreis|weiblich|47.0
2024-12-31|09674|Haßberge, Landkreis|Insgesamt|45.4
2024-12-31|09674|Haßberge, Landkreis|männlich|44.3
2024-12-31|09674|Haßberge, Landkreis|weiblich|46.5
2024-12-31|09675|Kitzingen, Landkreis|Insgesamt|44.8
2024-12-31|09675|Kitzingen, Landkreis|männlich|43.5
2024-12-31|09675|Kitzingen, Landkreis|weiblich|46.0
2024-12-31|09676|Miltenberg, Landkreis|Insgesamt|45.4
2024-12-31|09676|Miltenberg, Landkreis|männlich|44.2
2024-12-31|09676|Miltenberg, Landkreis|weiblich|46.6
2024-12-31|09677|Main-Spessart, Landkreis|Insgesamt|46.6
2024-12-31|09677|Main-Spessart, Landkreis|männlich|45.4
2024-12-31|09677|Main-Spessart, Landkreis|weiblich|47.8
2024-12-31|09678|Schweinfurt, Landkreis|Insgesamt|45.6
2024-12-31|09678|Schweinfurt, Landkreis|männlich|44.3
2024-12-31|09678|Schweinfurt, Landkreis|weiblich|46.8
2024-12-31|09679|Würzburg, Landkreis|Insgesamt|45.2
2024-12-31|09679|Würzburg, Landkreis|männlich|44.1
2024-12-31|09679|Würzburg, Landkreis|weiblich|46.3
2024-12-31|09761|Augsburg, kreisfreie Stadt|Insgesamt|42.8
2024-12-31|09761|Augsburg, kreisfreie Stadt|männlich|41.3
2024-12-31|09761|Augsburg, kreisfreie Stadt|weiblich|44.3
2024-12-31|09762|Kaufbeuren, kreisfreie Stadt|Insgesamt|44.5
2024-12-31|09762|Kaufbeuren, kreisfreie Stadt|männlich|43.0
2024-12-31|09762|Kaufbeuren, kreisfreie Stadt|weiblich|46.1
2024-12-31|09763|Kempten (Allgäu), kreisfreie Stadt|Insgesamt|44.0
2024-12-31|09763|Kempten (Allgäu), kreisfreie Stadt|männlich|42.4
2024-12-31|09763|Kempten (Allgäu), kreisfreie Stadt|weiblich|45.6
2024-12-31|09764|Memmingen, kreisfreie Stadt|Insgesamt|44.2
2024-12-31|09764|Memmingen, kreisfreie Stadt|männlich|43.3
2024-12-31|09764|Memmingen, kreisfreie Stadt|weiblich|45.1
2024-12-31|09771|Aichach-Friedberg, Landkreis|Insgesamt|44.2
2024-12-31|09771|Aichach-Friedberg, Landkreis|männlich|43.2
2024-12-31|09771|Aichach-Friedberg, Landkreis|weiblich|45.1
2024-12-31|09772|Augsburg, Landkreis|Insgesamt|44.3
2024-12-31|09772|Augsburg, Landkreis|männlich|43.1
2024-12-31|09772|Augsburg, Landkreis|weiblich|45.5
2024-12-31|09773|Dillingen a.d.Donau, Landkreis|Insgesamt|44.4
2024-12-31|09773|Dillingen a.d.Donau, Landkreis|männlich|43.2
2024-12-31|09773|Dillingen a.d.Donau, Landkreis|weiblich|45.5
2024-12-31|09774|Günzburg, Landkreis|Insgesamt|43.8
2024-12-31|09774|Günzburg, Landkreis|männlich|42.7
2024-12-31|09774|Günzburg, Landkreis|weiblich|45.0
2024-12-31|09775|Neu-Ulm, Landkreis|Insgesamt|43.7
2024-12-31|09775|Neu-Ulm, Landkreis|männlich|42.6
2024-12-31|09775|Neu-Ulm, Landkreis|weiblich|44.8
2024-12-31|09776|Lindau (Bodensee), Landkreis|Insgesamt|45.7
2024-12-31|09776|Lindau (Bodensee), Landkreis|männlich|44.4
2024-12-31|09776|Lindau (Bodensee), Landkreis|weiblich|46.9
2024-12-31|09777|Ostallgäu, Landkreis|Insgesamt|44.6
2024-12-31|09777|Ostallgäu, Landkreis|männlich|43.5
2024-12-31|09777|Ostallgäu, Landkreis|weiblich|45.6
2024-12-31|09778|Unterallgäu, Landkreis|Insgesamt|44.2
2024-12-31|09778|Unterallgäu, Landkreis|männlich|43.1
2024-12-31|09778|Unterallgäu, Landkreis|weiblich|45.4
2024-12-31|09779|Donau-Ries, Landkreis|Insgesamt|44.3
2024-12-31|09779|Donau-Ries, Landkreis|männlich|43.3
2024-12-31|09779|Donau-Ries, Landkreis|weiblich|45.4
2024-12-31|09780|Oberallgäu, Landkreis|Insgesamt|45.6
2024-12-31|09780|Oberallgäu, Landkreis|männlich|44.5
2024-12-31|09780|Oberallgäu, Landkreis|weiblich|46.8
2024-12-31|10041|Saarbrücken, Regionalverband|Insgesamt|45.2
2024-12-31|10041|Saarbrücken, Regionalverband|männlich|43.7
2024-12-31|10041|Saarbrücken, Regionalverband|weiblich|46.7
2024-12-31|10041100|Saarbrücken, Landeshauptstadt|Insgesamt|44.0
2024-12-31|10041100|Saarbrücken, Landeshauptstadt|männlich|42.4
2024-12-31|10041100|Saarbrücken, Landeshauptstadt|weiblich|45.6
2024-12-31|10042|Merzig-Wadern, Landkreis|Insgesamt|46.5
2024-12-31|10042|Merzig-Wadern, Landkreis|männlich|44.9
2024-12-31|10042|Merzig-Wadern, Landkreis|weiblich|48.1
2024-12-31|10043|Neunkirchen, Landkreis|Insgesamt|46.7
2024-12-31|10043|Neunkirchen, Landkreis|männlich|45.1
2024-12-31|10043|Neunkirchen, Landkreis|weiblich|48.2
2024-12-31|10044|Saarlouis, Landkreis|Insgesamt|46.8
2024-12-31|10044|Saarlouis, Landkreis|männlich|45.3
2024-12-31|10044|Saarlouis, Landkreis|weiblich|48.3
2024-12-31|10045|Saarpfalz-Kreis|Insgesamt|47.3
2024-12-31|10045|Saarpfalz-Kreis|männlich|45.9
2024-12-31|10045|Saarpfalz-Kreis|weiblich|48.7
2024-12-31|10046|St. Wendel, Landkreis|Insgesamt|47.9
2024-12-31|10046|St. Wendel, Landkreis|männlich|47.0
2024-12-31|10046|St. Wendel, Landkreis|weiblich|48.8
2024-12-31|11000|Berlin, kreisfreie Stadt|Insgesamt|42.8
2024-12-31|11000|Berlin, kreisfreie Stadt|männlich|41.5
2024-12-31|11000|Berlin, kreisfreie Stadt|weiblich|44.0
2024-12-31|11001001|Berlin-Mitte|Insgesamt|39.3
2024-12-31|11001001|Berlin-Mitte|männlich|39.0
2024-12-31|11001001|Berlin-Mitte|weiblich|39.7
2024-12-31|11002002|Berlin-Friedrichshain-Kreuzberg|Insgesamt|39.3
2024-12-31|11002002|Berlin-Friedrichshain-Kreuzberg|männlich|39.0
2024-12-31|11002002|Berlin-Friedrichshain-Kreuzberg|weiblich|39.6
2024-12-31|11003003|Berlin-Pankow|Insgesamt|41.6
2024-12-31|11003003|Berlin-Pankow|männlich|40.6
2024-12-31|11003003|Berlin-Pankow|weiblich|42.5
2024-12-31|11004004|Berlin-Charlottenburg-Wilmersdorf|Insgesamt|45.2
2024-12-31|11004004|Berlin-Charlottenburg-Wilmersdorf|männlich|43.7
2024-12-31|11004004|Berlin-Charlottenburg-Wilmersdorf|weiblich|46.6
2024-12-31|11005005|Berlin-Spandau|Insgesamt|42.9
2024-12-31|11005005|Berlin-Spandau|männlich|41.4
2024-12-31|11005005|Berlin-Spandau|weiblich|44.4
2024-12-31|11006006|Berlin-Steglitz-Zehlendorf|Insgesamt|46.6
2024-12-31|11006006|Berlin-Steglitz-Zehlendorf|männlich|44.8
2024-12-31|11006006|Berlin-Steglitz-Zehlendorf|weiblich|48.2
2024-12-31|11007007|Berlin-Tempelhof-Schöneberg|Insgesamt|44.0
2024-12-31|11007007|Berlin-Tempelhof-Schöneberg|männlich|42.6
2024-12-31|11007007|Berlin-Tempelhof-Schöneberg|weiblich|45.4
2024-12-31|11008008|Berlin-Neukölln|Insgesamt|41.9
2024-12-31|11008008|Berlin-Neukölln|männlich|40.9
2024-12-31|11008008|Berlin-Neukölln|weiblich|42.9
2024-12-31|11009009|Berlin-Treptow-Köpenick|Insgesamt|43.6
2024-12-31|11009009|Berlin-Treptow-Köpenick|männlich|42.0
2024-12-31|11009009|Berlin-Treptow-Köpenick|weiblich|45.2
2024-12-31|11010010|Berlin-Marzahn-Hellersdorf|Insgesamt|43.6
2024-12-31|11010010|Berlin-Marzahn-Hellersdorf|männlich|42.4
2024-12-31|11010010|Berlin-Marzahn-Hellersdorf|weiblich|44.7
2024-12-31|11011011|Berlin-Lichtenberg|Insgesamt|41.9
2024-12-31|11011011|Berlin-Lichtenberg|männlich|40.5
2024-12-31|11011011|Berlin-Lichtenberg|weiblich|43.2
2024-12-31|11012012|Berlin-Reinickendorf|Insgesamt|44.5
2024-12-31|11012012|Berlin-Reinickendorf|männlich|42.9
2024-12-31|11012012|Berlin-Reinickendorf|weiblich|46.1
2024-12-31|12051|Brandenburg an der Havel, kreisfreie Stadt|Insgesamt|47.9
2024-12-31|12051|Brandenburg an der Havel, kreisfreie Stadt|männlich|46.1
2024-12-31|12051|Brandenburg an der Havel, kreisfreie Stadt|weiblich|49.6
2024-12-31|12052|Cottbus, kreisfreie Stadt|Insgesamt|47.0
2024-12-31|12052|Cottbus, kreisfreie Stadt|männlich|44.8
2024-12-31|12052|Cottbus, kreisfreie Stadt|weiblich|49.1
2024-12-31|12053|Frankfurt (Oder), kreisfreie Stadt|Insgesamt|47.8
2024-12-31|12053|Frankfurt (Oder), kreisfreie Stadt|männlich|45.9
2024-12-31|12053|Frankfurt (Oder), kreisfreie Stadt|weiblich|49.6
2024-12-31|12054|Potsdam, kreisfreie Stadt|Insgesamt|43.4
2024-12-31|12054|Potsdam, kreisfreie Stadt|männlich|41.9
2024-12-31|12054|Potsdam, kreisfreie Stadt|weiblich|44.8
2024-12-31|12060|Barnim, Landkreis|Insgesamt|47.1
2024-12-31|12060|Barnim, Landkreis|männlich|45.9
2024-12-31|12060|Barnim, Landkreis|weiblich|48.2
2024-12-31|12061|Dahme-Spreewald, Landkreis|Insgesamt|46.8
2024-12-31|12061|Dahme-Spreewald, Landkreis|männlich|45.5
2024-12-31|12061|Dahme-Spreewald, Landkreis|weiblich|48.0
2024-12-31|12062|Elbe-Elster, Landkreis|Insgesamt|50.0
2024-12-31|12062|Elbe-Elster, Landkreis|männlich|48.4
2024-12-31|12062|Elbe-Elster, Landkreis|weiblich|51.7
2024-12-31|12063|Havelland, Landkreis|Insgesamt|46.4
2024-12-31|12063|Havelland, Landkreis|männlich|45.1
2024-12-31|12063|Havelland, Landkreis|weiblich|47.6
2024-12-31|12064|Märkisch-Oderland, Landkreis|Insgesamt|47.7
2024-12-31|12064|Märkisch-Oderland, Landkreis|männlich|46.3
2024-12-31|12064|Märkisch-Oderland, Landkreis|weiblich|49.0
2024-12-31|12065|Oberhavel, Landkreis|Insgesamt|47.1
2024-12-31|12065|Oberhavel, Landkreis|männlich|45.9
2024-12-31|12065|Oberhavel, Landkreis|weiblich|48.2
2024-12-31|12066|Oberspreewald-Lausitz, Landkreis|Insgesamt|49.8
2024-12-31|12066|Oberspreewald-Lausitz, Landkreis|männlich|47.8
2024-12-31|12066|Oberspreewald-Lausitz, Landkreis|weiblich|51.8
2024-12-31|12067|Oder-Spree, Landkreis|Insgesamt|48.6
2024-12-31|12067|Oder-Spree, Landkreis|männlich|46.9
2024-12-31|12067|Oder-Spree, Landkreis|weiblich|50.1
2024-12-31|12068|Ostprignitz-Ruppin, Landkreis|Insgesamt|48.7
2024-12-31|12068|Ostprignitz-Ruppin, Landkreis|männlich|47.2
2024-12-31|12068|Ostprignitz-Ruppin, Landkreis|weiblich|50.2
2024-12-31|12069|Potsdam-Mittelmark, Landkreis|Insgesamt|47.1
2024-12-31|12069|Potsdam-Mittelmark, Landkreis|männlich|45.9
2024-12-31|12069|Potsdam-Mittelmark, Landkreis|weiblich|48.3
2024-12-31|12070|Prignitz, Landkreis|Insgesamt|49.6
2024-12-31|12070|Prignitz, Landkreis|männlich|47.9
2024-12-31|12070|Prignitz, Landkreis|weiblich|51.3
2024-12-31|12071|Spree-Neiße, Landkreis|Insgesamt|50.4
2024-12-31|12071|Spree-Neiße, Landkreis|männlich|48.9
2024-12-31|12071|Spree-Neiße, Landkreis|weiblich|51.9
2024-12-31|12072|Teltow-Fläming, Landkreis|Insgesamt|46.0
2024-12-31|12072|Teltow-Fläming, Landkreis|männlich|44.7
2024-12-31|12072|Teltow-Fläming, Landkreis|weiblich|47.2
2024-12-31|12073|Uckermark, Landkreis|Insgesamt|49.9
2024-12-31|12073|Uckermark, Landkreis|männlich|48.1
2024-12-31|12073|Uckermark, Landkreis|weiblich|51.6
2024-12-31|13003|Rostock, kreisfreie Stadt|Insgesamt|46.0
2024-12-31|13003|Rostock, kreisfreie Stadt|männlich|44.1
2024-12-31|13003|Rostock, kreisfreie Stadt|weiblich|47.8
2024-12-31|13004|Schwerin, kreisfreie Stadt|Insgesamt|47.0
2024-12-31|13004|Schwerin, kreisfreie Stadt|männlich|45.0
2024-12-31|13004|Schwerin, kreisfreie Stadt|weiblich|48.9
2024-12-31|13071|Mecklenburgische Seenplatte, Landkreis|Insgesamt|49.1
2024-12-31|13071|Mecklenburgische Seenplatte, Landkreis|männlich|47.4
2024-12-31|13071|Mecklenburgische Seenplatte, Landkreis|weiblich|50.7
2024-12-31|13072|Landkreis Rostock|Insgesamt|48.0
2024-12-31|13072|Landkreis Rostock|männlich|46.6
2024-12-31|13072|Landkreis Rostock|weiblich|49.3
2024-12-31|13073|Vorpommern-Rügen, Landkreis|Insgesamt|49.3
2024-12-31|13073|Vorpommern-Rügen, Landkreis|männlich|47.8
2024-12-31|13073|Vorpommern-Rügen, Landkreis|weiblich|50.8
2024-12-31|13074|Nordwestmecklenburg, Landkreis|Insgesamt|47.7
2024-12-31|13074|Nordwestmecklenburg, Landkreis|männlich|46.3
2024-12-31|13074|Nordwestmecklenburg, Landkreis|weiblich|49.1
2024-12-31|13075|Vorpommern-Greifswald, Landkreis|Insgesamt|48.4
2024-12-31|13075|Vorpommern-Greifswald, Landkreis|männlich|47.1
2024-12-31|13075|Vorpommern-Greifswald, Landkreis|weiblich|49.6
2024-12-31|13076|Ludwigslust-Parchim, Landkreis|Insgesamt|48.2
2024-12-31|13076|Ludwigslust-Parchim, Landkreis|männlich|46.9
2024-12-31|13076|Ludwigslust-Parchim, Landkreis|weiblich|49.4
2024-12-31|14511|Chemnitz, kreisfreie Stadt|Insgesamt|46.7
2024-12-31|14511|Chemnitz, kreisfreie Stadt|männlich|44.5
2024-12-31|14511|Chemnitz, kreisfreie Stadt|weiblich|48.8
2024-12-31|14521|Erzgebirgskreis|Insgesamt|49.6
2024-12-31|14521|Erzgebirgskreis|männlich|47.8
2024-12-31|14521|Erzgebirgskreis|weiblich|51.4
2024-12-31|14522|Mittelsachsen, Landkreis|Insgesamt|48.8
2024-12-31|14522|Mittelsachsen, Landkreis|männlich|46.9
2024-12-31|14522|Mittelsachsen, Landkreis|weiblich|50.7
2024-12-31|14523|Vogtlandkreis|Insgesamt|50.0
2024-12-31|14523|Vogtlandkreis|männlich|47.9
2024-12-31|14523|Vogtlandkreis|weiblich|51.9
2024-12-31|14524|Zwickau, Landkreis|Insgesamt|49.2
2024-12-31|14524|Zwickau, Landkreis|männlich|47.2
2024-12-31|14524|Zwickau, Landkreis|weiblich|51.1
2024-12-31|14612|Dresden, kreisfreie Stadt|Insgesamt|43.6
2024-12-31|14612|Dresden, kreisfreie Stadt|männlich|42.0
2024-12-31|14612|Dresden, kreisfreie Stadt|weiblich|45.2
2024-12-31|14625|Bautzen, Landkreis|Insgesamt|48.8
2024-12-31|14625|Bautzen, Landkreis|männlich|47.1
2024-12-31|14625|Bautzen, Landkreis|weiblich|50.5
2024-12-31|14626|Görlitz, Landkreis|Insgesamt|49.9
2024-12-31|14626|Görlitz, Landkreis|männlich|48.2
2024-12-31|14626|Görlitz, Landkreis|weiblich|51.6
2024-12-31|14627|Meißen, Landkreis|Insgesamt|48.9
2024-12-31|14627|Meißen, Landkreis|männlich|47.3
2024-12-31|14627|Meißen, Landkreis|weiblich|50.4
2024-12-31|14628|Sächsische Schweiz-Osterzgebirge, Landkreis|Insgesamt|48.4
2024-12-31|14628|Sächsische Schweiz-Osterzgebirge, Landkreis|männlich|46.8
2024-12-31|14628|Sächsische Schweiz-Osterzgebirge, Landkreis|weiblich|49.9
2024-12-31|14713|Leipzig, kreisfreie Stadt|Insgesamt|42.3
2024-12-31|14713|Leipzig, kreisfreie Stadt|männlich|40.9
2024-12-31|14713|Leipzig, kreisfreie Stadt|weiblich|43.6
2024-12-31|14729|Leipzig, Landkreis|Insgesamt|48.2
2024-12-31|14729|Leipzig, Landkreis|männlich|46.6
2024-12-31|14729|Leipzig, Landkreis|weiblich|49.8
2024-12-31|14730|Nordsachsen, Landkreis|Insgesamt|48.0
2024-12-31|14730|Nordsachsen, Landkreis|männlich|46.4
2024-12-31|14730|Nordsachsen, Landkreis|weiblich|49.6
2024-12-31|15001|Dessau-Roßlau, kreisfreie Stadt|Insgesamt|50.3
2024-12-31|15001|Dessau-Roßlau, kreisfreie Stadt|männlich|48.3
2024-12-31|15001|Dessau-Roßlau, kreisfreie Stadt|weiblich|52.2
2024-12-31|15002|Halle (Saale), kreisfreie Stadt|Insgesamt|44.7
2024-12-31|15002|Halle (Saale), kreisfreie Stadt|männlich|42.6
2024-12-31|15002|Halle (Saale), kreisfreie Stadt|weiblich|46.7
2024-12-31|15003|Magdeburg, kreisfreie Stadt, Landeshauptstadt|Insgesamt|45.1
2024-12-31|15003|Magdeburg, kreisfreie Stadt, Landeshauptstadt|männlich|42.9
2024-12-31|15003|Magdeburg, kreisfreie Stadt, Landeshauptstadt|weiblich|47.3
2024-12-31|15081|Altmarkkreis Salzwedel|Insgesamt|48.4
2024-12-31|15081|Altmarkkreis Salzwedel|männlich|46.5
2024-12-31|15081|Altmarkkreis Salzwedel|weiblich|50.3
2024-12-31|15082|Anhalt-Bitterfeld, Landkreis|Insgesamt|49.4
2024-12-31|15082|Anhalt-Bitterfeld, Landkreis|männlich|47.6
2024-12-31|15082|Anhalt-Bitterfeld, Landkreis|weiblich|51.2
2024-12-31|15083|Börde, Landkreis|Insgesamt|47.8
2024-12-31|15083|Börde, Landkreis|männlich|46.2
2024-12-31|15083|Börde, Landkreis|weiblich|49.5
2024-12-31|15084|Burgenlandkreis|Insgesamt|49.3
2024-12-31|15084|Burgenlandkreis|männlich|47.5
2024-12-31|15084|Burgenlandkreis|weiblich|51.0
2024-12-31|15085|Harz, Landkreis|Insgesamt|49.9
2024-12-31|15085|Harz, Landkreis|männlich|48.0
2024-12-31|15085|Harz, Landkreis|weiblich|51.7
2024-12-31|15086|Jerichower Land, Landkreis|Insgesamt|48.8
2024-12-31|15086|Jerichower Land, Landkreis|männlich|47.2
2024-12-31|15086|Jerichower Land, Landkreis|weiblich|50.5
2024-12-31|15087|Mansfeld-Südharz, Landkreis|Insgesamt|50.7
2024-12-31|15087|Mansfeld-Südharz, Landkreis|männlich|48.8
2024-12-31|15087|Mansfeld-Südharz, Landkreis|weiblich|52.6
2024-12-31|15088|Saalekreis|Insgesamt|48.1
2024-12-31|15088|Saalekreis|männlich|46.6
2024-12-31|15088|Saalekreis|weiblich|49.5
2024-12-31|15089|Salzlandkreis|Insgesamt|49.4
2024-12-31|15089|Salzlandkreis|männlich|47.3
2024-12-31|15089|Salzlandkreis|weiblich|51.5
2024-12-31|15090|Stendal, Landkreis|Insgesamt|48.7
2024-12-31|15090|Stendal, Landkreis|männlich|47.1
2024-12-31|15090|Stendal, Landkreis|weiblich|50.3
2024-12-31|15091|Wittenberg, Landkreis|Insgesamt|50.0
2024-12-31|15091|Wittenberg, Landkreis|männlich|48.0
2024-12-31|15091|Wittenberg, Landkreis|weiblich|51.9
2024-12-31|16051|Erfurt, kreisfreie Stadt|Insgesamt|44.9
2024-12-31|16051|Erfurt, kreisfreie Stadt|männlich|43.5
2024-12-31|16051|Erfurt, kreisfreie Stadt|weiblich|46.2
2024-12-31|16052|Gera, kreisfreie Stadt|Insgesamt|48.1
2024-12-31|16052|Gera, kreisfreie Stadt|männlich|46.0
2024-12-31|16052|Gera, kreisfreie Stadt|weiblich|50.1
2024-12-31|16053|Jena, kreisfreie Stadt|Insgesamt|43.7
2024-12-31|16053|Jena, kreisfreie Stadt|männlich|42.2
2024-12-31|16053|Jena, kreisfreie Stadt|weiblich|45.2
2024-12-31|16054|Suhl, kreisfreie Stadt|Insgesamt|51.6
2024-12-31|16054|Suhl, kreisfreie Stadt|männlich|49.6
2024-12-31|16054|Suhl, kreisfreie Stadt|weiblich|53.4
2024-12-31|16055|Weimar, kreisfreie Stadt|Insgesamt|45.4
2024-12-31|16055|Weimar, kreisfreie Stadt|männlich|44.0
2024-12-31|16055|Weimar, kreisfreie Stadt|weiblich|46.8
2024-12-31|16061|Eichsfeld, Landkreis|Insgesamt|47.0
2024-12-31|16061|Eichsfeld, Landkreis|männlich|45.8
2024-12-31|16061|Eichsfeld, Landkreis|weiblich|48.2
2024-12-31|16062|Nordhausen, Landkreis|Insgesamt|48.5
2024-12-31|16062|Nordhausen, Landkreis|männlich|46.6
2024-12-31|16062|Nordhausen, Landkreis|weiblich|50.3
2024-12-31|16063|Wartburgkreis|Insgesamt|48.4
2024-12-31|16063|Wartburgkreis|männlich|46.8
2024-12-31|16063|Wartburgkreis|weiblich|50.0
2024-12-31|16064|Unstrut-Hainich-Kreis|Insgesamt|47.8
2024-12-31|16064|Unstrut-Hainich-Kreis|männlich|45.9
2024-12-31|16064|Unstrut-Hainich-Kreis|weiblich|49.6
2024-12-31|16065|Kyffhäuserkreis|Insgesamt|49.4
2024-12-31|16065|Kyffhäuserkreis|männlich|47.4
2024-12-31|16065|Kyffhäuserkreis|weiblich|51.3
2024-12-31|16066|Schmalkalden-Meiningen, Landkreis|Insgesamt|48.9
2024-12-31|16066|Schmalkalden-Meiningen, Landkreis|männlich|47.1
2024-12-31|16066|Schmalkalden-Meiningen, Landkreis|weiblich|50.7
2024-12-31|16067|Gotha, Landkreis|Insgesamt|47.8
2024-12-31|16067|Gotha, Landkreis|männlich|46.3
2024-12-31|16067|Gotha, Landkreis|weiblich|49.2
2024-12-31|16068|Sömmerda, Landkreis|Insgesamt|47.9
2024-12-31|16068|Sömmerda, Landkreis|männlich|46.1
2024-12-31|16068|Sömmerda, Landkreis|weiblich|49.7
2024-12-31|16069|Hildburghausen, Landkreis|Insgesamt|48.6
2024-12-31|16069|Hildburghausen, Landkreis|männlich|47.1
2024-12-31|16069|Hildburghausen, Landkreis|weiblich|50.1
2024-12-31|16070|Ilm-Kreis|Insgesamt|47.7
2024-12-31|16070|Ilm-Kreis|männlich|45.6
2024-12-31|16070|Ilm-Kreis|weiblich|49.8
2024-12-31|16071|Weimarer Land, Landkreis|Insgesamt|47.1
2024-12-31|16071|Weimarer Land, Landkreis|männlich|45.8
2024-12-31|16071|Weimarer Land, Landkreis|weiblich|48.3
2024-12-31|16072|Sonneberg, Landkreis|Insgesamt|49.8
2024-12-31|16072|Sonneberg, Landkreis|männlich|47.8
2024-12-31|16072|Sonneberg, Landkreis|weiblich|51.7
2024-12-31|16073|Saalfeld-Rudolstadt, Landkreis|Insgesamt|50.1
2024-12-31|16073|Saalfeld-Rudolstadt, Landkreis|männlich|48.1
2024-12-31|16073|Saalfeld-Rudolstadt, Landkreis|weiblich|52.0
2024-12-31|16074|Saale-Holzland-Kreis|Insgesamt|48.5
2024-12-31|16074|Saale-Holzland-Kreis|männlich|47.2
2024-12-31|16074|Saale-Holzland-Kreis|weiblich|49.7
2024-12-31|16075|Saale-Orla-Kreis|Insgesamt|49.1
2024-12-31|16075|Saale-Orla-Kreis|männlich|47.6
2024-12-31|16075|Saale-Orla-Kreis|weiblich|50.7
2024-12-31|16076|Greiz, Landkreis|Insgesamt|50.5
2024-12-31|16076|Greiz, Landkreis|männlich|48.5
2024-12-31|16076|Greiz, Landkreis|weiblich|52.5
2024-12-31|16077|Altenburger Land, Landkreis|Insgesamt|50.4
2024-12-31|16077|Altenburger Land, Landkreis|männlich|48.7
2024-12-31|16077|Altenburger Land, Landkreis|weiblich|52.1
2024-12-31|010|Schleswig-Holstein|Insgesamt|45.8
2024-12-31|010|Schleswig-Holstein|männlich|44.5
2024-12-31|010|Schleswig-Holstein|weiblich|47.2
2024-12-31|020|Hamburg|Insgesamt|42.2
2024-12-31|020|Hamburg|männlich|40.9
2024-12-31|020|Hamburg|weiblich|43.4
2024-12-31|031|Braunschweig, Statistische Region|Insgesamt|45.5
2024-12-31|031|Braunschweig, Statistische Region|männlich|44.1
2024-12-31|031|Braunschweig, Statistische Region|weiblich|46.8
2024-12-31|032|Hannover, Statistische Region|Insgesamt|45.2
2024-12-31|032|Hannover, Statistische Region|männlich|43.8
2024-12-31|032|Hannover, Statistische Region|weiblich|46.5
2024-12-31|033|Lüneburg, Statistische Region|Insgesamt|45.7
2024-12-31|033|Lüneburg, Statistische Region|männlich|44.4
2024-12-31|033|Lüneburg, Statistische Region|weiblich|47.0
2024-12-31|034|Weser-Ems, Statistische Region|Insgesamt|44.4
2024-12-31|034|Weser-Ems, Statistische Region|männlich|43.2
2024-12-31|034|Weser-Ems, Statistische Region|weiblich|45.6
2024-12-31|040|Bremen|Insgesamt|43.1
2024-12-31|040|Bremen|männlich|41.6
2024-12-31|040|Bremen|weiblich|44.6
2024-12-31|051|Düsseldorf, Regierungsbezirk|Insgesamt|44.6
2024-12-31|051|Düsseldorf, Regierungsbezirk|männlich|43.2
2024-12-31|051|Düsseldorf, Regierungsbezirk|weiblich|46.0
2024-12-31|053|Köln, Regierungsbezirk|Insgesamt|44.1
2024-12-31|053|Köln, Regierungsbezirk|männlich|42.8
2024-12-31|053|Köln, Regierungsbezirk|weiblich|45.3
2024-12-31|055|Münster, Regierungsbezirk|Insgesamt|44.2
2024-12-31|055|Münster, Regierungsbezirk|männlich|42.9
2024-12-31|055|Münster, Regierungsbezirk|weiblich|45.5
2024-12-31|057|Detmold, Regierungsbezirk|Insgesamt|44.3
2024-12-31|057|Detmold, Regierungsbezirk|männlich|43.0
2024-12-31|057|Detmold, Regierungsbezirk|weiblich|45.7
2024-12-31|059|Arnsberg, Regierungsbezirk|Insgesamt|44.8
2024-12-31|059|Arnsberg, Regierungsbezirk|männlich|43.4
2024-12-31|059|Arnsberg, Regierungsbezirk|weiblich|46.2
2024-12-31|064|Darmstadt, Regierungsbezirk|Insgesamt|43.8
2024-12-31|064|Darmstadt, Regierungsbezirk|männlich|42.6
2024-12-31|064|Darmstadt, Regierungsbezirk|weiblich|45.0
2024-12-31|065|Gießen, Regierungsbezirk|Insgesamt|44.5
2024-12-31|065|Gießen, Regierungsbezirk|männlich|43.3
2024-12-31|065|Gießen, Regierungsbezirk|weiblich|45.7
2024-12-31|066|Kassel, Regierungsbezirk|Insgesamt|45.6
2024-12-31|066|Kassel, Regierungsbezirk|männlich|44.3
2024-12-31|066|Kassel, Regierungsbezirk|weiblich|46.9
2024-12-31|071|Koblenz, Statistische Region|Insgesamt|45.6
2024-12-31|071|Koblenz, Statistische Region|männlich|44.3
2024-12-31|071|Koblenz, Statistische Region|weiblich|46.9
2024-12-31|072|Trier, Statistische Region|Insgesamt|45.0
2024-12-31|072|Trier, Statistische Region|männlich|43.8
2024-12-31|072|Trier, Statistische Region|weiblich|46.2
2024-12-31|073|Rheinhessen-Pfalz, Statistische Region|Insgesamt|44.8
2024-12-31|073|Rheinhessen-Pfalz, Statistische Region|männlich|43.6
2024-12-31|073|Rheinhessen-Pfalz, Statistische Region|weiblich|46.0
2024-12-31|081|Stuttgart, Regierungsbezirk|Insgesamt|43.9
2024-12-31|081|Stuttgart, Regierungsbezirk|männlich|42.6
2024-12-31|081|Stuttgart, Regierungsbezirk|weiblich|45.1
2024-12-31|082|Karlsruhe, Regierungsbezirk|Insgesamt|44.2
2024-12-31|082|Karlsruhe, Regierungsbezirk|männlich|42.9
2024-12-31|082|Karlsruhe, Regierungsbezirk|weiblich|45.5
2024-12-31|083|Freiburg, Regierungsbezirk|Insgesamt|44.1
2024-12-31|083|Freiburg, Regierungsbezirk|männlich|42.9
2024-12-31|083|Freiburg, Regierungsbezirk|weiblich|45.3
2024-12-31|084|Tübingen, Regierungsbezirk|Insgesamt|43.9
2024-12-31|084|Tübingen, Regierungsbezirk|männlich|42.7
2024-12-31|084|Tübingen, Regierungsbezirk|weiblich|45.0
2024-12-31|091|Oberbayern, Regierungsbezirk|Insgesamt|43.4
2024-12-31|091|Oberbayern, Regierungsbezirk|männlich|42.2
2024-12-31|091|Oberbayern, Regierungsbezirk|weiblich|44.7
2024-12-31|092|Niederbayern, Regierungsbezirk|Insgesamt|44.7
2024-12-31|092|Niederbayern, Regierungsbezirk|männlich|43.5
2024-12-31|092|Niederbayern, Regierungsbezirk|weiblich|46.0
2024-12-31|093|Oberpfalz, Regierungsbezirk|Insgesamt|44.6
2024-12-31|093|Oberpfalz, Regierungsbezirk|männlich|43.4
2024-12-31|093|Oberpfalz, Regierungsbezirk|weiblich|45.7
2024-12-31|094|Oberfranken, Regierungsbezirk|Insgesamt|45.9
2024-12-31|094|Oberfranken, Regierungsbezirk|männlich|44.4
2024-12-31|094|Oberfranken, Regierungsbezirk|weiblich|47.3
2024-12-31|095|Mittelfranken, Regierungsbezirk|Insgesamt|44.3
2024-12-31|095|Mittelfranken, Regierungsbezirk|männlich|42.9
2024-12-31|095|Mittelfranken, Regierungsbezirk|weiblich|45.7
2024-12-31|096|Unterfranken, Regierungsbezirk|Insgesamt|45.3
2024-12-31|096|Unterfranken, Regierungsbezirk|männlich|44.1
2024-12-31|096|Unterfranken, Regierungsbezirk|weiblich|46.5
2024-12-31|097|Schwaben, Regierungsbezirk|Insgesamt|44.2
2024-12-31|097|Schwaben, Regierungsbezirk|männlich|43.0
2024-12-31|097|Schwaben, Regierungsbezirk|weiblich|45.3
2024-12-31|100|Saarland, Regierungsbezirk|Insgesamt|46.4
2024-12-31|100|Saarland, Regierungsbezirk|männlich|44.9
2024-12-31|100|Saarland, Regierungsbezirk|weiblich|47.8
2024-12-31|110|Berlin|Insgesamt|42.8
2024-12-31|110|Berlin|männlich|41.5
2024-12-31|110|Berlin|weiblich|44.0
2024-12-31|120|Brandenburg|Insgesamt|47.5
2024-12-31|120|Brandenburg|männlich|46.0
2024-12-31|120|Brandenburg|weiblich|48.9
2024-12-31|130|Mecklenburg-Vorpommern, Statistische Region|Insgesamt|48.1
2024-12-31|130|Mecklenburg-Vorpommern, Statistische Region|männlich|46.5
2024-12-31|130|Mecklenburg-Vorpommern, Statistische Region|weiblich|49.5
2024-12-31|145|Chemnitz, Statistische Region|Insgesamt|48.9
2024-12-31|145|Chemnitz, Statistische Region|männlich|46.9
2024-12-31|145|Chemnitz, Statistische Region|weiblich|50.8
2024-12-31|146|Dresden, Statistische Region|Insgesamt|47.1
2024-12-31|146|Dresden, Statistische Region|männlich|45.4
2024-12-31|146|Dresden, Statistische Region|weiblich|48.7
2024-12-31|147|Leipzig, Statistische Region|Insgesamt|44.8
2024-12-31|147|Leipzig, Statistische Region|männlich|43.3
2024-12-31|147|Leipzig, Statistische Region|weiblich|46.2
2024-12-31|150|Sachsen-Anhalt|Insgesamt|48.3
2024-12-31|150|Sachsen-Anhalt|männlich|46.4
2024-12-31|150|Sachsen-Anhalt|weiblich|50.1
2024-12-31|160|Thüringen|Insgesamt|47.9
2024-12-31|160|Thüringen|männlich|46.2
2024-12-31|160|Thüringen|weiblich|49.5
