code_jahr|code_ags|desc_ags|code_geschlecht|fact_count_lebendgeborene
2020|DG|Deutschland|Insgesamt|773144.0
2020|DG|Deutschland|männlich|397385.0
2020|DG|Deutschland|weiblich|375759.0
2020|01|Schleswig-Holstein|Insgesamt|24385.0
2020|01|Schleswig-Holstein|männlich|12411.0
2020|01|Schleswig-Holstein|weiblich|11974.0
2020|02|Hamburg|Insgesamt|20431.0
2020|02|Hamburg|männlich|10556.0
2020|02|Hamburg|weiblich|9875.0
2020|03|Niedersachsen|Insgesamt|74119.0
2020|03|Niedersachsen|männlich|38075.0
2020|03|Niedersachsen|weiblich|36044.0
2020|04|Bremen|Insgesamt|6968.0
2020|04|Bremen|männlich|3540.0
2020|04|Bremen|weiblich|3428.0
2020|05|Nordrhein-Westfalen|Insgesamt|170038.0
2020|05|Nordrhein-Westfalen|männlich|87540.0
2020|05|Nordrhein-Westfalen|weiblich|82498.0
2020|06|Hessen|Insgesamt|59389.0
2020|06|Hessen|männlich|30520.0
2020|06|Hessen|weiblich|28869.0
2020|07|Rheinland-Pfalz|Insgesamt|37632.0
2020|07|Rheinland-Pfalz|männlich|19243.0
2020|07|Rheinland-Pfalz|weiblich|18389.0
2020|08|Baden-Württemberg|Insgesamt|108024.0
2020|08|Baden-Württemberg|männlich|55755.0
2020|08|Baden-Württemberg|weiblich|52269.0
2020|09|Bayern|Insgesamt|128764.0
2020|09|Bayern|männlich|65932.0
2020|09|Bayern|weiblich|62832.0
2020|10|Saarland|Insgesamt|8155.0
2020|10|Saarland|männlich|4210.0
2020|10|Saarland|weiblich|3945.0
2020|11|Berlin|Insgesamt|38693.0
2020|11|Berlin|männlich|19900.0
2020|11|Berlin|weiblich|18793.0
2020|12|Brandenburg|Insgesamt|18998.0
2020|12|Brandenburg|männlich|9811.0
2020|12|Brandenburg|weiblich|9187.0
2020|13|Mecklenburg-Vorpommern|Insgesamt|12061.0
2020|13|Mecklenburg-Vorpommern|männlich|6256.0
2020|13|Mecklenburg-Vorpommern|weiblich|5805.0
2020|14|Sachsen|Insgesamt|33383.0
2020|14|Sachsen|männlich|17129.0
2020|14|Sachsen|weiblich|16254.0
2020|15|Sachsen-Anhalt|Insgesamt|16113.0
2020|15|Sachsen-Anhalt|männlich|8280.0
2020|15|Sachsen-Anhalt|weiblich|7833.0
2020|16|Thüringen|Insgesamt|15991.0
2020|16|Thüringen|männlich|8227.0
2020|16|Thüringen|weiblich|7764.0
2020|01001|Flensburg, kreisfreie Stadt|Insgesamt|905.0
2020|01001|Flensburg, kreisfreie Stadt|männlich|474.0
2020|01001|Flensburg, kreisfreie Stadt|weiblich|431.0
2020|01002|Kiel, kreisfreie Stadt|Insgesamt|2406.0
2020|01002|Kiel, kreisfreie Stadt|männlich|1189.0
2020|01002|Kiel, kreisfreie Stadt|weiblich|1217.0
2020|01003|Lübeck, kreisfreie Stadt, Hansestadt|Insgesamt|1828.0
2020|01003|Lübeck, kreisfreie Stadt, Hansestadt|männlich|946.0
2020|01003|Lübeck, kreisfreie Stadt, Hansestadt|weiblich|882.0
2020|01004|Neumünster, kreisfreie Stadt|Insgesamt|680.0
2020|01004|Neumünster, kreisfreie Stadt|männlich|348.0
2020|01004|Neumünster, kreisfreie Stadt|weiblich|332.0
2020|01051|Dithmarschen, Kreis|Insgesamt|1037.0
2020|01051|Dithmarschen, Kreis|männlich|525.0
2020|01051|Dithmarschen, Kreis|weiblich|512.0
2020|01053|Herzogtum Lauenburg, Kreis|Insgesamt|1706.0
2020|01053|Herzogtum Lauenburg, Kreis|männlich|887.0
2020|01053|Herzogtum Lauenburg, Kreis|weiblich|819.0
2020|01054|Nordfriesland, Kreis|Insgesamt|1328.0
2020|01054|Nordfriesland, Kreis|männlich|685.0
2020|01054|Nordfriesland, Kreis|weiblich|643.0
2020|01055|Ostholstein, Kreis|Insgesamt|1396.0
2020|01055|Ostholstein, Kreis|männlich|714.0
2020|01055|Ostholstein, Kreis|weiblich|682.0
2020|01056|Pinneberg, Kreis|Insgesamt|2807.0
2020|01056|Pinneberg, Kreis|männlich|1426.0
2020|01056|Pinneberg, Kreis|weiblich|1381.0
2020|01057|Plön, Kreis|Insgesamt|988.0
2020|01057|Plön, Kreis|männlich|489.0
2020|01057|Plön, Kreis|weiblich|499.0
2020|01058|Rendsburg-Eckernförde, Kreis|Insgesamt|2242.0
2020|01058|Rendsburg-Eckernförde, Kreis|männlich|1137.0
2020|01058|Rendsburg-Eckernförde, Kreis|weiblich|1105.0
2020|01059|Schleswig-Flensburg, Kreis|Insgesamt|1677.0
2020|01059|Schleswig-Flensburg, Kreis|männlich|858.0
2020|01059|Schleswig-Flensburg, Kreis|weiblich|819.0
2020|01060|Segeberg, Kreis|Insgesamt|2379.0
2020|01060|Segeberg, Kreis|männlich|1209.0
2020|01060|Segeberg, Kreis|weiblich|1170.0
2020|01061|Steinburg, Kreis|Insgesamt|1003.0
2020|01061|Steinburg, Kreis|männlich|508.0
2020|01061|Steinburg, Kreis|weiblich|495.0
2020|01062|Stormarn, Kreis|Insgesamt|2003.0
2020|01062|Stormarn, Kreis|männlich|1016.0
2020|01062|Stormarn, Kreis|weiblich|987.0
2020|02000|Hamburg, kreisfreie Stadt, Freie und Hansestadt|Insgesamt|20431.0
2020|02000|Hamburg, kreisfreie Stadt, Freie und Hansestadt|männlich|10556.0
2020|02000|Hamburg, kreisfreie Stadt, Freie und Hansestadt|weiblich|9875.0
2020|03101|Braunschweig, kreisfreie Stadt|Insgesamt|2275.0
2020|03101|Braunschweig, kreisfreie Stadt|männlich|1162.0
2020|03101|Braunschweig, kreisfreie Stadt|weiblich|1113.0
2020|03102|Salzgitter, kreisfreie Stadt|Insgesamt|1137.0
2020|03102|Salzgitter, kreisfreie Stadt|männlich|572.0
2020|03102|Salzgitter, kreisfreie Stadt|weiblich|565.0
2020|03103|Wolfsburg, kreisfreie Stadt|Insgesamt|1269.0
2020|03103|Wolfsburg, kreisfreie Stadt|männlich|631.0
2020|03103|Wolfsburg, kreisfreie Stadt|weiblich|638.0
2020|03151|Gifhorn, Landkreis|Insgesamt|1746.0
2020|03151|Gifhorn, Landkreis|männlich|919.0
2020|03151|Gifhorn, Landkreis|weiblich|827.0
2020|03153|Goslar, Landkreis|Insgesamt|922.0
2020|03153|Goslar, Landkreis|männlich|484.0
2020|03153|Goslar, Landkreis|weiblich|438.0
2020|03154|Helmstedt, Landkreis|Insgesamt|856.0
2020|03154|Helmstedt, Landkreis|männlich|440.0
2020|03154|Helmstedt, Landkreis|weiblich|416.0
2020|03155|Northeim, Landkreis|Insgesamt|1062.0
2020|03155|Northeim, Landkreis|männlich|548.0
2020|03155|Northeim, Landkreis|weiblich|514.0
2020|03157|Peine, Landkreis|Insgesamt|1350.0
2020|03157|Peine, Landkreis|männlich|715.0
2020|03157|Peine, Landkreis|weiblich|635.0
2020|03158|Wolfenbüttel, Landkreis|Insgesamt|1028.0
2020|03158|Wolfenbüttel, Landkreis|männlich|529.0
2020|03158|Wolfenbüttel, Landkreis|weiblich|499.0
2020|03159|Göttingen, Landkreis|Insgesamt|2783.0
2020|03159|Göttingen, Landkreis|männlich|1437.0
2020|03159|Göttingen, Landkreis|weiblich|1346.0
2020|03241|Region Hannover, Landkreis|Insgesamt|11500.0
2020|03241|Region Hannover, Landkreis|männlich|5873.0
2020|03241|Region Hannover, Landkreis|weiblich|5627.0
2020|03241001|Hannover, Landeshauptstadt|Insgesamt|5748.0
2020|03241001|Hannover, Landeshauptstadt|männlich|2959.0
2020|03241001|Hannover, Landeshauptstadt|weiblich|2789.0
2020|03251|Diepholz, Landkreis|Insgesamt|1933.0
2020|03251|Diepholz, Landkreis|männlich|1006.0
2020|03251|Diepholz, Landkreis|weiblich|927.0
2020|03252|Hameln-Pyrmont, Landkreis|Insgesamt|1282.0
2020|03252|Hameln-Pyrmont, Landkreis|männlich|682.0
2020|03252|Hameln-Pyrmont, Landkreis|weiblich|600.0
2020|03254|Hildesheim, Landkreis|Insgesamt|2317.0
2020|03254|Hildesheim, Landkreis|männlich|1197.0
2020|03254|Hildesheim, Landkreis|weiblich|1120.0
2020|03255|Holzminden, Landkreis|Insgesamt|597.0
2020|03255|Holzminden, Landkreis|männlich|311.0
2020|03255|Holzminden, Landkreis|weiblich|286.0
2020|03256|Nienburg (Weser), Landkreis|Insgesamt|1110.0
2020|03256|Nienburg (Weser), Landkreis|männlich|566.0
2020|03256|Nienburg (Weser), Landkreis|weiblich|544.0
2020|03257|Schaumburg, Landkreis|Insgesamt|1272.0
2020|03257|Schaumburg, Landkreis|männlich|679.0
2020|03257|Schaumburg, Landkreis|weiblich|593.0
2020|03351|Celle, Landkreis|Insgesamt|1586.0
2020|03351|Celle, Landkreis|männlich|808.0
2020|03351|Celle, Landkreis|weiblich|778.0
2020|03352|Cuxhaven, Landkreis|Insgesamt|1695.0
2020|03352|Cuxhaven, Landkreis|männlich|825.0
2020|03352|Cuxhaven, Landkreis|weiblich|870.0
2020|03353|Harburg, Landkreis|Insgesamt|2199.0
2020|03353|Harburg, Landkreis|männlich|1116.0
2020|03353|Harburg, Landkreis|weiblich|1083.0
2020|03354|Lüchow-Dannenberg, Landkreis|Insgesamt|335.0
2020|03354|Lüchow-Dannenberg, Landkreis|männlich|173.0
2020|03354|Lüchow-Dannenberg, Landkreis|weiblich|162.0
2020|03355|Lüneburg, Landkreis|Insgesamt|1656.0
2020|03355|Lüneburg, Landkreis|männlich|878.0
2020|03355|Lüneburg, Landkreis|weiblich|778.0
2020|03356|Osterholz, Landkreis|Insgesamt|938.0
2020|03356|Osterholz, Landkreis|männlich|493.0
2020|03356|Osterholz, Landkreis|weiblich|445.0
2020|03357|Rotenburg (Wümme), Landkreis|Insgesamt|1486.0
2020|03357|Rotenburg (Wümme), Landkreis|männlich|747.0
2020|03357|Rotenburg (Wümme), Landkreis|weiblich|739.0
2020|03358|Heidekreis|Insgesamt|1300.0
2020|03358|Heidekreis|männlich|670.0
2020|03358|Heidekreis|weiblich|630.0
2020|03359|Stade, Landkreis|Insgesamt|2014.0
2020|03359|Stade, Landkreis|männlich|1029.0
2020|03359|Stade, Landkreis|weiblich|985.0
2020|03360|Uelzen, Landkreis|Insgesamt|717.0
2020|03360|Uelzen, Landkreis|männlich|357.0
2020|03360|Uelzen, Landkreis|weiblich|360.0
2020|03361|Verden, Landkreis|Insgesamt|1271.0
2020|03361|Verden, Landkreis|männlich|665.0
2020|03361|Verden, Landkreis|weiblich|606.0
2020|03401|Delmenhorst, kreisfreie Stadt|Insgesamt|738.0
2020|03401|Delmenhorst, kreisfreie Stadt|männlich|409.0
2020|03401|Delmenhorst, kreisfreie Stadt|weiblich|329.0
2020|03402|Emden, kreisfreie Stadt|Insgesamt|435.0
2020|03402|Emden, kreisfreie Stadt|männlich|230.0
2020|03402|Emden, kreisfreie Stadt|weiblich|205.0
2020|03403|Oldenburg (Oldenburg), kreisfreie Stadt|Insgesamt|1656.0
2020|03403|Oldenburg (Oldenburg), kreisfreie Stadt|männlich|825.0
2020|03403|Oldenburg (Oldenburg), kreisfreie Stadt|weiblich|831.0
2020|03404|Osnabrück, kreisfreie Stadt|Insgesamt|1524.0
2020|03404|Osnabrück, kreisfreie Stadt|männlich|775.0
2020|03404|Osnabrück, kreisfreie Stadt|weiblich|749.0
2020|03405|Wilhelmshaven, kreisfreie Stadt|Insgesamt|683.0
2020|03405|Wilhelmshaven, kreisfreie Stadt|männlich|362.0
2020|03405|Wilhelmshaven, kreisfreie Stadt|weiblich|321.0
2020|03451|Ammerland, Landkreis|Insgesamt|1088.0
2020|03451|Ammerland, Landkreis|männlich|525.0
2020|03451|Ammerland, Landkreis|weiblich|563.0
2020|03452|Aurich, Landkreis|Insgesamt|1593.0
2020|03452|Aurich, Landkreis|männlich|788.0
2020|03452|Aurich, Landkreis|weiblich|805.0
2020|03453|Cloppenburg, Landkreis|Insgesamt|2036.0
2020|03453|Cloppenburg, Landkreis|männlich|1030.0
2020|03453|Cloppenburg, Landkreis|weiblich|1006.0
2020|03454|Emsland, Landkreis|Insgesamt|3336.0
2020|03454|Emsland, Landkreis|männlich|1730.0
2020|03454|Emsland, Landkreis|weiblich|1606.0
2020|03455|Friesland, Landkreis|Insgesamt|812.0
2020|03455|Friesland, Landkreis|männlich|428.0
2020|03455|Friesland, Landkreis|weiblich|384.0
2020|03456|Grafschaft Bentheim, Landkreis|Insgesamt|1333.0
2020|03456|Grafschaft Bentheim, Landkreis|männlich|700.0
2020|03456|Grafschaft Bentheim, Landkreis|weiblich|633.0
2020|03457|Leer, Landkreis|Insgesamt|1640.0
2020|03457|Leer, Landkreis|männlich|855.0
2020|03457|Leer, Landkreis|weiblich|785.0
2020|03458|Oldenburg, Landkreis|Insgesamt|1150.0
2020|03458|Oldenburg, Landkreis|männlich|620.0
2020|03458|Oldenburg, Landkreis|weiblich|530.0
2020|03459|Osnabrück, Landkreis|Insgesamt|3522.0
2020|03459|Osnabrück, Landkreis|männlich|1773.0
2020|03459|Osnabrück, Landkreis|weiblich|1749.0
2020|03460|Vechta, Landkreis|Insgesamt|1668.0
2020|03460|Vechta, Landkreis|männlich|848.0
2020|03460|Vechta, Landkreis|weiblich|820.0
2020|03461|Wesermarsch, Landkreis|Insgesamt|775.0
2020|03461|Wesermarsch, Landkreis|männlich|416.0
2020|03461|Wesermarsch, Landkreis|weiblich|359.0
2020|03462|Wittmund, Landkreis|Insgesamt|494.0
2020|03462|Wittmund, Landkreis|männlich|249.0
2020|03462|Wittmund, Landkreis|weiblich|245.0
2020|04011|Bremen, kreisfreie Stadt|Insgesamt|5773.0
2020|04011|Bremen, kreisfreie Stadt|männlich|2930.0
2020|04011|Bremen, kreisfreie Stadt|weiblich|2843.0
2020|04012|Bremerhaven, kreisfreie Stadt|Insgesamt|1195.0
2020|04012|Bremerhaven, kreisfreie Stadt|männlich|610.0
2020|04012|Bremerhaven, kreisfreie Stadt|weiblich|585.0
2020|05111|Düsseldorf, kreisfreie Stadt|Insgesamt|6441.0
2020|05111|Düsseldorf, kreisfreie Stadt|männlich|3271.0
2020|05111|Düsseldorf, kreisfreie Stadt|weiblich|3170.0
2020|05112|Duisburg, kreisfreie Stadt|Insgesamt|4944.0
2020|05112|Duisburg, kreisfreie Stadt|männlich|2525.0
2020|05112|Duisburg, kreisfreie Stadt|weiblich|2419.0
2020|05113|Essen, kreisfreie Stadt|Insgesamt|5886.0
2020|05113|Essen, kreisfreie Stadt|männlich|3047.0
2020|05113|Essen, kreisfreie Stadt|weiblich|2839.0
2020|05114|Krefeld, kreisfreie Stadt|Insgesamt|2035.0
2020|05114|Krefeld, kreisfreie Stadt|männlich|1034.0
2020|05114|Krefeld, kreisfreie Stadt|weiblich|1001.0
2020|05116|Mönchengladbach, kreisfreie Stadt|Insgesamt|2566.0
2020|05116|Mönchengladbach, kreisfreie Stadt|männlich|1324.0
2020|05116|Mönchengladbach, kreisfreie Stadt|weiblich|1242.0
2020|05117|Mülheim an der Ruhr, kreisfreie Stadt|Insgesamt|1578.0
2020|05117|Mülheim an der Ruhr, kreisfreie Stadt|männlich|817.0
2020|05117|Mülheim an der Ruhr, kreisfreie Stadt|weiblich|761.0
2020|05119|Oberhausen, kreisfreie Stadt|Insgesamt|1929.0
2020|05119|Oberhausen, kreisfreie Stadt|männlich|995.0
2020|05119|Oberhausen, kreisfreie Stadt|weiblich|934.0
2020|05120|Remscheid, kreisfreie Stadt|Insgesamt|1073.0
2020|05120|Remscheid, kreisfreie Stadt|männlich|544.0
2020|05120|Remscheid, kreisfreie Stadt|weiblich|529.0
2020|05122|Solingen, kreisfreie Stadt|Insgesamt|1524.0
2020|05122|Solingen, kreisfreie Stadt|männlich|761.0
2020|05122|Solingen, kreisfreie Stadt|weiblich|763.0
2020|05124|Wuppertal, kreisfreie Stadt|Insgesamt|3506.0
2020|05124|Wuppertal, kreisfreie Stadt|männlich|1808.0
2020|05124|Wuppertal, kreisfreie Stadt|weiblich|1698.0
2020|05154|Kleve, Kreis|Insgesamt|2826.0
2020|05154|Kleve, Kreis|männlich|1484.0
2020|05154|Kleve, Kreis|weiblich|1342.0
2020|05158|Mettmann, Kreis|Insgesamt|4190.0
2020|05158|Mettmann, Kreis|männlich|2171.0
2020|05158|Mettmann, Kreis|weiblich|2019.0
2020|05162|Rhein-Kreis Neuss|Insgesamt|4237.0
2020|05162|Rhein-Kreis Neuss|männlich|2107.0
2020|05162|Rhein-Kreis Neuss|weiblich|2130.0
2020|05166|Viersen, Kreis|Insgesamt|2484.0
2020|05166|Viersen, Kreis|männlich|1292.0
2020|05166|Viersen, Kreis|weiblich|1192.0
2020|05170|Wesel, Kreis|Insgesamt|3785.0
2020|05170|Wesel, Kreis|männlich|1958.0
2020|05170|Wesel, Kreis|weiblich|1827.0
2020|05314|Bonn, kreisfreie Stadt|Insgesamt|3238.0
2020|05314|Bonn, kreisfreie Stadt|männlich|1681.0
2020|05314|Bonn, kreisfreie Stadt|weiblich|1557.0
2020|05315|Köln, kreisfreie Stadt|Insgesamt|11071.0
2020|05315|Köln, kreisfreie Stadt|männlich|5688.0
2020|05315|Köln, kreisfreie Stadt|weiblich|5383.0
2020|05316|Leverkusen, kreisfreie Stadt|Insgesamt|1601.0
2020|05316|Leverkusen, kreisfreie Stadt|männlich|800.0
2020|05316|Leverkusen, kreisfreie Stadt|weiblich|801.0
2020|05334|Städteregion Aachen, Kreis|Insgesamt|5069.0
2020|05334|Städteregion Aachen, Kreis|männlich|2575.0
2020|05334|Städteregion Aachen, Kreis|weiblich|2494.0
2020|05334002|Aachen, kreisfreie Stadt|Insgesamt|2232.0
2020|05334002|Aachen, kreisfreie Stadt|männlich|1107.0
2020|05334002|Aachen, kreisfreie Stadt|weiblich|1125.0
2020|05358|Düren, Kreis|Insgesamt|2581.0
2020|05358|Düren, Kreis|männlich|1333.0
2020|05358|Düren, Kreis|weiblich|1248.0
2020|05362|Rhein-Erft-Kreis|Insgesamt|4395.0
2020|05362|Rhein-Erft-Kreis|männlich|2264.0
2020|05362|Rhein-Erft-Kreis|weiblich|2131.0
2020|05366|Euskirchen, Kreis|Insgesamt|1729.0
2020|05366|Euskirchen, Kreis|männlich|878.0
2020|05366|Euskirchen, Kreis|weiblich|851.0
2020|05370|Heinsberg, Kreis|Insgesamt|2271.0
2020|05370|Heinsberg, Kreis|männlich|1171.0
2020|05370|Heinsberg, Kreis|weiblich|1100.0
2020|05374|Oberbergischer Kreis|Insgesamt|2618.0
2020|05374|Oberbergischer Kreis|männlich|1369.0
2020|05374|Oberbergischer Kreis|weiblich|1249.0
2020|05378|Rheinisch-Bergischer Kreis|Insgesamt|2445.0
2020|05378|Rheinisch-Bergischer Kreis|männlich|1229.0
2020|05378|Rheinisch-Bergischer Kreis|weiblich|1216.0
2020|05382|Rhein-Sieg-Kreis|Insgesamt|5552.0
2020|05382|Rhein-Sieg-Kreis|männlich|2898.0
2020|05382|Rhein-Sieg-Kreis|weiblich|2654.0
2020|05512|Bottrop, kreisfreie Stadt|Insgesamt|1060.0
2020|05512|Bottrop, kreisfreie Stadt|männlich|541.0
2020|05512|Bottrop, kreisfreie Stadt|weiblich|519.0
2020|05513|Gelsenkirchen, kreisfreie Stadt|Insgesamt|2831.0
2020|05513|Gelsenkirchen, kreisfreie Stadt|männlich|1461.0
2020|05513|Gelsenkirchen, kreisfreie Stadt|weiblich|1370.0
2020|05515|Münster, kreisfreie Stadt|Insgesamt|3057.0
2020|05515|Münster, kreisfreie Stadt|männlich|1574.0
2020|05515|Münster, kreisfreie Stadt|weiblich|1483.0
2020|05554|Borken, Kreis|Insgesamt|3828.0
2020|05554|Borken, Kreis|männlich|1938.0
2020|05554|Borken, Kreis|weiblich|1890.0
2020|05558|Coesfeld, Kreis|Insgesamt|2108.0
2020|05558|Coesfeld, Kreis|männlich|1111.0
2020|05558|Coesfeld, Kreis|weiblich|997.0
2020|05562|Recklinghausen, Kreis|Insgesamt|5529.0
2020|05562|Recklinghausen, Kreis|männlich|2819.0
2020|05562|Recklinghausen, Kreis|weiblich|2710.0
2020|05566|Steinfurt, Kreis|Insgesamt|4320.0
2020|05566|Steinfurt, Kreis|männlich|2209.0
2020|05566|Steinfurt, Kreis|weiblich|2111.0
2020|05570|Warendorf, Kreis|Insgesamt|2604.0
2020|05570|Warendorf, Kreis|männlich|1344.0
2020|05570|Warendorf, Kreis|weiblich|1260.0
2020|05711|Bielefeld, kreisfreie Stadt|Insgesamt|3434.0
2020|05711|Bielefeld, kreisfreie Stadt|männlich|1762.0
2020|05711|Bielefeld, kreisfreie Stadt|weiblich|1672.0
2020|05754|Gütersloh, Kreis|Insgesamt|3606.0
2020|05754|Gütersloh, Kreis|männlich|1876.0
2020|05754|Gütersloh, Kreis|weiblich|1730.0
2020|05758|Herford, Kreis|Insgesamt|2295.0
2020|05758|Herford, Kreis|männlich|1164.0
2020|05758|Herford, Kreis|weiblich|1131.0
2020|05762|Höxter, Kreis|Insgesamt|1259.0
2020|05762|Höxter, Kreis|männlich|614.0
2020|05762|Höxter, Kreis|weiblich|645.0
2020|05766|Lippe, Kreis|Insgesamt|3305.0
2020|05766|Lippe, Kreis|männlich|1707.0
2020|05766|Lippe, Kreis|weiblich|1598.0
2020|05770|Minden-Lübbecke, Kreis|Insgesamt|2906.0
2020|05770|Minden-Lübbecke, Kreis|männlich|1563.0
2020|05770|Minden-Lübbecke, Kreis|weiblich|1343.0
2020|05774|Paderborn, Kreis|Insgesamt|3201.0
2020|05774|Paderborn, Kreis|männlich|1627.0
2020|05774|Paderborn, Kreis|weiblich|1574.0
2020|05911|Bochum, kreisfreie Stadt|Insgesamt|3277.0
2020|05911|Bochum, kreisfreie Stadt|männlich|1670.0
2020|05911|Bochum, kreisfreie Stadt|weiblich|1607.0
2020|05913|Dortmund, kreisfreie Stadt|Insgesamt|5864.0
2020|05913|Dortmund, kreisfreie Stadt|männlich|3083.0
2020|05913|Dortmund, kreisfreie Stadt|weiblich|2781.0
2020|05914|Hagen, kreisfreie Stadt|Insgesamt|1996.0
2020|05914|Hagen, kreisfreie Stadt|männlich|995.0
2020|05914|Hagen, kreisfreie Stadt|weiblich|1001.0
2020|05915|Hamm, kreisfreie Stadt|Insgesamt|1657.0
2020|05915|Hamm, kreisfreie Stadt|männlich|883.0
2020|05915|Hamm, kreisfreie Stadt|weiblich|774.0
2020|05916|Herne, kreisfreie Stadt|Insgesamt|1505.0
2020|05916|Herne, kreisfreie Stadt|männlich|745.0
2020|05916|Herne, kreisfreie Stadt|weiblich|760.0
2020|05954|Ennepe-Ruhr-Kreis|Insgesamt|2776.0
2020|05954|Ennepe-Ruhr-Kreis|männlich|1450.0
2020|05954|Ennepe-Ruhr-Kreis|weiblich|1326.0
2020|05958|Hochsauerlandkreis|Insgesamt|2268.0
2020|05958|Hochsauerlandkreis|männlich|1204.0
2020|05958|Hochsauerlandkreis|weiblich|1064.0
2020|05962|Märkischer Kreis|Insgesamt|3790.0
2020|05962|Märkischer Kreis|männlich|2036.0
2020|05962|Märkischer Kreis|weiblich|1754.0
2020|05966|Olpe, Kreis|Insgesamt|1252.0
2020|05966|Olpe, Kreis|männlich|657.0
2020|05966|Olpe, Kreis|weiblich|595.0
2020|05970|Siegen-Wittgenstein, Kreis|Insgesamt|2592.0
2020|05970|Siegen-Wittgenstein, Kreis|männlich|1294.0
2020|05970|Siegen-Wittgenstein, Kreis|weiblich|1298.0
2020|05974|Soest, Kreis|Insgesamt|2680.0
2020|05974|Soest, Kreis|männlich|1388.0
2020|05974|Soest, Kreis|weiblich|1292.0
2020|05978|Unna, Kreis|Insgesamt|3464.0
2020|05978|Unna, Kreis|männlich|1801.0
2020|05978|Unna, Kreis|weiblich|1663.0
2020|06411|Darmstadt, kreisfreie Stadt, Wissenschaftsstadt|Insgesamt|1668.0
2020|06411|Darmstadt, kreisfreie Stadt, Wissenschaftsstadt|männlich|861.0
2020|06411|Darmstadt, kreisfreie Stadt, Wissenschaftsstadt|weiblich|807.0
2020|06412|Frankfurt am Main, kreisfreie Stadt|Insgesamt|8581.0
2020|06412|Frankfurt am Main, kreisfreie Stadt|männlich|4443.0
2020|06412|Frankfurt am Main, kreisfreie Stadt|weiblich|4138.0
2020|06413|Offenbach am Main, kreisfreie Stadt|Insgesamt|1588.0
2020|06413|Offenbach am Main, kreisfreie Stadt|männlich|838.0
2020|06413|Offenbach am Main, kreisfreie Stadt|weiblich|750.0
2020|06414|Wiesbaden, kreisfreie Stadt, Landeshauptstadt|Insgesamt|3032.0
2020|06414|Wiesbaden, kreisfreie Stadt, Landeshauptstadt|männlich|1564.0
2020|06414|Wiesbaden, kreisfreie Stadt, Landeshauptstadt|weiblich|1468.0
2020|06431|Bergstraße, Landkreis|Insgesamt|2424.0
2020|06431|Bergstraße, Landkreis|männlich|1257.0
2020|06431|Bergstraße, Landkreis|weiblich|1167.0
2020|06432|Darmstadt-Dieburg, Landkreis|Insgesamt|2662.0
2020|06432|Darmstadt-Dieburg, Landkreis|männlich|1354.0
2020|06432|Darmstadt-Dieburg, Landkreis|weiblich|1308.0
2020|06433|Groß-Gerau, Landkreis|Insgesamt|2741.0
2020|06433|Groß-Gerau, Landkreis|männlich|1440.0
2020|06433|Groß-Gerau, Landkreis|weiblich|1301.0
2020|06434|Hochtaunuskreis|Insgesamt|1889.0
2020|06434|Hochtaunuskreis|männlich|918.0
2020|06434|Hochtaunuskreis|weiblich|971.0
2020|06435|Main-Kinzig-Kreis|Insgesamt|3844.0
2020|06435|Main-Kinzig-Kreis|männlich|1931.0
2020|06435|Main-Kinzig-Kreis|weiblich|1913.0
2020|06436|Main-Taunus-Kreis|Insgesamt|2253.0
2020|06436|Main-Taunus-Kreis|männlich|1176.0
2020|06436|Main-Taunus-Kreis|weiblich|1077.0
2020|06437|Odenwaldkreis|Insgesamt|846.0
2020|06437|Odenwaldkreis|männlich|427.0
2020|06437|Odenwaldkreis|weiblich|419.0
2020|06438|Offenbach, Landkreis|Insgesamt|3458.0
2020|06438|Offenbach, Landkreis|männlich|1797.0
2020|06438|Offenbach, Landkreis|weiblich|1661.0
2020|06439|Rheingau-Taunus-Kreis|Insgesamt|1449.0
2020|06439|Rheingau-Taunus-Kreis|männlich|719.0
2020|06439|Rheingau-Taunus-Kreis|weiblich|730.0
2020|06440|Wetteraukreis|Insgesamt|2786.0
2020|06440|Wetteraukreis|männlich|1419.0
2020|06440|Wetteraukreis|weiblich|1367.0
2020|06531|Gießen, Landkreis|Insgesamt|2670.0
2020|06531|Gießen, Landkreis|männlich|1334.0
2020|06531|Gießen, Landkreis|weiblich|1336.0
2020|06532|Lahn-Dill-Kreis|Insgesamt|2311.0
2020|06532|Lahn-Dill-Kreis|männlich|1160.0
2020|06532|Lahn-Dill-Kreis|weiblich|1151.0
2020|06533|Limburg-Weilburg, Landkreis|Insgesamt|1511.0
2020|06533|Limburg-Weilburg, Landkreis|männlich|763.0
2020|06533|Limburg-Weilburg, Landkreis|weiblich|748.0
2020|06534|Marburg-Biedenkopf, Landkreis|Insgesamt|2052.0
2020|06534|Marburg-Biedenkopf, Landkreis|männlich|1054.0
2020|06534|Marburg-Biedenkopf, Landkreis|weiblich|998.0
2020|06535|Vogelsbergkreis|Insgesamt|817.0
2020|06535|Vogelsbergkreis|männlich|433.0
2020|06535|Vogelsbergkreis|weiblich|384.0
2020|06611|Kassel, kreisfreie Stadt, documenta-Stadt|Insgesamt|2121.0
2020|06611|Kassel, kreisfreie Stadt, documenta-Stadt|männlich|1096.0
2020|06611|Kassel, kreisfreie Stadt, documenta-Stadt|weiblich|1025.0
2020|06631|Fulda, Landkreis|Insgesamt|2120.0
2020|06631|Fulda, Landkreis|männlich|1073.0
2020|06631|Fulda, Landkreis|weiblich|1047.0
2020|06632|Hersfeld-Rotenburg, Landkreis|Insgesamt|1051.0
2020|06632|Hersfeld-Rotenburg, Landkreis|männlich|543.0
2020|06632|Hersfeld-Rotenburg, Landkreis|weiblich|508.0
2020|06633|Kassel, Landkreis|Insgesamt|2019.0
2020|06633|Kassel, Landkreis|männlich|1069.0
2020|06633|Kassel, Landkreis|weiblich|950.0
2020|06634|Schwalm-Eder-Kreis|Insgesamt|1469.0
2020|06634|Schwalm-Eder-Kreis|männlich|783.0
2020|06634|Schwalm-Eder-Kreis|weiblich|686.0
2020|06635|Waldeck-Frankenberg, Landkreis|Insgesamt|1297.0
2020|06635|Waldeck-Frankenberg, Landkreis|männlich|664.0
2020|06635|Waldeck-Frankenberg, Landkreis|weiblich|633.0
2020|06636|Werra-Meißner-Kreis|Insgesamt|730.0
2020|06636|Werra-Meißner-Kreis|männlich|404.0
2020|06636|Werra-Meißner-Kreis|weiblich|326.0
2020|07111|Koblenz, kreisfreie Stadt|Insgesamt|1105.0
2020|07111|Koblenz, kreisfreie Stadt|männlich|574.0
2020|07111|Koblenz, kreisfreie Stadt|weiblich|531.0
2020|07131|Ahrweiler, Landkreis|Insgesamt|1152.0
2020|07131|Ahrweiler, Landkreis|männlich|600.0
2020|07131|Ahrweiler, Landkreis|weiblich|552.0
2020|07132|Altenkirchen (Westerwald), Landkreis|Insgesamt|1154.0
2020|07132|Altenkirchen (Westerwald), Landkreis|männlich|565.0
2020|07132|Altenkirchen (Westerwald), Landkreis|weiblich|589.0
2020|07133|Bad Kreuznach, Landkreis|Insgesamt|1390.0
2020|07133|Bad Kreuznach, Landkreis|männlich|720.0
2020|07133|Bad Kreuznach, Landkreis|weiblich|670.0
2020|07134|Birkenfeld, Landkreis|Insgesamt|716.0
2020|07134|Birkenfeld, Landkreis|männlich|365.0
2020|07134|Birkenfeld, Landkreis|weiblich|351.0
2020|07135|Cochem-Zell, Landkreis|Insgesamt|490.0
2020|07135|Cochem-Zell, Landkreis|männlich|244.0
2020|07135|Cochem-Zell, Landkreis|weiblich|246.0
2020|07137|Mayen-Koblenz, Landkreis|Insgesamt|2002.0
2020|07137|Mayen-Koblenz, Landkreis|männlich|1031.0
2020|07137|Mayen-Koblenz, Landkreis|weiblich|971.0
2020|07138|Neuwied, Landkreis|Insgesamt|1709.0
2020|07138|Neuwied, Landkreis|männlich|854.0
2020|07138|Neuwied, Landkreis|weiblich|855.0
2020|07140|Rhein-Hunsrück-Kreis|Insgesamt|907.0
2020|07140|Rhein-Hunsrück-Kreis|männlich|482.0
2020|07140|Rhein-Hunsrück-Kreis|weiblich|425.0
2020|07141|Rhein-Lahn-Kreis|Insgesamt|1016.0
2020|07141|Rhein-Lahn-Kreis|männlich|512.0
2020|07141|Rhein-Lahn-Kreis|weiblich|504.0
2020|07143|Westerwaldkreis|Insgesamt|1897.0
2020|07143|Westerwaldkreis|männlich|946.0
2020|07143|Westerwaldkreis|weiblich|951.0
2020|07211|Trier, kreisfreie Stadt|Insgesamt|988.0
2020|07211|Trier, kreisfreie Stadt|männlich|500.0
2020|07211|Trier, kreisfreie Stadt|weiblich|488.0
2020|07231|Bernkastel-Wittlich, Landkreis|Insgesamt|1032.0
2020|07231|Bernkastel-Wittlich, Landkreis|männlich|527.0
2020|07231|Bernkastel-Wittlich, Landkreis|weiblich|505.0
2020|07232|Eifelkreis Bitburg-Prüm|Insgesamt|881.0
2020|07232|Eifelkreis Bitburg-Prüm|männlich|456.0
2020|07232|Eifelkreis Bitburg-Prüm|weiblich|425.0
2020|07233|Vulkaneifel, Landkreis|Insgesamt|449.0
2020|07233|Vulkaneifel, Landkreis|männlich|227.0
2020|07233|Vulkaneifel, Landkreis|weiblich|222.0
2020|07235|Trier-Saarburg, Landkreis|Insgesamt|1318.0
2020|07235|Trier-Saarburg, Landkreis|männlich|681.0
2020|07235|Trier-Saarburg, Landkreis|weiblich|637.0
2020|07311|Frankenthal (Pfalz), kreisfreie Stadt|Insgesamt|491.0
2020|07311|Frankenthal (Pfalz), kreisfreie Stadt|männlich|238.0
2020|07311|Frankenthal (Pfalz), kreisfreie Stadt|weiblich|253.0
2020|07312|Kaiserslautern, kreisfreie Stadt|Insgesamt|1084.0
2020|07312|Kaiserslautern, kreisfreie Stadt|männlich|570.0
2020|07312|Kaiserslautern, kreisfreie Stadt|weiblich|514.0
2020|07313|Landau in der Pfalz, kreisfreie Stadt|Insgesamt|412.0
2020|07313|Landau in der Pfalz, kreisfreie Stadt|männlich|218.0
2020|07313|Landau in der Pfalz, kreisfreie Stadt|weiblich|194.0
2020|07314|Ludwigshafen am Rhein, kreisfreie Stadt|Insgesamt|1861.0
2020|07314|Ludwigshafen am Rhein, kreisfreie Stadt|männlich|945.0
2020|07314|Ludwigshafen am Rhein, kreisfreie Stadt|weiblich|916.0
2020|07315|Mainz, kreisfreie Stadt|Insgesamt|2229.0
2020|07315|Mainz, kreisfreie Stadt|männlich|1120.0
2020|07315|Mainz, kreisfreie Stadt|weiblich|1109.0
2020|07316|Neustadt an der Weinstraße, kreisfreie Stadt|Insgesamt|499.0
2020|07316|Neustadt an der Weinstraße, kreisfreie Stadt|männlich|258.0
2020|07316|Neustadt an der Weinstraße, kreisfreie Stadt|weiblich|241.0
2020|07317|Pirmasens, kreisfreie Stadt|Insgesamt|359.0
2020|07317|Pirmasens, kreisfreie Stadt|männlich|182.0
2020|07317|Pirmasens, kreisfreie Stadt|weiblich|177.0
2020|07318|Speyer, kreisfreie Stadt|Insgesamt|457.0
2020|07318|Speyer, kreisfreie Stadt|männlich|237.0
2020|07318|Speyer, kreisfreie Stadt|weiblich|220.0
2020|07319|Worms, kreisfreie Stadt|Insgesamt|837.0
2020|07319|Worms, kreisfreie Stadt|männlich|444.0
2020|07319|Worms, kreisfreie Stadt|weiblich|393.0
2020|07320|Zweibrücken, kreisfreie Stadt|Insgesamt|286.0
2020|07320|Zweibrücken, kreisfreie Stadt|männlich|147.0
2020|07320|Zweibrücken, kreisfreie Stadt|weiblich|139.0
2020|07331|Alzey-Worms, Landkreis|Insgesamt|1248.0
2020|07331|Alzey-Worms, Landkreis|männlich|627.0
2020|07331|Alzey-Worms, Landkreis|weiblich|621.0
2020|07332|Bad Dürkheim, Landkreis|Insgesamt|1060.0
2020|07332|Bad Dürkheim, Landkreis|männlich|544.0
2020|07332|Bad Dürkheim, Landkreis|weiblich|516.0
2020|07333|Donnersbergkreis|Insgesamt|643.0
2020|07333|Donnersbergkreis|männlich|321.0
2020|07333|Donnersbergkreis|weiblich|322.0
2020|07334|Germersheim, Landkreis|Insgesamt|1207.0
2020|07334|Germersheim, Landkreis|männlich|620.0
2020|07334|Germersheim, Landkreis|weiblich|587.0
2020|07335|Kaiserslautern, Landkreis|Insgesamt|1233.0
2020|07335|Kaiserslautern, Landkreis|männlich|632.0
2020|07335|Kaiserslautern, Landkreis|weiblich|601.0
2020|07336|Kusel, Landkreis|Insgesamt|621.0
2020|07336|Kusel, Landkreis|männlich|339.0
2020|07336|Kusel, Landkreis|weiblich|282.0
2020|07337|Südliche Weinstraße, Landkreis|Insgesamt|901.0
2020|07337|Südliche Weinstraße, Landkreis|männlich|486.0
2020|07337|Südliche Weinstraße, Landkreis|weiblich|415.0
2020|07338|Rhein-Pfalz-Kreis|Insgesamt|1438.0
2020|07338|Rhein-Pfalz-Kreis|männlich|726.0
2020|07338|Rhein-Pfalz-Kreis|weiblich|712.0
2020|07339|Mainz-Bingen, Landkreis|Insgesamt|1808.0
2020|07339|Mainz-Bingen, Landkreis|männlich|926.0
2020|07339|Mainz-Bingen, Landkreis|weiblich|882.0
2020|07340|Südwestpfalz, Landkreis|Insgesamt|752.0
2020|07340|Südwestpfalz, Landkreis|männlich|379.0
2020|07340|Südwestpfalz, Landkreis|weiblich|373.0
2020|08111|Stuttgart, Stadtkreis|Insgesamt|6455.0
2020|08111|Stuttgart, Stadtkreis|männlich|3375.0
2020|08111|Stuttgart, Stadtkreis|weiblich|3080.0
2020|08115|Böblingen, Landkreis|Insgesamt|4154.0
2020|08115|Böblingen, Landkreis|männlich|2142.0
2020|08115|Böblingen, Landkreis|weiblich|2012.0
2020|08116|Esslingen, Landkreis|Insgesamt|5318.0
2020|08116|Esslingen, Landkreis|männlich|2765.0
2020|08116|Esslingen, Landkreis|weiblich|2553.0
2020|08117|Göppingen, Landkreis|Insgesamt|2310.0
2020|08117|Göppingen, Landkreis|männlich|1238.0
2020|08117|Göppingen, Landkreis|weiblich|1072.0
2020|08118|Ludwigsburg, Landkreis|Insgesamt|5605.0
2020|08118|Ludwigsburg, Landkreis|männlich|2958.0
2020|08118|Ludwigsburg, Landkreis|weiblich|2647.0
2020|08119|Rems-Murr-Kreis, Landkreis|Insgesamt|4158.0
2020|08119|Rems-Murr-Kreis, Landkreis|männlich|2130.0
2020|08119|Rems-Murr-Kreis, Landkreis|weiblich|2028.0
2020|08121|Heilbronn, Stadtkreis|Insgesamt|1296.0
2020|08121|Heilbronn, Stadtkreis|männlich|656.0
2020|08121|Heilbronn, Stadtkreis|weiblich|640.0
2020|08125|Heilbronn, Landkreis|Insgesamt|3660.0
2020|08125|Heilbronn, Landkreis|männlich|1893.0
2020|08125|Heilbronn, Landkreis|weiblich|1767.0
2020|08126|Hohenlohekreis, Landkreis|Insgesamt|1137.0
2020|08126|Hohenlohekreis, Landkreis|männlich|609.0
2020|08126|Hohenlohekreis, Landkreis|weiblich|528.0
2020|08127|Schwäbisch Hall, Landkreis|Insgesamt|2006.0
2020|08127|Schwäbisch Hall, Landkreis|männlich|1034.0
2020|08127|Schwäbisch Hall, Landkreis|weiblich|972.0
2020|08128|Main-Tauber-Kreis, Landkreis|Insgesamt|1179.0
2020|08128|Main-Tauber-Kreis, Landkreis|männlich|609.0
2020|08128|Main-Tauber-Kreis, Landkreis|weiblich|570.0
2020|08135|Heidenheim, Landkreis|Insgesamt|1229.0
2020|08135|Heidenheim, Landkreis|männlich|637.0
2020|08135|Heidenheim, Landkreis|weiblich|592.0
2020|08136|Ostalbkreis, Landkreis|Insgesamt|2970.0
2020|08136|Ostalbkreis, Landkreis|männlich|1531.0
2020|08136|Ostalbkreis, Landkreis|weiblich|1439.0
2020|08211|Baden-Baden, Stadtkreis|Insgesamt|481.0
2020|08211|Baden-Baden, Stadtkreis|männlich|247.0
2020|08211|Baden-Baden, Stadtkreis|weiblich|234.0
2020|08212|Karlsruhe, Stadtkreis|Insgesamt|2723.0
2020|08212|Karlsruhe, Stadtkreis|männlich|1433.0
2020|08212|Karlsruhe, Stadtkreis|weiblich|1290.0
2020|08215|Karlsruhe, Landkreis|Insgesamt|4117.0
2020|08215|Karlsruhe, Landkreis|männlich|2110.0
2020|08215|Karlsruhe, Landkreis|weiblich|2007.0
2020|08216|Rastatt, Landkreis|Insgesamt|2060.0
2020|08216|Rastatt, Landkreis|männlich|1049.0
2020|08216|Rastatt, Landkreis|weiblich|1011.0
2020|08221|Heidelberg, Stadtkreis|Insgesamt|1495.0
2020|08221|Heidelberg, Stadtkreis|männlich|758.0
2020|08221|Heidelberg, Stadtkreis|weiblich|737.0
2020|08222|Mannheim, Stadtkreis|Insgesamt|3090.0
2020|08222|Mannheim, Stadtkreis|männlich|1577.0
2020|08222|Mannheim, Stadtkreis|weiblich|1513.0
2020|08225|Neckar-Odenwald-Kreis, Landkreis|Insgesamt|1303.0
2020|08225|Neckar-Odenwald-Kreis, Landkreis|männlich|689.0
2020|08225|Neckar-Odenwald-Kreis, Landkreis|weiblich|614.0
2020|08226|Rhein-Neckar-Kreis, Landkreis|Insgesamt|4934.0
2020|08226|Rhein-Neckar-Kreis, Landkreis|männlich|2535.0
2020|08226|Rhein-Neckar-Kreis, Landkreis|weiblich|2399.0
2020|08231|Pforzheim, Stadtkreis|Insgesamt|1456.0
2020|08231|Pforzheim, Stadtkreis|männlich|730.0
2020|08231|Pforzheim, Stadtkreis|weiblich|726.0
2020|08235|Calw, Landkreis|Insgesamt|1562.0
2020|08235|Calw, Landkreis|männlich|795.0
2020|08235|Calw, Landkreis|weiblich|767.0
2020|08236|Enzkreis, Landkreis|Insgesamt|1857.0
2020|08236|Enzkreis, Landkreis|männlich|949.0
2020|08236|Enzkreis, Landkreis|weiblich|908.0
2020|08237|Freudenstadt, Landkreis|Insgesamt|1097.0
2020|08237|Freudenstadt, Landkreis|männlich|550.0
2020|08237|Freudenstadt, Landkreis|weiblich|547.0
2020|08311|Freiburg im Breisgau, Stadtkreis|Insgesamt|2508.0
2020|08311|Freiburg im Breisgau, Stadtkreis|männlich|1267.0
2020|08311|Freiburg im Breisgau, Stadtkreis|weiblich|1241.0
2020|08315|Breisgau-Hochschwarzwald, Landkreis|Insgesamt|2513.0
2020|08315|Breisgau-Hochschwarzwald, Landkreis|männlich|1285.0
2020|08315|Breisgau-Hochschwarzwald, Landkreis|weiblich|1228.0
2020|08316|Emmendingen, Landkreis|Insgesamt|1609.0
2020|08316|Emmendingen, Landkreis|männlich|839.0
2020|08316|Emmendingen, Landkreis|weiblich|770.0
2020|08317|Ortenaukreis, Landkreis|Insgesamt|4134.0
2020|08317|Ortenaukreis, Landkreis|männlich|2121.0
2020|08317|Ortenaukreis, Landkreis|weiblich|2013.0
2020|08325|Rottweil, Landkreis|Insgesamt|1420.0
2020|08325|Rottweil, Landkreis|männlich|740.0
2020|08325|Rottweil, Landkreis|weiblich|680.0
2020|08326|Schwarzwald-Baar-Kreis, Landkreis|Insgesamt|2154.0
2020|08326|Schwarzwald-Baar-Kreis, Landkreis|männlich|1079.0
2020|08326|Schwarzwald-Baar-Kreis, Landkreis|weiblich|1075.0
2020|08327|Tuttlingen, Landkreis|Insgesamt|1544.0
2020|08327|Tuttlingen, Landkreis|männlich|799.0
2020|08327|Tuttlingen, Landkreis|weiblich|745.0
2020|08335|Konstanz, Landkreis|Insgesamt|2681.0
2020|08335|Konstanz, Landkreis|männlich|1420.0
2020|08335|Konstanz, Landkreis|weiblich|1261.0
2020|08336|Lörrach, Landkreis|Insgesamt|2048.0
2020|08336|Lörrach, Landkreis|männlich|1066.0
2020|08336|Lörrach, Landkreis|weiblich|982.0
2020|08337|Waldshut, Landkreis|Insgesamt|1315.0
2020|08337|Waldshut, Landkreis|männlich|644.0
2020|08337|Waldshut, Landkreis|weiblich|671.0
2020|08415|Reutlingen, Landkreis|Insgesamt|2763.0
2020|08415|Reutlingen, Landkreis|männlich|1444.0
2020|08415|Reutlingen, Landkreis|weiblich|1319.0
2020|08416|Tübingen, Landkreis|Insgesamt|2259.0
2020|08416|Tübingen, Landkreis|männlich|1181.0
2020|08416|Tübingen, Landkreis|weiblich|1078.0
2020|08417|Zollernalbkreis, Landkreis|Insgesamt|1817.0
2020|08417|Zollernalbkreis, Landkreis|männlich|945.0
2020|08417|Zollernalbkreis, Landkreis|weiblich|872.0
2020|08421|Ulm, Stadtkreis|Insgesamt|1298.0
2020|08421|Ulm, Stadtkreis|männlich|666.0
2020|08421|Ulm, Stadtkreis|weiblich|632.0
2020|08425|Alb-Donau-Kreis, Landkreis|Insgesamt|2083.0
2020|08425|Alb-Donau-Kreis, Landkreis|männlich|1082.0
2020|08425|Alb-Donau-Kreis, Landkreis|weiblich|1001.0
2020|08426|Biberach, Landkreis|Insgesamt|2107.0
2020|08426|Biberach, Landkreis|männlich|1065.0
2020|08426|Biberach, Landkreis|weiblich|1042.0
2020|08435|Bodenseekreis, Landkreis|Insgesamt|2047.0
2020|08435|Bodenseekreis, Landkreis|männlich|1055.0
2020|08435|Bodenseekreis, Landkreis|weiblich|992.0
2020|08436|Ravensburg, Landkreis|Insgesamt|2852.0
2020|08436|Ravensburg, Landkreis|männlich|1451.0
2020|08436|Ravensburg, Landkreis|weiblich|1401.0
2020|08437|Sigmaringen, Landkreis|Insgesamt|1220.0
2020|08437|Sigmaringen, Landkreis|männlich|607.0
2020|08437|Sigmaringen, Landkreis|weiblich|613.0
2020|09161|Ingolstadt, kreisfreie Stadt|Insgesamt|1598.0
2020|09161|Ingolstadt, kreisfreie Stadt|männlich|818.0
2020|09161|Ingolstadt, kreisfreie Stadt|weiblich|780.0
2020|09162|München, kreisfreie Stadt|Insgesamt|17549.0
2020|09162|München, kreisfreie Stadt|männlich|9003.0
2020|09162|München, kreisfreie Stadt|weiblich|8546.0
2020|09163|Rosenheim, kreisfreie Stadt|Insgesamt|693.0
2020|09163|Rosenheim, kreisfreie Stadt|männlich|337.0
2020|09163|Rosenheim, kreisfreie Stadt|weiblich|356.0
2020|09171|Altötting, Landkreis|Insgesamt|1069.0
2020|09171|Altötting, Landkreis|männlich|553.0
2020|09171|Altötting, Landkreis|weiblich|516.0
2020|09172|Berchtesgadener Land, Landkreis|Insgesamt|889.0
2020|09172|Berchtesgadener Land, Landkreis|männlich|445.0
2020|09172|Berchtesgadener Land, Landkreis|weiblich|444.0
2020|09173|Bad Tölz-Wolfratshausen, Landkreis|Insgesamt|1258.0
2020|09173|Bad Tölz-Wolfratshausen, Landkreis|männlich|671.0
2020|09173|Bad Tölz-Wolfratshausen, Landkreis|weiblich|587.0
2020|09174|Dachau, Landkreis|Insgesamt|1599.0
2020|09174|Dachau, Landkreis|männlich|788.0
2020|09174|Dachau, Landkreis|weiblich|811.0
2020|09175|Ebersberg, Landkreis|Insgesamt|1363.0
2020|09175|Ebersberg, Landkreis|männlich|729.0
2020|09175|Ebersberg, Landkreis|weiblich|634.0
2020|09176|Eichstätt, Landkreis|Insgesamt|1476.0
2020|09176|Eichstätt, Landkreis|männlich|767.0
2020|09176|Eichstätt, Landkreis|weiblich|709.0
2020|09177|Erding, Landkreis|Insgesamt|1372.0
2020|09177|Erding, Landkreis|männlich|718.0
2020|09177|Erding, Landkreis|weiblich|654.0
2020|09178|Freising, Landkreis|Insgesamt|1804.0
2020|09178|Freising, Landkreis|männlich|927.0
2020|09178|Freising, Landkreis|weiblich|877.0
2020|09179|Fürstenfeldbruck, Landkreis|Insgesamt|2077.0
2020|09179|Fürstenfeldbruck, Landkreis|männlich|1076.0
2020|09179|Fürstenfeldbruck, Landkreis|weiblich|1001.0
2020|09180|Garmisch-Partenkirchen, Landkreis|Insgesamt|849.0
2020|09180|Garmisch-Partenkirchen, Landkreis|männlich|438.0
2020|09180|Garmisch-Partenkirchen, Landkreis|weiblich|411.0
2020|09181|Landsberg am Lech, Landkreis|Insgesamt|1109.0
2020|09181|Landsberg am Lech, Landkreis|männlich|562.0
2020|09181|Landsberg am Lech, Landkreis|weiblich|547.0
2020|09182|Miesbach, Landkreis|Insgesamt|882.0
2020|09182|Miesbach, Landkreis|männlich|450.0
2020|09182|Miesbach, Landkreis|weiblich|432.0
2020|09183|Mühldorf a.Inn, Landkreis|Insgesamt|1115.0
2020|09183|Mühldorf a.Inn, Landkreis|männlich|557.0
2020|09183|Mühldorf a.Inn, Landkreis|weiblich|558.0
2020|09184|München, Landkreis|Insgesamt|3144.0
2020|09184|München, Landkreis|männlich|1578.0
2020|09184|München, Landkreis|weiblich|1566.0
2020|09185|Neuburg-Schrobenhausen, Landkreis|Insgesamt|984.0
2020|09185|Neuburg-Schrobenhausen, Landkreis|männlich|510.0
2020|09185|Neuburg-Schrobenhausen, Landkreis|weiblich|474.0
2020|09186|Pfaffenhofen a.d.Ilm, Landkreis|Insgesamt|1272.0
2020|09186|Pfaffenhofen a.d.Ilm, Landkreis|männlich|656.0
2020|09186|Pfaffenhofen a.d.Ilm, Landkreis|weiblich|616.0
2020|09187|Rosenheim, Landkreis|Insgesamt|2453.0
2020|09187|Rosenheim, Landkreis|männlich|1331.0
2020|09187|Rosenheim, Landkreis|weiblich|1122.0
2020|09188|Starnberg, Landkreis|Insgesamt|1066.0
2020|09188|Starnberg, Landkreis|männlich|553.0
2020|09188|Starnberg, Landkreis|weiblich|513.0
2020|09189|Traunstein, Landkreis|Insgesamt|1625.0
2020|09189|Traunstein, Landkreis|männlich|849.0
2020|09189|Traunstein, Landkreis|weiblich|776.0
2020|09190|Weilheim-Schongau, Landkreis|Insgesamt|1316.0
2020|09190|Weilheim-Schongau, Landkreis|männlich|673.0
2020|09190|Weilheim-Schongau, Landkreis|weiblich|643.0
2020|09261|Landshut, kreisfreie Stadt|Insgesamt|766.0
2020|09261|Landshut, kreisfreie Stadt|männlich|385.0
2020|09261|Landshut, kreisfreie Stadt|weiblich|381.0
2020|09262|Passau, kreisfreie Stadt|Insgesamt|459.0
2020|09262|Passau, kreisfreie Stadt|männlich|235.0
2020|09262|Passau, kreisfreie Stadt|weiblich|224.0
2020|09263|Straubing, kreisfreie Stadt|Insgesamt|460.0
2020|09263|Straubing, kreisfreie Stadt|männlich|243.0
2020|09263|Straubing, kreisfreie Stadt|weiblich|217.0
2020|09271|Deggendorf, Landkreis|Insgesamt|1039.0
2020|09271|Deggendorf, Landkreis|männlich|532.0
2020|09271|Deggendorf, Landkreis|weiblich|507.0
2020|09272|Freyung-Grafenau, Landkreis|Insgesamt|660.0
2020|09272|Freyung-Grafenau, Landkreis|männlich|339.0
2020|09272|Freyung-Grafenau, Landkreis|weiblich|321.0
2020|09273|Kelheim, Landkreis|Insgesamt|1197.0
2020|09273|Kelheim, Landkreis|männlich|597.0
2020|09273|Kelheim, Landkreis|weiblich|600.0
2020|09274|Landshut, Landkreis|Insgesamt|1621.0
2020|09274|Landshut, Landkreis|männlich|839.0
2020|09274|Landshut, Landkreis|weiblich|782.0
2020|09275|Passau, Landkreis|Insgesamt|1685.0
2020|09275|Passau, Landkreis|männlich|827.0
2020|09275|Passau, Landkreis|weiblich|858.0
2020|09276|Regen, Landkreis|Insgesamt|667.0
2020|09276|Regen, Landkreis|männlich|326.0
2020|09276|Regen, Landkreis|weiblich|341.0
2020|09277|Rottal-Inn, Landkreis|Insgesamt|1085.0
2020|09277|Rottal-Inn, Landkreis|männlich|569.0
2020|09277|Rottal-Inn, Landkreis|weiblich|516.0
2020|09278|Straubing-Bogen, Landkreis|Insgesamt|1008.0
2020|09278|Straubing-Bogen, Landkreis|männlich|517.0
2020|09278|Straubing-Bogen, Landkreis|weiblich|491.0
2020|09279|Dingolfing-Landau, Landkreis|Insgesamt|910.0
2020|09279|Dingolfing-Landau, Landkreis|männlich|460.0
2020|09279|Dingolfing-Landau, Landkreis|weiblich|450.0
2020|09361|Amberg, kreisfreie Stadt|Insgesamt|348.0
2020|09361|Amberg, kreisfreie Stadt|männlich|170.0
2020|09361|Amberg, kreisfreie Stadt|weiblich|178.0
2020|09362|Regensburg, kreisfreie Stadt|Insgesamt|1620.0
2020|09362|Regensburg, kreisfreie Stadt|männlich|802.0
2020|09362|Regensburg, kreisfreie Stadt|weiblich|818.0
2020|09363|Weiden i.d.OPf., kreisfreie Stadt|Insgesamt|353.0
2020|09363|Weiden i.d.OPf., kreisfreie Stadt|männlich|182.0
2020|09363|Weiden i.d.OPf., kreisfreie Stadt|weiblich|171.0
2020|09371|Amberg-Sulzbach, Landkreis|Insgesamt|1022.0
2020|09371|Amberg-Sulzbach, Landkreis|männlich|577.0
2020|09371|Amberg-Sulzbach, Landkreis|weiblich|445.0
2020|09372|Cham, Landkreis|Insgesamt|1190.0
2020|09372|Cham, Landkreis|männlich|616.0
2020|09372|Cham, Landkreis|weiblich|574.0
2020|09373|Neumarkt i.d.OPf., Landkreis|Insgesamt|1384.0
2020|09373|Neumarkt i.d.OPf., Landkreis|männlich|702.0
2020|09373|Neumarkt i.d.OPf., Landkreis|weiblich|682.0
2020|09374|Neustadt a.d.Waldnaab, Landkreis|Insgesamt|1014.0
2020|09374|Neustadt a.d.Waldnaab, Landkreis|männlich|521.0
2020|09374|Neustadt a.d.Waldnaab, Landkreis|weiblich|493.0
2020|09375|Regensburg, Landkreis|Insgesamt|1799.0
2020|09375|Regensburg, Landkreis|männlich|908.0
2020|09375|Regensburg, Landkreis|weiblich|891.0
2020|09376|Schwandorf, Landkreis|Insgesamt|1383.0
2020|09376|Schwandorf, Landkreis|männlich|706.0
2020|09376|Schwandorf, Landkreis|weiblich|677.0
2020|09377|Tirschenreuth, Landkreis|Insgesamt|646.0
2020|09377|Tirschenreuth, Landkreis|männlich|328.0
2020|09377|Tirschenreuth, Landkreis|weiblich|318.0
2020|09461|Bamberg, kreisfreie Stadt|Insgesamt|744.0
2020|09461|Bamberg, kreisfreie Stadt|männlich|393.0
2020|09461|Bamberg, kreisfreie Stadt|weiblich|351.0
2020|09462|Bayreuth, kreisfreie Stadt|Insgesamt|590.0
2020|09462|Bayreuth, kreisfreie Stadt|männlich|298.0
2020|09462|Bayreuth, kreisfreie Stadt|weiblich|292.0
2020|09463|Coburg, kreisfreie Stadt|Insgesamt|347.0
2020|09463|Coburg, kreisfreie Stadt|männlich|173.0
2020|09463|Coburg, kreisfreie Stadt|weiblich|174.0
2020|09464|Hof, kreisfreie Stadt|Insgesamt|417.0
2020|09464|Hof, kreisfreie Stadt|männlich|208.0
2020|09464|Hof, kreisfreie Stadt|weiblich|209.0
2020|09471|Bamberg, Landkreis|Insgesamt|1416.0
2020|09471|Bamberg, Landkreis|männlich|703.0
2020|09471|Bamberg, Landkreis|weiblich|713.0
2020|09472|Bayreuth, Landkreis|Insgesamt|842.0
2020|09472|Bayreuth, Landkreis|männlich|425.0
2020|09472|Bayreuth, Landkreis|weiblich|417.0
2020|09473|Coburg, Landkreis|Insgesamt|731.0
2020|09473|Coburg, Landkreis|männlich|388.0
2020|09473|Coburg, Landkreis|weiblich|343.0
2020|09474|Forchheim, Landkreis|Insgesamt|1110.0
2020|09474|Forchheim, Landkreis|männlich|544.0
2020|09474|Forchheim, Landkreis|weiblich|566.0
2020|09475|Hof, Landkreis|Insgesamt|765.0
2020|09475|Hof, Landkreis|männlich|406.0
2020|09475|Hof, Landkreis|weiblich|359.0
2020|09476|Kronach, Landkreis|Insgesamt|459.0
2020|09476|Kronach, Landkreis|männlich|252.0
2020|09476|Kronach, Landkreis|weiblich|207.0
2020|09477|Kulmbach, Landkreis|Insgesamt|560.0
2020|09477|Kulmbach, Landkreis|männlich|286.0
2020|09477|Kulmbach, Landkreis|weiblich|274.0
2020|09478|Lichtenfels, Landkreis|Insgesamt|527.0
2020|09478|Lichtenfels, Landkreis|männlich|284.0
2020|09478|Lichtenfels, Landkreis|weiblich|243.0
2020|09479|Wunsiedel i.Fichtelgebirge, Landkreis|Insgesamt|553.0
2020|09479|Wunsiedel i.Fichtelgebirge, Landkreis|männlich|286.0
2020|09479|Wunsiedel i.Fichtelgebirge, Landkreis|weiblich|267.0
2020|09561|Ansbach, kreisfreie Stadt|Insgesamt|467.0
2020|09561|Ansbach, kreisfreie Stadt|männlich|256.0
2020|09561|Ansbach, kreisfreie Stadt|weiblich|211.0
2020|09562|Erlangen, kreisfreie Stadt|Insgesamt|1203.0
2020|09562|Erlangen, kreisfreie Stadt|männlich|651.0
2020|09562|Erlangen, kreisfreie Stadt|weiblich|552.0
2020|09563|Fürth, kreisfreie Stadt|Insgesamt|1381.0
2020|09563|Fürth, kreisfreie Stadt|männlich|707.0
2020|09563|Fürth, kreisfreie Stadt|weiblich|674.0
2020|09564|Nürnberg, kreisfreie Stadt|Insgesamt|5313.0
2020|09564|Nürnberg, kreisfreie Stadt|männlich|2710.0
2020|09564|Nürnberg, kreisfreie Stadt|weiblich|2603.0
2020|09565|Schwabach, kreisfreie Stadt|Insgesamt|380.0
2020|09565|Schwabach, kreisfreie Stadt|männlich|219.0
2020|09565|Schwabach, kreisfreie Stadt|weiblich|161.0
2020|09571|Ansbach, Landkreis|Insgesamt|1850.0
2020|09571|Ansbach, Landkreis|männlich|967.0
2020|09571|Ansbach, Landkreis|weiblich|883.0
2020|09572|Erlangen-Höchstadt, Landkreis|Insgesamt|1293.0
2020|09572|Erlangen-Höchstadt, Landkreis|männlich|647.0
2020|09572|Erlangen-Höchstadt, Landkreis|weiblich|646.0
2020|09573|Fürth, Landkreis|Insgesamt|1069.0
2020|09573|Fürth, Landkreis|männlich|551.0
2020|09573|Fürth, Landkreis|weiblich|518.0
2020|09574|Nürnberger Land, Landkreis|Insgesamt|1564.0
2020|09574|Nürnberger Land, Landkreis|männlich|813.0
2020|09574|Nürnberger Land, Landkreis|weiblich|751.0
2020|09575|Neustadt a.d.Aisch-Bad Windsheim, Landkreis|Insgesamt|966.0
2020|09575|Neustadt a.d.Aisch-Bad Windsheim, Landkreis|männlich|493.0
2020|09575|Neustadt a.d.Aisch-Bad Windsheim, Landkreis|weiblich|473.0
2020|09576|Roth, Landkreis|Insgesamt|1185.0
2020|09576|Roth, Landkreis|männlich|589.0
2020|09576|Roth, Landkreis|weiblich|596.0
2020|09577|Weißenburg-Gunzenhausen, Landkreis|Insgesamt|905.0
2020|09577|Weißenburg-Gunzenhausen, Landkreis|männlich|447.0
2020|09577|Weißenburg-Gunzenhausen, Landkreis|weiblich|458.0
2020|09661|Aschaffenburg, kreisfreie Stadt|Insgesamt|657.0
2020|09661|Aschaffenburg, kreisfreie Stadt|männlich|352.0
2020|09661|Aschaffenburg, kreisfreie Stadt|weiblich|305.0
2020|09662|Schweinfurt, kreisfreie Stadt|Insgesamt|552.0
2020|09662|Schweinfurt, kreisfreie Stadt|männlich|285.0
2020|09662|Schweinfurt, kreisfreie Stadt|weiblich|267.0
2020|09663|Würzburg, kreisfreie Stadt|Insgesamt|1335.0
2020|09663|Würzburg, kreisfreie Stadt|männlich|672.0
2020|09663|Würzburg, kreisfreie Stadt|weiblich|663.0
2020|09671|Aschaffenburg, Landkreis|Insgesamt|1506.0
2020|09671|Aschaffenburg, Landkreis|männlich|792.0
2020|09671|Aschaffenburg, Landkreis|weiblich|714.0
2020|09672|Bad Kissingen, Landkreis|Insgesamt|903.0
2020|09672|Bad Kissingen, Landkreis|männlich|462.0
2020|09672|Bad Kissingen, Landkreis|weiblich|441.0
2020|09673|Rhön-Grabfeld, Landkreis|Insgesamt|714.0
2020|09673|Rhön-Grabfeld, Landkreis|männlich|358.0
2020|09673|Rhön-Grabfeld, Landkreis|weiblich|356.0
2020|09674|Haßberge, Landkreis|Insgesamt|767.0
2020|09674|Haßberge, Landkreis|männlich|393.0
2020|09674|Haßberge, Landkreis|weiblich|374.0
2020|09675|Kitzingen, Landkreis|Insgesamt|879.0
2020|09675|Kitzingen, Landkreis|männlich|472.0
2020|09675|Kitzingen, Landkreis|weiblich|407.0
2020|09676|Miltenberg, Landkreis|Insgesamt|1195.0
2020|09676|Miltenberg, Landkreis|männlich|598.0
2020|09676|Miltenberg, Landkreis|weiblich|597.0
2020|09677|Main-Spessart, Landkreis|Insgesamt|1113.0
2020|09677|Main-Spessart, Landkreis|männlich|554.0
2020|09677|Main-Spessart, Landkreis|weiblich|559.0
2020|09678|Schweinfurt, Landkreis|Insgesamt|1069.0
2020|09678|Schweinfurt, Landkreis|männlich|518.0
2020|09678|Schweinfurt, Landkreis|weiblich|551.0
2020|09679|Würzburg, Landkreis|Insgesamt|1529.0
2020|09679|Würzburg, Landkreis|männlich|749.0
2020|09679|Würzburg, Landkreis|weiblich|780.0
2020|09761|Augsburg, kreisfreie Stadt|Insgesamt|2968.0
2020|09761|Augsburg, kreisfreie Stadt|männlich|1493.0
2020|09761|Augsburg, kreisfreie Stadt|weiblich|1475.0
2020|09762|Kaufbeuren, kreisfreie Stadt|Insgesamt|425.0
2020|09762|Kaufbeuren, kreisfreie Stadt|männlich|222.0
2020|09762|Kaufbeuren, kreisfreie Stadt|weiblich|203.0
2020|09763|Kempten (Allgäu), kreisfreie Stadt|Insgesamt|719.0
2020|09763|Kempten (Allgäu), kreisfreie Stadt|männlich|372.0
2020|09763|Kempten (Allgäu), kreisfreie Stadt|weiblich|347.0
2020|09764|Memmingen, kreisfreie Stadt|Insgesamt|475.0
2020|09764|Memmingen, kreisfreie Stadt|männlich|250.0
2020|09764|Memmingen, kreisfreie Stadt|weiblich|225.0
2020|09771|Aichach-Friedberg, Landkreis|Insgesamt|1347.0
2020|09771|Aichach-Friedberg, Landkreis|männlich|696.0
2020|09771|Aichach-Friedberg, Landkreis|weiblich|651.0
2020|09772|Augsburg, Landkreis|Insgesamt|2497.0
2020|09772|Augsburg, Landkreis|männlich|1257.0
2020|09772|Augsburg, Landkreis|weiblich|1240.0
2020|09773|Dillingen a.d.Donau, Landkreis|Insgesamt|1022.0
2020|09773|Dillingen a.d.Donau, Landkreis|männlich|523.0
2020|09773|Dillingen a.d.Donau, Landkreis|weiblich|499.0
2020|09774|Günzburg, Landkreis|Insgesamt|1256.0
2020|09774|Günzburg, Landkreis|männlich|614.0
2020|09774|Günzburg, Landkreis|weiblich|642.0
2020|09775|Neu-Ulm, Landkreis|Insgesamt|1778.0
2020|09775|Neu-Ulm, Landkreis|männlich|890.0
2020|09775|Neu-Ulm, Landkreis|weiblich|888.0
2020|09776|Lindau (Bodensee), Landkreis|Insgesamt|728.0
2020|09776|Lindau (Bodensee), Landkreis|männlich|375.0
2020|09776|Lindau (Bodensee), Landkreis|weiblich|353.0
2020|09777|Ostallgäu, Landkreis|Insgesamt|1465.0
2020|09777|Ostallgäu, Landkreis|männlich|760.0
2020|09777|Ostallgäu, Landkreis|weiblich|705.0
2020|09778|Unterallgäu, Landkreis|Insgesamt|1498.0
2020|09778|Unterallgäu, Landkreis|männlich|766.0
2020|09778|Unterallgäu, Landkreis|weiblich|732.0
2020|09779|Donau-Ries, Landkreis|Insgesamt|1355.0
2020|09779|Donau-Ries, Landkreis|männlich|657.0
2020|09779|Donau-Ries, Landkreis|weiblich|698.0
2020|09780|Oberallgäu, Landkreis|Insgesamt|1497.0
2020|09780|Oberallgäu, Landkreis|männlich|786.0
2020|09780|Oberallgäu, Landkreis|weiblich|711.0
2020|10041|Saarbrücken, Regionalverband|Insgesamt|2950.0
2020|10041|Saarbrücken, Regionalverband|männlich|1564.0
2020|10041|Saarbrücken, Regionalverband|weiblich|1386.0
2020|10041100|Saarbrücken, Landeshauptstadt|Insgesamt|1651.0
2020|10041100|Saarbrücken, Landeshauptstadt|männlich|884.0
2020|10041100|Saarbrücken, Landeshauptstadt|weiblich|767.0
2020|10042|Merzig-Wadern, Landkreis|Insgesamt|801.0
2020|10042|Merzig-Wadern, Landkreis|männlich|399.0
2020|10042|Merzig-Wadern, Landkreis|weiblich|402.0
2020|10043|Neunkirchen, Landkreis|Insgesamt|1078.0
2020|10043|Neunkirchen, Landkreis|männlich|545.0
2020|10043|Neunkirchen, Landkreis|weiblich|533.0
2020|10044|Saarlouis, Landkreis|Insgesamt|1599.0
2020|10044|Saarlouis, Landkreis|männlich|795.0
2020|10044|Saarlouis, Landkreis|weiblich|804.0
2020|10045|Saarpfalz-Kreis|Insgesamt|1100.0
2020|10045|Saarpfalz-Kreis|männlich|580.0
2020|10045|Saarpfalz-Kreis|weiblich|520.0
2020|10046|St. Wendel, Landkreis|Insgesamt|627.0
2020|10046|St. Wendel, Landkreis|männlich|327.0
2020|10046|St. Wendel, Landkreis|weiblich|300.0
2020|11000|Berlin, kreisfreie Stadt|Insgesamt|38693.0
2020|11000|Berlin, kreisfreie Stadt|männlich|19900.0
2020|11000|Berlin, kreisfreie Stadt|weiblich|18793.0
2020|11001001|Berlin-Mitte|Insgesamt|
2020|11001001|Berlin-Mitte|männlich|
2020|11001001|Berlin-Mitte|weiblich|
2020|11002002|Berlin-Friedrichshain-Kreuzberg|Insgesamt|
2020|11002002|Berlin-Friedrichshain-Kreuzberg|männlich|
2020|11002002|Berlin-Friedrichshain-Kreuzberg|weiblich|
2020|11003003|Berlin-Pankow|Insgesamt|
2020|11003003|Berlin-Pankow|männlich|
2020|11003003|Berlin-Pankow|weiblich|
2020|11004004|Berlin-Charlottenburg-Wilmersdorf|Insgesamt|
2020|11004004|Berlin-Charlottenburg-Wilmersdorf|männlich|
2020|11004004|Berlin-Charlottenburg-Wilmersdorf|weiblich|
2020|11005005|Berlin-Spandau|Insgesamt|
2020|11005005|Berlin-Spandau|männlich|
2020|11005005|Berlin-Spandau|weiblich|
2020|11006006|Berlin-Steglitz-Zehlendorf|Insgesamt|
2020|11006006|Berlin-Steglitz-Zehlendorf|männlich|
2020|11006006|Berlin-Steglitz-Zehlendorf|weiblich|
2020|11007007|Berlin-Tempelhof-Schöneberg|Insgesamt|
2020|11007007|Berlin-Tempelhof-Schöneberg|männlich|
2020|11007007|Berlin-Tempelhof-Schöneberg|weiblich|
2020|11008008|Berlin-Neukölln|Insgesamt|
2020|11008008|Berlin-Neukölln|männlich|
2020|11008008|Berlin-Neukölln|weiblich|
2020|11009009|Berlin-Treptow-Köpenick|Insgesamt|
2020|11009009|Berlin-Treptow-Köpenick|männlich|
2020|11009009|Berlin-Treptow-Köpenick|weiblich|
2020|11010010|Berlin-Marzahn-Hellersdorf|Insgesamt|
2020|11010010|Berlin-Marzahn-Hellersdorf|männlich|
2020|11010010|Berlin-Marzahn-Hellersdorf|weiblich|
2020|11011011|Berlin-Lichtenberg|Insgesamt|
2020|11011011|Berlin-Lichtenberg|männlich|
2020|11011011|Berlin-Lichtenberg|weiblich|
2020|11012012|Berlin-Reinickendorf|Insgesamt|
2020|11012012|Berlin-Reinickendorf|männlich|
2020|11012012|Berlin-Reinickendorf|weiblich|
2020|12051|Brandenburg an der Havel, kreisfreie Stadt|Insgesamt|571.0
2020|12051|Brandenburg an der Havel, kreisfreie Stadt|männlich|307.0
2020|12051|Brandenburg an der Havel, kreisfreie Stadt|weiblich|264.0
2020|12052|Cottbus, kreisfreie Stadt|Insgesamt|793.0
2020|12052|Cottbus, kreisfreie Stadt|männlich|389.0
2020|12052|Cottbus, kreisfreie Stadt|weiblich|404.0
2020|12053|Frankfurt (Oder), kreisfreie Stadt|Insgesamt|394.0
2020|12053|Frankfurt (Oder), kreisfreie Stadt|männlich|197.0
2020|12053|Frankfurt (Oder), kreisfreie Stadt|weiblich|197.0
2020|12054|Potsdam, kreisfreie Stadt|Insgesamt|1862.0
2020|12054|Potsdam, kreisfreie Stadt|männlich|976.0
2020|12054|Potsdam, kreisfreie Stadt|weiblich|886.0
2020|12060|Barnim, Landkreis|Insgesamt|1425.0
2020|12060|Barnim, Landkreis|männlich|762.0
2020|12060|Barnim, Landkreis|weiblich|663.0
2020|12061|Dahme-Spreewald, Landkreis|Insgesamt|1345.0
2020|12061|Dahme-Spreewald, Landkreis|männlich|698.0
2020|12061|Dahme-Spreewald, Landkreis|weiblich|647.0
2020|12062|Elbe-Elster, Landkreis|Insgesamt|689.0
2020|12062|Elbe-Elster, Landkreis|männlich|347.0
2020|12062|Elbe-Elster, Landkreis|weiblich|342.0
2020|12063|Havelland, Landkreis|Insgesamt|1259.0
2020|12063|Havelland, Landkreis|männlich|647.0
2020|12063|Havelland, Landkreis|weiblich|612.0
2020|12064|Märkisch-Oderland, Landkreis|Insgesamt|1355.0
2020|12064|Märkisch-Oderland, Landkreis|männlich|704.0
2020|12064|Märkisch-Oderland, Landkreis|weiblich|651.0
2020|12065|Oberhavel, Landkreis|Insgesamt|1600.0
2020|12065|Oberhavel, Landkreis|männlich|817.0
2020|12065|Oberhavel, Landkreis|weiblich|783.0
2020|12066|Oberspreewald-Lausitz, Landkreis|Insgesamt|763.0
2020|12066|Oberspreewald-Lausitz, Landkreis|männlich|375.0
2020|12066|Oberspreewald-Lausitz, Landkreis|weiblich|388.0
2020|12067|Oder-Spree, Landkreis|Insgesamt|1396.0
2020|12067|Oder-Spree, Landkreis|männlich|727.0
2020|12067|Oder-Spree, Landkreis|weiblich|669.0
2020|12068|Ostprignitz-Ruppin, Landkreis|Insgesamt|639.0
2020|12068|Ostprignitz-Ruppin, Landkreis|männlich|330.0
2020|12068|Ostprignitz-Ruppin, Landkreis|weiblich|309.0
2020|12069|Potsdam-Mittelmark, Landkreis|Insgesamt|1528.0
2020|12069|Potsdam-Mittelmark, Landkreis|männlich|777.0
2020|12069|Potsdam-Mittelmark, Landkreis|weiblich|751.0
2020|12070|Prignitz, Landkreis|Insgesamt|481.0
2020|12070|Prignitz, Landkreis|männlich|239.0
2020|12070|Prignitz, Landkreis|weiblich|242.0
2020|12071|Spree-Neiße, Landkreis|Insgesamt|720.0
2020|12071|Spree-Neiße, Landkreis|männlich|383.0
2020|12071|Spree-Neiße, Landkreis|weiblich|337.0
2020|12072|Teltow-Fläming, Landkreis|Insgesamt|1429.0
2020|12072|Teltow-Fläming, Landkreis|männlich|770.0
2020|12072|Teltow-Fläming, Landkreis|weiblich|659.0
2020|12073|Uckermark, Landkreis|Insgesamt|749.0
2020|12073|Uckermark, Landkreis|männlich|366.0
2020|12073|Uckermark, Landkreis|weiblich|383.0
2020|13003|Rostock, kreisfreie Stadt|Insgesamt|1849.0
2020|13003|Rostock, kreisfreie Stadt|männlich|943.0
2020|13003|Rostock, kreisfreie Stadt|weiblich|906.0
2020|13004|Schwerin, kreisfreie Stadt|Insgesamt|835.0
2020|13004|Schwerin, kreisfreie Stadt|männlich|419.0
2020|13004|Schwerin, kreisfreie Stadt|weiblich|416.0
2020|13071|Mecklenburgische Seenplatte, Landkreis|Insgesamt|1848.0
2020|13071|Mecklenburgische Seenplatte, Landkreis|männlich|985.0
2020|13071|Mecklenburgische Seenplatte, Landkreis|weiblich|863.0
2020|13072|Landkreis Rostock|Insgesamt|1614.0
2020|13072|Landkreis Rostock|männlich|818.0
2020|13072|Landkreis Rostock|weiblich|796.0
2020|13073|Vorpommern-Rügen, Landkreis|Insgesamt|1508.0
2020|13073|Vorpommern-Rügen, Landkreis|männlich|767.0
2020|13073|Vorpommern-Rügen, Landkreis|weiblich|741.0
2020|13074|Nordwestmecklenburg, Landkreis|Insgesamt|1190.0
2020|13074|Nordwestmecklenburg, Landkreis|männlich|611.0
2020|13074|Nordwestmecklenburg, Landkreis|weiblich|579.0
2020|13075|Vorpommern-Greifswald, Landkreis|Insgesamt|1601.0
2020|13075|Vorpommern-Greifswald, Landkreis|männlich|865.0
2020|13075|Vorpommern-Greifswald, Landkreis|weiblich|736.0
2020|13076|Ludwigslust-Parchim, Landkreis|Insgesamt|1616.0
2020|13076|Ludwigslust-Parchim, Landkreis|männlich|848.0
2020|13076|Ludwigslust-Parchim, Landkreis|weiblich|768.0
2020|14511|Chemnitz, kreisfreie Stadt|Insgesamt|2185.0
2020|14511|Chemnitz, kreisfreie Stadt|männlich|1135.0
2020|14511|Chemnitz, kreisfreie Stadt|weiblich|1050.0
2020|14521|Erzgebirgskreis|Insgesamt|2314.0
2020|14521|Erzgebirgskreis|männlich|1203.0
2020|14521|Erzgebirgskreis|weiblich|1111.0
2020|14522|Mittelsachsen, Landkreis|Insgesamt|2187.0
2020|14522|Mittelsachsen, Landkreis|männlich|1113.0
2020|14522|Mittelsachsen, Landkreis|weiblich|1074.0
2020|14523|Vogtlandkreis|Insgesamt|1493.0
2020|14523|Vogtlandkreis|männlich|745.0
2020|14523|Vogtlandkreis|weiblich|748.0
2020|14524|Zwickau, Landkreis|Insgesamt|2182.0
2020|14524|Zwickau, Landkreis|männlich|1100.0
2020|14524|Zwickau, Landkreis|weiblich|1082.0
2020|14612|Dresden, kreisfreie Stadt|Insgesamt|5697.0
2020|14612|Dresden, kreisfreie Stadt|männlich|2943.0
2020|14612|Dresden, kreisfreie Stadt|weiblich|2754.0
2020|14625|Bautzen, Landkreis|Insgesamt|2150.0
2020|14625|Bautzen, Landkreis|männlich|1111.0
2020|14625|Bautzen, Landkreis|weiblich|1039.0
2020|14626|Görlitz, Landkreis|Insgesamt|1684.0
2020|14626|Görlitz, Landkreis|männlich|882.0
2020|14626|Görlitz, Landkreis|weiblich|802.0
2020|14627|Meißen, Landkreis|Insgesamt|1688.0
2020|14627|Meißen, Landkreis|männlich|838.0
2020|14627|Meißen, Landkreis|weiblich|850.0
2020|14628|Sächsische Schweiz-Osterzgebirge, Landkreis|Insgesamt|1802.0
2020|14628|Sächsische Schweiz-Osterzgebirge, Landkreis|männlich|934.0
2020|14628|Sächsische Schweiz-Osterzgebirge, Landkreis|weiblich|868.0
2020|14713|Leipzig, kreisfreie Stadt|Insgesamt|6476.0
2020|14713|Leipzig, kreisfreie Stadt|männlich|3350.0
2020|14713|Leipzig, kreisfreie Stadt|weiblich|3126.0
2020|14729|Leipzig, Landkreis|Insgesamt|2003.0
2020|14729|Leipzig, Landkreis|männlich|999.0
2020|14729|Leipzig, Landkreis|weiblich|1004.0
2020|14730|Nordsachsen, Landkreis|Insgesamt|1522.0
2020|14730|Nordsachsen, Landkreis|männlich|776.0
2020|14730|Nordsachsen, Landkreis|weiblich|746.0
2020|15001|Dessau-Roßlau, kreisfreie Stadt|Insgesamt|514.0
2020|15001|Dessau-Roßlau, kreisfreie Stadt|männlich|269.0
2020|15001|Dessau-Roßlau, kreisfreie Stadt|weiblich|245.0
2020|15002|Halle (Saale), kreisfreie Stadt|Insgesamt|2188.0
2020|15002|Halle (Saale), kreisfreie Stadt|männlich|1154.0
2020|15002|Halle (Saale), kreisfreie Stadt|weiblich|1034.0
2020|15003|Magdeburg, kreisfreie Stadt, Landeshauptstadt|Insgesamt|2132.0
2020|15003|Magdeburg, kreisfreie Stadt, Landeshauptstadt|männlich|1096.0
2020|15003|Magdeburg, kreisfreie Stadt, Landeshauptstadt|weiblich|1036.0
2020|15081|Altmarkkreis Salzwedel|Insgesamt|564.0
2020|15081|Altmarkkreis Salzwedel|männlich|291.0
2020|15081|Altmarkkreis Salzwedel|weiblich|273.0
2020|15082|Anhalt-Bitterfeld, Landkreis|Insgesamt|1043.0
2020|15082|Anhalt-Bitterfeld, Landkreis|männlich|538.0
2020|15082|Anhalt-Bitterfeld, Landkreis|weiblich|505.0
2020|15083|Börde, Landkreis|Insgesamt|1258.0
2020|15083|Börde, Landkreis|männlich|634.0
2020|15083|Börde, Landkreis|weiblich|624.0
2020|15084|Burgenlandkreis|Insgesamt|1216.0
2020|15084|Burgenlandkreis|männlich|597.0
2020|15084|Burgenlandkreis|weiblich|619.0
2020|15085|Harz, Landkreis|Insgesamt|1432.0
2020|15085|Harz, Landkreis|männlich|728.0
2020|15085|Harz, Landkreis|weiblich|704.0
2020|15086|Jerichower Land, Landkreis|Insgesamt|643.0
2020|15086|Jerichower Land, Landkreis|männlich|326.0
2020|15086|Jerichower Land, Landkreis|weiblich|317.0
2020|15087|Mansfeld-Südharz, Landkreis|Insgesamt|830.0
2020|15087|Mansfeld-Südharz, Landkreis|männlich|430.0
2020|15087|Mansfeld-Südharz, Landkreis|weiblich|400.0
2020|15088|Saalekreis|Insgesamt|1336.0
2020|15088|Saalekreis|männlich|696.0
2020|15088|Saalekreis|weiblich|640.0
2020|15089|Salzlandkreis|Insgesamt|1292.0
2020|15089|Salzlandkreis|männlich|684.0
2020|15089|Salzlandkreis|weiblich|608.0
2020|15090|Stendal, Landkreis|Insgesamt|810.0
2020|15090|Stendal, Landkreis|männlich|400.0
2020|15090|Stendal, Landkreis|weiblich|410.0
2020|15091|Wittenberg, Landkreis|Insgesamt|855.0
2020|15091|Wittenberg, Landkreis|männlich|437.0
2020|15091|Wittenberg, Landkreis|weiblich|418.0
2020|16051|Erfurt, kreisfreie Stadt|Insgesamt|1991.0
2020|16051|Erfurt, kreisfreie Stadt|männlich|1015.0
2020|16051|Erfurt, kreisfreie Stadt|weiblich|976.0
2020|16052|Gera, kreisfreie Stadt|Insgesamt|714.0
2020|16052|Gera, kreisfreie Stadt|männlich|370.0
2020|16052|Gera, kreisfreie Stadt|weiblich|344.0
2020|16053|Jena, kreisfreie Stadt|Insgesamt|1052.0
2020|16053|Jena, kreisfreie Stadt|männlich|571.0
2020|16053|Jena, kreisfreie Stadt|weiblich|481.0
2020|16054|Suhl, kreisfreie Stadt|Insgesamt|236.0
2020|16054|Suhl, kreisfreie Stadt|männlich|123.0
2020|16054|Suhl, kreisfreie Stadt|weiblich|113.0
2020|16055|Weimar, kreisfreie Stadt|Insgesamt|565.0
2020|16055|Weimar, kreisfreie Stadt|männlich|292.0
2020|16055|Weimar, kreisfreie Stadt|weiblich|273.0
2020|16056|Eisenach, kreisfreie Stadt|Insgesamt|362.0
2020|16056|Eisenach, kreisfreie Stadt|männlich|196.0
2020|16056|Eisenach, kreisfreie Stadt|weiblich|166.0
2020|16061|Eichsfeld, Landkreis|Insgesamt|871.0
2020|16061|Eichsfeld, Landkreis|männlich|463.0
2020|16061|Eichsfeld, Landkreis|weiblich|408.0
2020|16062|Nordhausen, Landkreis|Insgesamt|560.0
2020|16062|Nordhausen, Landkreis|männlich|294.0
2020|16062|Nordhausen, Landkreis|weiblich|266.0
2020|16063|Wartburgkreis|Insgesamt|823.0
2020|16063|Wartburgkreis|männlich|428.0
2020|16063|Wartburgkreis|weiblich|395.0
2020|16064|Unstrut-Hainich-Kreis|Insgesamt|824.0
2020|16064|Unstrut-Hainich-Kreis|männlich|399.0
2020|16064|Unstrut-Hainich-Kreis|weiblich|425.0
2020|16065|Kyffhäuserkreis|Insgesamt|518.0
2020|16065|Kyffhäuserkreis|männlich|252.0
2020|16065|Kyffhäuserkreis|weiblich|266.0
2020|16066|Schmalkalden-Meiningen, Landkreis|Insgesamt|867.0
2020|16066|Schmalkalden-Meiningen, Landkreis|männlich|444.0
2020|16066|Schmalkalden-Meiningen, Landkreis|weiblich|423.0
2020|16067|Gotha, Landkreis|Insgesamt|970.0
2020|16067|Gotha, Landkreis|männlich|494.0
2020|16067|Gotha, Landkreis|weiblich|476.0
2020|16068|Sömmerda, Landkreis|Insgesamt|473.0
2020|16068|Sömmerda, Landkreis|männlich|254.0
2020|16068|Sömmerda, Landkreis|weiblich|219.0
2020|16069|Hildburghausen, Landkreis|Insgesamt|454.0
2020|16069|Hildburghausen, Landkreis|männlich|228.0
2020|16069|Hildburghausen, Landkreis|weiblich|226.0
2020|16070|Ilm-Kreis|Insgesamt|735.0
2020|16070|Ilm-Kreis|männlich|379.0
2020|16070|Ilm-Kreis|weiblich|356.0
2020|16071|Weimarer Land, Landkreis|Insgesamt|617.0
2020|16071|Weimarer Land, Landkreis|männlich|306.0
2020|16071|Weimarer Land, Landkreis|weiblich|311.0
2020|16072|Sonneberg, Landkreis|Insgesamt|395.0
2020|16072|Sonneberg, Landkreis|männlich|215.0
2020|16072|Sonneberg, Landkreis|weiblich|180.0
2020|16073|Saalfeld-Rudolstadt, Landkreis|Insgesamt|691.0
2020|16073|Saalfeld-Rudolstadt, Landkreis|männlich|340.0
2020|16073|Saalfeld-Rudolstadt, Landkreis|weiblich|351.0
2020|16074|Saale-Holzland-Kreis|Insgesamt|562.0
2020|16074|Saale-Holzland-Kreis|männlich|275.0
2020|16074|Saale-Holzland-Kreis|weiblich|287.0
2020|16075|Saale-Orla-Kreis|Insgesamt|580.0
2020|16075|Saale-Orla-Kreis|männlich|300.0
2020|16075|Saale-Orla-Kreis|weiblich|280.0
2020|16076|Greiz, Landkreis|Insgesamt|615.0
2020|16076|Greiz, Landkreis|männlich|317.0
2020|16076|Greiz, Landkreis|weiblich|298.0
2020|16077|Altenburger Land, Landkreis|Insgesamt|516.0
2020|16077|Altenburger Land, Landkreis|männlich|272.0
2020|16077|Altenburger Land, Landkreis|weiblich|244.0
2020|010|Schleswig-Holstein|Insgesamt|24385.0
2020|010|Schleswig-Holstein|männlich|12411.0
2020|010|Schleswig-Holstein|weiblich|11974.0
2020|020|Hamburg|Insgesamt|20431.0
2020|020|Hamburg|männlich|10556.0
2020|020|Hamburg|weiblich|9875.0
2020|031|Braunschweig, Statistische Region|Insgesamt|14428.0
2020|031|Braunschweig, Statistische Region|männlich|7437.0
2020|031|Braunschweig, Statistische Region|weiblich|6991.0
2020|032|Hannover, Statistische Region|Insgesamt|20011.0
2020|032|Hannover, Statistische Region|männlich|10314.0
2020|032|Hannover, Statistische Region|weiblich|9697.0
2020|033|Lüneburg, Statistische Region|Insgesamt|15197.0
2020|033|Lüneburg, Statistische Region|männlich|7761.0
2020|033|Lüneburg, Statistische Region|weiblich|7436.0
2020|034|Weser-Ems, Statistische Region|Insgesamt|24483.0
2020|034|Weser-Ems, Statistische Region|männlich|12563.0
2020|034|Weser-Ems, Statistische Region|weiblich|11920.0
2020|040|Bremen|Insgesamt|6968.0
2020|040|Bremen|männlich|3540.0
2020|040|Bremen|weiblich|3428.0
2020|051|Düsseldorf, Regierungsbezirk|Insgesamt|49004.0
2020|051|Düsseldorf, Regierungsbezirk|männlich|25138.0
2020|051|Düsseldorf, Regierungsbezirk|weiblich|23866.0
2020|053|Köln, Regierungsbezirk|Insgesamt|42570.0
2020|053|Köln, Regierungsbezirk|männlich|21886.0
2020|053|Köln, Regierungsbezirk|weiblich|20684.0
2020|055|Münster, Regierungsbezirk|Insgesamt|25337.0
2020|055|Münster, Regierungsbezirk|männlich|12997.0
2020|055|Münster, Regierungsbezirk|weiblich|12340.0
2020|057|Detmold, Regierungsbezirk|Insgesamt|20006.0
2020|057|Detmold, Regierungsbezirk|männlich|10313.0
2020|057|Detmold, Regierungsbezirk|weiblich|9693.0
2020|059|Arnsberg, Regierungsbezirk|Insgesamt|33121.0
2020|059|Arnsberg, Regierungsbezirk|männlich|17206.0
2020|059|Arnsberg, Regierungsbezirk|weiblich|15915.0
2020|064|Darmstadt, Regierungsbezirk|Insgesamt|39221.0
2020|064|Darmstadt, Regierungsbezirk|männlich|20144.0
2020|064|Darmstadt, Regierungsbezirk|weiblich|19077.0
2020|065|Gießen, Regierungsbezirk|Insgesamt|9361.0
2020|065|Gießen, Regierungsbezirk|männlich|4744.0
2020|065|Gießen, Regierungsbezirk|weiblich|4617.0
2020|066|Kassel, Regierungsbezirk|Insgesamt|10807.0
2020|066|Kassel, Regierungsbezirk|männlich|5632.0
2020|066|Kassel, Regierungsbezirk|weiblich|5175.0
2020|071|Koblenz, Statistische Region|Insgesamt|13538.0
2020|071|Koblenz, Statistische Region|männlich|6893.0
2020|071|Koblenz, Statistische Region|weiblich|6645.0
2020|072|Trier, Statistische Region|Insgesamt|4668.0
2020|072|Trier, Statistische Region|männlich|2391.0
2020|072|Trier, Statistische Region|weiblich|2277.0
2020|073|Rheinhessen-Pfalz, Statistische Region|Insgesamt|19426.0
2020|073|Rheinhessen-Pfalz, Statistische Region|männlich|9959.0
2020|073|Rheinhessen-Pfalz, Statistische Region|weiblich|9467.0
2020|081|Stuttgart, Regierungsbezirk|Insgesamt|41477.0
2020|081|Stuttgart, Regierungsbezirk|männlich|21577.0
2020|081|Stuttgart, Regierungsbezirk|weiblich|19900.0
2020|082|Karlsruhe, Regierungsbezirk|Insgesamt|26175.0
2020|082|Karlsruhe, Regierungsbezirk|männlich|13422.0
2020|082|Karlsruhe, Regierungsbezirk|weiblich|12753.0
2020|083|Freiburg, Regierungsbezirk|Insgesamt|21926.0
2020|083|Freiburg, Regierungsbezirk|männlich|11260.0
2020|083|Freiburg, Regierungsbezirk|weiblich|10666.0
2020|084|Tübingen, Regierungsbezirk|Insgesamt|18446.0
2020|084|Tübingen, Regierungsbezirk|männlich|9496.0
2020|084|Tübingen, Regierungsbezirk|weiblich|8950.0
2020|091|Oberbayern, Regierungsbezirk|Insgesamt|48562.0
2020|091|Oberbayern, Regierungsbezirk|männlich|24989.0
2020|091|Oberbayern, Regierungsbezirk|weiblich|23573.0
2020|092|Niederbayern, Regierungsbezirk|Insgesamt|11557.0
2020|092|Niederbayern, Regierungsbezirk|männlich|5869.0
2020|092|Niederbayern, Regierungsbezirk|weiblich|5688.0
2020|093|Oberpfalz, Regierungsbezirk|Insgesamt|10759.0
2020|093|Oberpfalz, Regierungsbezirk|männlich|5512.0
2020|093|Oberpfalz, Regierungsbezirk|weiblich|5247.0
2020|094|Oberfranken, Regierungsbezirk|Insgesamt|9061.0
2020|094|Oberfranken, Regierungsbezirk|männlich|4646.0
2020|094|Oberfranken, Regierungsbezirk|weiblich|4415.0
2020|095|Mittelfranken, Regierungsbezirk|Insgesamt|17576.0
2020|095|Mittelfranken, Regierungsbezirk|männlich|9050.0
2020|095|Mittelfranken, Regierungsbezirk|weiblich|8526.0
2020|096|Unterfranken, Regierungsbezirk|Insgesamt|12219.0
2020|096|Unterfranken, Regierungsbezirk|männlich|6205.0
2020|096|Unterfranken, Regierungsbezirk|weiblich|6014.0
2020|097|Schwaben, Regierungsbezirk|Insgesamt|19030.0
2020|097|Schwaben, Regierungsbezirk|männlich|9661.0
2020|097|Schwaben, Regierungsbezirk|weiblich|9369.0
2020|100|Saarland, Regierungsbezirk|Insgesamt|8155.0
2020|100|Saarland, Regierungsbezirk|männlich|4210.0
2020|100|Saarland, Regierungsbezirk|weiblich|3945.0
2020|110|Berlin|Insgesamt|38693.0
2020|110|Berlin|männlich|19900.0
2020|110|Berlin|weiblich|18793.0
2020|120|Brandenburg|Insgesamt|18998.0
2020|120|Brandenburg|männlich|9811.0
2020|120|Brandenburg|weiblich|9187.0
2020|130|Mecklenburg-Vorpommern, Statistische Region|Insgesamt|12061.0
2020|130|Mecklenburg-Vorpommern, Statistische Region|männlich|6256.0
2020|130|Mecklenburg-Vorpommern, Statistische Region|weiblich|5805.0
2020|145|Chemnitz, Statistische Region|Insgesamt|10361.0
2020|145|Chemnitz, Statistische Region|männlich|5296.0
2020|145|Chemnitz, Statistische Region|weiblich|5065.0
2020|146|Dresden, Statistische Region|Insgesamt|13021.0
2020|146|Dresden, Statistische Region|männlich|6708.0
2020|146|Dresden, Statistische Region|weiblich|6313.0
2020|147|Leipzig, Statistische Region|Insgesamt|10001.0
2020|147|Leipzig, Statistische Region|männlich|5125.0
2020|147|Leipzig, Statistische Region|weiblich|4876.0
2020|150|Sachsen-Anhalt|Insgesamt|16113.0
2020|150|Sachsen-Anhalt|männlich|8280.0
2020|150|Sachsen-Anhalt|weiblich|7833.0
2020|160|Thüringen|Insgesamt|15991.0
2020|160|Thüringen|männlich|8227.0
2020|160|Thüringen|weiblich|7764.0
2021|DG|Deutschland|Insgesamt|795492.0
2021|DG|Deutschland|männlich|408474.0
2021|DG|Deutschland|weiblich|387018.0
2021|01|Schleswig-Holstein|Insgesamt|25298.0
2021|01|Schleswig-Holstein|männlich|13051.0
2021|01|Schleswig-Holstein|weiblich|12247.0
2021|02|Hamburg|Insgesamt|21018.0
2021|02|Hamburg|männlich|10760.0
2021|02|Hamburg|weiblich|10258.0
2021|03|Niedersachsen|Insgesamt|76441.0
2021|03|Niedersachsen|männlich|39348.0
2021|03|Niedersachsen|weiblich|37093.0
2021|04|Bremen|Insgesamt|6971.0
2021|04|Bremen|männlich|3589.0
2021|04|Bremen|weiblich|3382.0
2021|05|Nordrhein-Westfalen|Insgesamt|175386.0
2021|05|Nordrhein-Westfalen|männlich|90228.0
2021|05|Nordrhein-Westfalen|weiblich|85158.0
2021|06|Hessen|Insgesamt|61546.0
2021|06|Hessen|männlich|31854.0
2021|06|Hessen|weiblich|29692.0
2021|07|Rheinland-Pfalz|Insgesamt|38647.0
2021|07|Rheinland-Pfalz|männlich|19796.0
2021|07|Rheinland-Pfalz|weiblich|18851.0
2021|08|Baden-Württemberg|Insgesamt|113534.0
2021|08|Baden-Württemberg|männlich|57765.0
2021|08|Baden-Württemberg|weiblich|55769.0
2021|09|Bayern|Insgesamt|134321.0
2021|09|Bayern|männlich|68881.0
2021|09|Bayern|weiblich|65440.0
2021|10|Saarland|Insgesamt|8339.0
2021|10|Saarland|männlich|4227.0
2021|10|Saarland|weiblich|4112.0
2021|11|Berlin|Insgesamt|39168.0
2021|11|Berlin|männlich|20176.0
2021|11|Berlin|weiblich|18992.0
2021|12|Brandenburg|Insgesamt|19029.0
2021|12|Brandenburg|männlich|9759.0
2021|12|Brandenburg|weiblich|9270.0
2021|13|Mecklenburg-Vorpommern|Insgesamt|11845.0
2021|13|Mecklenburg-Vorpommern|männlich|6036.0
2021|13|Mecklenburg-Vorpommern|weiblich|5809.0
2021|14|Sachsen|Insgesamt|32548.0
2021|14|Sachsen|männlich|16760.0
2021|14|Sachsen|weiblich|15788.0
2021|15|Sachsen-Anhalt|Insgesamt|16024.0
2021|15|Sachsen-Anhalt|männlich|8306.0
2021|15|Sachsen-Anhalt|weiblich|7718.0
2021|16|Thüringen|Insgesamt|15377.0
2021|16|Thüringen|männlich|7938.0
2021|16|Thüringen|weiblich|7439.0
2021|01001|Flensburg, kreisfreie Stadt|Insgesamt|895.0
2021|01001|Flensburg, kreisfreie Stadt|männlich|473.0
2021|01001|Flensburg, kreisfreie Stadt|weiblich|422.0
2021|01002|Kiel, kreisfreie Stadt|Insgesamt|2435.0
2021|01002|Kiel, kreisfreie Stadt|männlich|1249.0
2021|01002|Kiel, kreisfreie Stadt|weiblich|1186.0
2021|01003|Lübeck, kreisfreie Stadt, Hansestadt|Insgesamt|1814.0
2021|01003|Lübeck, kreisfreie Stadt, Hansestadt|männlich|926.0
2021|01003|Lübeck, kreisfreie Stadt, Hansestadt|weiblich|888.0
2021|01004|Neumünster, kreisfreie Stadt|Insgesamt|749.0
2021|01004|Neumünster, kreisfreie Stadt|männlich|391.0
2021|01004|Neumünster, kreisfreie Stadt|weiblich|358.0
2021|01051|Dithmarschen, Kreis|Insgesamt|1040.0
2021|01051|Dithmarschen, Kreis|männlich|516.0
2021|01051|Dithmarschen, Kreis|weiblich|524.0
2021|01053|Herzogtum Lauenburg, Kreis|Insgesamt|1791.0
2021|01053|Herzogtum Lauenburg, Kreis|männlich|936.0
2021|01053|Herzogtum Lauenburg, Kreis|weiblich|855.0
2021|01054|Nordfriesland, Kreis|Insgesamt|1441.0
2021|01054|Nordfriesland, Kreis|männlich|766.0
2021|01054|Nordfriesland, Kreis|weiblich|675.0
2021|01055|Ostholstein, Kreis|Insgesamt|1410.0
2021|01055|Ostholstein, Kreis|männlich|714.0
2021|01055|Ostholstein, Kreis|weiblich|696.0
2021|01056|Pinneberg, Kreis|Insgesamt|2828.0
2021|01056|Pinneberg, Kreis|männlich|1481.0
2021|01056|Pinneberg, Kreis|weiblich|1347.0
2021|01057|Plön, Kreis|Insgesamt|1000.0
2021|01057|Plön, Kreis|männlich|524.0
2021|01057|Plön, Kreis|weiblich|476.0
2021|01058|Rendsburg-Eckernförde, Kreis|Insgesamt|2345.0
2021|01058|Rendsburg-Eckernförde, Kreis|männlich|1213.0
2021|01058|Rendsburg-Eckernförde, Kreis|weiblich|1132.0
2021|01059|Schleswig-Flensburg, Kreis|Insgesamt|1839.0
2021|01059|Schleswig-Flensburg, Kreis|männlich|934.0
2021|01059|Schleswig-Flensburg, Kreis|weiblich|905.0
2021|01060|Segeberg, Kreis|Insgesamt|2532.0
2021|01060|Segeberg, Kreis|männlich|1295.0
2021|01060|Segeberg, Kreis|weiblich|1237.0
2021|01061|Steinburg, Kreis|Insgesamt|1076.0
2021|01061|Steinburg, Kreis|männlich|559.0
2021|01061|Steinburg, Kreis|weiblich|517.0
2021|01062|Stormarn, Kreis|Insgesamt|2103.0
2021|01062|Stormarn, Kreis|männlich|1074.0
2021|01062|Stormarn, Kreis|weiblich|1029.0
2021|02000|Hamburg, kreisfreie Stadt, Freie und Hansestadt|Insgesamt|21018.0
2021|02000|Hamburg, kreisfreie Stadt, Freie und Hansestadt|männlich|10760.0
2021|02000|Hamburg, kreisfreie Stadt, Freie und Hansestadt|weiblich|10258.0
2021|03101|Braunschweig, kreisfreie Stadt|Insgesamt|2472.0
2021|03101|Braunschweig, kreisfreie Stadt|männlich|1262.0
2021|03101|Braunschweig, kreisfreie Stadt|weiblich|1210.0
2021|03102|Salzgitter, kreisfreie Stadt|Insgesamt|1125.0
2021|03102|Salzgitter, kreisfreie Stadt|männlich|582.0
2021|03102|Salzgitter, kreisfreie Stadt|weiblich|543.0
2021|03103|Wolfsburg, kreisfreie Stadt|Insgesamt|1293.0
2021|03103|Wolfsburg, kreisfreie Stadt|männlich|667.0
2021|03103|Wolfsburg, kreisfreie Stadt|weiblich|626.0
2021|03151|Gifhorn, Landkreis|Insgesamt|1823.0
2021|03151|Gifhorn, Landkreis|männlich|945.0
2021|03151|Gifhorn, Landkreis|weiblich|878.0
2021|03153|Goslar, Landkreis|Insgesamt|941.0
2021|03153|Goslar, Landkreis|männlich|460.0
2021|03153|Goslar, Landkreis|weiblich|481.0
2021|03154|Helmstedt, Landkreis|Insgesamt|834.0
2021|03154|Helmstedt, Landkreis|männlich|441.0
2021|03154|Helmstedt, Landkreis|weiblich|393.0
2021|03155|Northeim, Landkreis|Insgesamt|1127.0
2021|03155|Northeim, Landkreis|männlich|569.0
2021|03155|Northeim, Landkreis|weiblich|558.0
2021|03157|Peine, Landkreis|Insgesamt|1414.0
2021|03157|Peine, Landkreis|männlich|759.0
2021|03157|Peine, Landkreis|weiblich|655.0
2021|03158|Wolfenbüttel, Landkreis|Insgesamt|1036.0
2021|03158|Wolfenbüttel, Landkreis|männlich|534.0
2021|03158|Wolfenbüttel, Landkreis|weiblich|502.0
2021|03159|Göttingen, Landkreis|Insgesamt|2741.0
2021|03159|Göttingen, Landkreis|männlich|1414.0
2021|03159|Göttingen, Landkreis|weiblich|1327.0
2021|03241|Region Hannover, Landkreis|Insgesamt|11526.0
2021|03241|Region Hannover, Landkreis|männlich|5978.0
2021|03241|Region Hannover, Landkreis|weiblich|5548.0
2021|03241001|Hannover, Landeshauptstadt|Insgesamt|5761.0
2021|03241001|Hannover, Landeshauptstadt|männlich|3005.0
2021|03241001|Hannover, Landeshauptstadt|weiblich|2756.0
2021|03251|Diepholz, Landkreis|Insgesamt|2067.0
2021|03251|Diepholz, Landkreis|männlich|1095.0
2021|03251|Diepholz, Landkreis|weiblich|972.0
2021|03252|Hameln-Pyrmont, Landkreis|Insgesamt|1358.0
2021|03252|Hameln-Pyrmont, Landkreis|männlich|693.0
2021|03252|Hameln-Pyrmont, Landkreis|weiblich|665.0
2021|03254|Hildesheim, Landkreis|Insgesamt|2453.0
2021|03254|Hildesheim, Landkreis|männlich|1236.0
2021|03254|Hildesheim, Landkreis|weiblich|1217.0
2021|03255|Holzminden, Landkreis|Insgesamt|560.0
2021|03255|Holzminden, Landkreis|männlich|274.0
2021|03255|Holzminden, Landkreis|weiblich|286.0
2021|03256|Nienburg (Weser), Landkreis|Insgesamt|1076.0
2021|03256|Nienburg (Weser), Landkreis|männlich|543.0
2021|03256|Nienburg (Weser), Landkreis|weiblich|533.0
2021|03257|Schaumburg, Landkreis|Insgesamt|1328.0
2021|03257|Schaumburg, Landkreis|männlich|686.0
2021|03257|Schaumburg, Landkreis|weiblich|642.0
2021|03351|Celle, Landkreis|Insgesamt|1658.0
2021|03351|Celle, Landkreis|männlich|862.0
2021|03351|Celle, Landkreis|weiblich|796.0
2021|03352|Cuxhaven, Landkreis|Insgesamt|1736.0
2021|03352|Cuxhaven, Landkreis|männlich|910.0
2021|03352|Cuxhaven, Landkreis|weiblich|826.0
2021|03353|Harburg, Landkreis|Insgesamt|2499.0
2021|03353|Harburg, Landkreis|männlich|1299.0
2021|03353|Harburg, Landkreis|weiblich|1200.0
2021|03354|Lüchow-Dannenberg, Landkreis|Insgesamt|338.0
2021|03354|Lüchow-Dannenberg, Landkreis|männlich|172.0
2021|03354|Lüchow-Dannenberg, Landkreis|weiblich|166.0
2021|03355|Lüneburg, Landkreis|Insgesamt|1640.0
2021|03355|Lüneburg, Landkreis|männlich|848.0
2021|03355|Lüneburg, Landkreis|weiblich|792.0
2021|03356|Osterholz, Landkreis|Insgesamt|1058.0
2021|03356|Osterholz, Landkreis|männlich|545.0
2021|03356|Osterholz, Landkreis|weiblich|513.0
2021|03357|Rotenburg (Wümme), Landkreis|Insgesamt|1480.0
2021|03357|Rotenburg (Wümme), Landkreis|männlich|765.0
2021|03357|Rotenburg (Wümme), Landkreis|weiblich|715.0
2021|03358|Heidekreis|Insgesamt|1268.0
2021|03358|Heidekreis|männlich|635.0
2021|03358|Heidekreis|weiblich|633.0
2021|03359|Stade, Landkreis|Insgesamt|2006.0
2021|03359|Stade, Landkreis|männlich|1033.0
2021|03359|Stade, Landkreis|weiblich|973.0
2021|03360|Uelzen, Landkreis|Insgesamt|765.0
2021|03360|Uelzen, Landkreis|männlich|364.0
2021|03360|Uelzen, Landkreis|weiblich|401.0
2021|03361|Verden, Landkreis|Insgesamt|1319.0
2021|03361|Verden, Landkreis|männlich|693.0
2021|03361|Verden, Landkreis|weiblich|626.0
2021|03401|Delmenhorst, kreisfreie Stadt|Insgesamt|856.0
2021|03401|Delmenhorst, kreisfreie Stadt|männlich|450.0
2021|03401|Delmenhorst, kreisfreie Stadt|weiblich|406.0
2021|03402|Emden, kreisfreie Stadt|Insgesamt|417.0
2021|03402|Emden, kreisfreie Stadt|männlich|220.0
2021|03402|Emden, kreisfreie Stadt|weiblich|197.0
2021|03403|Oldenburg (Oldenburg), kreisfreie Stadt|Insgesamt|1647.0
2021|03403|Oldenburg (Oldenburg), kreisfreie Stadt|männlich|842.0
2021|03403|Oldenburg (Oldenburg), kreisfreie Stadt|weiblich|805.0
2021|03404|Osnabrück, kreisfreie Stadt|Insgesamt|1746.0
2021|03404|Osnabrück, kreisfreie Stadt|männlich|856.0
2021|03404|Osnabrück, kreisfreie Stadt|weiblich|890.0
2021|03405|Wilhelmshaven, kreisfreie Stadt|Insgesamt|669.0
2021|03405|Wilhelmshaven, kreisfreie Stadt|männlich|363.0
2021|03405|Wilhelmshaven, kreisfreie Stadt|weiblich|306.0
2021|03451|Ammerland, Landkreis|Insgesamt|1158.0
2021|03451|Ammerland, Landkreis|männlich|607.0
2021|03451|Ammerland, Landkreis|weiblich|551.0
2021|03452|Aurich, Landkreis|Insgesamt|1635.0
2021|03452|Aurich, Landkreis|männlich|837.0
2021|03452|Aurich, Landkreis|weiblich|798.0
2021|03453|Cloppenburg, Landkreis|Insgesamt|2154.0
2021|03453|Cloppenburg, Landkreis|männlich|1087.0
2021|03453|Cloppenburg, Landkreis|weiblich|1067.0
2021|03454|Emsland, Landkreis|Insgesamt|3333.0
2021|03454|Emsland, Landkreis|männlich|1690.0
2021|03454|Emsland, Landkreis|weiblich|1643.0
2021|03455|Friesland, Landkreis|Insgesamt|831.0
2021|03455|Friesland, Landkreis|männlich|419.0
2021|03455|Friesland, Landkreis|weiblich|412.0
2021|03456|Grafschaft Bentheim, Landkreis|Insgesamt|1474.0
2021|03456|Grafschaft Bentheim, Landkreis|männlich|736.0
2021|03456|Grafschaft Bentheim, Landkreis|weiblich|738.0
2021|03457|Leer, Landkreis|Insgesamt|1710.0
2021|03457|Leer, Landkreis|männlich|868.0
2021|03457|Leer, Landkreis|weiblich|842.0
2021|03458|Oldenburg, Landkreis|Insgesamt|1287.0
2021|03458|Oldenburg, Landkreis|männlich|685.0
2021|03458|Oldenburg, Landkreis|weiblich|602.0
2021|03459|Osnabrück, Landkreis|Insgesamt|3732.0
2021|03459|Osnabrück, Landkreis|männlich|1978.0
2021|03459|Osnabrück, Landkreis|weiblich|1754.0
2021|03460|Vechta, Landkreis|Insgesamt|1680.0
2021|03460|Vechta, Landkreis|männlich|852.0
2021|03460|Vechta, Landkreis|weiblich|828.0
2021|03461|Wesermarsch, Landkreis|Insgesamt|723.0
2021|03461|Wesermarsch, Landkreis|männlich|366.0
2021|03461|Wesermarsch, Landkreis|weiblich|357.0
2021|03462|Wittmund, Landkreis|Insgesamt|448.0
2021|03462|Wittmund, Landkreis|männlich|228.0
2021|03462|Wittmund, Landkreis|weiblich|220.0
2021|04011|Bremen, kreisfreie Stadt|Insgesamt|5824.0
2021|04011|Bremen, kreisfreie Stadt|männlich|3031.0
2021|04011|Bremen, kreisfreie Stadt|weiblich|2793.0
2021|04012|Bremerhaven, kreisfreie Stadt|Insgesamt|1147.0
2021|04012|Bremerhaven, kreisfreie Stadt|männlich|558.0
2021|04012|Bremerhaven, kreisfreie Stadt|weiblich|589.0
2021|05111|Düsseldorf, kreisfreie Stadt|Insgesamt|6549.0
2021|05111|Düsseldorf, kreisfreie Stadt|männlich|3415.0
2021|05111|Düsseldorf, kreisfreie Stadt|weiblich|3134.0
2021|05112|Duisburg, kreisfreie Stadt|Insgesamt|5121.0
2021|05112|Duisburg, kreisfreie Stadt|männlich|2644.0
2021|05112|Duisburg, kreisfreie Stadt|weiblich|2477.0
2021|05113|Essen, kreisfreie Stadt|Insgesamt|5863.0
2021|05113|Essen, kreisfreie Stadt|männlich|3028.0
2021|05113|Essen, kreisfreie Stadt|weiblich|2835.0
2021|05114|Krefeld, kreisfreie Stadt|Insgesamt|2109.0
2021|05114|Krefeld, kreisfreie Stadt|männlich|1102.0
2021|05114|Krefeld, kreisfreie Stadt|weiblich|1007.0
2021|05116|Mönchengladbach, kreisfreie Stadt|Insgesamt|2544.0
2021|05116|Mönchengladbach, kreisfreie Stadt|männlich|1278.0
2021|05116|Mönchengladbach, kreisfreie Stadt|weiblich|1266.0
2021|05117|Mülheim an der Ruhr, kreisfreie Stadt|Insgesamt|1630.0
2021|05117|Mülheim an der Ruhr, kreisfreie Stadt|männlich|834.0
2021|05117|Mülheim an der Ruhr, kreisfreie Stadt|weiblich|796.0
2021|05119|Oberhausen, kreisfreie Stadt|Insgesamt|1917.0
2021|05119|Oberhausen, kreisfreie Stadt|männlich|929.0
2021|05119|Oberhausen, kreisfreie Stadt|weiblich|988.0
2021|05120|Remscheid, kreisfreie Stadt|Insgesamt|1046.0
2021|05120|Remscheid, kreisfreie Stadt|männlich|558.0
2021|05120|Remscheid, kreisfreie Stadt|weiblich|488.0
2021|05122|Solingen, kreisfreie Stadt|Insgesamt|1535.0
2021|05122|Solingen, kreisfreie Stadt|männlich|821.0
2021|05122|Solingen, kreisfreie Stadt|weiblich|714.0
2021|05124|Wuppertal, kreisfreie Stadt|Insgesamt|3723.0
2021|05124|Wuppertal, kreisfreie Stadt|männlich|1873.0
2021|05124|Wuppertal, kreisfreie Stadt|weiblich|1850.0
2021|05154|Kleve, Kreis|Insgesamt|2999.0
2021|05154|Kleve, Kreis|männlich|1512.0
2021|05154|Kleve, Kreis|weiblich|1487.0
2021|05158|Mettmann, Kreis|Insgesamt|4411.0
2021|05158|Mettmann, Kreis|männlich|2273.0
2021|05158|Mettmann, Kreis|weiblich|2138.0
2021|05162|Rhein-Kreis Neuss|Insgesamt|4388.0
2021|05162|Rhein-Kreis Neuss|männlich|2273.0
2021|05162|Rhein-Kreis Neuss|weiblich|2115.0
2021|05166|Viersen, Kreis|Insgesamt|2606.0
2021|05166|Viersen, Kreis|männlich|1367.0
2021|05166|Viersen, Kreis|weiblich|1239.0
2021|05170|Wesel, Kreis|Insgesamt|4023.0
2021|05170|Wesel, Kreis|männlich|2066.0
2021|05170|Wesel, Kreis|weiblich|1957.0
2021|05314|Bonn, kreisfreie Stadt|Insgesamt|3370.0
2021|05314|Bonn, kreisfreie Stadt|männlich|1751.0
2021|05314|Bonn, kreisfreie Stadt|weiblich|1619.0
2021|05315|Köln, kreisfreie Stadt|Insgesamt|11614.0
2021|05315|Köln, kreisfreie Stadt|männlich|6006.0
2021|05315|Köln, kreisfreie Stadt|weiblich|5608.0
2021|05316|Leverkusen, kreisfreie Stadt|Insgesamt|1601.0
2021|05316|Leverkusen, kreisfreie Stadt|männlich|851.0
2021|05316|Leverkusen, kreisfreie Stadt|weiblich|750.0
2021|05334|Städteregion Aachen, Kreis|Insgesamt|5170.0
2021|05334|Städteregion Aachen, Kreis|männlich|2665.0
2021|05334|Städteregion Aachen, Kreis|weiblich|2505.0
2021|05334002|Aachen, kreisfreie Stadt|Insgesamt|2216.0
2021|05334002|Aachen, kreisfreie Stadt|männlich|1152.0
2021|05334002|Aachen, kreisfreie Stadt|weiblich|1064.0
2021|05358|Düren, Kreis|Insgesamt|2634.0
2021|05358|Düren, Kreis|männlich|1304.0
2021|05358|Düren, Kreis|weiblich|1330.0
2021|05362|Rhein-Erft-Kreis|Insgesamt|4651.0
2021|05362|Rhein-Erft-Kreis|männlich|2365.0
2021|05362|Rhein-Erft-Kreis|weiblich|2286.0
2021|05366|Euskirchen, Kreis|Insgesamt|1860.0
2021|05366|Euskirchen, Kreis|männlich|966.0
2021|05366|Euskirchen, Kreis|weiblich|894.0
2021|05370|Heinsberg, Kreis|Insgesamt|2380.0
2021|05370|Heinsberg, Kreis|männlich|1250.0
2021|05370|Heinsberg, Kreis|weiblich|1130.0
2021|05374|Oberbergischer Kreis|Insgesamt|2680.0
2021|05374|Oberbergischer Kreis|männlich|1392.0
2021|05374|Oberbergischer Kreis|weiblich|1288.0
2021|05378|Rheinisch-Bergischer Kreis|Insgesamt|2500.0
2021|05378|Rheinisch-Bergischer Kreis|männlich|1270.0
2021|05378|Rheinisch-Bergischer Kreis|weiblich|1230.0
2021|05382|Rhein-Sieg-Kreis|Insgesamt|5556.0
2021|05382|Rhein-Sieg-Kreis|männlich|2872.0
2021|05382|Rhein-Sieg-Kreis|weiblich|2684.0
2021|05512|Bottrop, kreisfreie Stadt|Insgesamt|1080.0
2021|05512|Bottrop, kreisfreie Stadt|männlich|550.0
2021|05512|Bottrop, kreisfreie Stadt|weiblich|530.0
2021|05513|Gelsenkirchen, kreisfreie Stadt|Insgesamt|2887.0
2021|05513|Gelsenkirchen, kreisfreie Stadt|männlich|1461.0
2021|05513|Gelsenkirchen, kreisfreie Stadt|weiblich|1426.0
2021|05515|Münster, kreisfreie Stadt|Insgesamt|3025.0
2021|05515|Münster, kreisfreie Stadt|männlich|1594.0
2021|05515|Münster, kreisfreie Stadt|weiblich|1431.0
2021|05554|Borken, Kreis|Insgesamt|4039.0
2021|05554|Borken, Kreis|männlich|2065.0
2021|05554|Borken, Kreis|weiblich|1974.0
2021|05558|Coesfeld, Kreis|Insgesamt|2161.0
2021|05558|Coesfeld, Kreis|männlich|1108.0
2021|05558|Coesfeld, Kreis|weiblich|1053.0
2021|05562|Recklinghausen, Kreis|Insgesamt|5778.0
2021|05562|Recklinghausen, Kreis|männlich|2978.0
2021|05562|Recklinghausen, Kreis|weiblich|2800.0
2021|05566|Steinfurt, Kreis|Insgesamt|4629.0
2021|05566|Steinfurt, Kreis|männlich|2354.0
2021|05566|Steinfurt, Kreis|weiblich|2275.0
2021|05570|Warendorf, Kreis|Insgesamt|2803.0
2021|05570|Warendorf, Kreis|männlich|1475.0
2021|05570|Warendorf, Kreis|weiblich|1328.0
2021|05711|Bielefeld, kreisfreie Stadt|Insgesamt|3520.0
2021|05711|Bielefeld, kreisfreie Stadt|männlich|1786.0
2021|05711|Bielefeld, kreisfreie Stadt|weiblich|1734.0
2021|05754|Gütersloh, Kreis|Insgesamt|3778.0
2021|05754|Gütersloh, Kreis|männlich|1914.0
2021|05754|Gütersloh, Kreis|weiblich|1864.0
2021|05758|Herford, Kreis|Insgesamt|2368.0
2021|05758|Herford, Kreis|männlich|1208.0
2021|05758|Herford, Kreis|weiblich|1160.0
2021|05762|Höxter, Kreis|Insgesamt|1252.0
2021|05762|Höxter, Kreis|männlich|651.0
2021|05762|Höxter, Kreis|weiblich|601.0
2021|05766|Lippe, Kreis|Insgesamt|3402.0
2021|05766|Lippe, Kreis|männlich|1701.0
2021|05766|Lippe, Kreis|weiblich|1701.0
2021|05770|Minden-Lübbecke, Kreis|Insgesamt|3052.0
2021|05770|Minden-Lübbecke, Kreis|männlich|1583.0
2021|05770|Minden-Lübbecke, Kreis|weiblich|1469.0
2021|05774|Paderborn, Kreis|Insgesamt|3147.0
2021|05774|Paderborn, Kreis|männlich|1633.0
2021|05774|Paderborn, Kreis|weiblich|1514.0
2021|05911|Bochum, kreisfreie Stadt|Insgesamt|3293.0
2021|05911|Bochum, kreisfreie Stadt|männlich|1695.0
2021|05911|Bochum, kreisfreie Stadt|weiblich|1598.0
2021|05913|Dortmund, kreisfreie Stadt|Insgesamt|6074.0
2021|05913|Dortmund, kreisfreie Stadt|männlich|3156.0
2021|05913|Dortmund, kreisfreie Stadt|weiblich|2918.0
2021|05914|Hagen, kreisfreie Stadt|Insgesamt|2048.0
2021|05914|Hagen, kreisfreie Stadt|männlich|1050.0
2021|05914|Hagen, kreisfreie Stadt|weiblich|998.0
2021|05915|Hamm, kreisfreie Stadt|Insgesamt|1687.0
2021|05915|Hamm, kreisfreie Stadt|männlich|875.0
2021|05915|Hamm, kreisfreie Stadt|weiblich|812.0
2021|05916|Herne, kreisfreie Stadt|Insgesamt|1488.0
2021|05916|Herne, kreisfreie Stadt|männlich|758.0
2021|05916|Herne, kreisfreie Stadt|weiblich|730.0
2021|05954|Ennepe-Ruhr-Kreis|Insgesamt|2945.0
2021|05954|Ennepe-Ruhr-Kreis|männlich|1540.0
2021|05954|Ennepe-Ruhr-Kreis|weiblich|1405.0
2021|05958|Hochsauerlandkreis|Insgesamt|2361.0
2021|05958|Hochsauerlandkreis|männlich|1188.0
2021|05958|Hochsauerlandkreis|weiblich|1173.0
2021|05962|Märkischer Kreis|Insgesamt|3773.0
2021|05962|Märkischer Kreis|männlich|1934.0
2021|05962|Märkischer Kreis|weiblich|1839.0
2021|05966|Olpe, Kreis|Insgesamt|1284.0
2021|05966|Olpe, Kreis|männlich|633.0
2021|05966|Olpe, Kreis|weiblich|651.0
2021|05970|Siegen-Wittgenstein, Kreis|Insgesamt|2679.0
2021|05970|Siegen-Wittgenstein, Kreis|männlich|1377.0
2021|05970|Siegen-Wittgenstein, Kreis|weiblich|1302.0
2021|05974|Soest, Kreis|Insgesamt|2854.0
2021|05974|Soest, Kreis|männlich|1499.0
2021|05974|Soest, Kreis|weiblich|1355.0
2021|05978|Unna, Kreis|Insgesamt|3499.0
2021|05978|Unna, Kreis|männlich|1797.0
2021|05978|Unna, Kreis|weiblich|1702.0
2021|06411|Darmstadt, kreisfreie Stadt, Wissenschaftsstadt|Insgesamt|1684.0
2021|06411|Darmstadt, kreisfreie Stadt, Wissenschaftsstadt|männlich|873.0
2021|06411|Darmstadt, kreisfreie Stadt, Wissenschaftsstadt|weiblich|811.0
2021|06412|Frankfurt am Main, kreisfreie Stadt|Insgesamt|8601.0
2021|06412|Frankfurt am Main, kreisfreie Stadt|männlich|4479.0
2021|06412|Frankfurt am Main, kreisfreie Stadt|weiblich|4122.0
2021|06413|Offenbach am Main, kreisfreie Stadt|Insgesamt|1583.0
2021|06413|Offenbach am Main, kreisfreie Stadt|männlich|789.0
2021|06413|Offenbach am Main, kreisfreie Stadt|weiblich|794.0
2021|06414|Wiesbaden, kreisfreie Stadt, Landeshauptstadt|Insgesamt|3104.0
2021|06414|Wiesbaden, kreisfreie Stadt, Landeshauptstadt|männlich|1550.0
2021|06414|Wiesbaden, kreisfreie Stadt, Landeshauptstadt|weiblich|1554.0
2021|06431|Bergstraße, Landkreis|Insgesamt|2613.0
2021|06431|Bergstraße, Landkreis|männlich|1377.0
2021|06431|Bergstraße, Landkreis|weiblich|1236.0
2021|06432|Darmstadt-Dieburg, Landkreis|Insgesamt|2840.0
2021|06432|Darmstadt-Dieburg, Landkreis|männlich|1466.0
2021|06432|Darmstadt-Dieburg, Landkreis|weiblich|1374.0
2021|06433|Groß-Gerau, Landkreis|Insgesamt|3021.0
2021|06433|Groß-Gerau, Landkreis|männlich|1568.0
2021|06433|Groß-Gerau, Landkreis|weiblich|1453.0
2021|06434|Hochtaunuskreis|Insgesamt|1964.0
2021|06434|Hochtaunuskreis|männlich|996.0
2021|06434|Hochtaunuskreis|weiblich|968.0
2021|06435|Main-Kinzig-Kreis|Insgesamt|4190.0
2021|06435|Main-Kinzig-Kreis|männlich|2182.0
2021|06435|Main-Kinzig-Kreis|weiblich|2008.0
2021|06436|Main-Taunus-Kreis|Insgesamt|2373.0
2021|06436|Main-Taunus-Kreis|männlich|1235.0
2021|06436|Main-Taunus-Kreis|weiblich|1138.0
2021|06437|Odenwaldkreis|Insgesamt|855.0
2021|06437|Odenwaldkreis|männlich|437.0
2021|06437|Odenwaldkreis|weiblich|418.0
2021|06438|Offenbach, Landkreis|Insgesamt|3636.0
2021|06438|Offenbach, Landkreis|männlich|1887.0
2021|06438|Offenbach, Landkreis|weiblich|1749.0
2021|06439|Rheingau-Taunus-Kreis|Insgesamt|1559.0
2021|06439|Rheingau-Taunus-Kreis|männlich|792.0
2021|06439|Rheingau-Taunus-Kreis|weiblich|767.0
2021|06440|Wetteraukreis|Insgesamt|2849.0
2021|06440|Wetteraukreis|männlich|1475.0
2021|06440|Wetteraukreis|weiblich|1374.0
2021|06531|Gießen, Landkreis|Insgesamt|2703.0
2021|06531|Gießen, Landkreis|männlich|1394.0
2021|06531|Gießen, Landkreis|weiblich|1309.0
2021|06532|Lahn-Dill-Kreis|Insgesamt|2406.0
2021|06532|Lahn-Dill-Kreis|männlich|1210.0
2021|06532|Lahn-Dill-Kreis|weiblich|1196.0
2021|06533|Limburg-Weilburg, Landkreis|Insgesamt|1599.0
2021|06533|Limburg-Weilburg, Landkreis|männlich|813.0
2021|06533|Limburg-Weilburg, Landkreis|weiblich|786.0
2021|06534|Marburg-Biedenkopf, Landkreis|Insgesamt|2126.0
2021|06534|Marburg-Biedenkopf, Landkreis|männlich|1106.0
2021|06534|Marburg-Biedenkopf, Landkreis|weiblich|1020.0
2021|06535|Vogelsbergkreis|Insgesamt|839.0
2021|06535|Vogelsbergkreis|männlich|465.0
2021|06535|Vogelsbergkreis|weiblich|374.0
2021|06611|Kassel, kreisfreie Stadt, documenta-Stadt|Insgesamt|2080.0
2021|06611|Kassel, kreisfreie Stadt, documenta-Stadt|männlich|1100.0
2021|06611|Kassel, kreisfreie Stadt, documenta-Stadt|weiblich|980.0
2021|06631|Fulda, Landkreis|Insgesamt|2154.0
2021|06631|Fulda, Landkreis|männlich|1130.0
2021|06631|Fulda, Landkreis|weiblich|1024.0
2021|06632|Hersfeld-Rotenburg, Landkreis|Insgesamt|1084.0
2021|06632|Hersfeld-Rotenburg, Landkreis|männlich|559.0
2021|06632|Hersfeld-Rotenburg, Landkreis|weiblich|525.0
2021|06633|Kassel, Landkreis|Insgesamt|2079.0
2021|06633|Kassel, Landkreis|männlich|1069.0
2021|06633|Kassel, Landkreis|weiblich|1010.0
2021|06634|Schwalm-Eder-Kreis|Insgesamt|1486.0
2021|06634|Schwalm-Eder-Kreis|männlich|803.0
2021|06634|Schwalm-Eder-Kreis|weiblich|683.0
2021|06635|Waldeck-Frankenberg, Landkreis|Insgesamt|1315.0
2021|06635|Waldeck-Frankenberg, Landkreis|männlich|670.0
2021|06635|Waldeck-Frankenberg, Landkreis|weiblich|645.0
2021|06636|Werra-Meißner-Kreis|Insgesamt|803.0
2021|06636|Werra-Meißner-Kreis|männlich|429.0
2021|06636|Werra-Meißner-Kreis|weiblich|374.0
2021|07111|Koblenz, kreisfreie Stadt|Insgesamt|1130.0
2021|07111|Koblenz, kreisfreie Stadt|männlich|533.0
2021|07111|Koblenz, kreisfreie Stadt|weiblich|597.0
2021|07131|Ahrweiler, Landkreis|Insgesamt|1219.0
2021|07131|Ahrweiler, Landkreis|männlich|605.0
2021|07131|Ahrweiler, Landkreis|weiblich|614.0
2021|07132|Altenkirchen (Westerwald), Landkreis|Insgesamt|1229.0
2021|07132|Altenkirchen (Westerwald), Landkreis|männlich|615.0
2021|07132|Altenkirchen (Westerwald), Landkreis|weiblich|614.0
2021|07133|Bad Kreuznach, Landkreis|Insgesamt|1473.0
2021|07133|Bad Kreuznach, Landkreis|männlich|743.0
2021|07133|Bad Kreuznach, Landkreis|weiblich|730.0
2021|07134|Birkenfeld, Landkreis|Insgesamt|699.0
2021|07134|Birkenfeld, Landkreis|männlich|351.0
2021|07134|Birkenfeld, Landkreis|weiblich|348.0
2021|07135|Cochem-Zell, Landkreis|Insgesamt|507.0
2021|07135|Cochem-Zell, Landkreis|männlich|282.0
2021|07135|Cochem-Zell, Landkreis|weiblich|225.0
2021|07137|Mayen-Koblenz, Landkreis|Insgesamt|1986.0
2021|07137|Mayen-Koblenz, Landkreis|männlich|1014.0
2021|07137|Mayen-Koblenz, Landkreis|weiblich|972.0
2021|07138|Neuwied, Landkreis|Insgesamt|1847.0
2021|07138|Neuwied, Landkreis|männlich|975.0
2021|07138|Neuwied, Landkreis|weiblich|872.0
2021|07140|Rhein-Hunsrück-Kreis|Insgesamt|945.0
2021|07140|Rhein-Hunsrück-Kreis|männlich|478.0
2021|07140|Rhein-Hunsrück-Kreis|weiblich|467.0
2021|07141|Rhein-Lahn-Kreis|Insgesamt|1019.0
2021|07141|Rhein-Lahn-Kreis|männlich|528.0
2021|07141|Rhein-Lahn-Kreis|weiblich|491.0
2021|07143|Westerwaldkreis|Insgesamt|1912.0
2021|07143|Westerwaldkreis|männlich|1014.0
2021|07143|Westerwaldkreis|weiblich|898.0
2021|07211|Trier, kreisfreie Stadt|Insgesamt|992.0
2021|07211|Trier, kreisfreie Stadt|männlich|480.0
2021|07211|Trier, kreisfreie Stadt|weiblich|512.0
2021|07231|Bernkastel-Wittlich, Landkreis|Insgesamt|1062.0
2021|07231|Bernkastel-Wittlich, Landkreis|männlich|553.0
2021|07231|Bernkastel-Wittlich, Landkreis|weiblich|509.0
2021|07232|Eifelkreis Bitburg-Prüm|Insgesamt|890.0
2021|07232|Eifelkreis Bitburg-Prüm|männlich|458.0
2021|07232|Eifelkreis Bitburg-Prüm|weiblich|432.0
2021|07233|Vulkaneifel, Landkreis|Insgesamt|471.0
2021|07233|Vulkaneifel, Landkreis|männlich|240.0
2021|07233|Vulkaneifel, Landkreis|weiblich|231.0
2021|07235|Trier-Saarburg, Landkreis|Insgesamt|1265.0
2021|07235|Trier-Saarburg, Landkreis|männlich|670.0
2021|07235|Trier-Saarburg, Landkreis|weiblich|595.0
2021|07311|Frankenthal (Pfalz), kreisfreie Stadt|Insgesamt|503.0
2021|07311|Frankenthal (Pfalz), kreisfreie Stadt|männlich|281.0
2021|07311|Frankenthal (Pfalz), kreisfreie Stadt|weiblich|222.0
2021|07312|Kaiserslautern, kreisfreie Stadt|Insgesamt|1005.0
2021|07312|Kaiserslautern, kreisfreie Stadt|männlich|499.0
2021|07312|Kaiserslautern, kreisfreie Stadt|weiblich|506.0
2021|07313|Landau in der Pfalz, kreisfreie Stadt|Insgesamt|426.0
2021|07313|Landau in der Pfalz, kreisfreie Stadt|männlich|198.0
2021|07313|Landau in der Pfalz, kreisfreie Stadt|weiblich|228.0
2021|07314|Ludwigshafen am Rhein, kreisfreie Stadt|Insgesamt|1908.0
2021|07314|Ludwigshafen am Rhein, kreisfreie Stadt|männlich|982.0
2021|07314|Ludwigshafen am Rhein, kreisfreie Stadt|weiblich|926.0
2021|07315|Mainz, kreisfreie Stadt|Insgesamt|2228.0
2021|07315|Mainz, kreisfreie Stadt|männlich|1095.0
2021|07315|Mainz, kreisfreie Stadt|weiblich|1133.0
2021|07316|Neustadt an der Weinstraße, kreisfreie Stadt|Insgesamt|499.0
2021|07316|Neustadt an der Weinstraße, kreisfreie Stadt|männlich|267.0
2021|07316|Neustadt an der Weinstraße, kreisfreie Stadt|weiblich|232.0
2021|07317|Pirmasens, kreisfreie Stadt|Insgesamt|327.0
2021|07317|Pirmasens, kreisfreie Stadt|männlich|180.0
2021|07317|Pirmasens, kreisfreie Stadt|weiblich|147.0
2021|07318|Speyer, kreisfreie Stadt|Insgesamt|478.0
2021|07318|Speyer, kreisfreie Stadt|männlich|247.0
2021|07318|Speyer, kreisfreie Stadt|weiblich|231.0
2021|07319|Worms, kreisfreie Stadt|Insgesamt|838.0
2021|07319|Worms, kreisfreie Stadt|männlich|427.0
2021|07319|Worms, kreisfreie Stadt|weiblich|411.0
2021|07320|Zweibrücken, kreisfreie Stadt|Insgesamt|300.0
2021|07320|Zweibrücken, kreisfreie Stadt|männlich|169.0
2021|07320|Zweibrücken, kreisfreie Stadt|weiblich|131.0
2021|07331|Alzey-Worms, Landkreis|Insgesamt|1299.0
2021|07331|Alzey-Worms, Landkreis|männlich|643.0
2021|07331|Alzey-Worms, Landkreis|weiblich|656.0
2021|07332|Bad Dürkheim, Landkreis|Insgesamt|1136.0
2021|07332|Bad Dürkheim, Landkreis|männlich|579.0
2021|07332|Bad Dürkheim, Landkreis|weiblich|557.0
2021|07333|Donnersbergkreis|Insgesamt|652.0
2021|07333|Donnersbergkreis|männlich|341.0
2021|07333|Donnersbergkreis|weiblich|311.0
2021|07334|Germersheim, Landkreis|Insgesamt|1295.0
2021|07334|Germersheim, Landkreis|männlich|652.0
2021|07334|Germersheim, Landkreis|weiblich|643.0
2021|07335|Kaiserslautern, Landkreis|Insgesamt|1289.0
2021|07335|Kaiserslautern, Landkreis|männlich|678.0
2021|07335|Kaiserslautern, Landkreis|weiblich|611.0
2021|07336|Kusel, Landkreis|Insgesamt|652.0
2021|07336|Kusel, Landkreis|männlich|334.0
2021|07336|Kusel, Landkreis|weiblich|318.0
2021|07337|Südliche Weinstraße, Landkreis|Insgesamt|982.0
2021|07337|Südliche Weinstraße, Landkreis|männlich|497.0
2021|07337|Südliche Weinstraße, Landkreis|weiblich|485.0
2021|07338|Rhein-Pfalz-Kreis|Insgesamt|1474.0
2021|07338|Rhein-Pfalz-Kreis|männlich|774.0
2021|07338|Rhein-Pfalz-Kreis|weiblich|700.0
2021|07339|Mainz-Bingen, Landkreis|Insgesamt|1943.0
2021|07339|Mainz-Bingen, Landkreis|männlich|1023.0
2021|07339|Mainz-Bingen, Landkreis|weiblich|920.0
2021|07340|Südwestpfalz, Landkreis|Insgesamt|767.0
2021|07340|Südwestpfalz, Landkreis|männlich|391.0
2021|07340|Südwestpfalz, Landkreis|weiblich|376.0
2021|08111|Stuttgart, Stadtkreis|Insgesamt|6748.0
2021|08111|Stuttgart, Stadtkreis|männlich|3401.0
2021|08111|Stuttgart, Stadtkreis|weiblich|3347.0
2021|08115|Böblingen, Landkreis|Insgesamt|4370.0
2021|08115|Böblingen, Landkreis|männlich|2238.0
2021|08115|Böblingen, Landkreis|weiblich|2132.0
2021|08116|Esslingen, Landkreis|Insgesamt|5556.0
2021|08116|Esslingen, Landkreis|männlich|2788.0
2021|08116|Esslingen, Landkreis|weiblich|2768.0
2021|08117|Göppingen, Landkreis|Insgesamt|2582.0
2021|08117|Göppingen, Landkreis|männlich|1299.0
2021|08117|Göppingen, Landkreis|weiblich|1283.0
2021|08118|Ludwigsburg, Landkreis|Insgesamt|5914.0
2021|08118|Ludwigsburg, Landkreis|männlich|2968.0
2021|08118|Ludwigsburg, Landkreis|weiblich|2946.0
2021|08119|Rems-Murr-Kreis, Landkreis|Insgesamt|4251.0
2021|08119|Rems-Murr-Kreis, Landkreis|männlich|2143.0
2021|08119|Rems-Murr-Kreis, Landkreis|weiblich|2108.0
2021|08121|Heilbronn, Stadtkreis|Insgesamt|1348.0
2021|08121|Heilbronn, Stadtkreis|männlich|660.0
2021|08121|Heilbronn, Stadtkreis|weiblich|688.0
2021|08125|Heilbronn, Landkreis|Insgesamt|3733.0
2021|08125|Heilbronn, Landkreis|männlich|1875.0
2021|08125|Heilbronn, Landkreis|weiblich|1858.0
2021|08126|Hohenlohekreis, Landkreis|Insgesamt|1198.0
2021|08126|Hohenlohekreis, Landkreis|männlich|582.0
2021|08126|Hohenlohekreis, Landkreis|weiblich|616.0
2021|08127|Schwäbisch Hall, Landkreis|Insgesamt|2133.0
2021|08127|Schwäbisch Hall, Landkreis|männlich|1103.0
2021|08127|Schwäbisch Hall, Landkreis|weiblich|1030.0
2021|08128|Main-Tauber-Kreis, Landkreis|Insgesamt|1281.0
2021|08128|Main-Tauber-Kreis, Landkreis|männlich|682.0
2021|08128|Main-Tauber-Kreis, Landkreis|weiblich|599.0
2021|08135|Heidenheim, Landkreis|Insgesamt|1267.0
2021|08135|Heidenheim, Landkreis|männlich|636.0
2021|08135|Heidenheim, Landkreis|weiblich|631.0
2021|08136|Ostalbkreis, Landkreis|Insgesamt|3228.0
2021|08136|Ostalbkreis, Landkreis|männlich|1652.0
2021|08136|Ostalbkreis, Landkreis|weiblich|1576.0
2021|08211|Baden-Baden, Stadtkreis|Insgesamt|527.0
2021|08211|Baden-Baden, Stadtkreis|männlich|251.0
2021|08211|Baden-Baden, Stadtkreis|weiblich|276.0
2021|08212|Karlsruhe, Stadtkreis|Insgesamt|2931.0
2021|08212|Karlsruhe, Stadtkreis|männlich|1550.0
2021|08212|Karlsruhe, Stadtkreis|weiblich|1381.0
2021|08215|Karlsruhe, Landkreis|Insgesamt|4351.0
2021|08215|Karlsruhe, Landkreis|männlich|2219.0
2021|08215|Karlsruhe, Landkreis|weiblich|2132.0
2021|08216|Rastatt, Landkreis|Insgesamt|2122.0
2021|08216|Rastatt, Landkreis|männlich|1058.0
2021|08216|Rastatt, Landkreis|weiblich|1064.0
2021|08221|Heidelberg, Stadtkreis|Insgesamt|1538.0
2021|08221|Heidelberg, Stadtkreis|männlich|778.0
2021|08221|Heidelberg, Stadtkreis|weiblich|760.0
2021|08222|Mannheim, Stadtkreis|Insgesamt|3251.0
2021|08222|Mannheim, Stadtkreis|männlich|1620.0
2021|08222|Mannheim, Stadtkreis|weiblich|1631.0
2021|08225|Neckar-Odenwald-Kreis, Landkreis|Insgesamt|1320.0
2021|08225|Neckar-Odenwald-Kreis, Landkreis|männlich|632.0
2021|08225|Neckar-Odenwald-Kreis, Landkreis|weiblich|688.0
2021|08226|Rhein-Neckar-Kreis, Landkreis|Insgesamt|5295.0
2021|08226|Rhein-Neckar-Kreis, Landkreis|männlich|2712.0
2021|08226|Rhein-Neckar-Kreis, Landkreis|weiblich|2583.0
2021|08231|Pforzheim, Stadtkreis|Insgesamt|1516.0
2021|08231|Pforzheim, Stadtkreis|männlich|805.0
2021|08231|Pforzheim, Stadtkreis|weiblich|711.0
2021|08235|Calw, Landkreis|Insgesamt|1641.0
2021|08235|Calw, Landkreis|männlich|832.0
2021|08235|Calw, Landkreis|weiblich|809.0
2021|08236|Enzkreis, Landkreis|Insgesamt|2005.0
2021|08236|Enzkreis, Landkreis|männlich|1009.0
2021|08236|Enzkreis, Landkreis|weiblich|996.0
2021|08237|Freudenstadt, Landkreis|Insgesamt|1163.0
2021|08237|Freudenstadt, Landkreis|männlich|604.0
2021|08237|Freudenstadt, Landkreis|weiblich|559.0
2021|08311|Freiburg im Breisgau, Stadtkreis|Insgesamt|2529.0
2021|08311|Freiburg im Breisgau, Stadtkreis|männlich|1306.0
2021|08311|Freiburg im Breisgau, Stadtkreis|weiblich|1223.0
2021|08315|Breisgau-Hochschwarzwald, Landkreis|Insgesamt|2688.0
2021|08315|Breisgau-Hochschwarzwald, Landkreis|männlich|1383.0
2021|08315|Breisgau-Hochschwarzwald, Landkreis|weiblich|1305.0
2021|08316|Emmendingen, Landkreis|Insgesamt|1694.0
2021|08316|Emmendingen, Landkreis|männlich|858.0
2021|08316|Emmendingen, Landkreis|weiblich|836.0
2021|08317|Ortenaukreis, Landkreis|Insgesamt|4441.0
2021|08317|Ortenaukreis, Landkreis|männlich|2270.0
2021|08317|Ortenaukreis, Landkreis|weiblich|2171.0
2021|08325|Rottweil, Landkreis|Insgesamt|1502.0
2021|08325|Rottweil, Landkreis|männlich|820.0
2021|08325|Rottweil, Landkreis|weiblich|682.0
2021|08326|Schwarzwald-Baar-Kreis, Landkreis|Insgesamt|2138.0
2021|08326|Schwarzwald-Baar-Kreis, Landkreis|männlich|1060.0
2021|08326|Schwarzwald-Baar-Kreis, Landkreis|weiblich|1078.0
2021|08327|Tuttlingen, Landkreis|Insgesamt|1596.0
2021|08327|Tuttlingen, Landkreis|männlich|840.0
2021|08327|Tuttlingen, Landkreis|weiblich|756.0
2021|08335|Konstanz, Landkreis|Insgesamt|2792.0
2021|08335|Konstanz, Landkreis|männlich|1429.0
2021|08335|Konstanz, Landkreis|weiblich|1363.0
2021|08336|Lörrach, Landkreis|Insgesamt|2128.0
2021|08336|Lörrach, Landkreis|männlich|1075.0
2021|08336|Lörrach, Landkreis|weiblich|1053.0
2021|08337|Waldshut, Landkreis|Insgesamt|1366.0
2021|08337|Waldshut, Landkreis|männlich|695.0
2021|08337|Waldshut, Landkreis|weiblich|671.0
2021|08415|Reutlingen, Landkreis|Insgesamt|2993.0
2021|08415|Reutlingen, Landkreis|männlich|1516.0
2021|08415|Reutlingen, Landkreis|weiblich|1477.0
2021|08416|Tübingen, Landkreis|Insgesamt|2350.0
2021|08416|Tübingen, Landkreis|männlich|1182.0
2021|08416|Tübingen, Landkreis|weiblich|1168.0
2021|08417|Zollernalbkreis, Landkreis|Insgesamt|1787.0
2021|08417|Zollernalbkreis, Landkreis|männlich|925.0
2021|08417|Zollernalbkreis, Landkreis|weiblich|862.0
2021|08421|Ulm, Stadtkreis|Insgesamt|1346.0
2021|08421|Ulm, Stadtkreis|männlich|679.0
2021|08421|Ulm, Stadtkreis|weiblich|667.0
2021|08425|Alb-Donau-Kreis, Landkreis|Insgesamt|2243.0
2021|08425|Alb-Donau-Kreis, Landkreis|männlich|1160.0
2021|08425|Alb-Donau-Kreis, Landkreis|weiblich|1083.0
2021|08426|Biberach, Landkreis|Insgesamt|2211.0
2021|08426|Biberach, Landkreis|männlich|1134.0
2021|08426|Biberach, Landkreis|weiblich|1077.0
2021|08435|Bodenseekreis, Landkreis|Insgesamt|2151.0
2021|08435|Bodenseekreis, Landkreis|männlich|1101.0
2021|08435|Bodenseekreis, Landkreis|weiblich|1050.0
2021|08436|Ravensburg, Landkreis|Insgesamt|3047.0
2021|08436|Ravensburg, Landkreis|männlich|1558.0
2021|08436|Ravensburg, Landkreis|weiblich|1489.0
2021|08437|Sigmaringen, Landkreis|Insgesamt|1263.0
2021|08437|Sigmaringen, Landkreis|männlich|677.0
2021|08437|Sigmaringen, Landkreis|weiblich|586.0
2021|09161|Ingolstadt, kreisfreie Stadt|Insgesamt|1641.0
2021|09161|Ingolstadt, kreisfreie Stadt|männlich|888.0
2021|09161|Ingolstadt, kreisfreie Stadt|weiblich|753.0
2021|09162|München, kreisfreie Stadt|Insgesamt|18286.0
2021|09162|München, kreisfreie Stadt|männlich|9342.0
2021|09162|München, kreisfreie Stadt|weiblich|8944.0
2021|09163|Rosenheim, kreisfreie Stadt|Insgesamt|685.0
2021|09163|Rosenheim, kreisfreie Stadt|männlich|366.0
2021|09163|Rosenheim, kreisfreie Stadt|weiblich|319.0
2021|09171|Altötting, Landkreis|Insgesamt|1084.0
2021|09171|Altötting, Landkreis|männlich|572.0
2021|09171|Altötting, Landkreis|weiblich|512.0
2021|09172|Berchtesgadener Land, Landkreis|Insgesamt|939.0
2021|09172|Berchtesgadener Land, Landkreis|männlich|496.0
2021|09172|Berchtesgadener Land, Landkreis|weiblich|443.0
2021|09173|Bad Tölz-Wolfratshausen, Landkreis|Insgesamt|1251.0
2021|09173|Bad Tölz-Wolfratshausen, Landkreis|männlich|640.0
2021|09173|Bad Tölz-Wolfratshausen, Landkreis|weiblich|611.0
2021|09174|Dachau, Landkreis|Insgesamt|1631.0
2021|09174|Dachau, Landkreis|männlich|835.0
2021|09174|Dachau, Landkreis|weiblich|796.0
2021|09175|Ebersberg, Landkreis|Insgesamt|1505.0
2021|09175|Ebersberg, Landkreis|männlich|780.0
2021|09175|Ebersberg, Landkreis|weiblich|725.0
2021|09176|Eichstätt, Landkreis|Insgesamt|1491.0
2021|09176|Eichstätt, Landkreis|männlich|763.0
2021|09176|Eichstätt, Landkreis|weiblich|728.0
2021|09177|Erding, Landkreis|Insgesamt|1466.0
2021|09177|Erding, Landkreis|männlich|773.0
2021|09177|Erding, Landkreis|weiblich|693.0
2021|09178|Freising, Landkreis|Insgesamt|2015.0
2021|09178|Freising, Landkreis|männlich|1032.0
2021|09178|Freising, Landkreis|weiblich|983.0
2021|09179|Fürstenfeldbruck, Landkreis|Insgesamt|2102.0
2021|09179|Fürstenfeldbruck, Landkreis|männlich|1085.0
2021|09179|Fürstenfeldbruck, Landkreis|weiblich|1017.0
2021|09180|Garmisch-Partenkirchen, Landkreis|Insgesamt|826.0
2021|09180|Garmisch-Partenkirchen, Landkreis|männlich|433.0
2021|09180|Garmisch-Partenkirchen, Landkreis|weiblich|393.0
2021|09181|Landsberg am Lech, Landkreis|Insgesamt|1112.0
2021|09181|Landsberg am Lech, Landkreis|männlich|580.0
2021|09181|Landsberg am Lech, Landkreis|weiblich|532.0
2021|09182|Miesbach, Landkreis|Insgesamt|965.0
2021|09182|Miesbach, Landkreis|männlich|508.0
2021|09182|Miesbach, Landkreis|weiblich|457.0
2021|09183|Mühldorf a.Inn, Landkreis|Insgesamt|1198.0
2021|09183|Mühldorf a.Inn, Landkreis|männlich|609.0
2021|09183|Mühldorf a.Inn, Landkreis|weiblich|589.0
2021|09184|München, Landkreis|Insgesamt|3267.0
2021|09184|München, Landkreis|männlich|1641.0
2021|09184|München, Landkreis|weiblich|1626.0
2021|09185|Neuburg-Schrobenhausen, Landkreis|Insgesamt|1087.0
2021|09185|Neuburg-Schrobenhausen, Landkreis|männlich|545.0
2021|09185|Neuburg-Schrobenhausen, Landkreis|weiblich|542.0
2021|09186|Pfaffenhofen a.d.Ilm, Landkreis|Insgesamt|1459.0
2021|09186|Pfaffenhofen a.d.Ilm, Landkreis|männlich|737.0
2021|09186|Pfaffenhofen a.d.Ilm, Landkreis|weiblich|722.0
2021|09187|Rosenheim, Landkreis|Insgesamt|2581.0
2021|09187|Rosenheim, Landkreis|männlich|1311.0
2021|09187|Rosenheim, Landkreis|weiblich|1270.0
2021|09188|Starnberg, Landkreis|Insgesamt|1203.0
2021|09188|Starnberg, Landkreis|männlich|616.0
2021|09188|Starnberg, Landkreis|weiblich|587.0
2021|09189|Traunstein, Landkreis|Insgesamt|1736.0
2021|09189|Traunstein, Landkreis|männlich|877.0
2021|09189|Traunstein, Landkreis|weiblich|859.0
2021|09190|Weilheim-Schongau, Landkreis|Insgesamt|1361.0
2021|09190|Weilheim-Schongau, Landkreis|männlich|681.0
2021|09190|Weilheim-Schongau, Landkreis|weiblich|680.0
2021|09261|Landshut, kreisfreie Stadt|Insgesamt|764.0
2021|09261|Landshut, kreisfreie Stadt|männlich|365.0
2021|09261|Landshut, kreisfreie Stadt|weiblich|399.0
2021|09262|Passau, kreisfreie Stadt|Insgesamt|445.0
2021|09262|Passau, kreisfreie Stadt|männlich|210.0
2021|09262|Passau, kreisfreie Stadt|weiblich|235.0
2021|09263|Straubing, kreisfreie Stadt|Insgesamt|446.0
2021|09263|Straubing, kreisfreie Stadt|männlich|233.0
2021|09263|Straubing, kreisfreie Stadt|weiblich|213.0
2021|09271|Deggendorf, Landkreis|Insgesamt|1138.0
2021|09271|Deggendorf, Landkreis|männlich|610.0
2021|09271|Deggendorf, Landkreis|weiblich|528.0
2021|09272|Freyung-Grafenau, Landkreis|Insgesamt|671.0
2021|09272|Freyung-Grafenau, Landkreis|männlich|349.0
2021|09272|Freyung-Grafenau, Landkreis|weiblich|322.0
2021|09273|Kelheim, Landkreis|Insgesamt|1310.0
2021|09273|Kelheim, Landkreis|männlich|658.0
2021|09273|Kelheim, Landkreis|weiblich|652.0
2021|09274|Landshut, Landkreis|Insgesamt|1705.0
2021|09274|Landshut, Landkreis|männlich|886.0
2021|09274|Landshut, Landkreis|weiblich|819.0
2021|09275|Passau, Landkreis|Insgesamt|1727.0
2021|09275|Passau, Landkreis|männlich|904.0
2021|09275|Passau, Landkreis|weiblich|823.0
2021|09276|Regen, Landkreis|Insgesamt|702.0
2021|09276|Regen, Landkreis|männlich|395.0
2021|09276|Regen, Landkreis|weiblich|307.0
2021|09277|Rottal-Inn, Landkreis|Insgesamt|1160.0
2021|09277|Rottal-Inn, Landkreis|männlich|610.0
2021|09277|Rottal-Inn, Landkreis|weiblich|550.0
2021|09278|Straubing-Bogen, Landkreis|Insgesamt|1090.0
2021|09278|Straubing-Bogen, Landkreis|männlich|569.0
2021|09278|Straubing-Bogen, Landkreis|weiblich|521.0
2021|09279|Dingolfing-Landau, Landkreis|Insgesamt|1065.0
2021|09279|Dingolfing-Landau, Landkreis|männlich|540.0
2021|09279|Dingolfing-Landau, Landkreis|weiblich|525.0
2021|09361|Amberg, kreisfreie Stadt|Insgesamt|367.0
2021|09361|Amberg, kreisfreie Stadt|männlich|193.0
2021|09361|Amberg, kreisfreie Stadt|weiblich|174.0
2021|09362|Regensburg, kreisfreie Stadt|Insgesamt|1618.0
2021|09362|Regensburg, kreisfreie Stadt|männlich|808.0
2021|09362|Regensburg, kreisfreie Stadt|weiblich|810.0
2021|09363|Weiden i.d.OPf., kreisfreie Stadt|Insgesamt|401.0
2021|09363|Weiden i.d.OPf., kreisfreie Stadt|männlich|199.0
2021|09363|Weiden i.d.OPf., kreisfreie Stadt|weiblich|202.0
2021|09371|Amberg-Sulzbach, Landkreis|Insgesamt|1057.0
2021|09371|Amberg-Sulzbach, Landkreis|männlich|548.0
2021|09371|Amberg-Sulzbach, Landkreis|weiblich|509.0
2021|09372|Cham, Landkreis|Insgesamt|1231.0
2021|09372|Cham, Landkreis|männlich|611.0
2021|09372|Cham, Landkreis|weiblich|620.0
2021|09373|Neumarkt i.d.OPf., Landkreis|Insgesamt|1400.0
2021|09373|Neumarkt i.d.OPf., Landkreis|männlich|721.0
2021|09373|Neumarkt i.d.OPf., Landkreis|weiblich|679.0
2021|09374|Neustadt a.d.Waldnaab, Landkreis|Insgesamt|1051.0
2021|09374|Neustadt a.d.Waldnaab, Landkreis|männlich|525.0
2021|09374|Neustadt a.d.Waldnaab, Landkreis|weiblich|526.0
2021|09375|Regensburg, Landkreis|Insgesamt|1888.0
2021|09375|Regensburg, Landkreis|männlich|966.0
2021|09375|Regensburg, Landkreis|weiblich|922.0
2021|09376|Schwandorf, Landkreis|Insgesamt|1414.0
2021|09376|Schwandorf, Landkreis|männlich|737.0
2021|09376|Schwandorf, Landkreis|weiblich|677.0
2021|09377|Tirschenreuth, Landkreis|Insgesamt|657.0
2021|09377|Tirschenreuth, Landkreis|männlich|321.0
2021|09377|Tirschenreuth, Landkreis|weiblich|336.0
2021|09461|Bamberg, kreisfreie Stadt|Insgesamt|798.0
2021|09461|Bamberg, kreisfreie Stadt|männlich|409.0
2021|09461|Bamberg, kreisfreie Stadt|weiblich|389.0
2021|09462|Bayreuth, kreisfreie Stadt|Insgesamt|604.0
2021|09462|Bayreuth, kreisfreie Stadt|männlich|315.0
2021|09462|Bayreuth, kreisfreie Stadt|weiblich|289.0
2021|09463|Coburg, kreisfreie Stadt|Insgesamt|380.0
2021|09463|Coburg, kreisfreie Stadt|männlich|186.0
2021|09463|Coburg, kreisfreie Stadt|weiblich|194.0
2021|09464|Hof, kreisfreie Stadt|Insgesamt|430.0
2021|09464|Hof, kreisfreie Stadt|männlich|232.0
2021|09464|Hof, kreisfreie Stadt|weiblich|198.0
2021|09471|Bamberg, Landkreis|Insgesamt|1457.0
2021|09471|Bamberg, Landkreis|männlich|746.0
2021|09471|Bamberg, Landkreis|weiblich|711.0
2021|09472|Bayreuth, Landkreis|Insgesamt|938.0
2021|09472|Bayreuth, Landkreis|männlich|488.0
2021|09472|Bayreuth, Landkreis|weiblich|450.0
2021|09473|Coburg, Landkreis|Insgesamt|776.0
2021|09473|Coburg, Landkreis|männlich|417.0
2021|09473|Coburg, Landkreis|weiblich|359.0
2021|09474|Forchheim, Landkreis|Insgesamt|1138.0
2021|09474|Forchheim, Landkreis|männlich|563.0
2021|09474|Forchheim, Landkreis|weiblich|575.0
2021|09475|Hof, Landkreis|Insgesamt|707.0
2021|09475|Hof, Landkreis|männlich|372.0
2021|09475|Hof, Landkreis|weiblich|335.0
2021|09476|Kronach, Landkreis|Insgesamt|454.0
2021|09476|Kronach, Landkreis|männlich|229.0
2021|09476|Kronach, Landkreis|weiblich|225.0
2021|09477|Kulmbach, Landkreis|Insgesamt|578.0
2021|09477|Kulmbach, Landkreis|männlich|285.0
2021|09477|Kulmbach, Landkreis|weiblich|293.0
2021|09478|Lichtenfels, Landkreis|Insgesamt|587.0
2021|09478|Lichtenfels, Landkreis|männlich|306.0
2021|09478|Lichtenfels, Landkreis|weiblich|281.0
2021|09479|Wunsiedel i.Fichtelgebirge, Landkreis|Insgesamt|563.0
2021|09479|Wunsiedel i.Fichtelgebirge, Landkreis|männlich|287.0
2021|09479|Wunsiedel i.Fichtelgebirge, Landkreis|weiblich|276.0
2021|09561|Ansbach, kreisfreie Stadt|Insgesamt|460.0
2021|09561|Ansbach, kreisfreie Stadt|männlich|232.0
2021|09561|Ansbach, kreisfreie Stadt|weiblich|228.0
2021|09562|Erlangen, kreisfreie Stadt|Insgesamt|1083.0
2021|09562|Erlangen, kreisfreie Stadt|männlich|539.0
2021|09562|Erlangen, kreisfreie Stadt|weiblich|544.0
2021|09563|Fürth, kreisfreie Stadt|Insgesamt|1428.0
2021|09563|Fürth, kreisfreie Stadt|männlich|754.0
2021|09563|Fürth, kreisfreie Stadt|weiblich|674.0
2021|09564|Nürnberg, kreisfreie Stadt|Insgesamt|5508.0
2021|09564|Nürnberg, kreisfreie Stadt|männlich|2828.0
2021|09564|Nürnberg, kreisfreie Stadt|weiblich|2680.0
2021|09565|Schwabach, kreisfreie Stadt|Insgesamt|395.0
2021|09565|Schwabach, kreisfreie Stadt|männlich|209.0
2021|09565|Schwabach, kreisfreie Stadt|weiblich|186.0
2021|09571|Ansbach, Landkreis|Insgesamt|1840.0
2021|09571|Ansbach, Landkreis|männlich|954.0
2021|09571|Ansbach, Landkreis|weiblich|886.0
2021|09572|Erlangen-Höchstadt, Landkreis|Insgesamt|1381.0
2021|09572|Erlangen-Höchstadt, Landkreis|männlich|709.0
2021|09572|Erlangen-Höchstadt, Landkreis|weiblich|672.0
2021|09573|Fürth, Landkreis|Insgesamt|1119.0
2021|09573|Fürth, Landkreis|männlich|577.0
2021|09573|Fürth, Landkreis|weiblich|542.0
2021|09574|Nürnberger Land, Landkreis|Insgesamt|1610.0
2021|09574|Nürnberger Land, Landkreis|männlich|836.0
2021|09574|Nürnberger Land, Landkreis|weiblich|774.0
2021|09575|Neustadt a.d.Aisch-Bad Windsheim, Landkreis|Insgesamt|951.0
2021|09575|Neustadt a.d.Aisch-Bad Windsheim, Landkreis|männlich|509.0
2021|09575|Neustadt a.d.Aisch-Bad Windsheim, Landkreis|weiblich|442.0
2021|09576|Roth, Landkreis|Insgesamt|1278.0
2021|09576|Roth, Landkreis|männlich|642.0
2021|09576|Roth, Landkreis|weiblich|636.0
2021|09577|Weißenburg-Gunzenhausen, Landkreis|Insgesamt|904.0
2021|09577|Weißenburg-Gunzenhausen, Landkreis|männlich|473.0
2021|09577|Weißenburg-Gunzenhausen, Landkreis|weiblich|431.0
2021|09661|Aschaffenburg, kreisfreie Stadt|Insgesamt|730.0
2021|09661|Aschaffenburg, kreisfreie Stadt|männlich|359.0
2021|09661|Aschaffenburg, kreisfreie Stadt|weiblich|371.0
2021|09662|Schweinfurt, kreisfreie Stadt|Insgesamt|541.0
2021|09662|Schweinfurt, kreisfreie Stadt|männlich|258.0
2021|09662|Schweinfurt, kreisfreie Stadt|weiblich|283.0
2021|09663|Würzburg, kreisfreie Stadt|Insgesamt|1340.0
2021|09663|Würzburg, kreisfreie Stadt|männlich|670.0
2021|09663|Würzburg, kreisfreie Stadt|weiblich|670.0
2021|09671|Aschaffenburg, Landkreis|Insgesamt|1724.0
2021|09671|Aschaffenburg, Landkreis|männlich|879.0
2021|09671|Aschaffenburg, Landkreis|weiblich|845.0
2021|09672|Bad Kissingen, Landkreis|Insgesamt|935.0
2021|09672|Bad Kissingen, Landkreis|männlich|494.0
2021|09672|Bad Kissingen, Landkreis|weiblich|441.0
2021|09673|Rhön-Grabfeld, Landkreis|Insgesamt|752.0
2021|09673|Rhön-Grabfeld, Landkreis|männlich|395.0
2021|09673|Rhön-Grabfeld, Landkreis|weiblich|357.0
2021|09674|Haßberge, Landkreis|Insgesamt|809.0
2021|09674|Haßberge, Landkreis|männlich|414.0
2021|09674|Haßberge, Landkreis|weiblich|395.0
2021|09675|Kitzingen, Landkreis|Insgesamt|929.0
2021|09675|Kitzingen, Landkreis|männlich|474.0
2021|09675|Kitzingen, Landkreis|weiblich|455.0
2021|09676|Miltenberg, Landkreis|Insgesamt|1161.0
2021|09676|Miltenberg, Landkreis|männlich|573.0
2021|09676|Miltenberg, Landkreis|weiblich|588.0
2021|09677|Main-Spessart, Landkreis|Insgesamt|1043.0
2021|09677|Main-Spessart, Landkreis|männlich|531.0
2021|09677|Main-Spessart, Landkreis|weiblich|512.0
2021|09678|Schweinfurt, Landkreis|Insgesamt|1124.0
2021|09678|Schweinfurt, Landkreis|männlich|554.0
2021|09678|Schweinfurt, Landkreis|weiblich|570.0
2021|09679|Würzburg, Landkreis|Insgesamt|1601.0
2021|09679|Würzburg, Landkreis|männlich|820.0
2021|09679|Würzburg, Landkreis|weiblich|781.0
2021|09761|Augsburg, kreisfreie Stadt|Insgesamt|3144.0
2021|09761|Augsburg, kreisfreie Stadt|männlich|1594.0
2021|09761|Augsburg, kreisfreie Stadt|weiblich|1550.0
2021|09762|Kaufbeuren, kreisfreie Stadt|Insgesamt|474.0
2021|09762|Kaufbeuren, kreisfreie Stadt|männlich|233.0
2021|09762|Kaufbeuren, kreisfreie Stadt|weiblich|241.0
2021|09763|Kempten (Allgäu), kreisfreie Stadt|Insgesamt|717.0
2021|09763|Kempten (Allgäu), kreisfreie Stadt|männlich|375.0
2021|09763|Kempten (Allgäu), kreisfreie Stadt|weiblich|342.0
2021|09764|Memmingen, kreisfreie Stadt|Insgesamt|481.0
2021|09764|Memmingen, kreisfreie Stadt|männlich|250.0
2021|09764|Memmingen, kreisfreie Stadt|weiblich|231.0
2021|09771|Aichach-Friedberg, Landkreis|Insgesamt|1396.0
2021|09771|Aichach-Friedberg, Landkreis|männlich|739.0
2021|09771|Aichach-Friedberg, Landkreis|weiblich|657.0
2021|09772|Augsburg, Landkreis|Insgesamt|2634.0
2021|09772|Augsburg, Landkreis|männlich|1365.0
2021|09772|Augsburg, Landkreis|weiblich|1269.0
2021|09773|Dillingen a.d.Donau, Landkreis|Insgesamt|1003.0
2021|09773|Dillingen a.d.Donau, Landkreis|männlich|518.0
2021|09773|Dillingen a.d.Donau, Landkreis|weiblich|485.0
2021|09774|Günzburg, Landkreis|Insgesamt|1318.0
2021|09774|Günzburg, Landkreis|männlich|684.0
2021|09774|Günzburg, Landkreis|weiblich|634.0
2021|09775|Neu-Ulm, Landkreis|Insgesamt|1972.0
2021|09775|Neu-Ulm, Landkreis|männlich|1010.0
2021|09775|Neu-Ulm, Landkreis|weiblich|962.0
2021|09776|Lindau (Bodensee), Landkreis|Insgesamt|778.0
2021|09776|Lindau (Bodensee), Landkreis|männlich|411.0
2021|09776|Lindau (Bodensee), Landkreis|weiblich|367.0
2021|09777|Ostallgäu, Landkreis|Insgesamt|1513.0
2021|09777|Ostallgäu, Landkreis|männlich|749.0
2021|09777|Ostallgäu, Landkreis|weiblich|764.0
2021|09778|Unterallgäu, Landkreis|Insgesamt|1566.0
2021|09778|Unterallgäu, Landkreis|männlich|790.0
2021|09778|Unterallgäu, Landkreis|weiblich|776.0
2021|09779|Donau-Ries, Landkreis|Insgesamt|1397.0
2021|09779|Donau-Ries, Landkreis|männlich|717.0
2021|09779|Donau-Ries, Landkreis|weiblich|680.0
2021|09780|Oberallgäu, Landkreis|Insgesamt|1674.0
2021|09780|Oberallgäu, Landkreis|männlich|860.0
2021|09780|Oberallgäu, Landkreis|weiblich|814.0
2021|10041|Saarbrücken, Regionalverband|Insgesamt|2932.0
2021|10041|Saarbrücken, Regionalverband|männlich|1487.0
2021|10041|Saarbrücken, Regionalverband|weiblich|1445.0
2021|10041100|Saarbrücken, Landeshauptstadt|Insgesamt|1660.0
2021|10041100|Saarbrücken, Landeshauptstadt|männlich|834.0
2021|10041100|Saarbrücken, Landeshauptstadt|weiblich|826.0
2021|10042|Merzig-Wadern, Landkreis|Insgesamt|788.0
2021|10042|Merzig-Wadern, Landkreis|männlich|408.0
2021|10042|Merzig-Wadern, Landkreis|weiblich|380.0
2021|10043|Neunkirchen, Landkreis|Insgesamt|1148.0
2021|10043|Neunkirchen, Landkreis|männlich|601.0
2021|10043|Neunkirchen, Landkreis|weiblich|547.0
2021|10044|Saarlouis, Landkreis|Insgesamt|1633.0
2021|10044|Saarlouis, Landkreis|männlich|808.0
2021|10044|Saarlouis, Landkreis|weiblich|825.0
2021|10045|Saarpfalz-Kreis|Insgesamt|1167.0
2021|10045|Saarpfalz-Kreis|männlich|586.0
2021|10045|Saarpfalz-Kreis|weiblich|581.0
2021|10046|St. Wendel, Landkreis|Insgesamt|671.0
2021|10046|St. Wendel, Landkreis|männlich|337.0
2021|10046|St. Wendel, Landkreis|weiblich|334.0
2021|11000|Berlin, kreisfreie Stadt|Insgesamt|39168.0
2021|11000|Berlin, kreisfreie Stadt|männlich|20176.0
2021|11000|Berlin, kreisfreie Stadt|weiblich|18992.0
2021|11001001|Berlin-Mitte|Insgesamt|
2021|11001001|Berlin-Mitte|männlich|
2021|11001001|Berlin-Mitte|weiblich|
2021|11002002|Berlin-Friedrichshain-Kreuzberg|Insgesamt|
2021|11002002|Berlin-Friedrichshain-Kreuzberg|männlich|
2021|11002002|Berlin-Friedrichshain-Kreuzberg|weiblich|
2021|11003003|Berlin-Pankow|Insgesamt|
2021|11003003|Berlin-Pankow|männlich|
2021|11003003|Berlin-Pankow|weiblich|
2021|11004004|Berlin-Charlottenburg-Wilmersdorf|Insgesamt|
2021|11004004|Berlin-Charlottenburg-Wilmersdorf|männlich|
2021|11004004|Berlin-Charlottenburg-Wilmersdorf|weiblich|
2021|11005005|Berlin-Spandau|Insgesamt|
2021|11005005|Berlin-Spandau|männlich|
2021|11005005|Berlin-Spandau|weiblich|
2021|11006006|Berlin-Steglitz-Zehlendorf|Insgesamt|
2021|11006006|Berlin-Steglitz-Zehlendorf|männlich|
2021|11006006|Berlin-Steglitz-Zehlendorf|weiblich|
2021|11007007|Berlin-Tempelhof-Schöneberg|Insgesamt|
2021|11007007|Berlin-Tempelhof-Schöneberg|männlich|
2021|11007007|Berlin-Tempelhof-Schöneberg|weiblich|
2021|11008008|Berlin-Neukölln|Insgesamt|
2021|11008008|Berlin-Neukölln|männlich|
2021|11008008|Berlin-Neukölln|weiblich|
2021|11009009|Berlin-Treptow-Köpenick|Insgesamt|
2021|11009009|Berlin-Treptow-Köpenick|männlich|
2021|11009009|Berlin-Treptow-Köpenick|weiblich|
2021|11010010|Berlin-Marzahn-Hellersdorf|Insgesamt|
2021|11010010|Berlin-Marzahn-Hellersdorf|männlich|
2021|11010010|Berlin-Marzahn-Hellersdorf|weiblich|
2021|11011011|Berlin-Lichtenberg|Insgesamt|
2021|11011011|Berlin-Lichtenberg|männlich|
2021|11011011|Berlin-Lichtenberg|weiblich|
2021|11012012|Berlin-Reinickendorf|Insgesamt|
2021|11012012|Berlin-Reinickendorf|männlich|
2021|11012012|Berlin-Reinickendorf|weiblich|
2021|12051|Brandenburg an der Havel, kreisfreie Stadt|Insgesamt|568.0
2021|12051|Brandenburg an der Havel, kreisfreie Stadt|männlich|282.0
2021|12051|Brandenburg an der Havel, kreisfreie Stadt|weiblich|286.0
2021|12052|Cottbus, kreisfreie Stadt|Insgesamt|839.0
2021|12052|Cottbus, kreisfreie Stadt|männlich|418.0
2021|12052|Cottbus, kreisfreie Stadt|weiblich|421.0
2021|12053|Frankfurt (Oder), kreisfreie Stadt|Insgesamt|397.0
2021|12053|Frankfurt (Oder), kreisfreie Stadt|männlich|192.0
2021|12053|Frankfurt (Oder), kreisfreie Stadt|weiblich|205.0
2021|12054|Potsdam, kreisfreie Stadt|Insgesamt|1874.0
2021|12054|Potsdam, kreisfreie Stadt|männlich|980.0
2021|12054|Potsdam, kreisfreie Stadt|weiblich|894.0
2021|12060|Barnim, Landkreis|Insgesamt|1400.0
2021|12060|Barnim, Landkreis|männlich|713.0
2021|12060|Barnim, Landkreis|weiblich|687.0
2021|12061|Dahme-Spreewald, Landkreis|Insgesamt|1424.0
2021|12061|Dahme-Spreewald, Landkreis|männlich|744.0
2021|12061|Dahme-Spreewald, Landkreis|weiblich|680.0
2021|12062|Elbe-Elster, Landkreis|Insgesamt|669.0
2021|12062|Elbe-Elster, Landkreis|männlich|326.0
2021|12062|Elbe-Elster, Landkreis|weiblich|343.0
2021|12063|Havelland, Landkreis|Insgesamt|1256.0
2021|12063|Havelland, Landkreis|männlich|671.0
2021|12063|Havelland, Landkreis|weiblich|585.0
2021|12064|Märkisch-Oderland, Landkreis|Insgesamt|1409.0
2021|12064|Märkisch-Oderland, Landkreis|männlich|707.0
2021|12064|Märkisch-Oderland, Landkreis|weiblich|702.0
2021|12065|Oberhavel, Landkreis|Insgesamt|1664.0
2021|12065|Oberhavel, Landkreis|männlich|849.0
2021|12065|Oberhavel, Landkreis|weiblich|815.0
2021|12066|Oberspreewald-Lausitz, Landkreis|Insgesamt|693.0
2021|12066|Oberspreewald-Lausitz, Landkreis|männlich|377.0
2021|12066|Oberspreewald-Lausitz, Landkreis|weiblich|316.0
2021|12067|Oder-Spree, Landkreis|Insgesamt|1300.0
2021|12067|Oder-Spree, Landkreis|männlich|648.0
2021|12067|Oder-Spree, Landkreis|weiblich|652.0
2021|12068|Ostprignitz-Ruppin, Landkreis|Insgesamt|687.0
2021|12068|Ostprignitz-Ruppin, Landkreis|männlich|369.0
2021|12068|Ostprignitz-Ruppin, Landkreis|weiblich|318.0
2021|12069|Potsdam-Mittelmark, Landkreis|Insgesamt|1500.0
2021|12069|Potsdam-Mittelmark, Landkreis|männlich|780.0
2021|12069|Potsdam-Mittelmark, Landkreis|weiblich|720.0
2021|12070|Prignitz, Landkreis|Insgesamt|482.0
2021|12070|Prignitz, Landkreis|männlich|238.0
2021|12070|Prignitz, Landkreis|weiblich|244.0
2021|12071|Spree-Neiße, Landkreis|Insgesamt|687.0
2021|12071|Spree-Neiße, Landkreis|männlich|350.0
2021|12071|Spree-Neiße, Landkreis|weiblich|337.0
2021|12072|Teltow-Fläming, Landkreis|Insgesamt|1419.0
2021|12072|Teltow-Fläming, Landkreis|männlich|709.0
2021|12072|Teltow-Fläming, Landkreis|weiblich|710.0
2021|12073|Uckermark, Landkreis|Insgesamt|761.0
2021|12073|Uckermark, Landkreis|männlich|406.0
2021|12073|Uckermark, Landkreis|weiblich|355.0
2021|13003|Rostock, kreisfreie Stadt|Insgesamt|1876.0
2021|13003|Rostock, kreisfreie Stadt|männlich|952.0
2021|13003|Rostock, kreisfreie Stadt|weiblich|924.0
2021|13004|Schwerin, kreisfreie Stadt|Insgesamt|831.0
2021|13004|Schwerin, kreisfreie Stadt|männlich|427.0
2021|13004|Schwerin, kreisfreie Stadt|weiblich|404.0
2021|13071|Mecklenburgische Seenplatte, Landkreis|Insgesamt|1757.0
2021|13071|Mecklenburgische Seenplatte, Landkreis|männlich|848.0
2021|13071|Mecklenburgische Seenplatte, Landkreis|weiblich|909.0
2021|13072|Landkreis Rostock|Insgesamt|1642.0
2021|13072|Landkreis Rostock|männlich|853.0
2021|13072|Landkreis Rostock|weiblich|789.0
2021|13073|Vorpommern-Rügen, Landkreis|Insgesamt|1447.0
2021|13073|Vorpommern-Rügen, Landkreis|männlich|719.0
2021|13073|Vorpommern-Rügen, Landkreis|weiblich|728.0
2021|13074|Nordwestmecklenburg, Landkreis|Insgesamt|1182.0
2021|13074|Nordwestmecklenburg, Landkreis|männlich|622.0
2021|13074|Nordwestmecklenburg, Landkreis|weiblich|560.0
2021|13075|Vorpommern-Greifswald, Landkreis|Insgesamt|1595.0
2021|13075|Vorpommern-Greifswald, Landkreis|männlich|814.0
2021|13075|Vorpommern-Greifswald, Landkreis|weiblich|781.0
2021|13076|Ludwigslust-Parchim, Landkreis|Insgesamt|1515.0
2021|13076|Ludwigslust-Parchim, Landkreis|männlich|801.0
2021|13076|Ludwigslust-Parchim, Landkreis|weiblich|714.0
2021|14511|Chemnitz, kreisfreie Stadt|Insgesamt|2061.0
2021|14511|Chemnitz, kreisfreie Stadt|männlich|1059.0
2021|14511|Chemnitz, kreisfreie Stadt|weiblich|1002.0
2021|14521|Erzgebirgskreis|Insgesamt|2268.0
2021|14521|Erzgebirgskreis|männlich|1132.0
2021|14521|Erzgebirgskreis|weiblich|1136.0
2021|14522|Mittelsachsen, Landkreis|Insgesamt|2189.0
2021|14522|Mittelsachsen, Landkreis|männlich|1119.0
2021|14522|Mittelsachsen, Landkreis|weiblich|1070.0
2021|14523|Vogtlandkreis|Insgesamt|1508.0
2021|14523|Vogtlandkreis|männlich|806.0
2021|14523|Vogtlandkreis|weiblich|702.0
2021|14524|Zwickau, Landkreis|Insgesamt|2175.0
2021|14524|Zwickau, Landkreis|männlich|1131.0
2021|14524|Zwickau, Landkreis|weiblich|1044.0
2021|14612|Dresden, kreisfreie Stadt|Insgesamt|5573.0
2021|14612|Dresden, kreisfreie Stadt|männlich|2852.0
2021|14612|Dresden, kreisfreie Stadt|weiblich|2721.0
2021|14625|Bautzen, Landkreis|Insgesamt|2189.0
2021|14625|Bautzen, Landkreis|männlich|1153.0
2021|14625|Bautzen, Landkreis|weiblich|1036.0
2021|14626|Görlitz, Landkreis|Insgesamt|1701.0
2021|14626|Görlitz, Landkreis|männlich|894.0
2021|14626|Görlitz, Landkreis|weiblich|807.0
2021|14627|Meißen, Landkreis|Insgesamt|1624.0
2021|14627|Meißen, Landkreis|männlich|816.0
2021|14627|Meißen, Landkreis|weiblich|808.0
2021|14628|Sächsische Schweiz-Osterzgebirge, Landkreis|Insgesamt|1703.0
2021|14628|Sächsische Schweiz-Osterzgebirge, Landkreis|männlich|861.0
2021|14628|Sächsische Schweiz-Osterzgebirge, Landkreis|weiblich|842.0
2021|14713|Leipzig, kreisfreie Stadt|Insgesamt|6315.0
2021|14713|Leipzig, kreisfreie Stadt|männlich|3250.0
2021|14713|Leipzig, kreisfreie Stadt|weiblich|3065.0
2021|14729|Leipzig, Landkreis|Insgesamt|1890.0
2021|14729|Leipzig, Landkreis|männlich|985.0
2021|14729|Leipzig, Landkreis|weiblich|905.0
2021|14730|Nordsachsen, Landkreis|Insgesamt|1352.0
2021|14730|Nordsachsen, Landkreis|männlich|702.0
2021|14730|Nordsachsen, Landkreis|weiblich|650.0
2021|15001|Dessau-Roßlau, kreisfreie Stadt|Insgesamt|536.0
2021|15001|Dessau-Roßlau, kreisfreie Stadt|männlich|258.0
2021|15001|Dessau-Roßlau, kreisfreie Stadt|weiblich|278.0
2021|15002|Halle (Saale), kreisfreie Stadt|Insgesamt|2137.0
2021|15002|Halle (Saale), kreisfreie Stadt|männlich|1089.0
2021|15002|Halle (Saale), kreisfreie Stadt|weiblich|1048.0
2021|15003|Magdeburg, kreisfreie Stadt, Landeshauptstadt|Insgesamt|2100.0
2021|15003|Magdeburg, kreisfreie Stadt, Landeshauptstadt|männlich|1078.0
2021|15003|Magdeburg, kreisfreie Stadt, Landeshauptstadt|weiblich|1022.0
2021|15081|Altmarkkreis Salzwedel|Insgesamt|571.0
2021|15081|Altmarkkreis Salzwedel|männlich|298.0
2021|15081|Altmarkkreis Salzwedel|weiblich|273.0
2021|15082|Anhalt-Bitterfeld, Landkreis|Insgesamt|1056.0
2021|15082|Anhalt-Bitterfeld, Landkreis|männlich|545.0
2021|15082|Anhalt-Bitterfeld, Landkreis|weiblich|511.0
2021|15083|Börde, Landkreis|Insgesamt|1261.0
2021|15083|Börde, Landkreis|männlich|645.0
2021|15083|Börde, Landkreis|weiblich|616.0
2021|15084|Burgenlandkreis|Insgesamt|1268.0
2021|15084|Burgenlandkreis|männlich|677.0
2021|15084|Burgenlandkreis|weiblich|591.0
2021|15085|Harz, Landkreis|Insgesamt|1434.0
2021|15085|Harz, Landkreis|männlich|792.0
2021|15085|Harz, Landkreis|weiblich|642.0
2021|15086|Jerichower Land, Landkreis|Insgesamt|622.0
2021|15086|Jerichower Land, Landkreis|männlich|311.0
2021|15086|Jerichower Land, Landkreis|weiblich|311.0
2021|15087|Mansfeld-Südharz, Landkreis|Insgesamt|831.0
2021|15087|Mansfeld-Südharz, Landkreis|männlich|460.0
2021|15087|Mansfeld-Südharz, Landkreis|weiblich|371.0
2021|15088|Saalekreis|Insgesamt|1305.0
2021|15088|Saalekreis|männlich|665.0
2021|15088|Saalekreis|weiblich|640.0
2021|15089|Salzlandkreis|Insgesamt|1276.0
2021|15089|Salzlandkreis|männlich|655.0
2021|15089|Salzlandkreis|weiblich|621.0
2021|15090|Stendal, Landkreis|Insgesamt|777.0
2021|15090|Stendal, Landkreis|männlich|403.0
2021|15090|Stendal, Landkreis|weiblich|374.0
2021|15091|Wittenberg, Landkreis|Insgesamt|850.0
2021|15091|Wittenberg, Landkreis|männlich|430.0
2021|15091|Wittenberg, Landkreis|weiblich|420.0
2021|16051|Erfurt, kreisfreie Stadt|Insgesamt|1903.0
2021|16051|Erfurt, kreisfreie Stadt|männlich|960.0
2021|16051|Erfurt, kreisfreie Stadt|weiblich|943.0
2021|16052|Gera, kreisfreie Stadt|Insgesamt|644.0
2021|16052|Gera, kreisfreie Stadt|männlich|338.0
2021|16052|Gera, kreisfreie Stadt|weiblich|306.0
2021|16053|Jena, kreisfreie Stadt|Insgesamt|1052.0
2021|16053|Jena, kreisfreie Stadt|männlich|521.0
2021|16053|Jena, kreisfreie Stadt|weiblich|531.0
2021|16054|Suhl, kreisfreie Stadt|Insgesamt|233.0
2021|16054|Suhl, kreisfreie Stadt|männlich|113.0
2021|16054|Suhl, kreisfreie Stadt|weiblich|120.0
2021|16055|Weimar, kreisfreie Stadt|Insgesamt|522.0
2021|16055|Weimar, kreisfreie Stadt|männlich|269.0
2021|16055|Weimar, kreisfreie Stadt|weiblich|253.0
2021|16061|Eichsfeld, Landkreis|Insgesamt|844.0
2021|16061|Eichsfeld, Landkreis|männlich|454.0
2021|16061|Eichsfeld, Landkreis|weiblich|390.0
2021|16062|Nordhausen, Landkreis|Insgesamt|526.0
2021|16062|Nordhausen, Landkreis|männlich|270.0
2021|16062|Nordhausen, Landkreis|weiblich|256.0
2021|16063|Wartburgkreis|Insgesamt|1086.0
2021|16063|Wartburgkreis|männlich|563.0
2021|16063|Wartburgkreis|weiblich|523.0
2021|16064|Unstrut-Hainich-Kreis|Insgesamt|757.0
2021|16064|Unstrut-Hainich-Kreis|männlich|395.0
2021|16064|Unstrut-Hainich-Kreis|weiblich|362.0
2021|16065|Kyffhäuserkreis|Insgesamt|471.0
2021|16065|Kyffhäuserkreis|männlich|234.0
2021|16065|Kyffhäuserkreis|weiblich|237.0
2021|16066|Schmalkalden-Meiningen, Landkreis|Insgesamt|853.0
2021|16066|Schmalkalden-Meiningen, Landkreis|männlich|434.0
2021|16066|Schmalkalden-Meiningen, Landkreis|weiblich|419.0
2021|16067|Gotha, Landkreis|Insgesamt|1015.0
2021|16067|Gotha, Landkreis|männlich|528.0
2021|16067|Gotha, Landkreis|weiblich|487.0
2021|16068|Sömmerda, Landkreis|Insgesamt|454.0
2021|16068|Sömmerda, Landkreis|männlich|253.0
2021|16068|Sömmerda, Landkreis|weiblich|201.0
2021|16069|Hildburghausen, Landkreis|Insgesamt|441.0
2021|16069|Hildburghausen, Landkreis|männlich|226.0
2021|16069|Hildburghausen, Landkreis|weiblich|215.0
2021|16070|Ilm-Kreis|Insgesamt|767.0
2021|16070|Ilm-Kreis|männlich|422.0
2021|16070|Ilm-Kreis|weiblich|345.0
2021|16071|Weimarer Land, Landkreis|Insgesamt|600.0
2021|16071|Weimarer Land, Landkreis|männlich|301.0
2021|16071|Weimarer Land, Landkreis|weiblich|299.0
2021|16072|Sonneberg, Landkreis|Insgesamt|364.0
2021|16072|Sonneberg, Landkreis|männlich|200.0
2021|16072|Sonneberg, Landkreis|weiblich|164.0
2021|16073|Saalfeld-Rudolstadt, Landkreis|Insgesamt|612.0
2021|16073|Saalfeld-Rudolstadt, Landkreis|männlich|340.0
2021|16073|Saalfeld-Rudolstadt, Landkreis|weiblich|272.0
2021|16074|Saale-Holzland-Kreis|Insgesamt|508.0
2021|16074|Saale-Holzland-Kreis|männlich|265.0
2021|16074|Saale-Holzland-Kreis|weiblich|243.0
2021|16075|Saale-Orla-Kreis|Insgesamt|541.0
2021|16075|Saale-Orla-Kreis|männlich|272.0
2021|16075|Saale-Orla-Kreis|weiblich|269.0
2021|16076|Greiz, Landkreis|Insgesamt|590.0
2021|16076|Greiz, Landkreis|männlich|290.0
2021|16076|Greiz, Landkreis|weiblich|300.0
2021|16077|Altenburger Land, Landkreis|Insgesamt|594.0
2021|16077|Altenburger Land, Landkreis|männlich|290.0
2021|16077|Altenburger Land, Landkreis|weiblich|304.0
2021|010|Schleswig-Holstein|Insgesamt|25298.0
2021|010|Schleswig-Holstein|männlich|13051.0
2021|010|Schleswig-Holstein|weiblich|12247.0
2021|020|Hamburg|Insgesamt|21018.0
2021|020|Hamburg|männlich|10760.0
2021|020|Hamburg|weiblich|10258.0
2021|031|Braunschweig, Statistische Region|Insgesamt|14806.0
2021|031|Braunschweig, Statistische Region|männlich|7633.0
2021|031|Braunschweig, Statistische Region|weiblich|7173.0
2021|032|Hannover, Statistische Region|Insgesamt|20368.0
2021|032|Hannover, Statistische Region|männlich|10505.0
2021|032|Hannover, Statistische Region|weiblich|9863.0
2021|033|Lüneburg, Statistische Region|Insgesamt|15767.0
2021|033|Lüneburg, Statistische Region|männlich|8126.0
2021|033|Lüneburg, Statistische Region|weiblich|7641.0
2021|034|Weser-Ems, Statistische Region|Insgesamt|25500.0
2021|034|Weser-Ems, Statistische Region|männlich|13084.0
2021|034|Weser-Ems, Statistische Region|weiblich|12416.0
2021|040|Bremen|Insgesamt|6971.0
2021|040|Bremen|männlich|3589.0
2021|040|Bremen|weiblich|3382.0
2021|051|Düsseldorf, Regierungsbezirk|Insgesamt|50464.0
2021|051|Düsseldorf, Regierungsbezirk|männlich|25973.0
2021|051|Düsseldorf, Regierungsbezirk|weiblich|24491.0
2021|053|Köln, Regierungsbezirk|Insgesamt|44016.0
2021|053|Köln, Regierungsbezirk|männlich|22692.0
2021|053|Köln, Regierungsbezirk|weiblich|21324.0
2021|055|Münster, Regierungsbezirk|Insgesamt|26402.0
2021|055|Münster, Regierungsbezirk|männlich|13585.0
2021|055|Münster, Regierungsbezirk|weiblich|12817.0
2021|057|Detmold, Regierungsbezirk|Insgesamt|20519.0
2021|057|Detmold, Regierungsbezirk|männlich|10476.0
2021|057|Detmold, Regierungsbezirk|weiblich|10043.0
2021|059|Arnsberg, Regierungsbezirk|Insgesamt|33985.0
2021|059|Arnsberg, Regierungsbezirk|männlich|17502.0
2021|059|Arnsberg, Regierungsbezirk|weiblich|16483.0
2021|064|Darmstadt, Regierungsbezirk|Insgesamt|40872.0
2021|064|Darmstadt, Regierungsbezirk|männlich|21106.0
2021|064|Darmstadt, Regierungsbezirk|weiblich|19766.0
2021|065|Gießen, Regierungsbezirk|Insgesamt|9673.0
2021|065|Gießen, Regierungsbezirk|männlich|4988.0
2021|065|Gießen, Regierungsbezirk|weiblich|4685.0
2021|066|Kassel, Regierungsbezirk|Insgesamt|11001.0
2021|066|Kassel, Regierungsbezirk|männlich|5760.0
2021|066|Kassel, Regierungsbezirk|weiblich|5241.0
2021|071|Koblenz, Statistische Region|Insgesamt|13966.0
2021|071|Koblenz, Statistische Region|männlich|7138.0
2021|071|Koblenz, Statistische Region|weiblich|6828.0
2021|072|Trier, Statistische Region|Insgesamt|4680.0
2021|072|Trier, Statistische Region|männlich|2401.0
2021|072|Trier, Statistische Region|weiblich|2279.0
2021|073|Rheinhessen-Pfalz, Statistische Region|Insgesamt|20001.0
2021|073|Rheinhessen-Pfalz, Statistische Region|männlich|10257.0
2021|073|Rheinhessen-Pfalz, Statistische Region|weiblich|9744.0
2021|081|Stuttgart, Regierungsbezirk|Insgesamt|43609.0
2021|081|Stuttgart, Regierungsbezirk|männlich|22027.0
2021|081|Stuttgart, Regierungsbezirk|weiblich|21582.0
2021|082|Karlsruhe, Regierungsbezirk|Insgesamt|27660.0
2021|082|Karlsruhe, Regierungsbezirk|männlich|14070.0
2021|082|Karlsruhe, Regierungsbezirk|weiblich|13590.0
2021|083|Freiburg, Regierungsbezirk|Insgesamt|22874.0
2021|083|Freiburg, Regierungsbezirk|männlich|11736.0
2021|083|Freiburg, Regierungsbezirk|weiblich|11138.0
2021|084|Tübingen, Regierungsbezirk|Insgesamt|19391.0
2021|084|Tübingen, Regierungsbezirk|männlich|9932.0
2021|084|Tübingen, Regierungsbezirk|weiblich|9459.0
2021|091|Oberbayern, Regierungsbezirk|Insgesamt|50891.0
2021|091|Oberbayern, Regierungsbezirk|männlich|26110.0
2021|091|Oberbayern, Regierungsbezirk|weiblich|24781.0
2021|092|Niederbayern, Regierungsbezirk|Insgesamt|12223.0
2021|092|Niederbayern, Regierungsbezirk|männlich|6329.0
2021|092|Niederbayern, Regierungsbezirk|weiblich|5894.0
2021|093|Oberpfalz, Regierungsbezirk|Insgesamt|11084.0
2021|093|Oberpfalz, Regierungsbezirk|männlich|5629.0
2021|093|Oberpfalz, Regierungsbezirk|weiblich|5455.0
2021|094|Oberfranken, Regierungsbezirk|Insgesamt|9410.0
2021|094|Oberfranken, Regierungsbezirk|männlich|4835.0
2021|094|Oberfranken, Regierungsbezirk|weiblich|4575.0
2021|095|Mittelfranken, Regierungsbezirk|Insgesamt|17957.0
2021|095|Mittelfranken, Regierungsbezirk|männlich|9262.0
2021|095|Mittelfranken, Regierungsbezirk|weiblich|8695.0
2021|096|Unterfranken, Regierungsbezirk|Insgesamt|12689.0
2021|096|Unterfranken, Regierungsbezirk|männlich|6421.0
2021|096|Unterfranken, Regierungsbezirk|weiblich|6268.0
2021|097|Schwaben, Regierungsbezirk|Insgesamt|20067.0
2021|097|Schwaben, Regierungsbezirk|männlich|10295.0
2021|097|Schwaben, Regierungsbezirk|weiblich|9772.0
2021|100|Saarland, Regierungsbezirk|Insgesamt|8339.0
2021|100|Saarland, Regierungsbezirk|männlich|4227.0
2021|100|Saarland, Regierungsbezirk|weiblich|4112.0
2021|110|Berlin|Insgesamt|39168.0
2021|110|Berlin|männlich|20176.0
2021|110|Berlin|weiblich|18992.0
2021|120|Brandenburg|Insgesamt|19029.0
2021|120|Brandenburg|männlich|9759.0
2021|120|Brandenburg|weiblich|9270.0
2021|130|Mecklenburg-Vorpommern, Statistische Region|Insgesamt|11845.0
2021|130|Mecklenburg-Vorpommern, Statistische Region|männlich|6036.0
2021|130|Mecklenburg-Vorpommern, Statistische Region|weiblich|5809.0
2021|145|Chemnitz, Statistische Region|Insgesamt|10201.0
2021|145|Chemnitz, Statistische Region|männlich|5247.0
2021|145|Chemnitz, Statistische Region|weiblich|4954.0
2021|146|Dresden, Statistische Region|Insgesamt|12790.0
2021|146|Dresden, Statistische Region|männlich|6576.0
2021|146|Dresden, Statistische Region|weiblich|6214.0
2021|147|Leipzig, Statistische Region|Insgesamt|9557.0
2021|147|Leipzig, Statistische Region|männlich|4937.0
2021|147|Leipzig, Statistische Region|weiblich|4620.0
2021|150|Sachsen-Anhalt|Insgesamt|16024.0
2021|150|Sachsen-Anhalt|männlich|8306.0
2021|150|Sachsen-Anhalt|weiblich|7718.0
2021|160|Thüringen|Insgesamt|15377.0
2021|160|Thüringen|männlich|7938.0
2021|160|Thüringen|weiblich|7439.0
2022|DG|Deutschland|Insgesamt|738819.0
2022|DG|Deutschland|männlich|379111.0
2022|DG|Deutschland|weiblich|359708.0
2022|01|Schleswig-Holstein|Insgesamt|23953.0
2022|01|Schleswig-Holstein|männlich|12299.0
2022|01|Schleswig-Holstein|weiblich|11654.0
2022|02|Hamburg|Insgesamt|19054.0
2022|02|Hamburg|männlich|9780.0
2022|02|Hamburg|weiblich|9274.0
2022|03|Niedersachsen|Insgesamt|71289.0
2022|03|Niedersachsen|männlich|36559.0
2022|03|Niedersachsen|weiblich|34730.0
2022|04|Bremen|Insgesamt|6720.0
2022|04|Bremen|männlich|3473.0
2022|04|Bremen|weiblich|3247.0
2022|05|Nordrhein-Westfalen|Insgesamt|164496.0
2022|05|Nordrhein-Westfalen|männlich|84455.0
2022|05|Nordrhein-Westfalen|weiblich|80041.0
2022|06|Hessen|Insgesamt|57360.0
2022|06|Hessen|männlich|29342.0
2022|06|Hessen|weiblich|28018.0
2022|07|Rheinland-Pfalz|Insgesamt|36731.0
2022|07|Rheinland-Pfalz|männlich|18824.0
2022|07|Rheinland-Pfalz|weiblich|17907.0
2022|08|Baden-Württemberg|Insgesamt|104549.0
2022|08|Baden-Württemberg|männlich|53708.0
2022|08|Baden-Württemberg|weiblich|50841.0
2022|09|Bayern|Insgesamt|124897.0
2022|09|Bayern|männlich|64000.0
2022|09|Bayern|weiblich|60897.0
2022|10|Saarland|Insgesamt|7814.0
2022|10|Saarland|männlich|3960.0
2022|10|Saarland|weiblich|3854.0
2022|11|Berlin|Insgesamt|35729.0
2022|11|Berlin|männlich|18485.0
2022|11|Berlin|weiblich|17244.0
2022|12|Brandenburg|Insgesamt|17439.0
2022|12|Brandenburg|männlich|8978.0
2022|12|Brandenburg|weiblich|8461.0
2022|13|Mecklenburg-Vorpommern|Insgesamt|10820.0
2022|13|Mecklenburg-Vorpommern|männlich|5547.0
2022|13|Mecklenburg-Vorpommern|weiblich|5273.0
2022|14|Sachsen|Insgesamt|29331.0
2022|14|Sachsen|männlich|15022.0
2022|14|Sachsen|weiblich|14309.0
2022|15|Sachsen-Anhalt|Insgesamt|14506.0
2022|15|Sachsen-Anhalt|männlich|7400.0
2022|15|Sachsen-Anhalt|weiblich|7106.0
2022|16|Thüringen|Insgesamt|14131.0
2022|16|Thüringen|männlich|7279.0
2022|16|Thüringen|weiblich|6852.0
2022|01001|Flensburg, kreisfreie Stadt|Insgesamt|814.0
2022|01001|Flensburg, kreisfreie Stadt|männlich|423.0
2022|01001|Flensburg, kreisfreie Stadt|weiblich|391.0
2022|01002|Kiel, kreisfreie Stadt|Insgesamt|2272.0
2022|01002|Kiel, kreisfreie Stadt|männlich|1130.0
2022|01002|Kiel, kreisfreie Stadt|weiblich|1142.0
2022|01003|Lübeck, kreisfreie Stadt, Hansestadt|Insgesamt|1767.0
2022|01003|Lübeck, kreisfreie Stadt, Hansestadt|männlich|919.0
2022|01003|Lübeck, kreisfreie Stadt, Hansestadt|weiblich|848.0
2022|01004|Neumünster, kreisfreie Stadt|Insgesamt|676.0
2022|01004|Neumünster, kreisfreie Stadt|männlich|383.0
2022|01004|Neumünster, kreisfreie Stadt|weiblich|293.0
2022|01051|Dithmarschen, Kreis|Insgesamt|1027.0
2022|01051|Dithmarschen, Kreis|männlich|503.0
2022|01051|Dithmarschen, Kreis|weiblich|524.0
2022|01053|Herzogtum Lauenburg, Kreis|Insgesamt|1685.0
2022|01053|Herzogtum Lauenburg, Kreis|männlich|888.0
2022|01053|Herzogtum Lauenburg, Kreis|weiblich|797.0
2022|01054|Nordfriesland, Kreis|Insgesamt|1327.0
2022|01054|Nordfriesland, Kreis|männlich|675.0
2022|01054|Nordfriesland, Kreis|weiblich|652.0
2022|01055|Ostholstein, Kreis|Insgesamt|1409.0
2022|01055|Ostholstein, Kreis|männlich|700.0
2022|01055|Ostholstein, Kreis|weiblich|709.0
2022|01056|Pinneberg, Kreis|Insgesamt|2692.0
2022|01056|Pinneberg, Kreis|männlich|1387.0
2022|01056|Pinneberg, Kreis|weiblich|1305.0
2022|01057|Plön, Kreis|Insgesamt|949.0
2022|01057|Plön, Kreis|männlich|482.0
2022|01057|Plön, Kreis|weiblich|467.0
2022|01058|Rendsburg-Eckernförde, Kreis|Insgesamt|2169.0
2022|01058|Rendsburg-Eckernförde, Kreis|männlich|1109.0
2022|01058|Rendsburg-Eckernförde, Kreis|weiblich|1060.0
2022|01059|Schleswig-Flensburg, Kreis|Insgesamt|1716.0
2022|01059|Schleswig-Flensburg, Kreis|männlich|894.0
2022|01059|Schleswig-Flensburg, Kreis|weiblich|822.0
2022|01060|Segeberg, Kreis|Insgesamt|2420.0
2022|01060|Segeberg, Kreis|männlich|1220.0
2022|01060|Segeberg, Kreis|weiblich|1200.0
2022|01061|Steinburg, Kreis|Insgesamt|1040.0
2022|01061|Steinburg, Kreis|männlich|556.0
2022|01061|Steinburg, Kreis|weiblich|484.0
2022|01062|Stormarn, Kreis|Insgesamt|1990.0
2022|01062|Stormarn, Kreis|männlich|1030.0
2022|01062|Stormarn, Kreis|weiblich|960.0
2022|02000|Hamburg, kreisfreie Stadt, Freie und Hansestadt|Insgesamt|19054.0
2022|02000|Hamburg, kreisfreie Stadt, Freie und Hansestadt|männlich|9780.0
2022|02000|Hamburg, kreisfreie Stadt, Freie und Hansestadt|weiblich|9274.0
2022|03101|Braunschweig, kreisfreie Stadt|Insgesamt|2319.0
2022|03101|Braunschweig, kreisfreie Stadt|männlich|1175.0
2022|03101|Braunschweig, kreisfreie Stadt|weiblich|1144.0
2022|03102|Salzgitter, kreisfreie Stadt|Insgesamt|1039.0
2022|03102|Salzgitter, kreisfreie Stadt|männlich|492.0
2022|03102|Salzgitter, kreisfreie Stadt|weiblich|547.0
2022|03103|Wolfsburg, kreisfreie Stadt|Insgesamt|1144.0
2022|03103|Wolfsburg, kreisfreie Stadt|männlich|549.0
2022|03103|Wolfsburg, kreisfreie Stadt|weiblich|595.0
2022|03151|Gifhorn, Landkreis|Insgesamt|1717.0
2022|03151|Gifhorn, Landkreis|männlich|879.0
2022|03151|Gifhorn, Landkreis|weiblich|838.0
2022|03153|Goslar, Landkreis|Insgesamt|926.0
2022|03153|Goslar, Landkreis|männlich|459.0
2022|03153|Goslar, Landkreis|weiblich|467.0
2022|03154|Helmstedt, Landkreis|Insgesamt|750.0
2022|03154|Helmstedt, Landkreis|männlich|384.0
2022|03154|Helmstedt, Landkreis|weiblich|366.0
2022|03155|Northeim, Landkreis|Insgesamt|992.0
2022|03155|Northeim, Landkreis|männlich|513.0
2022|03155|Northeim, Landkreis|weiblich|479.0
2022|03157|Peine, Landkreis|Insgesamt|1317.0
2022|03157|Peine, Landkreis|männlich|694.0
2022|03157|Peine, Landkreis|weiblich|623.0
2022|03158|Wolfenbüttel, Landkreis|Insgesamt|937.0
2022|03158|Wolfenbüttel, Landkreis|männlich|487.0
2022|03158|Wolfenbüttel, Landkreis|weiblich|450.0
2022|03159|Göttingen, Landkreis|Insgesamt|2648.0
2022|03159|Göttingen, Landkreis|männlich|1366.0
2022|03159|Göttingen, Landkreis|weiblich|1282.0
2022|03241|Region Hannover, Landkreis|Insgesamt|10536.0
2022|03241|Region Hannover, Landkreis|männlich|5428.0
2022|03241|Region Hannover, Landkreis|weiblich|5108.0
2022|03241001|Hannover, Landeshauptstadt|Insgesamt|5066.0
2022|03241001|Hannover, Landeshauptstadt|männlich|2574.0
2022|03241001|Hannover, Landeshauptstadt|weiblich|2492.0
2022|03251|Diepholz, Landkreis|Insgesamt|1939.0
2022|03251|Diepholz, Landkreis|männlich|981.0
2022|03251|Diepholz, Landkreis|weiblich|958.0
2022|03252|Hameln-Pyrmont, Landkreis|Insgesamt|1278.0
2022|03252|Hameln-Pyrmont, Landkreis|männlich|653.0
2022|03252|Hameln-Pyrmont, Landkreis|weiblich|625.0
2022|03254|Hildesheim, Landkreis|Insgesamt|2219.0
2022|03254|Hildesheim, Landkreis|männlich|1130.0
2022|03254|Hildesheim, Landkreis|weiblich|1089.0
2022|03255|Holzminden, Landkreis|Insgesamt|580.0
2022|03255|Holzminden, Landkreis|männlich|298.0
2022|03255|Holzminden, Landkreis|weiblich|282.0
2022|03256|Nienburg (Weser), Landkreis|Insgesamt|1025.0
2022|03256|Nienburg (Weser), Landkreis|männlich|541.0
2022|03256|Nienburg (Weser), Landkreis|weiblich|484.0
2022|03257|Schaumburg, Landkreis|Insgesamt|1281.0
2022|03257|Schaumburg, Landkreis|männlich|679.0
2022|03257|Schaumburg, Landkreis|weiblich|602.0
2022|03351|Celle, Landkreis|Insgesamt|1571.0
2022|03351|Celle, Landkreis|männlich|770.0
2022|03351|Celle, Landkreis|weiblich|801.0
2022|03352|Cuxhaven, Landkreis|Insgesamt|1650.0
2022|03352|Cuxhaven, Landkreis|männlich|841.0
2022|03352|Cuxhaven, Landkreis|weiblich|809.0
2022|03353|Harburg, Landkreis|Insgesamt|2177.0
2022|03353|Harburg, Landkreis|männlich|1115.0
2022|03353|Harburg, Landkreis|weiblich|1062.0
2022|03354|Lüchow-Dannenberg, Landkreis|Insgesamt|346.0
2022|03354|Lüchow-Dannenberg, Landkreis|männlich|168.0
2022|03354|Lüchow-Dannenberg, Landkreis|weiblich|178.0
2022|03355|Lüneburg, Landkreis|Insgesamt|1505.0
2022|03355|Lüneburg, Landkreis|männlich|806.0
2022|03355|Lüneburg, Landkreis|weiblich|699.0
2022|03356|Osterholz, Landkreis|Insgesamt|906.0
2022|03356|Osterholz, Landkreis|männlich|472.0
2022|03356|Osterholz, Landkreis|weiblich|434.0
2022|03357|Rotenburg (Wümme), Landkreis|Insgesamt|1469.0
2022|03357|Rotenburg (Wümme), Landkreis|männlich|746.0
2022|03357|Rotenburg (Wümme), Landkreis|weiblich|723.0
2022|03358|Heidekreis|Insgesamt|1235.0
2022|03358|Heidekreis|männlich|604.0
2022|03358|Heidekreis|weiblich|631.0
2022|03359|Stade, Landkreis|Insgesamt|2005.0
2022|03359|Stade, Landkreis|männlich|1040.0
2022|03359|Stade, Landkreis|weiblich|965.0
2022|03360|Uelzen, Landkreis|Insgesamt|752.0
2022|03360|Uelzen, Landkreis|männlich|366.0
2022|03360|Uelzen, Landkreis|weiblich|386.0
2022|03361|Verden, Landkreis|Insgesamt|1251.0
2022|03361|Verden, Landkreis|männlich|645.0
2022|03361|Verden, Landkreis|weiblich|606.0
2022|03401|Delmenhorst, kreisfreie Stadt|Insgesamt|761.0
2022|03401|Delmenhorst, kreisfreie Stadt|männlich|394.0
2022|03401|Delmenhorst, kreisfreie Stadt|weiblich|367.0
2022|03402|Emden, kreisfreie Stadt|Insgesamt|402.0
2022|03402|Emden, kreisfreie Stadt|männlich|180.0
2022|03402|Emden, kreisfreie Stadt|weiblich|222.0
2022|03403|Oldenburg (Oldenburg), kreisfreie Stadt|Insgesamt|1567.0
2022|03403|Oldenburg (Oldenburg), kreisfreie Stadt|männlich|819.0
2022|03403|Oldenburg (Oldenburg), kreisfreie Stadt|weiblich|748.0
2022|03404|Osnabrück, kreisfreie Stadt|Insgesamt|1449.0
2022|03404|Osnabrück, kreisfreie Stadt|männlich|727.0
2022|03404|Osnabrück, kreisfreie Stadt|weiblich|722.0
2022|03405|Wilhelmshaven, kreisfreie Stadt|Insgesamt|617.0
2022|03405|Wilhelmshaven, kreisfreie Stadt|männlich|333.0
2022|03405|Wilhelmshaven, kreisfreie Stadt|weiblich|284.0
2022|03451|Ammerland, Landkreis|Insgesamt|1134.0
2022|03451|Ammerland, Landkreis|männlich|601.0
2022|03451|Ammerland, Landkreis|weiblich|533.0
2022|03452|Aurich, Landkreis|Insgesamt|1498.0
2022|03452|Aurich, Landkreis|männlich|740.0
2022|03452|Aurich, Landkreis|weiblich|758.0
2022|03453|Cloppenburg, Landkreis|Insgesamt|2002.0
2022|03453|Cloppenburg, Landkreis|männlich|1027.0
2022|03453|Cloppenburg, Landkreis|weiblich|975.0
2022|03454|Emsland, Landkreis|Insgesamt|3368.0
2022|03454|Emsland, Landkreis|männlich|1704.0
2022|03454|Emsland, Landkreis|weiblich|1664.0
2022|03455|Friesland, Landkreis|Insgesamt|718.0
2022|03455|Friesland, Landkreis|männlich|372.0
2022|03455|Friesland, Landkreis|weiblich|346.0
2022|03456|Grafschaft Bentheim, Landkreis|Insgesamt|1337.0
2022|03456|Grafschaft Bentheim, Landkreis|männlich|721.0
2022|03456|Grafschaft Bentheim, Landkreis|weiblich|616.0
2022|03457|Leer, Landkreis|Insgesamt|1589.0
2022|03457|Leer, Landkreis|männlich|826.0
2022|03457|Leer, Landkreis|weiblich|763.0
2022|03458|Oldenburg, Landkreis|Insgesamt|1229.0
2022|03458|Oldenburg, Landkreis|männlich|664.0
2022|03458|Oldenburg, Landkreis|weiblich|565.0
2022|03459|Osnabrück, Landkreis|Insgesamt|3320.0
2022|03459|Osnabrück, Landkreis|männlich|1717.0
2022|03459|Osnabrück, Landkreis|weiblich|1603.0
2022|03460|Vechta, Landkreis|Insgesamt|1567.0
2022|03460|Vechta, Landkreis|männlich|795.0
2022|03460|Vechta, Landkreis|weiblich|772.0
2022|03461|Wesermarsch, Landkreis|Insgesamt|771.0
2022|03461|Wesermarsch, Landkreis|männlich|410.0
2022|03461|Wesermarsch, Landkreis|weiblich|361.0
2022|03462|Wittmund, Landkreis|Insgesamt|446.0
2022|03462|Wittmund, Landkreis|männlich|248.0
2022|03462|Wittmund, Landkreis|weiblich|198.0
2022|04011|Bremen, kreisfreie Stadt|Insgesamt|5534.0
2022|04011|Bremen, kreisfreie Stadt|männlich|2854.0
2022|04011|Bremen, kreisfreie Stadt|weiblich|2680.0
2022|04012|Bremerhaven, kreisfreie Stadt|Insgesamt|1186.0
2022|04012|Bremerhaven, kreisfreie Stadt|männlich|619.0
2022|04012|Bremerhaven, kreisfreie Stadt|weiblich|567.0
2022|05111|Düsseldorf, kreisfreie Stadt|Insgesamt|6245.0
2022|05111|Düsseldorf, kreisfreie Stadt|männlich|3197.0
2022|05111|Düsseldorf, kreisfreie Stadt|weiblich|3048.0
2022|05112|Duisburg, kreisfreie Stadt|Insgesamt|4644.0
2022|05112|Duisburg, kreisfreie Stadt|männlich|2395.0
2022|05112|Duisburg, kreisfreie Stadt|weiblich|2249.0
2022|05113|Essen, kreisfreie Stadt|Insgesamt|5650.0
2022|05113|Essen, kreisfreie Stadt|männlich|2845.0
2022|05113|Essen, kreisfreie Stadt|weiblich|2805.0
2022|05114|Krefeld, kreisfreie Stadt|Insgesamt|1955.0
2022|05114|Krefeld, kreisfreie Stadt|männlich|1026.0
2022|05114|Krefeld, kreisfreie Stadt|weiblich|929.0
2022|05116|Mönchengladbach, kreisfreie Stadt|Insgesamt|2529.0
2022|05116|Mönchengladbach, kreisfreie Stadt|männlich|1331.0
2022|05116|Mönchengladbach, kreisfreie Stadt|weiblich|1198.0
2022|05117|Mülheim an der Ruhr, kreisfreie Stadt|Insgesamt|1537.0
2022|05117|Mülheim an der Ruhr, kreisfreie Stadt|männlich|796.0
2022|05117|Mülheim an der Ruhr, kreisfreie Stadt|weiblich|741.0
2022|05119|Oberhausen, kreisfreie Stadt|Insgesamt|1862.0
2022|05119|Oberhausen, kreisfreie Stadt|männlich|936.0
2022|05119|Oberhausen, kreisfreie Stadt|weiblich|926.0
2022|05120|Remscheid, kreisfreie Stadt|Insgesamt|1011.0
2022|05120|Remscheid, kreisfreie Stadt|männlich|531.0
2022|05120|Remscheid, kreisfreie Stadt|weiblich|480.0
2022|05122|Solingen, kreisfreie Stadt|Insgesamt|1408.0
2022|05122|Solingen, kreisfreie Stadt|männlich|719.0
2022|05122|Solingen, kreisfreie Stadt|weiblich|689.0
2022|05124|Wuppertal, kreisfreie Stadt|Insgesamt|3456.0
2022|05124|Wuppertal, kreisfreie Stadt|männlich|1811.0
2022|05124|Wuppertal, kreisfreie Stadt|weiblich|1645.0
2022|05154|Kleve, Kreis|Insgesamt|2791.0
2022|05154|Kleve, Kreis|männlich|1397.0
2022|05154|Kleve, Kreis|weiblich|1394.0
2022|05158|Mettmann, Kreis|Insgesamt|4084.0
2022|05158|Mettmann, Kreis|männlich|2051.0
2022|05158|Mettmann, Kreis|weiblich|2033.0
2022|05162|Rhein-Kreis Neuss|Insgesamt|3947.0
2022|05162|Rhein-Kreis Neuss|männlich|2051.0
2022|05162|Rhein-Kreis Neuss|weiblich|1896.0
2022|05166|Viersen, Kreis|Insgesamt|2327.0
2022|05166|Viersen, Kreis|männlich|1179.0
2022|05166|Viersen, Kreis|weiblich|1148.0
2022|05170|Wesel, Kreis|Insgesamt|3771.0
2022|05170|Wesel, Kreis|männlich|1950.0
2022|05170|Wesel, Kreis|weiblich|1821.0
2022|05314|Bonn, kreisfreie Stadt|Insgesamt|3124.0
2022|05314|Bonn, kreisfreie Stadt|männlich|1595.0
2022|05314|Bonn, kreisfreie Stadt|weiblich|1529.0
2022|05315|Köln, kreisfreie Stadt|Insgesamt|10261.0
2022|05315|Köln, kreisfreie Stadt|männlich|5232.0
2022|05315|Köln, kreisfreie Stadt|weiblich|5029.0
2022|05316|Leverkusen, kreisfreie Stadt|Insgesamt|1452.0
2022|05316|Leverkusen, kreisfreie Stadt|männlich|755.0
2022|05316|Leverkusen, kreisfreie Stadt|weiblich|697.0
2022|05334|Städteregion Aachen, Kreis|Insgesamt|4832.0
2022|05334|Städteregion Aachen, Kreis|männlich|2460.0
2022|05334|Städteregion Aachen, Kreis|weiblich|2372.0
2022|05334002|Aachen, kreisfreie Stadt|Insgesamt|2063.0
2022|05334002|Aachen, kreisfreie Stadt|männlich|1035.0
2022|05334002|Aachen, kreisfreie Stadt|weiblich|1028.0
2022|05358|Düren, Kreis|Insgesamt|2551.0
2022|05358|Düren, Kreis|männlich|1285.0
2022|05358|Düren, Kreis|weiblich|1266.0
2022|05362|Rhein-Erft-Kreis|Insgesamt|4323.0
2022|05362|Rhein-Erft-Kreis|männlich|2270.0
2022|05362|Rhein-Erft-Kreis|weiblich|2053.0
2022|05366|Euskirchen, Kreis|Insgesamt|1663.0
2022|05366|Euskirchen, Kreis|männlich|876.0
2022|05366|Euskirchen, Kreis|weiblich|787.0
2022|05370|Heinsberg, Kreis|Insgesamt|2371.0
2022|05370|Heinsberg, Kreis|männlich|1219.0
2022|05370|Heinsberg, Kreis|weiblich|1152.0
2022|05374|Oberbergischer Kreis|Insgesamt|2560.0
2022|05374|Oberbergischer Kreis|männlich|1297.0
2022|05374|Oberbergischer Kreis|weiblich|1263.0
2022|05378|Rheinisch-Bergischer Kreis|Insgesamt|2379.0
2022|05378|Rheinisch-Bergischer Kreis|männlich|1242.0
2022|05378|Rheinisch-Bergischer Kreis|weiblich|1137.0
2022|05382|Rhein-Sieg-Kreis|Insgesamt|5299.0
2022|05382|Rhein-Sieg-Kreis|männlich|2651.0
2022|05382|Rhein-Sieg-Kreis|weiblich|2648.0
2022|05512|Bottrop, kreisfreie Stadt|Insgesamt|1040.0
2022|05512|Bottrop, kreisfreie Stadt|männlich|539.0
2022|05512|Bottrop, kreisfreie Stadt|weiblich|501.0
2022|05513|Gelsenkirchen, kreisfreie Stadt|Insgesamt|2808.0
2022|05513|Gelsenkirchen, kreisfreie Stadt|männlich|1447.0
2022|05513|Gelsenkirchen, kreisfreie Stadt|weiblich|1361.0
2022|05515|Münster, kreisfreie Stadt|Insgesamt|2833.0
2022|05515|Münster, kreisfreie Stadt|männlich|1450.0
2022|05515|Münster, kreisfreie Stadt|weiblich|1383.0
2022|05554|Borken, Kreis|Insgesamt|3679.0
2022|05554|Borken, Kreis|männlich|1878.0
2022|05554|Borken, Kreis|weiblich|1801.0
2022|05558|Coesfeld, Kreis|Insgesamt|2062.0
2022|05558|Coesfeld, Kreis|männlich|1047.0
2022|05558|Coesfeld, Kreis|weiblich|1015.0
2022|05562|Recklinghausen, Kreis|Insgesamt|5585.0
2022|05562|Recklinghausen, Kreis|männlich|2856.0
2022|05562|Recklinghausen, Kreis|weiblich|2729.0
2022|05566|Steinfurt, Kreis|Insgesamt|4309.0
2022|05566|Steinfurt, Kreis|männlich|2151.0
2022|05566|Steinfurt, Kreis|weiblich|2158.0
2022|05570|Warendorf, Kreis|Insgesamt|2537.0
2022|05570|Warendorf, Kreis|männlich|1332.0
2022|05570|Warendorf, Kreis|weiblich|1205.0
2022|05711|Bielefeld, kreisfreie Stadt|Insgesamt|3262.0
2022|05711|Bielefeld, kreisfreie Stadt|männlich|1666.0
2022|05711|Bielefeld, kreisfreie Stadt|weiblich|1596.0
2022|05754|Gütersloh, Kreis|Insgesamt|3572.0
2022|05754|Gütersloh, Kreis|männlich|1869.0
2022|05754|Gütersloh, Kreis|weiblich|1703.0
2022|05758|Herford, Kreis|Insgesamt|2189.0
2022|05758|Herford, Kreis|männlich|1124.0
2022|05758|Herford, Kreis|weiblich|1065.0
2022|05762|Höxter, Kreis|Insgesamt|1174.0
2022|05762|Höxter, Kreis|männlich|600.0
2022|05762|Höxter, Kreis|weiblich|574.0
2022|05766|Lippe, Kreis|Insgesamt|3274.0
2022|05766|Lippe, Kreis|männlich|1675.0
2022|05766|Lippe, Kreis|weiblich|1599.0
2022|05770|Minden-Lübbecke, Kreis|Insgesamt|2892.0
2022|05770|Minden-Lübbecke, Kreis|männlich|1450.0
2022|05770|Minden-Lübbecke, Kreis|weiblich|1442.0
2022|05774|Paderborn, Kreis|Insgesamt|3026.0
2022|05774|Paderborn, Kreis|männlich|1602.0
2022|05774|Paderborn, Kreis|weiblich|1424.0
2022|05911|Bochum, kreisfreie Stadt|Insgesamt|3043.0
2022|05911|Bochum, kreisfreie Stadt|männlich|1590.0
2022|05911|Bochum, kreisfreie Stadt|weiblich|1453.0
2022|05913|Dortmund, kreisfreie Stadt|Insgesamt|5732.0
2022|05913|Dortmund, kreisfreie Stadt|männlich|2941.0
2022|05913|Dortmund, kreisfreie Stadt|weiblich|2791.0
2022|05914|Hagen, kreisfreie Stadt|Insgesamt|1878.0
2022|05914|Hagen, kreisfreie Stadt|männlich|957.0
2022|05914|Hagen, kreisfreie Stadt|weiblich|921.0
2022|05915|Hamm, kreisfreie Stadt|Insgesamt|1677.0
2022|05915|Hamm, kreisfreie Stadt|männlich|828.0
2022|05915|Hamm, kreisfreie Stadt|weiblich|849.0
2022|05916|Herne, kreisfreie Stadt|Insgesamt|1553.0
2022|05916|Herne, kreisfreie Stadt|männlich|832.0
2022|05916|Herne, kreisfreie Stadt|weiblich|721.0
2022|05954|Ennepe-Ruhr-Kreis|Insgesamt|2730.0
2022|05954|Ennepe-Ruhr-Kreis|männlich|1430.0
2022|05954|Ennepe-Ruhr-Kreis|weiblich|1300.0
2022|05958|Hochsauerlandkreis|Insgesamt|2222.0
2022|05958|Hochsauerlandkreis|männlich|1112.0
2022|05958|Hochsauerlandkreis|weiblich|1110.0
2022|05962|Märkischer Kreis|Insgesamt|3553.0
2022|05962|Märkischer Kreis|männlich|1803.0
2022|05962|Märkischer Kreis|weiblich|1750.0
2022|05966|Olpe, Kreis|Insgesamt|1248.0
2022|05966|Olpe, Kreis|männlich|634.0
2022|05966|Olpe, Kreis|weiblich|614.0
2022|05970|Siegen-Wittgenstein, Kreis|Insgesamt|2423.0
2022|05970|Siegen-Wittgenstein, Kreis|männlich|1291.0
2022|05970|Siegen-Wittgenstein, Kreis|weiblich|1132.0
2022|05974|Soest, Kreis|Insgesamt|2694.0
2022|05974|Soest, Kreis|männlich|1402.0
2022|05974|Soest, Kreis|weiblich|1292.0
2022|05978|Unna, Kreis|Insgesamt|3469.0
2022|05978|Unna, Kreis|männlich|1852.0
2022|05978|Unna, Kreis|weiblich|1617.0
2022|06411|Darmstadt, kreisfreie Stadt, Wissenschaftsstadt|Insgesamt|1502.0
2022|06411|Darmstadt, kreisfreie Stadt, Wissenschaftsstadt|männlich|773.0
2022|06411|Darmstadt, kreisfreie Stadt, Wissenschaftsstadt|weiblich|729.0
2022|06412|Frankfurt am Main, kreisfreie Stadt|Insgesamt|8014.0
2022|06412|Frankfurt am Main, kreisfreie Stadt|männlich|4043.0
2022|06412|Frankfurt am Main, kreisfreie Stadt|weiblich|3971.0
2022|06413|Offenbach am Main, kreisfreie Stadt|Insgesamt|1492.0
2022|06413|Offenbach am Main, kreisfreie Stadt|männlich|778.0
2022|06413|Offenbach am Main, kreisfreie Stadt|weiblich|714.0
2022|06414|Wiesbaden, kreisfreie Stadt, Landeshauptstadt|Insgesamt|2825.0
2022|06414|Wiesbaden, kreisfreie Stadt, Landeshauptstadt|männlich|1434.0
2022|06414|Wiesbaden, kreisfreie Stadt, Landeshauptstadt|weiblich|1391.0
2022|06431|Bergstraße, Landkreis|Insgesamt|2390.0
2022|06431|Bergstraße, Landkreis|männlich|1232.0
2022|06431|Bergstraße, Landkreis|weiblich|1158.0
2022|06432|Darmstadt-Dieburg, Landkreis|Insgesamt|2625.0
2022|06432|Darmstadt-Dieburg, Landkreis|männlich|1395.0
2022|06432|Darmstadt-Dieburg, Landkreis|weiblich|1230.0
2022|06433|Groß-Gerau, Landkreis|Insgesamt|2724.0
2022|06433|Groß-Gerau, Landkreis|männlich|1360.0
2022|06433|Groß-Gerau, Landkreis|weiblich|1364.0
2022|06434|Hochtaunuskreis|Insgesamt|1785.0
2022|06434|Hochtaunuskreis|männlich|905.0
2022|06434|Hochtaunuskreis|weiblich|880.0
2022|06435|Main-Kinzig-Kreis|Insgesamt|3915.0
2022|06435|Main-Kinzig-Kreis|männlich|1965.0
2022|06435|Main-Kinzig-Kreis|weiblich|1950.0
2022|06436|Main-Taunus-Kreis|Insgesamt|2176.0
2022|06436|Main-Taunus-Kreis|männlich|1139.0
2022|06436|Main-Taunus-Kreis|weiblich|1037.0
2022|06437|Odenwaldkreis|Insgesamt|794.0
2022|06437|Odenwaldkreis|männlich|443.0
2022|06437|Odenwaldkreis|weiblich|351.0
2022|06438|Offenbach, Landkreis|Insgesamt|3311.0
2022|06438|Offenbach, Landkreis|männlich|1677.0
2022|06438|Offenbach, Landkreis|weiblich|1634.0
2022|06439|Rheingau-Taunus-Kreis|Insgesamt|1494.0
2022|06439|Rheingau-Taunus-Kreis|männlich|771.0
2022|06439|Rheingau-Taunus-Kreis|weiblich|723.0
2022|06440|Wetteraukreis|Insgesamt|2748.0
2022|06440|Wetteraukreis|männlich|1399.0
2022|06440|Wetteraukreis|weiblich|1349.0
2022|06531|Gießen, Landkreis|Insgesamt|2515.0
2022|06531|Gießen, Landkreis|männlich|1313.0
2022|06531|Gießen, Landkreis|weiblich|1202.0
2022|06532|Lahn-Dill-Kreis|Insgesamt|2238.0
2022|06532|Lahn-Dill-Kreis|männlich|1090.0
2022|06532|Lahn-Dill-Kreis|weiblich|1148.0
2022|06533|Limburg-Weilburg, Landkreis|Insgesamt|1492.0
2022|06533|Limburg-Weilburg, Landkreis|männlich|754.0
2022|06533|Limburg-Weilburg, Landkreis|weiblich|738.0
2022|06534|Marburg-Biedenkopf, Landkreis|Insgesamt|2056.0
2022|06534|Marburg-Biedenkopf, Landkreis|männlich|1086.0
2022|06534|Marburg-Biedenkopf, Landkreis|weiblich|970.0
2022|06535|Vogelsbergkreis|Insgesamt|845.0
2022|06535|Vogelsbergkreis|männlich|448.0
2022|06535|Vogelsbergkreis|weiblich|397.0
2022|06611|Kassel, kreisfreie Stadt, documenta-Stadt|Insgesamt|1958.0
2022|06611|Kassel, kreisfreie Stadt, documenta-Stadt|männlich|1007.0
2022|06611|Kassel, kreisfreie Stadt, documenta-Stadt|weiblich|951.0
2022|06631|Fulda, Landkreis|Insgesamt|2040.0
2022|06631|Fulda, Landkreis|männlich|1049.0
2022|06631|Fulda, Landkreis|weiblich|991.0
2022|06632|Hersfeld-Rotenburg, Landkreis|Insgesamt|1008.0
2022|06632|Hersfeld-Rotenburg, Landkreis|männlich|497.0
2022|06632|Hersfeld-Rotenburg, Landkreis|weiblich|511.0
2022|06633|Kassel, Landkreis|Insgesamt|1845.0
2022|06633|Kassel, Landkreis|männlich|950.0
2022|06633|Kassel, Landkreis|weiblich|895.0
2022|06634|Schwalm-Eder-Kreis|Insgesamt|1457.0
2022|06634|Schwalm-Eder-Kreis|männlich|750.0
2022|06634|Schwalm-Eder-Kreis|weiblich|707.0
2022|06635|Waldeck-Frankenberg, Landkreis|Insgesamt|1344.0
2022|06635|Waldeck-Frankenberg, Landkreis|männlich|685.0
2022|06635|Waldeck-Frankenberg, Landkreis|weiblich|659.0
2022|06636|Werra-Meißner-Kreis|Insgesamt|767.0
2022|06636|Werra-Meißner-Kreis|männlich|399.0
2022|06636|Werra-Meißner-Kreis|weiblich|368.0
2022|07111|Koblenz, kreisfreie Stadt|Insgesamt|1037.0
2022|07111|Koblenz, kreisfreie Stadt|männlich|529.0
2022|07111|Koblenz, kreisfreie Stadt|weiblich|508.0
2022|07131|Ahrweiler, Landkreis|Insgesamt|1082.0
2022|07131|Ahrweiler, Landkreis|männlich|550.0
2022|07131|Ahrweiler, Landkreis|weiblich|532.0
2022|07132|Altenkirchen (Westerwald), Landkreis|Insgesamt|1170.0
2022|07132|Altenkirchen (Westerwald), Landkreis|männlich|603.0
2022|07132|Altenkirchen (Westerwald), Landkreis|weiblich|567.0
2022|07133|Bad Kreuznach, Landkreis|Insgesamt|1419.0
2022|07133|Bad Kreuznach, Landkreis|männlich|736.0
2022|07133|Bad Kreuznach, Landkreis|weiblich|683.0
2022|07134|Birkenfeld, Landkreis|Insgesamt|772.0
2022|07134|Birkenfeld, Landkreis|männlich|407.0
2022|07134|Birkenfeld, Landkreis|weiblich|365.0
2022|07135|Cochem-Zell, Landkreis|Insgesamt|501.0
2022|07135|Cochem-Zell, Landkreis|männlich|270.0
2022|07135|Cochem-Zell, Landkreis|weiblich|231.0
2022|07137|Mayen-Koblenz, Landkreis|Insgesamt|1907.0
2022|07137|Mayen-Koblenz, Landkreis|männlich|967.0
2022|07137|Mayen-Koblenz, Landkreis|weiblich|940.0
2022|07138|Neuwied, Landkreis|Insgesamt|1736.0
2022|07138|Neuwied, Landkreis|männlich|875.0
2022|07138|Neuwied, Landkreis|weiblich|861.0
2022|07140|Rhein-Hunsrück-Kreis|Insgesamt|913.0
2022|07140|Rhein-Hunsrück-Kreis|männlich|461.0
2022|07140|Rhein-Hunsrück-Kreis|weiblich|452.0
2022|07141|Rhein-Lahn-Kreis|Insgesamt|973.0
2022|07141|Rhein-Lahn-Kreis|männlich|523.0
2022|07141|Rhein-Lahn-Kreis|weiblich|450.0
2022|07143|Westerwaldkreis|Insgesamt|1797.0
2022|07143|Westerwaldkreis|männlich|930.0
2022|07143|Westerwaldkreis|weiblich|867.0
2022|07211|Trier, kreisfreie Stadt|Insgesamt|931.0
2022|07211|Trier, kreisfreie Stadt|männlich|481.0
2022|07211|Trier, kreisfreie Stadt|weiblich|450.0
2022|07231|Bernkastel-Wittlich, Landkreis|Insgesamt|950.0
2022|07231|Bernkastel-Wittlich, Landkreis|männlich|518.0
2022|07231|Bernkastel-Wittlich, Landkreis|weiblich|432.0
2022|07232|Eifelkreis Bitburg-Prüm|Insgesamt|864.0
2022|07232|Eifelkreis Bitburg-Prüm|männlich|438.0
2022|07232|Eifelkreis Bitburg-Prüm|weiblich|426.0
2022|07233|Vulkaneifel, Landkreis|Insgesamt|517.0
2022|07233|Vulkaneifel, Landkreis|männlich|262.0
2022|07233|Vulkaneifel, Landkreis|weiblich|255.0
2022|07235|Trier-Saarburg, Landkreis|Insgesamt|1189.0
2022|07235|Trier-Saarburg, Landkreis|männlich|597.0
2022|07235|Trier-Saarburg, Landkreis|weiblich|592.0
2022|07311|Frankenthal (Pfalz), kreisfreie Stadt|Insgesamt|463.0
2022|07311|Frankenthal (Pfalz), kreisfreie Stadt|männlich|237.0
2022|07311|Frankenthal (Pfalz), kreisfreie Stadt|weiblich|226.0
2022|07312|Kaiserslautern, kreisfreie Stadt|Insgesamt|957.0
2022|07312|Kaiserslautern, kreisfreie Stadt|männlich|464.0
2022|07312|Kaiserslautern, kreisfreie Stadt|weiblich|493.0
2022|07313|Landau in der Pfalz, kreisfreie Stadt|Insgesamt|392.0
2022|07313|Landau in der Pfalz, kreisfreie Stadt|männlich|205.0
2022|07313|Landau in der Pfalz, kreisfreie Stadt|weiblich|187.0
2022|07314|Ludwigshafen am Rhein, kreisfreie Stadt|Insgesamt|1857.0
2022|07314|Ludwigshafen am Rhein, kreisfreie Stadt|männlich|970.0
2022|07314|Ludwigshafen am Rhein, kreisfreie Stadt|weiblich|887.0
2022|07315|Mainz, kreisfreie Stadt|Insgesamt|2157.0
2022|07315|Mainz, kreisfreie Stadt|männlich|1124.0
2022|07315|Mainz, kreisfreie Stadt|weiblich|1033.0
2022|07316|Neustadt an der Weinstraße, kreisfreie Stadt|Insgesamt|506.0
2022|07316|Neustadt an der Weinstraße, kreisfreie Stadt|männlich|259.0
2022|07316|Neustadt an der Weinstraße, kreisfreie Stadt|weiblich|247.0
2022|07317|Pirmasens, kreisfreie Stadt|Insgesamt|361.0
2022|07317|Pirmasens, kreisfreie Stadt|männlich|190.0
2022|07317|Pirmasens, kreisfreie Stadt|weiblich|171.0
2022|07318|Speyer, kreisfreie Stadt|Insgesamt|477.0
2022|07318|Speyer, kreisfreie Stadt|männlich|225.0
2022|07318|Speyer, kreisfreie Stadt|weiblich|252.0
2022|07319|Worms, kreisfreie Stadt|Insgesamt|818.0
2022|07319|Worms, kreisfreie Stadt|männlich|411.0
2022|07319|Worms, kreisfreie Stadt|weiblich|407.0
2022|07320|Zweibrücken, kreisfreie Stadt|Insgesamt|287.0
2022|07320|Zweibrücken, kreisfreie Stadt|männlich|147.0
2022|07320|Zweibrücken, kreisfreie Stadt|weiblich|140.0
2022|07331|Alzey-Worms, Landkreis|Insgesamt|1201.0
2022|07331|Alzey-Worms, Landkreis|männlich|648.0
2022|07331|Alzey-Worms, Landkreis|weiblich|553.0
2022|07332|Bad Dürkheim, Landkreis|Insgesamt|1080.0
2022|07332|Bad Dürkheim, Landkreis|männlich|554.0
2022|07332|Bad Dürkheim, Landkreis|weiblich|526.0
2022|07333|Donnersbergkreis|Insgesamt|603.0
2022|07333|Donnersbergkreis|männlich|307.0
2022|07333|Donnersbergkreis|weiblich|296.0
2022|07334|Germersheim, Landkreis|Insgesamt|1173.0
2022|07334|Germersheim, Landkreis|männlich|587.0
2022|07334|Germersheim, Landkreis|weiblich|586.0
2022|07335|Kaiserslautern, Landkreis|Insgesamt|1248.0
2022|07335|Kaiserslautern, Landkreis|männlich|627.0
2022|07335|Kaiserslautern, Landkreis|weiblich|621.0
2022|07336|Kusel, Landkreis|Insgesamt|650.0
2022|07336|Kusel, Landkreis|männlich|330.0
2022|07336|Kusel, Landkreis|weiblich|320.0
2022|07337|Südliche Weinstraße, Landkreis|Insgesamt|847.0
2022|07337|Südliche Weinstraße, Landkreis|männlich|435.0
2022|07337|Südliche Weinstraße, Landkreis|weiblich|412.0
2022|07338|Rhein-Pfalz-Kreis|Insgesamt|1420.0
2022|07338|Rhein-Pfalz-Kreis|männlich|709.0
2022|07338|Rhein-Pfalz-Kreis|weiblich|711.0
2022|07339|Mainz-Bingen, Landkreis|Insgesamt|1768.0
2022|07339|Mainz-Bingen, Landkreis|männlich|885.0
2022|07339|Mainz-Bingen, Landkreis|weiblich|883.0
2022|07340|Südwestpfalz, Landkreis|Insgesamt|708.0
2022|07340|Südwestpfalz, Landkreis|männlich|363.0
2022|07340|Südwestpfalz, Landkreis|weiblich|345.0
2022|08111|Stuttgart, Stadtkreis|Insgesamt|5919.0
2022|08111|Stuttgart, Stadtkreis|männlich|3114.0
2022|08111|Stuttgart, Stadtkreis|weiblich|2805.0
2022|08115|Böblingen, Landkreis|Insgesamt|3976.0
2022|08115|Böblingen, Landkreis|männlich|1986.0
2022|08115|Böblingen, Landkreis|weiblich|1990.0
2022|08116|Esslingen, Landkreis|Insgesamt|4941.0
2022|08116|Esslingen, Landkreis|männlich|2508.0
2022|08116|Esslingen, Landkreis|weiblich|2433.0
2022|08117|Göppingen, Landkreis|Insgesamt|2343.0
2022|08117|Göppingen, Landkreis|männlich|1166.0
2022|08117|Göppingen, Landkreis|weiblich|1177.0
2022|08118|Ludwigsburg, Landkreis|Insgesamt|5416.0
2022|08118|Ludwigsburg, Landkreis|männlich|2722.0
2022|08118|Ludwigsburg, Landkreis|weiblich|2694.0
2022|08119|Rems-Murr-Kreis, Landkreis|Insgesamt|4055.0
2022|08119|Rems-Murr-Kreis, Landkreis|männlich|2094.0
2022|08119|Rems-Murr-Kreis, Landkreis|weiblich|1961.0
2022|08121|Heilbronn, Stadtkreis|Insgesamt|1282.0
2022|08121|Heilbronn, Stadtkreis|männlich|651.0
2022|08121|Heilbronn, Stadtkreis|weiblich|631.0
2022|08125|Heilbronn, Landkreis|Insgesamt|3538.0
2022|08125|Heilbronn, Landkreis|männlich|1808.0
2022|08125|Heilbronn, Landkreis|weiblich|1730.0
2022|08126|Hohenlohekreis, Landkreis|Insgesamt|1105.0
2022|08126|Hohenlohekreis, Landkreis|männlich|575.0
2022|08126|Hohenlohekreis, Landkreis|weiblich|530.0
2022|08127|Schwäbisch Hall, Landkreis|Insgesamt|1990.0
2022|08127|Schwäbisch Hall, Landkreis|männlich|1011.0
2022|08127|Schwäbisch Hall, Landkreis|weiblich|979.0
2022|08128|Main-Tauber-Kreis, Landkreis|Insgesamt|1138.0
2022|08128|Main-Tauber-Kreis, Landkreis|männlich|597.0
2022|08128|Main-Tauber-Kreis, Landkreis|weiblich|541.0
2022|08135|Heidenheim, Landkreis|Insgesamt|1229.0
2022|08135|Heidenheim, Landkreis|männlich|636.0
2022|08135|Heidenheim, Landkreis|weiblich|593.0
2022|08136|Ostalbkreis, Landkreis|Insgesamt|2989.0
2022|08136|Ostalbkreis, Landkreis|männlich|1543.0
2022|08136|Ostalbkreis, Landkreis|weiblich|1446.0
2022|08211|Baden-Baden, Stadtkreis|Insgesamt|418.0
2022|08211|Baden-Baden, Stadtkreis|männlich|217.0
2022|08211|Baden-Baden, Stadtkreis|weiblich|201.0
2022|08212|Karlsruhe, Stadtkreis|Insgesamt|2549.0
2022|08212|Karlsruhe, Stadtkreis|männlich|1345.0
2022|08212|Karlsruhe, Stadtkreis|weiblich|1204.0
2022|08215|Karlsruhe, Landkreis|Insgesamt|4035.0
2022|08215|Karlsruhe, Landkreis|männlich|2072.0
2022|08215|Karlsruhe, Landkreis|weiblich|1963.0
2022|08216|Rastatt, Landkreis|Insgesamt|2067.0
2022|08216|Rastatt, Landkreis|männlich|1068.0
2022|08216|Rastatt, Landkreis|weiblich|999.0
2022|08221|Heidelberg, Stadtkreis|Insgesamt|1333.0
2022|08221|Heidelberg, Stadtkreis|männlich|688.0
2022|08221|Heidelberg, Stadtkreis|weiblich|645.0
2022|08222|Mannheim, Stadtkreis|Insgesamt|2984.0
2022|08222|Mannheim, Stadtkreis|männlich|1535.0
2022|08222|Mannheim, Stadtkreis|weiblich|1449.0
2022|08225|Neckar-Odenwald-Kreis, Landkreis|Insgesamt|1213.0
2022|08225|Neckar-Odenwald-Kreis, Landkreis|männlich|616.0
2022|08225|Neckar-Odenwald-Kreis, Landkreis|weiblich|597.0
2022|08226|Rhein-Neckar-Kreis, Landkreis|Insgesamt|4782.0
2022|08226|Rhein-Neckar-Kreis, Landkreis|männlich|2499.0
2022|08226|Rhein-Neckar-Kreis, Landkreis|weiblich|2283.0
2022|08231|Pforzheim, Stadtkreis|Insgesamt|1473.0
2022|08231|Pforzheim, Stadtkreis|männlich|760.0
2022|08231|Pforzheim, Stadtkreis|weiblich|713.0
2022|08235|Calw, Landkreis|Insgesamt|1543.0
2022|08235|Calw, Landkreis|männlich|800.0
2022|08235|Calw, Landkreis|weiblich|743.0
2022|08236|Enzkreis, Landkreis|Insgesamt|1915.0
2022|08236|Enzkreis, Landkreis|männlich|1021.0
2022|08236|Enzkreis, Landkreis|weiblich|894.0
2022|08237|Freudenstadt, Landkreis|Insgesamt|1139.0
2022|08237|Freudenstadt, Landkreis|männlich|617.0
2022|08237|Freudenstadt, Landkreis|weiblich|522.0
2022|08311|Freiburg im Breisgau, Stadtkreis|Insgesamt|2337.0
2022|08311|Freiburg im Breisgau, Stadtkreis|männlich|1217.0
2022|08311|Freiburg im Breisgau, Stadtkreis|weiblich|1120.0
2022|08315|Breisgau-Hochschwarzwald, Landkreis|Insgesamt|2461.0
2022|08315|Breisgau-Hochschwarzwald, Landkreis|männlich|1295.0
2022|08315|Breisgau-Hochschwarzwald, Landkreis|weiblich|1166.0
2022|08316|Emmendingen, Landkreis|Insgesamt|1703.0
2022|08316|Emmendingen, Landkreis|männlich|846.0
2022|08316|Emmendingen, Landkreis|weiblich|857.0
2022|08317|Ortenaukreis, Landkreis|Insgesamt|4128.0
2022|08317|Ortenaukreis, Landkreis|männlich|2178.0
2022|08317|Ortenaukreis, Landkreis|weiblich|1950.0
2022|08325|Rottweil, Landkreis|Insgesamt|1413.0
2022|08325|Rottweil, Landkreis|männlich|758.0
2022|08325|Rottweil, Landkreis|weiblich|655.0
2022|08326|Schwarzwald-Baar-Kreis, Landkreis|Insgesamt|2022.0
2022|08326|Schwarzwald-Baar-Kreis, Landkreis|männlich|1043.0
2022|08326|Schwarzwald-Baar-Kreis, Landkreis|weiblich|979.0
2022|08327|Tuttlingen, Landkreis|Insgesamt|1502.0
2022|08327|Tuttlingen, Landkreis|männlich|788.0
2022|08327|Tuttlingen, Landkreis|weiblich|714.0
2022|08335|Konstanz, Landkreis|Insgesamt|2421.0
2022|08335|Konstanz, Landkreis|männlich|1223.0
2022|08335|Konstanz, Landkreis|weiblich|1198.0
2022|08336|Lörrach, Landkreis|Insgesamt|1928.0
2022|08336|Lörrach, Landkreis|männlich|989.0
2022|08336|Lörrach, Landkreis|weiblich|939.0
2022|08337|Waldshut, Landkreis|Insgesamt|1259.0
2022|08337|Waldshut, Landkreis|männlich|611.0
2022|08337|Waldshut, Landkreis|weiblich|648.0
2022|08415|Reutlingen, Landkreis|Insgesamt|2771.0
2022|08415|Reutlingen, Landkreis|männlich|1399.0
2022|08415|Reutlingen, Landkreis|weiblich|1372.0
2022|08416|Tübingen, Landkreis|Insgesamt|2134.0
2022|08416|Tübingen, Landkreis|männlich|1088.0
2022|08416|Tübingen, Landkreis|weiblich|1046.0
2022|08417|Zollernalbkreis, Landkreis|Insgesamt|1747.0
2022|08417|Zollernalbkreis, Landkreis|männlich|893.0
2022|08417|Zollernalbkreis, Landkreis|weiblich|854.0
2022|08421|Ulm, Stadtkreis|Insgesamt|1249.0
2022|08421|Ulm, Stadtkreis|männlich|653.0
2022|08421|Ulm, Stadtkreis|weiblich|596.0
2022|08425|Alb-Donau-Kreis, Landkreis|Insgesamt|2058.0
2022|08425|Alb-Donau-Kreis, Landkreis|männlich|1021.0
2022|08425|Alb-Donau-Kreis, Landkreis|weiblich|1037.0
2022|08426|Biberach, Landkreis|Insgesamt|2082.0
2022|08426|Biberach, Landkreis|männlich|1059.0
2022|08426|Biberach, Landkreis|weiblich|1023.0
2022|08435|Bodenseekreis, Landkreis|Insgesamt|2009.0
2022|08435|Bodenseekreis, Landkreis|männlich|1038.0
2022|08435|Bodenseekreis, Landkreis|weiblich|971.0
2022|08436|Ravensburg, Landkreis|Insgesamt|2753.0
2022|08436|Ravensburg, Landkreis|männlich|1347.0
2022|08436|Ravensburg, Landkreis|weiblich|1406.0
2022|08437|Sigmaringen, Landkreis|Insgesamt|1200.0
2022|08437|Sigmaringen, Landkreis|männlich|613.0
2022|08437|Sigmaringen, Landkreis|weiblich|587.0
2022|09161|Ingolstadt, kreisfreie Stadt|Insgesamt|1514.0
2022|09161|Ingolstadt, kreisfreie Stadt|männlich|746.0
2022|09161|Ingolstadt, kreisfreie Stadt|weiblich|768.0
2022|09162|München, kreisfreie Stadt|Insgesamt|16519.0
2022|09162|München, kreisfreie Stadt|männlich|8540.0
2022|09162|München, kreisfreie Stadt|weiblich|7979.0
2022|09163|Rosenheim, kreisfreie Stadt|Insgesamt|648.0
2022|09163|Rosenheim, kreisfreie Stadt|männlich|312.0
2022|09163|Rosenheim, kreisfreie Stadt|weiblich|336.0
2022|09171|Altötting, Landkreis|Insgesamt|1103.0
2022|09171|Altötting, Landkreis|männlich|564.0
2022|09171|Altötting, Landkreis|weiblich|539.0
2022|09172|Berchtesgadener Land, Landkreis|Insgesamt|961.0
2022|09172|Berchtesgadener Land, Landkreis|männlich|454.0
2022|09172|Berchtesgadener Land, Landkreis|weiblich|507.0
2022|09173|Bad Tölz-Wolfratshausen, Landkreis|Insgesamt|1259.0
2022|09173|Bad Tölz-Wolfratshausen, Landkreis|männlich|635.0
2022|09173|Bad Tölz-Wolfratshausen, Landkreis|weiblich|624.0
2022|09174|Dachau, Landkreis|Insgesamt|1476.0
2022|09174|Dachau, Landkreis|männlich|772.0
2022|09174|Dachau, Landkreis|weiblich|704.0
2022|09175|Ebersberg, Landkreis|Insgesamt|1423.0
2022|09175|Ebersberg, Landkreis|männlich|710.0
2022|09175|Ebersberg, Landkreis|weiblich|713.0
2022|09176|Eichstätt, Landkreis|Insgesamt|1336.0
2022|09176|Eichstätt, Landkreis|männlich|668.0
2022|09176|Eichstätt, Landkreis|weiblich|668.0
2022|09177|Erding, Landkreis|Insgesamt|1338.0
2022|09177|Erding, Landkreis|männlich|651.0
2022|09177|Erding, Landkreis|weiblich|687.0
2022|09178|Freising, Landkreis|Insgesamt|1784.0
2022|09178|Freising, Landkreis|männlich|926.0
2022|09178|Freising, Landkreis|weiblich|858.0
2022|09179|Fürstenfeldbruck, Landkreis|Insgesamt|2023.0
2022|09179|Fürstenfeldbruck, Landkreis|männlich|1073.0
2022|09179|Fürstenfeldbruck, Landkreis|weiblich|950.0
2022|09180|Garmisch-Partenkirchen, Landkreis|Insgesamt|740.0
2022|09180|Garmisch-Partenkirchen, Landkreis|männlich|364.0
2022|09180|Garmisch-Partenkirchen, Landkreis|weiblich|376.0
2022|09181|Landsberg am Lech, Landkreis|Insgesamt|1048.0
2022|09181|Landsberg am Lech, Landkreis|männlich|520.0
2022|09181|Landsberg am Lech, Landkreis|weiblich|528.0
2022|09182|Miesbach, Landkreis|Insgesamt|948.0
2022|09182|Miesbach, Landkreis|männlich|504.0
2022|09182|Miesbach, Landkreis|weiblich|444.0
2022|09183|Mühldorf a.Inn, Landkreis|Insgesamt|1262.0
2022|09183|Mühldorf a.Inn, Landkreis|männlich|631.0
2022|09183|Mühldorf a.Inn, Landkreis|weiblich|631.0
2022|09184|München, Landkreis|Insgesamt|3020.0
2022|09184|München, Landkreis|männlich|1562.0
2022|09184|München, Landkreis|weiblich|1458.0
2022|09185|Neuburg-Schrobenhausen, Landkreis|Insgesamt|991.0
2022|09185|Neuburg-Schrobenhausen, Landkreis|männlich|504.0
2022|09185|Neuburg-Schrobenhausen, Landkreis|weiblich|487.0
2022|09186|Pfaffenhofen a.d.Ilm, Landkreis|Insgesamt|1326.0
2022|09186|Pfaffenhofen a.d.Ilm, Landkreis|männlich|678.0
2022|09186|Pfaffenhofen a.d.Ilm, Landkreis|weiblich|648.0
2022|09187|Rosenheim, Landkreis|Insgesamt|2476.0
2022|09187|Rosenheim, Landkreis|männlich|1277.0
2022|09187|Rosenheim, Landkreis|weiblich|1199.0
2022|09188|Starnberg, Landkreis|Insgesamt|1013.0
2022|09188|Starnberg, Landkreis|männlich|530.0
2022|09188|Starnberg, Landkreis|weiblich|483.0
2022|09189|Traunstein, Landkreis|Insgesamt|1628.0
2022|09189|Traunstein, Landkreis|männlich|845.0
2022|09189|Traunstein, Landkreis|weiblich|783.0
2022|09190|Weilheim-Schongau, Landkreis|Insgesamt|1225.0
2022|09190|Weilheim-Schongau, Landkreis|männlich|623.0
2022|09190|Weilheim-Schongau, Landkreis|weiblich|602.0
2022|09261|Landshut, kreisfreie Stadt|Insgesamt|733.0
2022|09261|Landshut, kreisfreie Stadt|männlich|387.0
2022|09261|Landshut, kreisfreie Stadt|weiblich|346.0
2022|09262|Passau, kreisfreie Stadt|Insgesamt|442.0
2022|09262|Passau, kreisfreie Stadt|männlich|232.0
2022|09262|Passau, kreisfreie Stadt|weiblich|210.0
2022|09263|Straubing, kreisfreie Stadt|Insgesamt|429.0
2022|09263|Straubing, kreisfreie Stadt|männlich|222.0
2022|09263|Straubing, kreisfreie Stadt|weiblich|207.0
2022|09271|Deggendorf, Landkreis|Insgesamt|1110.0
2022|09271|Deggendorf, Landkreis|männlich|549.0
2022|09271|Deggendorf, Landkreis|weiblich|561.0
2022|09272|Freyung-Grafenau, Landkreis|Insgesamt|629.0
2022|09272|Freyung-Grafenau, Landkreis|männlich|330.0
2022|09272|Freyung-Grafenau, Landkreis|weiblich|299.0
2022|09273|Kelheim, Landkreis|Insgesamt|1187.0
2022|09273|Kelheim, Landkreis|männlich|587.0
2022|09273|Kelheim, Landkreis|weiblich|600.0
2022|09274|Landshut, Landkreis|Insgesamt|1572.0
2022|09274|Landshut, Landkreis|männlich|790.0
2022|09274|Landshut, Landkreis|weiblich|782.0
2022|09275|Passau, Landkreis|Insgesamt|1680.0
2022|09275|Passau, Landkreis|männlich|873.0
2022|09275|Passau, Landkreis|weiblich|807.0
2022|09276|Regen, Landkreis|Insgesamt|699.0
2022|09276|Regen, Landkreis|männlich|364.0
2022|09276|Regen, Landkreis|weiblich|335.0
2022|09277|Rottal-Inn, Landkreis|Insgesamt|1080.0
2022|09277|Rottal-Inn, Landkreis|männlich|531.0
2022|09277|Rottal-Inn, Landkreis|weiblich|549.0
2022|09278|Straubing-Bogen, Landkreis|Insgesamt|1004.0
2022|09278|Straubing-Bogen, Landkreis|männlich|517.0
2022|09278|Straubing-Bogen, Landkreis|weiblich|487.0
2022|09279|Dingolfing-Landau, Landkreis|Insgesamt|931.0
2022|09279|Dingolfing-Landau, Landkreis|männlich|458.0
2022|09279|Dingolfing-Landau, Landkreis|weiblich|473.0
2022|09361|Amberg, kreisfreie Stadt|Insgesamt|352.0
2022|09361|Amberg, kreisfreie Stadt|männlich|179.0
2022|09361|Amberg, kreisfreie Stadt|weiblich|173.0
2022|09362|Regensburg, kreisfreie Stadt|Insgesamt|1441.0
2022|09362|Regensburg, kreisfreie Stadt|männlich|714.0
2022|09362|Regensburg, kreisfreie Stadt|weiblich|727.0
2022|09363|Weiden i.d.OPf., kreisfreie Stadt|Insgesamt|375.0
2022|09363|Weiden i.d.OPf., kreisfreie Stadt|männlich|188.0
2022|09363|Weiden i.d.OPf., kreisfreie Stadt|weiblich|187.0
2022|09371|Amberg-Sulzbach, Landkreis|Insgesamt|1034.0
2022|09371|Amberg-Sulzbach, Landkreis|männlich|523.0
2022|09371|Amberg-Sulzbach, Landkreis|weiblich|511.0
2022|09372|Cham, Landkreis|Insgesamt|1149.0
2022|09372|Cham, Landkreis|männlich|618.0
2022|09372|Cham, Landkreis|weiblich|531.0
2022|09373|Neumarkt i.d.OPf., Landkreis|Insgesamt|1368.0
2022|09373|Neumarkt i.d.OPf., Landkreis|männlich|737.0
2022|09373|Neumarkt i.d.OPf., Landkreis|weiblich|631.0
2022|09374|Neustadt a.d.Waldnaab, Landkreis|Insgesamt|1033.0
2022|09374|Neustadt a.d.Waldnaab, Landkreis|männlich|495.0
2022|09374|Neustadt a.d.Waldnaab, Landkreis|weiblich|538.0
2022|09375|Regensburg, Landkreis|Insgesamt|1830.0
2022|09375|Regensburg, Landkreis|männlich|960.0
2022|09375|Regensburg, Landkreis|weiblich|870.0
2022|09376|Schwandorf, Landkreis|Insgesamt|1394.0
2022|09376|Schwandorf, Landkreis|männlich|714.0
2022|09376|Schwandorf, Landkreis|weiblich|680.0
2022|09377|Tirschenreuth, Landkreis|Insgesamt|607.0
2022|09377|Tirschenreuth, Landkreis|männlich|293.0
2022|09377|Tirschenreuth, Landkreis|weiblich|314.0
2022|09461|Bamberg, kreisfreie Stadt|Insgesamt|765.0
2022|09461|Bamberg, kreisfreie Stadt|männlich|368.0
2022|09461|Bamberg, kreisfreie Stadt|weiblich|397.0
2022|09462|Bayreuth, kreisfreie Stadt|Insgesamt|577.0
2022|09462|Bayreuth, kreisfreie Stadt|männlich|284.0
2022|09462|Bayreuth, kreisfreie Stadt|weiblich|293.0
2022|09463|Coburg, kreisfreie Stadt|Insgesamt|346.0
2022|09463|Coburg, kreisfreie Stadt|männlich|160.0
2022|09463|Coburg, kreisfreie Stadt|weiblich|186.0
2022|09464|Hof, kreisfreie Stadt|Insgesamt|429.0
2022|09464|Hof, kreisfreie Stadt|männlich|234.0
2022|09464|Hof, kreisfreie Stadt|weiblich|195.0
2022|09471|Bamberg, Landkreis|Insgesamt|1315.0
2022|09471|Bamberg, Landkreis|männlich|674.0
2022|09471|Bamberg, Landkreis|weiblich|641.0
2022|09472|Bayreuth, Landkreis|Insgesamt|888.0
2022|09472|Bayreuth, Landkreis|männlich|446.0
2022|09472|Bayreuth, Landkreis|weiblich|442.0
2022|09473|Coburg, Landkreis|Insgesamt|698.0
2022|09473|Coburg, Landkreis|männlich|371.0
2022|09473|Coburg, Landkreis|weiblich|327.0
2022|09474|Forchheim, Landkreis|Insgesamt|1039.0
2022|09474|Forchheim, Landkreis|männlich|533.0
2022|09474|Forchheim, Landkreis|weiblich|506.0
2022|09475|Hof, Landkreis|Insgesamt|695.0
2022|09475|Hof, Landkreis|männlich|326.0
2022|09475|Hof, Landkreis|weiblich|369.0
2022|09476|Kronach, Landkreis|Insgesamt|469.0
2022|09476|Kronach, Landkreis|männlich|242.0
2022|09476|Kronach, Landkreis|weiblich|227.0
2022|09477|Kulmbach, Landkreis|Insgesamt|516.0
2022|09477|Kulmbach, Landkreis|männlich|241.0
2022|09477|Kulmbach, Landkreis|weiblich|275.0
2022|09478|Lichtenfels, Landkreis|Insgesamt|573.0
2022|09478|Lichtenfels, Landkreis|männlich|274.0
2022|09478|Lichtenfels, Landkreis|weiblich|299.0
2022|09479|Wunsiedel i.Fichtelgebirge, Landkreis|Insgesamt|531.0
2022|09479|Wunsiedel i.Fichtelgebirge, Landkreis|männlich|278.0
2022|09479|Wunsiedel i.Fichtelgebirge, Landkreis|weiblich|253.0
2022|09561|Ansbach, kreisfreie Stadt|Insgesamt|464.0
2022|09561|Ansbach, kreisfreie Stadt|männlich|240.0
2022|09561|Ansbach, kreisfreie Stadt|weiblich|224.0
2022|09562|Erlangen, kreisfreie Stadt|Insgesamt|1059.0
2022|09562|Erlangen, kreisfreie Stadt|männlich|536.0
2022|09562|Erlangen, kreisfreie Stadt|weiblich|523.0
2022|09563|Fürth, kreisfreie Stadt|Insgesamt|1261.0
2022|09563|Fürth, kreisfreie Stadt|männlich|634.0
2022|09563|Fürth, kreisfreie Stadt|weiblich|627.0
2022|09564|Nürnberg, kreisfreie Stadt|Insgesamt|4994.0
2022|09564|Nürnberg, kreisfreie Stadt|männlich|2579.0
2022|09564|Nürnberg, kreisfreie Stadt|weiblich|2415.0
2022|09565|Schwabach, kreisfreie Stadt|Insgesamt|380.0
2022|09565|Schwabach, kreisfreie Stadt|männlich|195.0
2022|09565|Schwabach, kreisfreie Stadt|weiblich|185.0
2022|09571|Ansbach, Landkreis|Insgesamt|1769.0
2022|09571|Ansbach, Landkreis|männlich|897.0
2022|09571|Ansbach, Landkreis|weiblich|872.0
2022|09572|Erlangen-Höchstadt, Landkreis|Insgesamt|1243.0
2022|09572|Erlangen-Höchstadt, Landkreis|männlich|645.0
2022|09572|Erlangen-Höchstadt, Landkreis|weiblich|598.0
2022|09573|Fürth, Landkreis|Insgesamt|1001.0
2022|09573|Fürth, Landkreis|männlich|532.0
2022|09573|Fürth, Landkreis|weiblich|469.0
2022|09574|Nürnberger Land, Landkreis|Insgesamt|1366.0
2022|09574|Nürnberger Land, Landkreis|männlich|692.0
2022|09574|Nürnberger Land, Landkreis|weiblich|674.0
2022|09575|Neustadt a.d.Aisch-Bad Windsheim, Landkreis|Insgesamt|927.0
2022|09575|Neustadt a.d.Aisch-Bad Windsheim, Landkreis|männlich|466.0
2022|09575|Neustadt a.d.Aisch-Bad Windsheim, Landkreis|weiblich|461.0
2022|09576|Roth, Landkreis|Insgesamt|1083.0
2022|09576|Roth, Landkreis|männlich|573.0
2022|09576|Roth, Landkreis|weiblich|510.0
2022|09577|Weißenburg-Gunzenhausen, Landkreis|Insgesamt|895.0
2022|09577|Weißenburg-Gunzenhausen, Landkreis|männlich|470.0
2022|09577|Weißenburg-Gunzenhausen, Landkreis|weiblich|425.0
2022|09661|Aschaffenburg, kreisfreie Stadt|Insgesamt|669.0
2022|09661|Aschaffenburg, kreisfreie Stadt|männlich|343.0
2022|09661|Aschaffenburg, kreisfreie Stadt|weiblich|326.0
2022|09662|Schweinfurt, kreisfreie Stadt|Insgesamt|527.0
2022|09662|Schweinfurt, kreisfreie Stadt|männlich|282.0
2022|09662|Schweinfurt, kreisfreie Stadt|weiblich|245.0
2022|09663|Würzburg, kreisfreie Stadt|Insgesamt|1138.0
2022|09663|Würzburg, kreisfreie Stadt|männlich|568.0
2022|09663|Würzburg, kreisfreie Stadt|weiblich|570.0
2022|09671|Aschaffenburg, Landkreis|Insgesamt|1547.0
2022|09671|Aschaffenburg, Landkreis|männlich|789.0
2022|09671|Aschaffenburg, Landkreis|weiblich|758.0
2022|09672|Bad Kissingen, Landkreis|Insgesamt|908.0
2022|09672|Bad Kissingen, Landkreis|männlich|469.0
2022|09672|Bad Kissingen, Landkreis|weiblich|439.0
2022|09673|Rhön-Grabfeld, Landkreis|Insgesamt|740.0
2022|09673|Rhön-Grabfeld, Landkreis|männlich|409.0
2022|09673|Rhön-Grabfeld, Landkreis|weiblich|331.0
2022|09674|Haßberge, Landkreis|Insgesamt|725.0
2022|09674|Haßberge, Landkreis|männlich|380.0
2022|09674|Haßberge, Landkreis|weiblich|345.0
2022|09675|Kitzingen, Landkreis|Insgesamt|904.0
2022|09675|Kitzingen, Landkreis|männlich|486.0
2022|09675|Kitzingen, Landkreis|weiblich|418.0
2022|09676|Miltenberg, Landkreis|Insgesamt|1134.0
2022|09676|Miltenberg, Landkreis|männlich|589.0
2022|09676|Miltenberg, Landkreis|weiblich|545.0
2022|09677|Main-Spessart, Landkreis|Insgesamt|1044.0
2022|09677|Main-Spessart, Landkreis|männlich|531.0
2022|09677|Main-Spessart, Landkreis|weiblich|513.0
2022|09678|Schweinfurt, Landkreis|Insgesamt|1058.0
2022|09678|Schweinfurt, Landkreis|männlich|574.0
2022|09678|Schweinfurt, Landkreis|weiblich|484.0
2022|09679|Würzburg, Landkreis|Insgesamt|1421.0
2022|09679|Würzburg, Landkreis|männlich|732.0
2022|09679|Würzburg, Landkreis|weiblich|689.0
2022|09761|Augsburg, kreisfreie Stadt|Insgesamt|2905.0
2022|09761|Augsburg, kreisfreie Stadt|männlich|1463.0
2022|09761|Augsburg, kreisfreie Stadt|weiblich|1442.0
2022|09762|Kaufbeuren, kreisfreie Stadt|Insgesamt|454.0
2022|09762|Kaufbeuren, kreisfreie Stadt|männlich|225.0
2022|09762|Kaufbeuren, kreisfreie Stadt|weiblich|229.0
2022|09763|Kempten (Allgäu), kreisfreie Stadt|Insgesamt|656.0
2022|09763|Kempten (Allgäu), kreisfreie Stadt|männlich|341.0
2022|09763|Kempten (Allgäu), kreisfreie Stadt|weiblich|315.0
2022|09764|Memmingen, kreisfreie Stadt|Insgesamt|479.0
2022|09764|Memmingen, kreisfreie Stadt|männlich|245.0
2022|09764|Memmingen, kreisfreie Stadt|weiblich|234.0
2022|09771|Aichach-Friedberg, Landkreis|Insgesamt|1248.0
2022|09771|Aichach-Friedberg, Landkreis|männlich|649.0
2022|09771|Aichach-Friedberg, Landkreis|weiblich|599.0
2022|09772|Augsburg, Landkreis|Insgesamt|2464.0
2022|09772|Augsburg, Landkreis|männlich|1360.0
2022|09772|Augsburg, Landkreis|weiblich|1104.0
2022|09773|Dillingen a.d.Donau, Landkreis|Insgesamt|951.0
2022|09773|Dillingen a.d.Donau, Landkreis|männlich|457.0
2022|09773|Dillingen a.d.Donau, Landkreis|weiblich|494.0
2022|09774|Günzburg, Landkreis|Insgesamt|1223.0
2022|09774|Günzburg, Landkreis|männlich|614.0
2022|09774|Günzburg, Landkreis|weiblich|609.0
2022|09775|Neu-Ulm, Landkreis|Insgesamt|1789.0
2022|09775|Neu-Ulm, Landkreis|männlich|901.0
2022|09775|Neu-Ulm, Landkreis|weiblich|888.0
2022|09776|Lindau (Bodensee), Landkreis|Insgesamt|727.0
2022|09776|Lindau (Bodensee), Landkreis|männlich|369.0
2022|09776|Lindau (Bodensee), Landkreis|weiblich|358.0
2022|09777|Ostallgäu, Landkreis|Insgesamt|1461.0
2022|09777|Ostallgäu, Landkreis|männlich|734.0
2022|09777|Ostallgäu, Landkreis|weiblich|727.0
2022|09778|Unterallgäu, Landkreis|Insgesamt|1514.0
2022|09778|Unterallgäu, Landkreis|männlich|813.0
2022|09778|Unterallgäu, Landkreis|weiblich|701.0
2022|09779|Donau-Ries, Landkreis|Insgesamt|1326.0
2022|09779|Donau-Ries, Landkreis|männlich|659.0
2022|09779|Donau-Ries, Landkreis|weiblich|667.0
2022|09780|Oberallgäu, Landkreis|Insgesamt|1462.0
2022|09780|Oberallgäu, Landkreis|männlich|778.0
2022|09780|Oberallgäu, Landkreis|weiblich|684.0
2022|10041|Saarbrücken, Regionalverband|Insgesamt|2769.0
2022|10041|Saarbrücken, Regionalverband|männlich|1392.0
2022|10041|Saarbrücken, Regionalverband|weiblich|1377.0
2022|10041100|Saarbrücken, Landeshauptstadt|Insgesamt|1561.0
2022|10041100|Saarbrücken, Landeshauptstadt|männlich|789.0
2022|10041100|Saarbrücken, Landeshauptstadt|weiblich|772.0
2022|10042|Merzig-Wadern, Landkreis|Insgesamt|790.0
2022|10042|Merzig-Wadern, Landkreis|männlich|417.0
2022|10042|Merzig-Wadern, Landkreis|weiblich|373.0
2022|10043|Neunkirchen, Landkreis|Insgesamt|1030.0
2022|10043|Neunkirchen, Landkreis|männlich|530.0
2022|10043|Neunkirchen, Landkreis|weiblich|500.0
2022|10044|Saarlouis, Landkreis|Insgesamt|1550.0
2022|10044|Saarlouis, Landkreis|männlich|775.0
2022|10044|Saarlouis, Landkreis|weiblich|775.0
2022|10045|Saarpfalz-Kreis|Insgesamt|1050.0
2022|10045|Saarpfalz-Kreis|männlich|537.0
2022|10045|Saarpfalz-Kreis|weiblich|513.0
2022|10046|St. Wendel, Landkreis|Insgesamt|625.0
2022|10046|St. Wendel, Landkreis|männlich|309.0
2022|10046|St. Wendel, Landkreis|weiblich|316.0
2022|11000|Berlin, kreisfreie Stadt|Insgesamt|35729.0
2022|11000|Berlin, kreisfreie Stadt|männlich|18485.0
2022|11000|Berlin, kreisfreie Stadt|weiblich|17244.0
2022|11001001|Berlin-Mitte|Insgesamt|4010.0
2022|11001001|Berlin-Mitte|männlich|2058.0
2022|11001001|Berlin-Mitte|weiblich|1952.0
2022|11002002|Berlin-Friedrichshain-Kreuzberg|Insgesamt|2832.0
2022|11002002|Berlin-Friedrichshain-Kreuzberg|männlich|1446.0
2022|11002002|Berlin-Friedrichshain-Kreuzberg|weiblich|1386.0
2022|11003003|Berlin-Pankow|Insgesamt|3860.0
2022|11003003|Berlin-Pankow|männlich|2045.0
2022|11003003|Berlin-Pankow|weiblich|1815.0
2022|11004004|Berlin-Charlottenburg-Wilmersdorf|Insgesamt|2715.0
2022|11004004|Berlin-Charlottenburg-Wilmersdorf|männlich|1391.0
2022|11004004|Berlin-Charlottenburg-Wilmersdorf|weiblich|1324.0
2022|11005005|Berlin-Spandau|Insgesamt|2430.0
2022|11005005|Berlin-Spandau|männlich|1256.0
2022|11005005|Berlin-Spandau|weiblich|1174.0
2022|11006006|Berlin-Steglitz-Zehlendorf|Insgesamt|2209.0
2022|11006006|Berlin-Steglitz-Zehlendorf|männlich|1109.0
2022|11006006|Berlin-Steglitz-Zehlendorf|weiblich|1100.0
2022|11007007|Berlin-Tempelhof-Schöneberg|Insgesamt|3347.0
2022|11007007|Berlin-Tempelhof-Schöneberg|männlich|1731.0
2022|11007007|Berlin-Tempelhof-Schöneberg|weiblich|1616.0
2022|11008008|Berlin-Neukölln|Insgesamt|3319.0
2022|11008008|Berlin-Neukölln|männlich|1725.0
2022|11008008|Berlin-Neukölln|weiblich|1594.0
2022|11009009|Berlin-Treptow-Köpenick|Insgesamt|2682.0
2022|11009009|Berlin-Treptow-Köpenick|männlich|1404.0
2022|11009009|Berlin-Treptow-Köpenick|weiblich|1278.0
2022|11010010|Berlin-Marzahn-Hellersdorf|Insgesamt|2775.0
2022|11010010|Berlin-Marzahn-Hellersdorf|männlich|1444.0
2022|11010010|Berlin-Marzahn-Hellersdorf|weiblich|1331.0
2022|11011011|Berlin-Lichtenberg|Insgesamt|3108.0
2022|11011011|Berlin-Lichtenberg|männlich|1623.0
2022|11011011|Berlin-Lichtenberg|weiblich|1485.0
2022|11012012|Berlin-Reinickendorf|Insgesamt|2442.0
2022|11012012|Berlin-Reinickendorf|männlich|1253.0
2022|11012012|Berlin-Reinickendorf|weiblich|1189.0
2022|12051|Brandenburg an der Havel, kreisfreie Stadt|Insgesamt|548.0
2022|12051|Brandenburg an der Havel, kreisfreie Stadt|männlich|266.0
2022|12051|Brandenburg an der Havel, kreisfreie Stadt|weiblich|282.0
2022|12052|Cottbus, kreisfreie Stadt|Insgesamt|700.0
2022|12052|Cottbus, kreisfreie Stadt|männlich|367.0
2022|12052|Cottbus, kreisfreie Stadt|weiblich|333.0
2022|12053|Frankfurt (Oder), kreisfreie Stadt|Insgesamt|346.0
2022|12053|Frankfurt (Oder), kreisfreie Stadt|männlich|178.0
2022|12053|Frankfurt (Oder), kreisfreie Stadt|weiblich|168.0
2022|12054|Potsdam, kreisfreie Stadt|Insgesamt|1658.0
2022|12054|Potsdam, kreisfreie Stadt|männlich|860.0
2022|12054|Potsdam, kreisfreie Stadt|weiblich|798.0
2022|12060|Barnim, Landkreis|Insgesamt|1380.0
2022|12060|Barnim, Landkreis|männlich|725.0
2022|12060|Barnim, Landkreis|weiblich|655.0
2022|12061|Dahme-Spreewald, Landkreis|Insgesamt|1441.0
2022|12061|Dahme-Spreewald, Landkreis|männlich|755.0
2022|12061|Dahme-Spreewald, Landkreis|weiblich|686.0
2022|12062|Elbe-Elster, Landkreis|Insgesamt|561.0
2022|12062|Elbe-Elster, Landkreis|männlich|295.0
2022|12062|Elbe-Elster, Landkreis|weiblich|266.0
2022|12063|Havelland, Landkreis|Insgesamt|1177.0
2022|12063|Havelland, Landkreis|männlich|618.0
2022|12063|Havelland, Landkreis|weiblich|559.0
2022|12064|Märkisch-Oderland, Landkreis|Insgesamt|1228.0
2022|12064|Märkisch-Oderland, Landkreis|männlich|632.0
2022|12064|Märkisch-Oderland, Landkreis|weiblich|596.0
2022|12065|Oberhavel, Landkreis|Insgesamt|1462.0
2022|12065|Oberhavel, Landkreis|männlich|767.0
2022|12065|Oberhavel, Landkreis|weiblich|695.0
2022|12066|Oberspreewald-Lausitz, Landkreis|Insgesamt|677.0
2022|12066|Oberspreewald-Lausitz, Landkreis|männlich|334.0
2022|12066|Oberspreewald-Lausitz, Landkreis|weiblich|343.0
2022|12067|Oder-Spree, Landkreis|Insgesamt|1143.0
2022|12067|Oder-Spree, Landkreis|männlich|553.0
2022|12067|Oder-Spree, Landkreis|weiblich|590.0
2022|12068|Ostprignitz-Ruppin, Landkreis|Insgesamt|646.0
2022|12068|Ostprignitz-Ruppin, Landkreis|männlich|335.0
2022|12068|Ostprignitz-Ruppin, Landkreis|weiblich|311.0
2022|12069|Potsdam-Mittelmark, Landkreis|Insgesamt|1348.0
2022|12069|Potsdam-Mittelmark, Landkreis|männlich|688.0
2022|12069|Potsdam-Mittelmark, Landkreis|weiblich|660.0
2022|12070|Prignitz, Landkreis|Insgesamt|469.0
2022|12070|Prignitz, Landkreis|männlich|238.0
2022|12070|Prignitz, Landkreis|weiblich|231.0
2022|12071|Spree-Neiße, Landkreis|Insgesamt|620.0
2022|12071|Spree-Neiße, Landkreis|männlich|325.0
2022|12071|Spree-Neiße, Landkreis|weiblich|295.0
2022|12072|Teltow-Fläming, Landkreis|Insgesamt|1317.0
2022|12072|Teltow-Fläming, Landkreis|männlich|683.0
2022|12072|Teltow-Fläming, Landkreis|weiblich|634.0
2022|12073|Uckermark, Landkreis|Insgesamt|718.0
2022|12073|Uckermark, Landkreis|männlich|359.0
2022|12073|Uckermark, Landkreis|weiblich|359.0
2022|13003|Rostock, kreisfreie Stadt|Insgesamt|1663.0
2022|13003|Rostock, kreisfreie Stadt|männlich|875.0
2022|13003|Rostock, kreisfreie Stadt|weiblich|788.0
2022|13004|Schwerin, kreisfreie Stadt|Insgesamt|749.0
2022|13004|Schwerin, kreisfreie Stadt|männlich|369.0
2022|13004|Schwerin, kreisfreie Stadt|weiblich|380.0
2022|13071|Mecklenburgische Seenplatte, Landkreis|Insgesamt|1596.0
2022|13071|Mecklenburgische Seenplatte, Landkreis|männlich|829.0
2022|13071|Mecklenburgische Seenplatte, Landkreis|weiblich|767.0
2022|13072|Landkreis Rostock|Insgesamt|1492.0
2022|13072|Landkreis Rostock|männlich|774.0
2022|13072|Landkreis Rostock|weiblich|718.0
2022|13073|Vorpommern-Rügen, Landkreis|Insgesamt|1335.0
2022|13073|Vorpommern-Rügen, Landkreis|männlich|662.0
2022|13073|Vorpommern-Rügen, Landkreis|weiblich|673.0
2022|13074|Nordwestmecklenburg, Landkreis|Insgesamt|1067.0
2022|13074|Nordwestmecklenburg, Landkreis|männlich|545.0
2022|13074|Nordwestmecklenburg, Landkreis|weiblich|522.0
2022|13075|Vorpommern-Greifswald, Landkreis|Insgesamt|1508.0
2022|13075|Vorpommern-Greifswald, Landkreis|männlich|779.0
2022|13075|Vorpommern-Greifswald, Landkreis|weiblich|729.0
2022|13076|Ludwigslust-Parchim, Landkreis|Insgesamt|1410.0
2022|13076|Ludwigslust-Parchim, Landkreis|männlich|714.0
2022|13076|Ludwigslust-Parchim, Landkreis|weiblich|696.0
2022|14511|Chemnitz, kreisfreie Stadt|Insgesamt|1880.0
2022|14511|Chemnitz, kreisfreie Stadt|männlich|977.0
2022|14511|Chemnitz, kreisfreie Stadt|weiblich|903.0
2022|14521|Erzgebirgskreis|Insgesamt|2079.0
2022|14521|Erzgebirgskreis|männlich|1055.0
2022|14521|Erzgebirgskreis|weiblich|1024.0
2022|14522|Mittelsachsen, Landkreis|Insgesamt|1941.0
2022|14522|Mittelsachsen, Landkreis|männlich|973.0
2022|14522|Mittelsachsen, Landkreis|weiblich|968.0
2022|14523|Vogtlandkreis|Insgesamt|1352.0
2022|14523|Vogtlandkreis|männlich|693.0
2022|14523|Vogtlandkreis|weiblich|659.0
2022|14524|Zwickau, Landkreis|Insgesamt|2127.0
2022|14524|Zwickau, Landkreis|männlich|1040.0
2022|14524|Zwickau, Landkreis|weiblich|1087.0
2022|14612|Dresden, kreisfreie Stadt|Insgesamt|4734.0
2022|14612|Dresden, kreisfreie Stadt|männlich|2466.0
2022|14612|Dresden, kreisfreie Stadt|weiblich|2268.0
2022|14625|Bautzen, Landkreis|Insgesamt|1989.0
2022|14625|Bautzen, Landkreis|männlich|1000.0
2022|14625|Bautzen, Landkreis|weiblich|989.0
2022|14626|Görlitz, Landkreis|Insgesamt|1538.0
2022|14626|Görlitz, Landkreis|männlich|771.0
2022|14626|Görlitz, Landkreis|weiblich|767.0
2022|14627|Meißen, Landkreis|Insgesamt|1497.0
2022|14627|Meißen, Landkreis|männlich|779.0
2022|14627|Meißen, Landkreis|weiblich|718.0
2022|14628|Sächsische Schweiz-Osterzgebirge, Landkreis|Insgesamt|1552.0
2022|14628|Sächsische Schweiz-Osterzgebirge, Landkreis|männlich|777.0
2022|14628|Sächsische Schweiz-Osterzgebirge, Landkreis|weiblich|775.0
2022|14713|Leipzig, kreisfreie Stadt|Insgesamt|5671.0
2022|14713|Leipzig, kreisfreie Stadt|männlich|2937.0
2022|14713|Leipzig, kreisfreie Stadt|weiblich|2734.0
2022|14729|Leipzig, Landkreis|Insgesamt|1652.0
2022|14729|Leipzig, Landkreis|männlich|877.0
2022|14729|Leipzig, Landkreis|weiblich|775.0
2022|14730|Nordsachsen, Landkreis|Insgesamt|1319.0
2022|14730|Nordsachsen, Landkreis|männlich|677.0
2022|14730|Nordsachsen, Landkreis|weiblich|642.0
2022|15001|Dessau-Roßlau, kreisfreie Stadt|Insgesamt|488.0
2022|15001|Dessau-Roßlau, kreisfreie Stadt|männlich|250.0
2022|15001|Dessau-Roßlau, kreisfreie Stadt|weiblich|238.0
2022|15002|Halle (Saale), kreisfreie Stadt|Insgesamt|1882.0
2022|15002|Halle (Saale), kreisfreie Stadt|männlich|985.0
2022|15002|Halle (Saale), kreisfreie Stadt|weiblich|897.0
2022|15003|Magdeburg, kreisfreie Stadt, Landeshauptstadt|Insgesamt|1999.0
2022|15003|Magdeburg, kreisfreie Stadt, Landeshauptstadt|männlich|1010.0
2022|15003|Magdeburg, kreisfreie Stadt, Landeshauptstadt|weiblich|989.0
2022|15081|Altmarkkreis Salzwedel|Insgesamt|548.0
2022|15081|Altmarkkreis Salzwedel|männlich|270.0
2022|15081|Altmarkkreis Salzwedel|weiblich|278.0
2022|15082|Anhalt-Bitterfeld, Landkreis|Insgesamt|994.0
2022|15082|Anhalt-Bitterfeld, Landkreis|männlich|514.0
2022|15082|Anhalt-Bitterfeld, Landkreis|weiblich|480.0
2022|15083|Börde, Landkreis|Insgesamt|1095.0
2022|15083|Börde, Landkreis|männlich|574.0
2022|15083|Börde, Landkreis|weiblich|521.0
2022|15084|Burgenlandkreis|Insgesamt|1116.0
2022|15084|Burgenlandkreis|männlich|578.0
2022|15084|Burgenlandkreis|weiblich|538.0
2022|15085|Harz, Landkreis|Insgesamt|1272.0
2022|15085|Harz, Landkreis|männlich|628.0
2022|15085|Harz, Landkreis|weiblich|644.0
2022|15086|Jerichower Land, Landkreis|Insgesamt|556.0
2022|15086|Jerichower Land, Landkreis|männlich|287.0
2022|15086|Jerichower Land, Landkreis|weiblich|269.0
2022|15087|Mansfeld-Südharz, Landkreis|Insgesamt|761.0
2022|15087|Mansfeld-Südharz, Landkreis|männlich|399.0
2022|15087|Mansfeld-Südharz, Landkreis|weiblich|362.0
2022|15088|Saalekreis|Insgesamt|1214.0
2022|15088|Saalekreis|männlich|596.0
2022|15088|Saalekreis|weiblich|618.0
2022|15089|Salzlandkreis|Insgesamt|1152.0
2022|15089|Salzlandkreis|männlich|583.0
2022|15089|Salzlandkreis|weiblich|569.0
2022|15090|Stendal, Landkreis|Insgesamt|680.0
2022|15090|Stendal, Landkreis|männlich|344.0
2022|15090|Stendal, Landkreis|weiblich|336.0
2022|15091|Wittenberg, Landkreis|Insgesamt|749.0
2022|15091|Wittenberg, Landkreis|männlich|382.0
2022|15091|Wittenberg, Landkreis|weiblich|367.0
2022|16051|Erfurt, kreisfreie Stadt|Insgesamt|1648.0
2022|16051|Erfurt, kreisfreie Stadt|männlich|867.0
2022|16051|Erfurt, kreisfreie Stadt|weiblich|781.0
2022|16052|Gera, kreisfreie Stadt|Insgesamt|656.0
2022|16052|Gera, kreisfreie Stadt|männlich|353.0
2022|16052|Gera, kreisfreie Stadt|weiblich|303.0
2022|16053|Jena, kreisfreie Stadt|Insgesamt|855.0
2022|16053|Jena, kreisfreie Stadt|männlich|465.0
2022|16053|Jena, kreisfreie Stadt|weiblich|390.0
2022|16054|Suhl, kreisfreie Stadt|Insgesamt|227.0
2022|16054|Suhl, kreisfreie Stadt|männlich|112.0
2022|16054|Suhl, kreisfreie Stadt|weiblich|115.0
2022|16055|Weimar, kreisfreie Stadt|Insgesamt|476.0
2022|16055|Weimar, kreisfreie Stadt|männlich|247.0
2022|16055|Weimar, kreisfreie Stadt|weiblich|229.0
2022|16061|Eichsfeld, Landkreis|Insgesamt|740.0
2022|16061|Eichsfeld, Landkreis|männlich|375.0
2022|16061|Eichsfeld, Landkreis|weiblich|365.0
2022|16062|Nordhausen, Landkreis|Insgesamt|504.0
2022|16062|Nordhausen, Landkreis|männlich|275.0
2022|16062|Nordhausen, Landkreis|weiblich|229.0
2022|16063|Wartburgkreis|Insgesamt|1089.0
2022|16063|Wartburgkreis|männlich|559.0
2022|16063|Wartburgkreis|weiblich|530.0
2022|16064|Unstrut-Hainich-Kreis|Insgesamt|711.0
2022|16064|Unstrut-Hainich-Kreis|männlich|379.0
2022|16064|Unstrut-Hainich-Kreis|weiblich|332.0
2022|16065|Kyffhäuserkreis|Insgesamt|472.0
2022|16065|Kyffhäuserkreis|männlich|241.0
2022|16065|Kyffhäuserkreis|weiblich|231.0
2022|16066|Schmalkalden-Meiningen, Landkreis|Insgesamt|773.0
2022|16066|Schmalkalden-Meiningen, Landkreis|männlich|374.0
2022|16066|Schmalkalden-Meiningen, Landkreis|weiblich|399.0
2022|16067|Gotha, Landkreis|Insgesamt|900.0
2022|16067|Gotha, Landkreis|männlich|460.0
2022|16067|Gotha, Landkreis|weiblich|440.0
2022|16068|Sömmerda, Landkreis|Insgesamt|466.0
2022|16068|Sömmerda, Landkreis|männlich|241.0
2022|16068|Sömmerda, Landkreis|weiblich|225.0
2022|16069|Hildburghausen, Landkreis|Insgesamt|389.0
2022|16069|Hildburghausen, Landkreis|männlich|196.0
2022|16069|Hildburghausen, Landkreis|weiblich|193.0
2022|16070|Ilm-Kreis|Insgesamt|669.0
2022|16070|Ilm-Kreis|männlich|355.0
2022|16070|Ilm-Kreis|weiblich|314.0
2022|16071|Weimarer Land, Landkreis|Insgesamt|578.0
2022|16071|Weimarer Land, Landkreis|männlich|265.0
2022|16071|Weimarer Land, Landkreis|weiblich|313.0
2022|16072|Sonneberg, Landkreis|Insgesamt|353.0
2022|16072|Sonneberg, Landkreis|männlich|195.0
2022|16072|Sonneberg, Landkreis|weiblich|158.0
2022|16073|Saalfeld-Rudolstadt, Landkreis|Insgesamt|588.0
2022|16073|Saalfeld-Rudolstadt, Landkreis|männlich|299.0
2022|16073|Saalfeld-Rudolstadt, Landkreis|weiblich|289.0
2022|16074|Saale-Holzland-Kreis|Insgesamt|493.0
2022|16074|Saale-Holzland-Kreis|männlich|248.0
2022|16074|Saale-Holzland-Kreis|weiblich|245.0
2022|16075|Saale-Orla-Kreis|Insgesamt|497.0
2022|16075|Saale-Orla-Kreis|männlich|242.0
2022|16075|Saale-Orla-Kreis|weiblich|255.0
2022|16076|Greiz, Landkreis|Insgesamt|570.0
2022|16076|Greiz, Landkreis|männlich|277.0
2022|16076|Greiz, Landkreis|weiblich|293.0
2022|16077|Altenburger Land, Landkreis|Insgesamt|477.0
2022|16077|Altenburger Land, Landkreis|männlich|254.0
2022|16077|Altenburger Land, Landkreis|weiblich|223.0
2022|010|Schleswig-Holstein|Insgesamt|23953.0
2022|010|Schleswig-Holstein|männlich|12299.0
2022|010|Schleswig-Holstein|weiblich|11654.0
2022|020|Hamburg|Insgesamt|19054.0
2022|020|Hamburg|männlich|9780.0
2022|020|Hamburg|weiblich|9274.0
2022|031|Braunschweig, Statistische Region|Insgesamt|13789.0
2022|031|Braunschweig, Statistische Region|männlich|6998.0
2022|031|Braunschweig, Statistische Region|weiblich|6791.0
2022|032|Hannover, Statistische Region|Insgesamt|18858.0
2022|032|Hannover, Statistische Region|männlich|9710.0
2022|032|Hannover, Statistische Region|weiblich|9148.0
2022|033|Lüneburg, Statistische Region|Insgesamt|14867.0
2022|033|Lüneburg, Statistische Region|männlich|7573.0
2022|033|Lüneburg, Statistische Region|weiblich|7294.0
2022|034|Weser-Ems, Statistische Region|Insgesamt|23775.0
2022|034|Weser-Ems, Statistische Region|männlich|12278.0
2022|034|Weser-Ems, Statistische Region|weiblich|11497.0
2022|040|Bremen|Insgesamt|6720.0
2022|040|Bremen|männlich|3473.0
2022|040|Bremen|weiblich|3247.0
2022|051|Düsseldorf, Regierungsbezirk|Insgesamt|47217.0
2022|051|Düsseldorf, Regierungsbezirk|männlich|24215.0
2022|051|Düsseldorf, Regierungsbezirk|weiblich|23002.0
2022|053|Köln, Regierungsbezirk|Insgesamt|40815.0
2022|053|Köln, Regierungsbezirk|männlich|20882.0
2022|053|Köln, Regierungsbezirk|weiblich|19933.0
2022|055|Münster, Regierungsbezirk|Insgesamt|24853.0
2022|055|Münster, Regierungsbezirk|männlich|12700.0
2022|055|Münster, Regierungsbezirk|weiblich|12153.0
2022|057|Detmold, Regierungsbezirk|Insgesamt|19389.0
2022|057|Detmold, Regierungsbezirk|männlich|9986.0
2022|057|Detmold, Regierungsbezirk|weiblich|9403.0
2022|059|Arnsberg, Regierungsbezirk|Insgesamt|32222.0
2022|059|Arnsberg, Regierungsbezirk|männlich|16672.0
2022|059|Arnsberg, Regierungsbezirk|weiblich|15550.0
2022|064|Darmstadt, Regierungsbezirk|Insgesamt|37795.0
2022|064|Darmstadt, Regierungsbezirk|männlich|19314.0
2022|064|Darmstadt, Regierungsbezirk|weiblich|18481.0
2022|065|Gießen, Regierungsbezirk|Insgesamt|9146.0
2022|065|Gießen, Regierungsbezirk|männlich|4691.0
2022|065|Gießen, Regierungsbezirk|weiblich|4455.0
2022|066|Kassel, Regierungsbezirk|Insgesamt|10419.0
2022|066|Kassel, Regierungsbezirk|männlich|5337.0
2022|066|Kassel, Regierungsbezirk|weiblich|5082.0
2022|071|Koblenz, Statistische Region|Insgesamt|13307.0
2022|071|Koblenz, Statistische Region|männlich|6851.0
2022|071|Koblenz, Statistische Region|weiblich|6456.0
2022|072|Trier, Statistische Region|Insgesamt|4451.0
2022|072|Trier, Statistische Region|männlich|2296.0
2022|072|Trier, Statistische Region|weiblich|2155.0
2022|073|Rheinhessen-Pfalz, Statistische Region|Insgesamt|18973.0
2022|073|Rheinhessen-Pfalz, Statistische Region|männlich|9677.0
2022|073|Rheinhessen-Pfalz, Statistische Region|weiblich|9296.0
2022|081|Stuttgart, Regierungsbezirk|Insgesamt|39921.0
2022|081|Stuttgart, Regierungsbezirk|männlich|20411.0
2022|081|Stuttgart, Regierungsbezirk|weiblich|19510.0
2022|082|Karlsruhe, Regierungsbezirk|Insgesamt|25451.0
2022|082|Karlsruhe, Regierungsbezirk|männlich|13238.0
2022|082|Karlsruhe, Regierungsbezirk|weiblich|12213.0
2022|083|Freiburg, Regierungsbezirk|Insgesamt|21174.0
2022|083|Freiburg, Regierungsbezirk|männlich|10948.0
2022|083|Freiburg, Regierungsbezirk|weiblich|10226.0
2022|084|Tübingen, Regierungsbezirk|Insgesamt|18003.0
2022|084|Tübingen, Regierungsbezirk|männlich|9111.0
2022|084|Tübingen, Regierungsbezirk|weiblich|8892.0
2022|091|Oberbayern, Regierungsbezirk|Insgesamt|47061.0
2022|091|Oberbayern, Regierungsbezirk|männlich|24089.0
2022|091|Oberbayern, Regierungsbezirk|weiblich|22972.0
2022|092|Niederbayern, Regierungsbezirk|Insgesamt|11496.0
2022|092|Niederbayern, Regierungsbezirk|männlich|5840.0
2022|092|Niederbayern, Regierungsbezirk|weiblich|5656.0
2022|093|Oberpfalz, Regierungsbezirk|Insgesamt|10583.0
2022|093|Oberpfalz, Regierungsbezirk|männlich|5421.0
2022|093|Oberpfalz, Regierungsbezirk|weiblich|5162.0
2022|094|Oberfranken, Regierungsbezirk|Insgesamt|8841.0
2022|094|Oberfranken, Regierungsbezirk|männlich|4431.0
2022|094|Oberfranken, Regierungsbezirk|weiblich|4410.0
2022|095|Mittelfranken, Regierungsbezirk|Insgesamt|16442.0
2022|095|Mittelfranken, Regierungsbezirk|männlich|8459.0
2022|095|Mittelfranken, Regierungsbezirk|weiblich|7983.0
2022|096|Unterfranken, Regierungsbezirk|Insgesamt|11815.0
2022|096|Unterfranken, Regierungsbezirk|männlich|6152.0
2022|096|Unterfranken, Regierungsbezirk|weiblich|5663.0
2022|097|Schwaben, Regierungsbezirk|Insgesamt|18659.0
2022|097|Schwaben, Regierungsbezirk|männlich|9608.0
2022|097|Schwaben, Regierungsbezirk|weiblich|9051.0
2022|100|Saarland, Regierungsbezirk|Insgesamt|7814.0
2022|100|Saarland, Regierungsbezirk|männlich|3960.0
2022|100|Saarland, Regierungsbezirk|weiblich|3854.0
2022|110|Berlin|Insgesamt|35729.0
2022|110|Berlin|männlich|18485.0
2022|110|Berlin|weiblich|17244.0
2022|120|Brandenburg|Insgesamt|17439.0
2022|120|Brandenburg|männlich|8978.0
2022|120|Brandenburg|weiblich|8461.0
2022|130|Mecklenburg-Vorpommern, Statistische Region|Insgesamt|10820.0
2022|130|Mecklenburg-Vorpommern, Statistische Region|männlich|5547.0
2022|130|Mecklenburg-Vorpommern, Statistische Region|weiblich|5273.0
2022|145|Chemnitz, Statistische Region|Insgesamt|9379.0
2022|145|Chemnitz, Statistische Region|männlich|4738.0
2022|145|Chemnitz, Statistische Region|weiblich|4641.0
2022|146|Dresden, Statistische Region|Insgesamt|11310.0
2022|146|Dresden, Statistische Region|männlich|5793.0
2022|146|Dresden, Statistische Region|weiblich|5517.0
2022|147|Leipzig, Statistische Region|Insgesamt|8642.0
2022|147|Leipzig, Statistische Region|männlich|4491.0
2022|147|Leipzig, Statistische Region|weiblich|4151.0
2022|150|Sachsen-Anhalt|Insgesamt|14506.0
2022|150|Sachsen-Anhalt|männlich|7400.0
2022|150|Sachsen-Anhalt|weiblich|7106.0
2022|160|Thüringen|Insgesamt|14131.0
2022|160|Thüringen|männlich|7279.0
2022|160|Thüringen|weiblich|6852.0
2023|DG|Deutschland|Insgesamt|692989.0
2023|DG|Deutschland|männlich|355299.0
2023|DG|Deutschland|weiblich|337690.0
2023|01|Schleswig-Holstein|Insgesamt|22190.0
2023|01|Schleswig-Holstein|männlich|11442.0
2023|01|Schleswig-Holstein|weiblich|10748.0
2023|02|Hamburg|Insgesamt|18264.0
2023|02|Hamburg|männlich|9311.0
2023|02|Hamburg|weiblich|8953.0
2023|03|Niedersachsen|Insgesamt|67162.0
2023|03|Niedersachsen|männlich|34266.0
2023|03|Niedersachsen|weiblich|32896.0
2023|04|Bremen|Insgesamt|6615.0
2023|04|Bremen|männlich|3393.0
2023|04|Bremen|weiblich|3222.0
2023|05|Nordrhein-Westfalen|Insgesamt|155515.0
2023|05|Nordrhein-Westfalen|männlich|79714.0
2023|05|Nordrhein-Westfalen|weiblich|75801.0
2023|06|Hessen|Insgesamt|53685.0
2023|06|Hessen|männlich|27610.0
2023|06|Hessen|weiblich|26075.0
2023|07|Rheinland-Pfalz|Insgesamt|34493.0
2023|07|Rheinland-Pfalz|männlich|17647.0
2023|07|Rheinland-Pfalz|weiblich|16846.0
2023|08|Baden-Württemberg|Insgesamt|98419.0
2023|08|Baden-Württemberg|männlich|50370.0
2023|08|Baden-Württemberg|weiblich|48049.0
2023|09|Bayern|Insgesamt|116505.0
2023|09|Bayern|männlich|59917.0
2023|09|Bayern|weiblich|56588.0
2023|10|Saarland|Insgesamt|7769.0
2023|10|Saarland|männlich|3959.0
2023|10|Saarland|weiblich|3810.0
2023|11|Berlin|Insgesamt|34120.0
2023|11|Berlin|männlich|17473.0
2023|11|Berlin|weiblich|16647.0
2023|12|Brandenburg|Insgesamt|15885.0
2023|12|Brandenburg|männlich|8136.0
2023|12|Brandenburg|weiblich|7749.0
2023|13|Mecklenburg-Vorpommern|Insgesamt|9671.0
2023|13|Mecklenburg-Vorpommern|männlich|5053.0
2023|13|Mecklenburg-Vorpommern|weiblich|4618.0
2023|14|Sachsen|Insgesamt|26194.0
2023|14|Sachsen|männlich|13475.0
2023|14|Sachsen|weiblich|12719.0
2023|15|Sachsen-Anhalt|Insgesamt|13550.0
2023|15|Sachsen-Anhalt|männlich|6913.0
2023|15|Sachsen-Anhalt|weiblich|6637.0
2023|16|Thüringen|Insgesamt|12952.0
2023|16|Thüringen|männlich|6620.0
2023|16|Thüringen|weiblich|6332.0
2023|01001|Flensburg, kreisfreie Stadt|Insgesamt|859.0
2023|01001|Flensburg, kreisfreie Stadt|männlich|442.0
2023|01001|Flensburg, kreisfreie Stadt|weiblich|417.0
2023|01002|Kiel, kreisfreie Stadt|Insgesamt|2059.0
2023|01002|Kiel, kreisfreie Stadt|männlich|1058.0
2023|01002|Kiel, kreisfreie Stadt|weiblich|1001.0
2023|01003|Lübeck, kreisfreie Stadt, Hansestadt|Insgesamt|1666.0
2023|01003|Lübeck, kreisfreie Stadt, Hansestadt|männlich|894.0
2023|01003|Lübeck, kreisfreie Stadt, Hansestadt|weiblich|772.0
2023|01004|Neumünster, kreisfreie Stadt|Insgesamt|686.0
2023|01004|Neumünster, kreisfreie Stadt|männlich|354.0
2023|01004|Neumünster, kreisfreie Stadt|weiblich|332.0
2023|01051|Dithmarschen, Kreis|Insgesamt|1021.0
2023|01051|Dithmarschen, Kreis|männlich|541.0
2023|01051|Dithmarschen, Kreis|weiblich|480.0
2023|01053|Herzogtum Lauenburg, Kreis|Insgesamt|1549.0
2023|01053|Herzogtum Lauenburg, Kreis|männlich|782.0
2023|01053|Herzogtum Lauenburg, Kreis|weiblich|767.0
2023|01054|Nordfriesland, Kreis|Insgesamt|1183.0
2023|01054|Nordfriesland, Kreis|männlich|594.0
2023|01054|Nordfriesland, Kreis|weiblich|589.0
2023|01055|Ostholstein, Kreis|Insgesamt|1259.0
2023|01055|Ostholstein, Kreis|männlich|624.0
2023|01055|Ostholstein, Kreis|weiblich|635.0
2023|01056|Pinneberg, Kreis|Insgesamt|2502.0
2023|01056|Pinneberg, Kreis|männlich|1288.0
2023|01056|Pinneberg, Kreis|weiblich|1214.0
2023|01057|Plön, Kreis|Insgesamt|867.0
2023|01057|Plön, Kreis|männlich|461.0
2023|01057|Plön, Kreis|weiblich|406.0
2023|01058|Rendsburg-Eckernförde, Kreis|Insgesamt|2017.0
2023|01058|Rendsburg-Eckernförde, Kreis|männlich|1060.0
2023|01058|Rendsburg-Eckernförde, Kreis|weiblich|957.0
2023|01059|Schleswig-Flensburg, Kreis|Insgesamt|1562.0
2023|01059|Schleswig-Flensburg, Kreis|männlich|796.0
2023|01059|Schleswig-Flensburg, Kreis|weiblich|766.0
2023|01060|Segeberg, Kreis|Insgesamt|2191.0
2023|01060|Segeberg, Kreis|männlich|1135.0
2023|01060|Segeberg, Kreis|weiblich|1056.0
2023|01061|Steinburg, Kreis|Insgesamt|1016.0
2023|01061|Steinburg, Kreis|männlich|531.0
2023|01061|Steinburg, Kreis|weiblich|485.0
2023|01062|Stormarn, Kreis|Insgesamt|1753.0
2023|01062|Stormarn, Kreis|männlich|882.0
2023|01062|Stormarn, Kreis|weiblich|871.0
2023|02000|Hamburg, kreisfreie Stadt, Freie und Hansestadt|Insgesamt|18264.0
2023|02000|Hamburg, kreisfreie Stadt, Freie und Hansestadt|männlich|9311.0
2023|02000|Hamburg, kreisfreie Stadt, Freie und Hansestadt|weiblich|8953.0
2023|03101|Braunschweig, kreisfreie Stadt|Insgesamt|2066.0
2023|03101|Braunschweig, kreisfreie Stadt|männlich|1062.0
2023|03101|Braunschweig, kreisfreie Stadt|weiblich|1004.0
2023|03102|Salzgitter, kreisfreie Stadt|Insgesamt|1050.0
2023|03102|Salzgitter, kreisfreie Stadt|männlich|519.0
2023|03102|Salzgitter, kreisfreie Stadt|weiblich|531.0
2023|03103|Wolfsburg, kreisfreie Stadt|Insgesamt|1069.0
2023|03103|Wolfsburg, kreisfreie Stadt|männlich|546.0
2023|03103|Wolfsburg, kreisfreie Stadt|weiblich|523.0
2023|03151|Gifhorn, Landkreis|Insgesamt|1579.0
2023|03151|Gifhorn, Landkreis|männlich|793.0
2023|03151|Gifhorn, Landkreis|weiblich|786.0
2023|03153|Goslar, Landkreis|Insgesamt|860.0
2023|03153|Goslar, Landkreis|männlich|437.0
2023|03153|Goslar, Landkreis|weiblich|423.0
2023|03154|Helmstedt, Landkreis|Insgesamt|691.0
2023|03154|Helmstedt, Landkreis|männlich|343.0
2023|03154|Helmstedt, Landkreis|weiblich|348.0
2023|03155|Northeim, Landkreis|Insgesamt|971.0
2023|03155|Northeim, Landkreis|männlich|501.0
2023|03155|Northeim, Landkreis|weiblich|470.0
2023|03157|Peine, Landkreis|Insgesamt|1108.0
2023|03157|Peine, Landkreis|männlich|547.0
2023|03157|Peine, Landkreis|weiblich|561.0
2023|03158|Wolfenbüttel, Landkreis|Insgesamt|856.0
2023|03158|Wolfenbüttel, Landkreis|männlich|450.0
2023|03158|Wolfenbüttel, Landkreis|weiblich|406.0
2023|03159|Göttingen, Landkreis|Insgesamt|2508.0
2023|03159|Göttingen, Landkreis|männlich|1307.0
2023|03159|Göttingen, Landkreis|weiblich|1201.0
2023|03241|Region Hannover, Landkreis|Insgesamt|9748.0
2023|03241|Region Hannover, Landkreis|männlich|4959.0
2023|03241|Region Hannover, Landkreis|weiblich|4789.0
2023|03241001|Hannover, Landeshauptstadt|Insgesamt|4872.0
2023|03241001|Hannover, Landeshauptstadt|männlich|2446.0
2023|03241001|Hannover, Landeshauptstadt|weiblich|2426.0
2023|03251|Diepholz, Landkreis|Insgesamt|1840.0
2023|03251|Diepholz, Landkreis|männlich|881.0
2023|03251|Diepholz, Landkreis|weiblich|959.0
2023|03252|Hameln-Pyrmont, Landkreis|Insgesamt|1257.0
2023|03252|Hameln-Pyrmont, Landkreis|männlich|647.0
2023|03252|Hameln-Pyrmont, Landkreis|weiblich|610.0
2023|03254|Hildesheim, Landkreis|Insgesamt|2235.0
2023|03254|Hildesheim, Landkreis|männlich|1126.0
2023|03254|Hildesheim, Landkreis|weiblich|1109.0
2023|03255|Holzminden, Landkreis|Insgesamt|513.0
2023|03255|Holzminden, Landkreis|männlich|273.0
2023|03255|Holzminden, Landkreis|weiblich|240.0
2023|03256|Nienburg (Weser), Landkreis|Insgesamt|932.0
2023|03256|Nienburg (Weser), Landkreis|männlich|472.0
2023|03256|Nienburg (Weser), Landkreis|weiblich|460.0
2023|03257|Schaumburg, Landkreis|Insgesamt|1208.0
2023|03257|Schaumburg, Landkreis|männlich|624.0
2023|03257|Schaumburg, Landkreis|weiblich|584.0
2023|03351|Celle, Landkreis|Insgesamt|1456.0
2023|03351|Celle, Landkreis|männlich|744.0
2023|03351|Celle, Landkreis|weiblich|712.0
2023|03352|Cuxhaven, Landkreis|Insgesamt|1571.0
2023|03352|Cuxhaven, Landkreis|männlich|789.0
2023|03352|Cuxhaven, Landkreis|weiblich|782.0
2023|03353|Harburg, Landkreis|Insgesamt|2102.0
2023|03353|Harburg, Landkreis|männlich|1093.0
2023|03353|Harburg, Landkreis|weiblich|1009.0
2023|03354|Lüchow-Dannenberg, Landkreis|Insgesamt|318.0
2023|03354|Lüchow-Dannenberg, Landkreis|männlich|172.0
2023|03354|Lüchow-Dannenberg, Landkreis|weiblich|146.0
2023|03355|Lüneburg, Landkreis|Insgesamt|1518.0
2023|03355|Lüneburg, Landkreis|männlich|764.0
2023|03355|Lüneburg, Landkreis|weiblich|754.0
2023|03356|Osterholz, Landkreis|Insgesamt|891.0
2023|03356|Osterholz, Landkreis|männlich|451.0
2023|03356|Osterholz, Landkreis|weiblich|440.0
2023|03357|Rotenburg (Wümme), Landkreis|Insgesamt|1354.0
2023|03357|Rotenburg (Wümme), Landkreis|männlich|673.0
2023|03357|Rotenburg (Wümme), Landkreis|weiblich|681.0
2023|03358|Heidekreis|Insgesamt|1148.0
2023|03358|Heidekreis|männlich|579.0
2023|03358|Heidekreis|weiblich|569.0
2023|03359|Stade, Landkreis|Insgesamt|1731.0
2023|03359|Stade, Landkreis|männlich|919.0
2023|03359|Stade, Landkreis|weiblich|812.0
2023|03360|Uelzen, Landkreis|Insgesamt|692.0
2023|03360|Uelzen, Landkreis|männlich|362.0
2023|03360|Uelzen, Landkreis|weiblich|330.0
2023|03361|Verden, Landkreis|Insgesamt|1256.0
2023|03361|Verden, Landkreis|männlich|619.0
2023|03361|Verden, Landkreis|weiblich|637.0
2023|03401|Delmenhorst, kreisfreie Stadt|Insgesamt|709.0
2023|03401|Delmenhorst, kreisfreie Stadt|männlich|334.0
2023|03401|Delmenhorst, kreisfreie Stadt|weiblich|375.0
2023|03402|Emden, kreisfreie Stadt|Insgesamt|378.0
2023|03402|Emden, kreisfreie Stadt|männlich|196.0
2023|03402|Emden, kreisfreie Stadt|weiblich|182.0
2023|03403|Oldenburg (Oldenburg), kreisfreie Stadt|Insgesamt|1461.0
2023|03403|Oldenburg (Oldenburg), kreisfreie Stadt|männlich|775.0
2023|03403|Oldenburg (Oldenburg), kreisfreie Stadt|weiblich|686.0
2023|03404|Osnabrück, kreisfreie Stadt|Insgesamt|1462.0
2023|03404|Osnabrück, kreisfreie Stadt|männlich|765.0
2023|03404|Osnabrück, kreisfreie Stadt|weiblich|697.0
2023|03405|Wilhelmshaven, kreisfreie Stadt|Insgesamt|651.0
2023|03405|Wilhelmshaven, kreisfreie Stadt|männlich|303.0
2023|03405|Wilhelmshaven, kreisfreie Stadt|weiblich|348.0
2023|03451|Ammerland, Landkreis|Insgesamt|1058.0
2023|03451|Ammerland, Landkreis|männlich|534.0
2023|03451|Ammerland, Landkreis|weiblich|524.0
2023|03452|Aurich, Landkreis|Insgesamt|1501.0
2023|03452|Aurich, Landkreis|männlich|790.0
2023|03452|Aurich, Landkreis|weiblich|711.0
2023|03453|Cloppenburg, Landkreis|Insgesamt|1869.0
2023|03453|Cloppenburg, Landkreis|männlich|978.0
2023|03453|Cloppenburg, Landkreis|weiblich|891.0
2023|03454|Emsland, Landkreis|Insgesamt|3052.0
2023|03454|Emsland, Landkreis|männlich|1575.0
2023|03454|Emsland, Landkreis|weiblich|1477.0
2023|03455|Friesland, Landkreis|Insgesamt|752.0
2023|03455|Friesland, Landkreis|männlich|397.0
2023|03455|Friesland, Landkreis|weiblich|355.0
2023|03456|Grafschaft Bentheim, Landkreis|Insgesamt|1309.0
2023|03456|Grafschaft Bentheim, Landkreis|männlich|664.0
2023|03456|Grafschaft Bentheim, Landkreis|weiblich|645.0
2023|03457|Leer, Landkreis|Insgesamt|1488.0
2023|03457|Leer, Landkreis|männlich|765.0
2023|03457|Leer, Landkreis|weiblich|723.0
2023|03458|Oldenburg, Landkreis|Insgesamt|1095.0
2023|03458|Oldenburg, Landkreis|männlich|549.0
2023|03458|Oldenburg, Landkreis|weiblich|546.0
2023|03459|Osnabrück, Landkreis|Insgesamt|3267.0
2023|03459|Osnabrück, Landkreis|männlich|1654.0
2023|03459|Osnabrück, Landkreis|weiblich|1613.0
2023|03460|Vechta, Landkreis|Insgesamt|1493.0
2023|03460|Vechta, Landkreis|männlich|754.0
2023|03460|Vechta, Landkreis|weiblich|739.0
2023|03461|Wesermarsch, Landkreis|Insgesamt|713.0
2023|03461|Wesermarsch, Landkreis|männlich|385.0
2023|03461|Wesermarsch, Landkreis|weiblich|328.0
2023|03462|Wittmund, Landkreis|Insgesamt|376.0
2023|03462|Wittmund, Landkreis|männlich|196.0
2023|03462|Wittmund, Landkreis|weiblich|180.0
2023|04011|Bremen, kreisfreie Stadt|Insgesamt|5486.0
2023|04011|Bremen, kreisfreie Stadt|männlich|2801.0
2023|04011|Bremen, kreisfreie Stadt|weiblich|2685.0
2023|04012|Bremerhaven, kreisfreie Stadt|Insgesamt|1129.0
2023|04012|Bremerhaven, kreisfreie Stadt|männlich|592.0
2023|04012|Bremerhaven, kreisfreie Stadt|weiblich|537.0
2023|05111|Düsseldorf, kreisfreie Stadt|Insgesamt|5479.0
2023|05111|Düsseldorf, kreisfreie Stadt|männlich|2874.0
2023|05111|Düsseldorf, kreisfreie Stadt|weiblich|2605.0
2023|05112|Duisburg, kreisfreie Stadt|Insgesamt|5017.0
2023|05112|Duisburg, kreisfreie Stadt|männlich|2585.0
2023|05112|Duisburg, kreisfreie Stadt|weiblich|2432.0
2023|05113|Essen, kreisfreie Stadt|Insgesamt|5313.0
2023|05113|Essen, kreisfreie Stadt|männlich|2690.0
2023|05113|Essen, kreisfreie Stadt|weiblich|2623.0
2023|05114|Krefeld, kreisfreie Stadt|Insgesamt|2026.0
2023|05114|Krefeld, kreisfreie Stadt|männlich|1037.0
2023|05114|Krefeld, kreisfreie Stadt|weiblich|989.0
2023|05116|Mönchengladbach, kreisfreie Stadt|Insgesamt|2432.0
2023|05116|Mönchengladbach, kreisfreie Stadt|männlich|1214.0
2023|05116|Mönchengladbach, kreisfreie Stadt|weiblich|1218.0
2023|05117|Mülheim an der Ruhr, kreisfreie Stadt|Insgesamt|1459.0
2023|05117|Mülheim an der Ruhr, kreisfreie Stadt|männlich|763.0
2023|05117|Mülheim an der Ruhr, kreisfreie Stadt|weiblich|696.0
2023|05119|Oberhausen, kreisfreie Stadt|Insgesamt|1756.0
2023|05119|Oberhausen, kreisfreie Stadt|männlich|898.0
2023|05119|Oberhausen, kreisfreie Stadt|weiblich|858.0
2023|05120|Remscheid, kreisfreie Stadt|Insgesamt|949.0
2023|05120|Remscheid, kreisfreie Stadt|männlich|506.0
2023|05120|Remscheid, kreisfreie Stadt|weiblich|443.0
2023|05122|Solingen, kreisfreie Stadt|Insgesamt|1384.0
2023|05122|Solingen, kreisfreie Stadt|männlich|702.0
2023|05122|Solingen, kreisfreie Stadt|weiblich|682.0
2023|05124|Wuppertal, kreisfreie Stadt|Insgesamt|3136.0
2023|05124|Wuppertal, kreisfreie Stadt|männlich|1624.0
2023|05124|Wuppertal, kreisfreie Stadt|weiblich|1512.0
2023|05154|Kleve, Kreis|Insgesamt|2654.0
2023|05154|Kleve, Kreis|männlich|1360.0
2023|05154|Kleve, Kreis|weiblich|1294.0
2023|05158|Mettmann, Kreis|Insgesamt|3877.0
2023|05158|Mettmann, Kreis|männlich|1981.0
2023|05158|Mettmann, Kreis|weiblich|1896.0
2023|05162|Rhein-Kreis Neuss|Insgesamt|3619.0
2023|05162|Rhein-Kreis Neuss|männlich|1904.0
2023|05162|Rhein-Kreis Neuss|weiblich|1715.0
2023|05166|Viersen, Kreis|Insgesamt|2238.0
2023|05166|Viersen, Kreis|männlich|1131.0
2023|05166|Viersen, Kreis|weiblich|1107.0
2023|05170|Wesel, Kreis|Insgesamt|3701.0
2023|05170|Wesel, Kreis|männlich|1827.0
2023|05170|Wesel, Kreis|weiblich|1874.0
2023|05314|Bonn, kreisfreie Stadt|Insgesamt|2870.0
2023|05314|Bonn, kreisfreie Stadt|männlich|1485.0
2023|05314|Bonn, kreisfreie Stadt|weiblich|1385.0
2023|05315|Köln, kreisfreie Stadt|Insgesamt|9619.0
2023|05315|Köln, kreisfreie Stadt|männlich|4859.0
2023|05315|Köln, kreisfreie Stadt|weiblich|4760.0
2023|05316|Leverkusen, kreisfreie Stadt|Insgesamt|1467.0
2023|05316|Leverkusen, kreisfreie Stadt|männlich|754.0
2023|05316|Leverkusen, kreisfreie Stadt|weiblich|713.0
2023|05334|Städteregion Aachen, Kreis|Insgesamt|4614.0
2023|05334|Städteregion Aachen, Kreis|männlich|2441.0
2023|05334|Städteregion Aachen, Kreis|weiblich|2173.0
2023|05334002|Aachen, kreisfreie Stadt|Insgesamt|1966.0
2023|05334002|Aachen, kreisfreie Stadt|männlich|1039.0
2023|05334002|Aachen, kreisfreie Stadt|weiblich|927.0
2023|05358|Düren, Kreis|Insgesamt|2443.0
2023|05358|Düren, Kreis|männlich|1259.0
2023|05358|Düren, Kreis|weiblich|1184.0
2023|05362|Rhein-Erft-Kreis|Insgesamt|4043.0
2023|05362|Rhein-Erft-Kreis|männlich|2085.0
2023|05362|Rhein-Erft-Kreis|weiblich|1958.0
2023|05366|Euskirchen, Kreis|Insgesamt|1636.0
2023|05366|Euskirchen, Kreis|männlich|839.0
2023|05366|Euskirchen, Kreis|weiblich|797.0
2023|05370|Heinsberg, Kreis|Insgesamt|2143.0
2023|05370|Heinsberg, Kreis|männlich|1085.0
2023|05370|Heinsberg, Kreis|weiblich|1058.0
2023|05374|Oberbergischer Kreis|Insgesamt|2353.0
2023|05374|Oberbergischer Kreis|männlich|1190.0
2023|05374|Oberbergischer Kreis|weiblich|1163.0
2023|05378|Rheinisch-Bergischer Kreis|Insgesamt|2192.0
2023|05378|Rheinisch-Bergischer Kreis|männlich|1136.0
2023|05378|Rheinisch-Bergischer Kreis|weiblich|1056.0
2023|05382|Rhein-Sieg-Kreis|Insgesamt|4878.0
2023|05382|Rhein-Sieg-Kreis|männlich|2487.0
2023|05382|Rhein-Sieg-Kreis|weiblich|2391.0
2023|05512|Bottrop, kreisfreie Stadt|Insgesamt|980.0
2023|05512|Bottrop, kreisfreie Stadt|männlich|502.0
2023|05512|Bottrop, kreisfreie Stadt|weiblich|478.0
2023|05513|Gelsenkirchen, kreisfreie Stadt|Insgesamt|2743.0
2023|05513|Gelsenkirchen, kreisfreie Stadt|männlich|1388.0
2023|05513|Gelsenkirchen, kreisfreie Stadt|weiblich|1355.0
2023|05515|Münster, kreisfreie Stadt|Insgesamt|2568.0
2023|05515|Münster, kreisfreie Stadt|männlich|1307.0
2023|05515|Münster, kreisfreie Stadt|weiblich|1261.0
2023|05554|Borken, Kreis|Insgesamt|3590.0
2023|05554|Borken, Kreis|männlich|1812.0
2023|05554|Borken, Kreis|weiblich|1778.0
2023|05558|Coesfeld, Kreis|Insgesamt|1960.0
2023|05558|Coesfeld, Kreis|männlich|989.0
2023|05558|Coesfeld, Kreis|weiblich|971.0
2023|05562|Recklinghausen, Kreis|Insgesamt|5305.0
2023|05562|Recklinghausen, Kreis|männlich|2700.0
2023|05562|Recklinghausen, Kreis|weiblich|2605.0
2023|05566|Steinfurt, Kreis|Insgesamt|4033.0
2023|05566|Steinfurt, Kreis|männlich|2054.0
2023|05566|Steinfurt, Kreis|weiblich|1979.0
2023|05570|Warendorf, Kreis|Insgesamt|2449.0
2023|05570|Warendorf, Kreis|männlich|1246.0
2023|05570|Warendorf, Kreis|weiblich|1203.0
2023|05711|Bielefeld, kreisfreie Stadt|Insgesamt|3049.0
2023|05711|Bielefeld, kreisfreie Stadt|männlich|1573.0
2023|05711|Bielefeld, kreisfreie Stadt|weiblich|1476.0
2023|05754|Gütersloh, Kreis|Insgesamt|3292.0
2023|05754|Gütersloh, Kreis|männlich|1735.0
2023|05754|Gütersloh, Kreis|weiblich|1557.0
2023|05758|Herford, Kreis|Insgesamt|1993.0
2023|05758|Herford, Kreis|männlich|1040.0
2023|05758|Herford, Kreis|weiblich|953.0
2023|05762|Höxter, Kreis|Insgesamt|1134.0
2023|05762|Höxter, Kreis|männlich|569.0
2023|05762|Höxter, Kreis|weiblich|565.0
2023|05766|Lippe, Kreis|Insgesamt|3100.0
2023|05766|Lippe, Kreis|männlich|1613.0
2023|05766|Lippe, Kreis|weiblich|1487.0
2023|05770|Minden-Lübbecke, Kreis|Insgesamt|2720.0
2023|05770|Minden-Lübbecke, Kreis|männlich|1416.0
2023|05770|Minden-Lübbecke, Kreis|weiblich|1304.0
2023|05774|Paderborn, Kreis|Insgesamt|2771.0
2023|05774|Paderborn, Kreis|männlich|1456.0
2023|05774|Paderborn, Kreis|weiblich|1315.0
2023|05911|Bochum, kreisfreie Stadt|Insgesamt|3052.0
2023|05911|Bochum, kreisfreie Stadt|männlich|1556.0
2023|05911|Bochum, kreisfreie Stadt|weiblich|1496.0
2023|05913|Dortmund, kreisfreie Stadt|Insgesamt|5476.0
2023|05913|Dortmund, kreisfreie Stadt|männlich|2795.0
2023|05913|Dortmund, kreisfreie Stadt|weiblich|2681.0
2023|05914|Hagen, kreisfreie Stadt|Insgesamt|1819.0
2023|05914|Hagen, kreisfreie Stadt|männlich|949.0
2023|05914|Hagen, kreisfreie Stadt|weiblich|870.0
2023|05915|Hamm, kreisfreie Stadt|Insgesamt|1569.0
2023|05915|Hamm, kreisfreie Stadt|männlich|807.0
2023|05915|Hamm, kreisfreie Stadt|weiblich|762.0
2023|05916|Herne, kreisfreie Stadt|Insgesamt|1415.0
2023|05916|Herne, kreisfreie Stadt|männlich|734.0
2023|05916|Herne, kreisfreie Stadt|weiblich|681.0
2023|05954|Ennepe-Ruhr-Kreis|Insgesamt|2547.0
2023|05954|Ennepe-Ruhr-Kreis|männlich|1300.0
2023|05954|Ennepe-Ruhr-Kreis|weiblich|1247.0
2023|05958|Hochsauerlandkreis|Insgesamt|2151.0
2023|05958|Hochsauerlandkreis|männlich|1080.0
2023|05958|Hochsauerlandkreis|weiblich|1071.0
2023|05962|Märkischer Kreis|Insgesamt|3270.0
2023|05962|Märkischer Kreis|männlich|1672.0
2023|05962|Märkischer Kreis|weiblich|1598.0
2023|05966|Olpe, Kreis|Insgesamt|1109.0
2023|05966|Olpe, Kreis|männlich|560.0
2023|05966|Olpe, Kreis|weiblich|549.0
2023|05970|Siegen-Wittgenstein, Kreis|Insgesamt|2374.0
2023|05970|Siegen-Wittgenstein, Kreis|männlich|1187.0
2023|05970|Siegen-Wittgenstein, Kreis|weiblich|1187.0
2023|05974|Soest, Kreis|Insgesamt|2449.0
2023|05974|Soest, Kreis|männlich|1257.0
2023|05974|Soest, Kreis|weiblich|1192.0
2023|05978|Unna, Kreis|Insgesamt|3299.0
2023|05978|Unna, Kreis|männlich|1701.0
2023|05978|Unna, Kreis|weiblich|1598.0
2023|06411|Darmstadt, kreisfreie Stadt, Wissenschaftsstadt|Insgesamt|1404.0
2023|06411|Darmstadt, kreisfreie Stadt, Wissenschaftsstadt|männlich|722.0
2023|06411|Darmstadt, kreisfreie Stadt, Wissenschaftsstadt|weiblich|682.0
2023|06412|Frankfurt am Main, kreisfreie Stadt|Insgesamt|7441.0
2023|06412|Frankfurt am Main, kreisfreie Stadt|männlich|3814.0
2023|06412|Frankfurt am Main, kreisfreie Stadt|weiblich|3627.0
2023|06413|Offenbach am Main, kreisfreie Stadt|Insgesamt|1504.0
2023|06413|Offenbach am Main, kreisfreie Stadt|männlich|786.0
2023|06413|Offenbach am Main, kreisfreie Stadt|weiblich|718.0
2023|06414|Wiesbaden, kreisfreie Stadt, Landeshauptstadt|Insgesamt|2646.0
2023|06414|Wiesbaden, kreisfreie Stadt, Landeshauptstadt|männlich|1319.0
2023|06414|Wiesbaden, kreisfreie Stadt, Landeshauptstadt|weiblich|1327.0
2023|06431|Bergstraße, Landkreis|Insgesamt|2142.0
2023|06431|Bergstraße, Landkreis|männlich|1118.0
2023|06431|Bergstraße, Landkreis|weiblich|1024.0
2023|06432|Darmstadt-Dieburg, Landkreis|Insgesamt|2423.0
2023|06432|Darmstadt-Dieburg, Landkreis|männlich|1232.0
2023|06432|Darmstadt-Dieburg, Landkreis|weiblich|1191.0
2023|06433|Groß-Gerau, Landkreis|Insgesamt|2570.0
2023|06433|Groß-Gerau, Landkreis|männlich|1356.0
2023|06433|Groß-Gerau, Landkreis|weiblich|1214.0
2023|06434|Hochtaunuskreis|Insgesamt|1650.0
2023|06434|Hochtaunuskreis|männlich|839.0
2023|06434|Hochtaunuskreis|weiblich|811.0
2023|06435|Main-Kinzig-Kreis|Insgesamt|3751.0
2023|06435|Main-Kinzig-Kreis|männlich|1869.0
2023|06435|Main-Kinzig-Kreis|weiblich|1882.0
2023|06436|Main-Taunus-Kreis|Insgesamt|1993.0
2023|06436|Main-Taunus-Kreis|männlich|1046.0
2023|06436|Main-Taunus-Kreis|weiblich|947.0
2023|06437|Odenwaldkreis|Insgesamt|728.0
2023|06437|Odenwaldkreis|männlich|388.0
2023|06437|Odenwaldkreis|weiblich|340.0
2023|06438|Offenbach, Landkreis|Insgesamt|3153.0
2023|06438|Offenbach, Landkreis|männlich|1643.0
2023|06438|Offenbach, Landkreis|weiblich|1510.0
2023|06439|Rheingau-Taunus-Kreis|Insgesamt|1342.0
2023|06439|Rheingau-Taunus-Kreis|männlich|698.0
2023|06439|Rheingau-Taunus-Kreis|weiblich|644.0
2023|06440|Wetteraukreis|Insgesamt|2592.0
2023|06440|Wetteraukreis|männlich|1335.0
2023|06440|Wetteraukreis|weiblich|1257.0
2023|06531|Gießen, Landkreis|Insgesamt|2302.0
2023|06531|Gießen, Landkreis|männlich|1195.0
2023|06531|Gießen, Landkreis|weiblich|1107.0
2023|06532|Lahn-Dill-Kreis|Insgesamt|2083.0
2023|06532|Lahn-Dill-Kreis|männlich|1088.0
2023|06532|Lahn-Dill-Kreis|weiblich|995.0
2023|06533|Limburg-Weilburg, Landkreis|Insgesamt|1461.0
2023|06533|Limburg-Weilburg, Landkreis|männlich|724.0
2023|06533|Limburg-Weilburg, Landkreis|weiblich|737.0
2023|06534|Marburg-Biedenkopf, Landkreis|Insgesamt|1865.0
2023|06534|Marburg-Biedenkopf, Landkreis|männlich|965.0
2023|06534|Marburg-Biedenkopf, Landkreis|weiblich|900.0
2023|06535|Vogelsbergkreis|Insgesamt|824.0
2023|06535|Vogelsbergkreis|männlich|410.0
2023|06535|Vogelsbergkreis|weiblich|414.0
2023|06611|Kassel, kreisfreie Stadt, documenta-Stadt|Insgesamt|1828.0
2023|06611|Kassel, kreisfreie Stadt, documenta-Stadt|männlich|939.0
2023|06611|Kassel, kreisfreie Stadt, documenta-Stadt|weiblich|889.0
2023|06631|Fulda, Landkreis|Insgesamt|1963.0
2023|06631|Fulda, Landkreis|männlich|999.0
2023|06631|Fulda, Landkreis|weiblich|964.0
2023|06632|Hersfeld-Rotenburg, Landkreis|Insgesamt|971.0
2023|06632|Hersfeld-Rotenburg, Landkreis|männlich|504.0
2023|06632|Hersfeld-Rotenburg, Landkreis|weiblich|467.0
2023|06633|Kassel, Landkreis|Insgesamt|1763.0
2023|06633|Kassel, Landkreis|männlich|924.0
2023|06633|Kassel, Landkreis|weiblich|839.0
2023|06634|Schwalm-Eder-Kreis|Insgesamt|1370.0
2023|06634|Schwalm-Eder-Kreis|männlich|707.0
2023|06634|Schwalm-Eder-Kreis|weiblich|663.0
2023|06635|Waldeck-Frankenberg, Landkreis|Insgesamt|1192.0
2023|06635|Waldeck-Frankenberg, Landkreis|männlich|617.0
2023|06635|Waldeck-Frankenberg, Landkreis|weiblich|575.0
2023|06636|Werra-Meißner-Kreis|Insgesamt|724.0
2023|06636|Werra-Meißner-Kreis|männlich|373.0
2023|06636|Werra-Meißner-Kreis|weiblich|351.0
2023|07111|Koblenz, kreisfreie Stadt|Insgesamt|953.0
2023|07111|Koblenz, kreisfreie Stadt|männlich|494.0
2023|07111|Koblenz, kreisfreie Stadt|weiblich|459.0
2023|07131|Ahrweiler, Landkreis|Insgesamt|1032.0
2023|07131|Ahrweiler, Landkreis|männlich|528.0
2023|07131|Ahrweiler, Landkreis|weiblich|504.0
2023|07132|Altenkirchen (Westerwald), Landkreis|Insgesamt|1135.0
2023|07132|Altenkirchen (Westerwald), Landkreis|männlich|569.0
2023|07132|Altenkirchen (Westerwald), Landkreis|weiblich|566.0
2023|07133|Bad Kreuznach, Landkreis|Insgesamt|1260.0
2023|07133|Bad Kreuznach, Landkreis|männlich|624.0
2023|07133|Bad Kreuznach, Landkreis|weiblich|636.0
2023|07134|Birkenfeld, Landkreis|Insgesamt|671.0
2023|07134|Birkenfeld, Landkreis|männlich|322.0
2023|07134|Birkenfeld, Landkreis|weiblich|349.0
2023|07135|Cochem-Zell, Landkreis|Insgesamt|466.0
2023|07135|Cochem-Zell, Landkreis|männlich|226.0
2023|07135|Cochem-Zell, Landkreis|weiblich|240.0
2023|07137|Mayen-Koblenz, Landkreis|Insgesamt|1796.0
2023|07137|Mayen-Koblenz, Landkreis|männlich|930.0
2023|07137|Mayen-Koblenz, Landkreis|weiblich|866.0
2023|07138|Neuwied, Landkreis|Insgesamt|1617.0
2023|07138|Neuwied, Landkreis|männlich|836.0
2023|07138|Neuwied, Landkreis|weiblich|781.0
2023|07140|Rhein-Hunsrück-Kreis|Insgesamt|870.0
2023|07140|Rhein-Hunsrück-Kreis|männlich|427.0
2023|07140|Rhein-Hunsrück-Kreis|weiblich|443.0
2023|07141|Rhein-Lahn-Kreis|Insgesamt|968.0
2023|07141|Rhein-Lahn-Kreis|männlich|491.0
2023|07141|Rhein-Lahn-Kreis|weiblich|477.0
2023|07143|Westerwaldkreis|Insgesamt|1670.0
2023|07143|Westerwaldkreis|männlich|886.0
2023|07143|Westerwaldkreis|weiblich|784.0
2023|07211|Trier, kreisfreie Stadt|Insgesamt|881.0
2023|07211|Trier, kreisfreie Stadt|männlich|418.0
2023|07211|Trier, kreisfreie Stadt|weiblich|463.0
2023|07231|Bernkastel-Wittlich, Landkreis|Insgesamt|893.0
2023|07231|Bernkastel-Wittlich, Landkreis|männlich|447.0
2023|07231|Bernkastel-Wittlich, Landkreis|weiblich|446.0
2023|07232|Eifelkreis Bitburg-Prüm|Insgesamt|858.0
2023|07232|Eifelkreis Bitburg-Prüm|männlich|449.0
2023|07232|Eifelkreis Bitburg-Prüm|weiblich|409.0
2023|07233|Vulkaneifel, Landkreis|Insgesamt|458.0
2023|07233|Vulkaneifel, Landkreis|männlich|240.0
2023|07233|Vulkaneifel, Landkreis|weiblich|218.0
2023|07235|Trier-Saarburg, Landkreis|Insgesamt|1167.0
2023|07235|Trier-Saarburg, Landkreis|männlich|607.0
2023|07235|Trier-Saarburg, Landkreis|weiblich|560.0
2023|07311|Frankenthal (Pfalz), kreisfreie Stadt|Insgesamt|424.0
2023|07311|Frankenthal (Pfalz), kreisfreie Stadt|männlich|213.0
2023|07311|Frankenthal (Pfalz), kreisfreie Stadt|weiblich|211.0
2023|07312|Kaiserslautern, kreisfreie Stadt|Insgesamt|912.0
2023|07312|Kaiserslautern, kreisfreie Stadt|männlich|487.0
2023|07312|Kaiserslautern, kreisfreie Stadt|weiblich|425.0
2023|07313|Landau in der Pfalz, kreisfreie Stadt|Insgesamt|440.0
2023|07313|Landau in der Pfalz, kreisfreie Stadt|männlich|236.0
2023|07313|Landau in der Pfalz, kreisfreie Stadt|weiblich|204.0
2023|07314|Ludwigshafen am Rhein, kreisfreie Stadt|Insgesamt|1756.0
2023|07314|Ludwigshafen am Rhein, kreisfreie Stadt|männlich|861.0
2023|07314|Ludwigshafen am Rhein, kreisfreie Stadt|weiblich|895.0
2023|07315|Mainz, kreisfreie Stadt|Insgesamt|2078.0
2023|07315|Mainz, kreisfreie Stadt|männlich|1072.0
2023|07315|Mainz, kreisfreie Stadt|weiblich|1006.0
2023|07316|Neustadt an der Weinstraße, kreisfreie Stadt|Insgesamt|413.0
2023|07316|Neustadt an der Weinstraße, kreisfreie Stadt|männlich|219.0
2023|07316|Neustadt an der Weinstraße, kreisfreie Stadt|weiblich|194.0
2023|07317|Pirmasens, kreisfreie Stadt|Insgesamt|341.0
2023|07317|Pirmasens, kreisfreie Stadt|männlich|173.0
2023|07317|Pirmasens, kreisfreie Stadt|weiblich|168.0
2023|07318|Speyer, kreisfreie Stadt|Insgesamt|454.0
2023|07318|Speyer, kreisfreie Stadt|männlich|242.0
2023|07318|Speyer, kreisfreie Stadt|weiblich|212.0
2023|07319|Worms, kreisfreie Stadt|Insgesamt|720.0
2023|07319|Worms, kreisfreie Stadt|männlich|378.0
2023|07319|Worms, kreisfreie Stadt|weiblich|342.0
2023|07320|Zweibrücken, kreisfreie Stadt|Insgesamt|295.0
2023|07320|Zweibrücken, kreisfreie Stadt|männlich|150.0
2023|07320|Zweibrücken, kreisfreie Stadt|weiblich|145.0
2023|07331|Alzey-Worms, Landkreis|Insgesamt|1156.0
2023|07331|Alzey-Worms, Landkreis|männlich|591.0
2023|07331|Alzey-Worms, Landkreis|weiblich|565.0
2023|07332|Bad Dürkheim, Landkreis|Insgesamt|1042.0
2023|07332|Bad Dürkheim, Landkreis|männlich|538.0
2023|07332|Bad Dürkheim, Landkreis|weiblich|504.0
2023|07333|Donnersbergkreis|Insgesamt|553.0
2023|07333|Donnersbergkreis|männlich|292.0
2023|07333|Donnersbergkreis|weiblich|261.0
2023|07334|Germersheim, Landkreis|Insgesamt|1115.0
2023|07334|Germersheim, Landkreis|männlich|549.0
2023|07334|Germersheim, Landkreis|weiblich|566.0
2023|07335|Kaiserslautern, Landkreis|Insgesamt|1101.0
2023|07335|Kaiserslautern, Landkreis|männlich|583.0
2023|07335|Kaiserslautern, Landkreis|weiblich|518.0
2023|07336|Kusel, Landkreis|Insgesamt|623.0
2023|07336|Kusel, Landkreis|männlich|318.0
2023|07336|Kusel, Landkreis|weiblich|305.0
2023|07337|Südliche Weinstraße, Landkreis|Insgesamt|791.0
2023|07337|Südliche Weinstraße, Landkreis|männlich|401.0
2023|07337|Südliche Weinstraße, Landkreis|weiblich|390.0
2023|07338|Rhein-Pfalz-Kreis|Insgesamt|1219.0
2023|07338|Rhein-Pfalz-Kreis|männlich|620.0
2023|07338|Rhein-Pfalz-Kreis|weiblich|599.0
2023|07339|Mainz-Bingen, Landkreis|Insgesamt|1668.0
2023|07339|Mainz-Bingen, Landkreis|männlich|874.0
2023|07339|Mainz-Bingen, Landkreis|weiblich|794.0
2023|07340|Südwestpfalz, Landkreis|Insgesamt|697.0
2023|07340|Südwestpfalz, Landkreis|männlich|356.0
2023|07340|Südwestpfalz, Landkreis|weiblich|341.0
2023|08111|Stuttgart, Stadtkreis|Insgesamt|5458.0
2023|08111|Stuttgart, Stadtkreis|männlich|2738.0
2023|08111|Stuttgart, Stadtkreis|weiblich|2720.0
2023|08115|Böblingen, Landkreis|Insgesamt|3787.0
2023|08115|Böblingen, Landkreis|männlich|1960.0
2023|08115|Böblingen, Landkreis|weiblich|1827.0
2023|08116|Esslingen, Landkreis|Insgesamt|4826.0
2023|08116|Esslingen, Landkreis|männlich|2463.0
2023|08116|Esslingen, Landkreis|weiblich|2363.0
2023|08117|Göppingen, Landkreis|Insgesamt|2306.0
2023|08117|Göppingen, Landkreis|männlich|1137.0
2023|08117|Göppingen, Landkreis|weiblich|1169.0
2023|08118|Ludwigsburg, Landkreis|Insgesamt|5125.0
2023|08118|Ludwigsburg, Landkreis|männlich|2603.0
2023|08118|Ludwigsburg, Landkreis|weiblich|2522.0
2023|08119|Rems-Murr-Kreis, Landkreis|Insgesamt|3750.0
2023|08119|Rems-Murr-Kreis, Landkreis|männlich|1957.0
2023|08119|Rems-Murr-Kreis, Landkreis|weiblich|1793.0
2023|08121|Heilbronn, Stadtkreis|Insgesamt|1222.0
2023|08121|Heilbronn, Stadtkreis|männlich|649.0
2023|08121|Heilbronn, Stadtkreis|weiblich|573.0
2023|08125|Heilbronn, Landkreis|Insgesamt|3245.0
2023|08125|Heilbronn, Landkreis|männlich|1675.0
2023|08125|Heilbronn, Landkreis|weiblich|1570.0
2023|08126|Hohenlohekreis, Landkreis|Insgesamt|1057.0
2023|08126|Hohenlohekreis, Landkreis|männlich|511.0
2023|08126|Hohenlohekreis, Landkreis|weiblich|546.0
2023|08127|Schwäbisch Hall, Landkreis|Insgesamt|1926.0
2023|08127|Schwäbisch Hall, Landkreis|männlich|996.0
2023|08127|Schwäbisch Hall, Landkreis|weiblich|930.0
2023|08128|Main-Tauber-Kreis, Landkreis|Insgesamt|1102.0
2023|08128|Main-Tauber-Kreis, Landkreis|männlich|569.0
2023|08128|Main-Tauber-Kreis, Landkreis|weiblich|533.0
2023|08135|Heidenheim, Landkreis|Insgesamt|1071.0
2023|08135|Heidenheim, Landkreis|männlich|537.0
2023|08135|Heidenheim, Landkreis|weiblich|534.0
2023|08136|Ostalbkreis, Landkreis|Insgesamt|2869.0
2023|08136|Ostalbkreis, Landkreis|männlich|1513.0
2023|08136|Ostalbkreis, Landkreis|weiblich|1356.0
2023|08211|Baden-Baden, Stadtkreis|Insgesamt|399.0
2023|08211|Baden-Baden, Stadtkreis|männlich|216.0
2023|08211|Baden-Baden, Stadtkreis|weiblich|183.0
2023|08212|Karlsruhe, Stadtkreis|Insgesamt|2468.0
2023|08212|Karlsruhe, Stadtkreis|männlich|1260.0
2023|08212|Karlsruhe, Stadtkreis|weiblich|1208.0
2023|08215|Karlsruhe, Landkreis|Insgesamt|3629.0
2023|08215|Karlsruhe, Landkreis|männlich|1918.0
2023|08215|Karlsruhe, Landkreis|weiblich|1711.0
2023|08216|Rastatt, Landkreis|Insgesamt|1887.0
2023|08216|Rastatt, Landkreis|männlich|965.0
2023|08216|Rastatt, Landkreis|weiblich|922.0
2023|08221|Heidelberg, Stadtkreis|Insgesamt|1253.0
2023|08221|Heidelberg, Stadtkreis|männlich|650.0
2023|08221|Heidelberg, Stadtkreis|weiblich|603.0
2023|08222|Mannheim, Stadtkreis|Insgesamt|2796.0
2023|08222|Mannheim, Stadtkreis|männlich|1379.0
2023|08222|Mannheim, Stadtkreis|weiblich|1417.0
2023|08225|Neckar-Odenwald-Kreis, Landkreis|Insgesamt|1228.0
2023|08225|Neckar-Odenwald-Kreis, Landkreis|männlich|662.0
2023|08225|Neckar-Odenwald-Kreis, Landkreis|weiblich|566.0
2023|08226|Rhein-Neckar-Kreis, Landkreis|Insgesamt|4490.0
2023|08226|Rhein-Neckar-Kreis, Landkreis|männlich|2325.0
2023|08226|Rhein-Neckar-Kreis, Landkreis|weiblich|2165.0
2023|08231|Pforzheim, Stadtkreis|Insgesamt|1336.0
2023|08231|Pforzheim, Stadtkreis|männlich|674.0
2023|08231|Pforzheim, Stadtkreis|weiblich|662.0
2023|08235|Calw, Landkreis|Insgesamt|1490.0
2023|08235|Calw, Landkreis|männlich|761.0
2023|08235|Calw, Landkreis|weiblich|729.0
2023|08236|Enzkreis, Landkreis|Insgesamt|1742.0
2023|08236|Enzkreis, Landkreis|männlich|858.0
2023|08236|Enzkreis, Landkreis|weiblich|884.0
2023|08237|Freudenstadt, Landkreis|Insgesamt|1029.0
2023|08237|Freudenstadt, Landkreis|männlich|526.0
2023|08237|Freudenstadt, Landkreis|weiblich|503.0
2023|08311|Freiburg im Breisgau, Stadtkreis|Insgesamt|2221.0
2023|08311|Freiburg im Breisgau, Stadtkreis|männlich|1100.0
2023|08311|Freiburg im Breisgau, Stadtkreis|weiblich|1121.0
2023|08315|Breisgau-Hochschwarzwald, Landkreis|Insgesamt|2294.0
2023|08315|Breisgau-Hochschwarzwald, Landkreis|männlich|1125.0
2023|08315|Breisgau-Hochschwarzwald, Landkreis|weiblich|1169.0
2023|08316|Emmendingen, Landkreis|Insgesamt|1455.0
2023|08316|Emmendingen, Landkreis|männlich|776.0
2023|08316|Emmendingen, Landkreis|weiblich|679.0
2023|08317|Ortenaukreis, Landkreis|Insgesamt|3868.0
2023|08317|Ortenaukreis, Landkreis|männlich|1980.0
2023|08317|Ortenaukreis, Landkreis|weiblich|1888.0
2023|08325|Rottweil, Landkreis|Insgesamt|1359.0
2023|08325|Rottweil, Landkreis|männlich|696.0
2023|08325|Rottweil, Landkreis|weiblich|663.0
2023|08326|Schwarzwald-Baar-Kreis, Landkreis|Insgesamt|1903.0
2023|08326|Schwarzwald-Baar-Kreis, Landkreis|männlich|953.0
2023|08326|Schwarzwald-Baar-Kreis, Landkreis|weiblich|950.0
2023|08327|Tuttlingen, Landkreis|Insgesamt|1404.0
2023|08327|Tuttlingen, Landkreis|männlich|716.0
2023|08327|Tuttlingen, Landkreis|weiblich|688.0
2023|08335|Konstanz, Landkreis|Insgesamt|2375.0
2023|08335|Konstanz, Landkreis|männlich|1225.0
2023|08335|Konstanz, Landkreis|weiblich|1150.0
2023|08336|Lörrach, Landkreis|Insgesamt|1756.0
2023|08336|Lörrach, Landkreis|männlich|907.0
2023|08336|Lörrach, Landkreis|weiblich|849.0
2023|08337|Waldshut, Landkreis|Insgesamt|1187.0
2023|08337|Waldshut, Landkreis|männlich|591.0
2023|08337|Waldshut, Landkreis|weiblich|596.0
2023|08415|Reutlingen, Landkreis|Insgesamt|2589.0
2023|08415|Reutlingen, Landkreis|männlich|1336.0
2023|08415|Reutlingen, Landkreis|weiblich|1253.0
2023|08416|Tübingen, Landkreis|Insgesamt|2030.0
2023|08416|Tübingen, Landkreis|männlich|1064.0
2023|08416|Tübingen, Landkreis|weiblich|966.0
2023|08417|Zollernalbkreis, Landkreis|Insgesamt|1679.0
2023|08417|Zollernalbkreis, Landkreis|männlich|858.0
2023|08417|Zollernalbkreis, Landkreis|weiblich|821.0
2023|08421|Ulm, Stadtkreis|Insgesamt|1190.0
2023|08421|Ulm, Stadtkreis|männlich|628.0
2023|08421|Ulm, Stadtkreis|weiblich|562.0
2023|08425|Alb-Donau-Kreis, Landkreis|Insgesamt|1890.0
2023|08425|Alb-Donau-Kreis, Landkreis|männlich|956.0
2023|08425|Alb-Donau-Kreis, Landkreis|weiblich|934.0
2023|08426|Biberach, Landkreis|Insgesamt|1954.0
2023|08426|Biberach, Landkreis|männlich|990.0
2023|08426|Biberach, Landkreis|weiblich|964.0
2023|08435|Bodenseekreis, Landkreis|Insgesamt|1916.0
2023|08435|Bodenseekreis, Landkreis|männlich|972.0
2023|08435|Bodenseekreis, Landkreis|weiblich|944.0
2023|08436|Ravensburg, Landkreis|Insgesamt|2673.0
2023|08436|Ravensburg, Landkreis|männlich|1377.0
2023|08436|Ravensburg, Landkreis|weiblich|1296.0
2023|08437|Sigmaringen, Landkreis|Insgesamt|1185.0
2023|08437|Sigmaringen, Landkreis|männlich|618.0
2023|08437|Sigmaringen, Landkreis|weiblich|567.0
2023|09161|Ingolstadt, kreisfreie Stadt|Insgesamt|1422.0
2023|09161|Ingolstadt, kreisfreie Stadt|männlich|730.0
2023|09161|Ingolstadt, kreisfreie Stadt|weiblich|692.0
2023|09162|München, kreisfreie Stadt|Insgesamt|15645.0
2023|09162|München, kreisfreie Stadt|männlich|8142.0
2023|09162|München, kreisfreie Stadt|weiblich|7503.0
2023|09163|Rosenheim, kreisfreie Stadt|Insgesamt|583.0
2023|09163|Rosenheim, kreisfreie Stadt|männlich|299.0
2023|09163|Rosenheim, kreisfreie Stadt|weiblich|284.0
2023|09171|Altötting, Landkreis|Insgesamt|968.0
2023|09171|Altötting, Landkreis|männlich|490.0
2023|09171|Altötting, Landkreis|weiblich|478.0
2023|09172|Berchtesgadener Land, Landkreis|Insgesamt|869.0
2023|09172|Berchtesgadener Land, Landkreis|männlich|455.0
2023|09172|Berchtesgadener Land, Landkreis|weiblich|414.0
2023|09173|Bad Tölz-Wolfratshausen, Landkreis|Insgesamt|1130.0
2023|09173|Bad Tölz-Wolfratshausen, Landkreis|männlich|591.0
2023|09173|Bad Tölz-Wolfratshausen, Landkreis|weiblich|539.0
2023|09174|Dachau, Landkreis|Insgesamt|1385.0
2023|09174|Dachau, Landkreis|männlich|730.0
2023|09174|Dachau, Landkreis|weiblich|655.0
2023|09175|Ebersberg, Landkreis|Insgesamt|1271.0
2023|09175|Ebersberg, Landkreis|männlich|653.0
2023|09175|Ebersberg, Landkreis|weiblich|618.0
2023|09176|Eichstätt, Landkreis|Insgesamt|1206.0
2023|09176|Eichstätt, Landkreis|männlich|634.0
2023|09176|Eichstätt, Landkreis|weiblich|572.0
2023|09177|Erding, Landkreis|Insgesamt|1286.0
2023|09177|Erding, Landkreis|männlich|647.0
2023|09177|Erding, Landkreis|weiblich|639.0
2023|09178|Freising, Landkreis|Insgesamt|1678.0
2023|09178|Freising, Landkreis|männlich|848.0
2023|09178|Freising, Landkreis|weiblich|830.0
2023|09179|Fürstenfeldbruck, Landkreis|Insgesamt|1880.0
2023|09179|Fürstenfeldbruck, Landkreis|männlich|972.0
2023|09179|Fürstenfeldbruck, Landkreis|weiblich|908.0
2023|09180|Garmisch-Partenkirchen, Landkreis|Insgesamt|762.0
2023|09180|Garmisch-Partenkirchen, Landkreis|männlich|383.0
2023|09180|Garmisch-Partenkirchen, Landkreis|weiblich|379.0
2023|09181|Landsberg am Lech, Landkreis|Insgesamt|1012.0
2023|09181|Landsberg am Lech, Landkreis|männlich|531.0
2023|09181|Landsberg am Lech, Landkreis|weiblich|481.0
2023|09182|Miesbach, Landkreis|Insgesamt|772.0
2023|09182|Miesbach, Landkreis|männlich|401.0
2023|09182|Miesbach, Landkreis|weiblich|371.0
2023|09183|Mühldorf a.Inn, Landkreis|Insgesamt|1090.0
2023|09183|Mühldorf a.Inn, Landkreis|männlich|561.0
2023|09183|Mühldorf a.Inn, Landkreis|weiblich|529.0
2023|09184|München, Landkreis|Insgesamt|2797.0
2023|09184|München, Landkreis|männlich|1438.0
2023|09184|München, Landkreis|weiblich|1359.0
2023|09185|Neuburg-Schrobenhausen, Landkreis|Insgesamt|900.0
2023|09185|Neuburg-Schrobenhausen, Landkreis|männlich|464.0
2023|09185|Neuburg-Schrobenhausen, Landkreis|weiblich|436.0
2023|09186|Pfaffenhofen a.d.Ilm, Landkreis|Insgesamt|1219.0
2023|09186|Pfaffenhofen a.d.Ilm, Landkreis|männlich|578.0
2023|09186|Pfaffenhofen a.d.Ilm, Landkreis|weiblich|641.0
2023|09187|Rosenheim, Landkreis|Insgesamt|2232.0
2023|09187|Rosenheim, Landkreis|männlich|1151.0
2023|09187|Rosenheim, Landkreis|weiblich|1081.0
2023|09188|Starnberg, Landkreis|Insgesamt|966.0
2023|09188|Starnberg, Landkreis|männlich|485.0
2023|09188|Starnberg, Landkreis|weiblich|481.0
2023|09189|Traunstein, Landkreis|Insgesamt|1521.0
2023|09189|Traunstein, Landkreis|männlich|771.0
2023|09189|Traunstein, Landkreis|weiblich|750.0
2023|09190|Weilheim-Schongau, Landkreis|Insgesamt|1223.0
2023|09190|Weilheim-Schongau, Landkreis|männlich|652.0
2023|09190|Weilheim-Schongau, Landkreis|weiblich|571.0
2023|09261|Landshut, kreisfreie Stadt|Insgesamt|654.0
2023|09261|Landshut, kreisfreie Stadt|männlich|342.0
2023|09261|Landshut, kreisfreie Stadt|weiblich|312.0
2023|09262|Passau, kreisfreie Stadt|Insgesamt|405.0
2023|09262|Passau, kreisfreie Stadt|männlich|204.0
2023|09262|Passau, kreisfreie Stadt|weiblich|201.0
2023|09263|Straubing, kreisfreie Stadt|Insgesamt|426.0
2023|09263|Straubing, kreisfreie Stadt|männlich|225.0
2023|09263|Straubing, kreisfreie Stadt|weiblich|201.0
2023|09271|Deggendorf, Landkreis|Insgesamt|1032.0
2023|09271|Deggendorf, Landkreis|männlich|543.0
2023|09271|Deggendorf, Landkreis|weiblich|489.0
2023|09272|Freyung-Grafenau, Landkreis|Insgesamt|611.0
2023|09272|Freyung-Grafenau, Landkreis|männlich|329.0
2023|09272|Freyung-Grafenau, Landkreis|weiblich|282.0
2023|09273|Kelheim, Landkreis|Insgesamt|1119.0
2023|09273|Kelheim, Landkreis|männlich|562.0
2023|09273|Kelheim, Landkreis|weiblich|557.0
2023|09274|Landshut, Landkreis|Insgesamt|1448.0
2023|09274|Landshut, Landkreis|männlich|741.0
2023|09274|Landshut, Landkreis|weiblich|707.0
2023|09275|Passau, Landkreis|Insgesamt|1530.0
2023|09275|Passau, Landkreis|männlich|794.0
2023|09275|Passau, Landkreis|weiblich|736.0
2023|09276|Regen, Landkreis|Insgesamt|621.0
2023|09276|Regen, Landkreis|männlich|311.0
2023|09276|Regen, Landkreis|weiblich|310.0
2023|09277|Rottal-Inn, Landkreis|Insgesamt|1023.0
2023|09277|Rottal-Inn, Landkreis|männlich|542.0
2023|09277|Rottal-Inn, Landkreis|weiblich|481.0
2023|09278|Straubing-Bogen, Landkreis|Insgesamt|853.0
2023|09278|Straubing-Bogen, Landkreis|männlich|430.0
2023|09278|Straubing-Bogen, Landkreis|weiblich|423.0
2023|09279|Dingolfing-Landau, Landkreis|Insgesamt|826.0
2023|09279|Dingolfing-Landau, Landkreis|männlich|429.0
2023|09279|Dingolfing-Landau, Landkreis|weiblich|397.0
2023|09361|Amberg, kreisfreie Stadt|Insgesamt|307.0
2023|09361|Amberg, kreisfreie Stadt|männlich|150.0
2023|09361|Amberg, kreisfreie Stadt|weiblich|157.0
2023|09362|Regensburg, kreisfreie Stadt|Insgesamt|1455.0
2023|09362|Regensburg, kreisfreie Stadt|männlich|739.0
2023|09362|Regensburg, kreisfreie Stadt|weiblich|716.0
2023|09363|Weiden i.d.OPf., kreisfreie Stadt|Insgesamt|357.0
2023|09363|Weiden i.d.OPf., kreisfreie Stadt|männlich|169.0
2023|09363|Weiden i.d.OPf., kreisfreie Stadt|weiblich|188.0
2023|09371|Amberg-Sulzbach, Landkreis|Insgesamt|948.0
2023|09371|Amberg-Sulzbach, Landkreis|männlich|467.0
2023|09371|Amberg-Sulzbach, Landkreis|weiblich|481.0
2023|09372|Cham, Landkreis|Insgesamt|1051.0
2023|09372|Cham, Landkreis|männlich|532.0
2023|09372|Cham, Landkreis|weiblich|519.0
2023|09373|Neumarkt i.d.OPf., Landkreis|Insgesamt|1270.0
2023|09373|Neumarkt i.d.OPf., Landkreis|männlich|628.0
2023|09373|Neumarkt i.d.OPf., Landkreis|weiblich|642.0
2023|09374|Neustadt a.d.Waldnaab, Landkreis|Insgesamt|931.0
2023|09374|Neustadt a.d.Waldnaab, Landkreis|männlich|518.0
2023|09374|Neustadt a.d.Waldnaab, Landkreis|weiblich|413.0
2023|09375|Regensburg, Landkreis|Insgesamt|1611.0
2023|09375|Regensburg, Landkreis|männlich|848.0
2023|09375|Regensburg, Landkreis|weiblich|763.0
2023|09376|Schwandorf, Landkreis|Insgesamt|1234.0
2023|09376|Schwandorf, Landkreis|männlich|633.0
2023|09376|Schwandorf, Landkreis|weiblich|601.0
2023|09377|Tirschenreuth, Landkreis|Insgesamt|619.0
2023|09377|Tirschenreuth, Landkreis|männlich|297.0
2023|09377|Tirschenreuth, Landkreis|weiblich|322.0
2023|09461|Bamberg, kreisfreie Stadt|Insgesamt|715.0
2023|09461|Bamberg, kreisfreie Stadt|männlich|367.0
2023|09461|Bamberg, kreisfreie Stadt|weiblich|348.0
2023|09462|Bayreuth, kreisfreie Stadt|Insgesamt|508.0
2023|09462|Bayreuth, kreisfreie Stadt|männlich|241.0
2023|09462|Bayreuth, kreisfreie Stadt|weiblich|267.0
2023|09463|Coburg, kreisfreie Stadt|Insgesamt|343.0
2023|09463|Coburg, kreisfreie Stadt|männlich|183.0
2023|09463|Coburg, kreisfreie Stadt|weiblich|160.0
2023|09464|Hof, kreisfreie Stadt|Insgesamt|372.0
2023|09464|Hof, kreisfreie Stadt|männlich|182.0
2023|09464|Hof, kreisfreie Stadt|weiblich|190.0
2023|09471|Bamberg, Landkreis|Insgesamt|1221.0
2023|09471|Bamberg, Landkreis|männlich|625.0
2023|09471|Bamberg, Landkreis|weiblich|596.0
2023|09472|Bayreuth, Landkreis|Insgesamt|802.0
2023|09472|Bayreuth, Landkreis|männlich|422.0
2023|09472|Bayreuth, Landkreis|weiblich|380.0
2023|09473|Coburg, Landkreis|Insgesamt|625.0
2023|09473|Coburg, Landkreis|männlich|317.0
2023|09473|Coburg, Landkreis|weiblich|308.0
2023|09474|Forchheim, Landkreis|Insgesamt|971.0
2023|09474|Forchheim, Landkreis|männlich|504.0
2023|09474|Forchheim, Landkreis|weiblich|467.0
2023|09475|Hof, Landkreis|Insgesamt|640.0
2023|09475|Hof, Landkreis|männlich|306.0
2023|09475|Hof, Landkreis|weiblich|334.0
2023|09476|Kronach, Landkreis|Insgesamt|438.0
2023|09476|Kronach, Landkreis|männlich|215.0
2023|09476|Kronach, Landkreis|weiblich|223.0
2023|09477|Kulmbach, Landkreis|Insgesamt|497.0
2023|09477|Kulmbach, Landkreis|männlich|261.0
2023|09477|Kulmbach, Landkreis|weiblich|236.0
2023|09478|Lichtenfels, Landkreis|Insgesamt|503.0
2023|09478|Lichtenfels, Landkreis|männlich|258.0
2023|09478|Lichtenfels, Landkreis|weiblich|245.0
2023|09479|Wunsiedel i.Fichtelgebirge, Landkreis|Insgesamt|509.0
2023|09479|Wunsiedel i.Fichtelgebirge, Landkreis|männlich|255.0
2023|09479|Wunsiedel i.Fichtelgebirge, Landkreis|weiblich|254.0
2023|09561|Ansbach, kreisfreie Stadt|Insgesamt|414.0
2023|09561|Ansbach, kreisfreie Stadt|männlich|206.0
2023|09561|Ansbach, kreisfreie Stadt|weiblich|208.0
2023|09562|Erlangen, kreisfreie Stadt|Insgesamt|1078.0
2023|09562|Erlangen, kreisfreie Stadt|männlich|543.0
2023|09562|Erlangen, kreisfreie Stadt|weiblich|535.0
2023|09563|Fürth, kreisfreie Stadt|Insgesamt|1193.0
2023|09563|Fürth, kreisfreie Stadt|männlich|643.0
2023|09563|Fürth, kreisfreie Stadt|weiblich|550.0
2023|09564|Nürnberg, kreisfreie Stadt|Insgesamt|4711.0
2023|09564|Nürnberg, kreisfreie Stadt|männlich|2376.0
2023|09564|Nürnberg, kreisfreie Stadt|weiblich|2335.0
2023|09565|Schwabach, kreisfreie Stadt|Insgesamt|322.0
2023|09565|Schwabach, kreisfreie Stadt|männlich|179.0
2023|09565|Schwabach, kreisfreie Stadt|weiblich|143.0
2023|09571|Ansbach, Landkreis|Insgesamt|1643.0
2023|09571|Ansbach, Landkreis|männlich|847.0
2023|09571|Ansbach, Landkreis|weiblich|796.0
2023|09572|Erlangen-Höchstadt, Landkreis|Insgesamt|1111.0
2023|09572|Erlangen-Höchstadt, Landkreis|männlich|584.0
2023|09572|Erlangen-Höchstadt, Landkreis|weiblich|527.0
2023|09573|Fürth, Landkreis|Insgesamt|952.0
2023|09573|Fürth, Landkreis|männlich|488.0
2023|09573|Fürth, Landkreis|weiblich|464.0
2023|09574|Nürnberger Land, Landkreis|Insgesamt|1277.0
2023|09574|Nürnberger Land, Landkreis|männlich|644.0
2023|09574|Nürnberger Land, Landkreis|weiblich|633.0
2023|09575|Neustadt a.d.Aisch-Bad Windsheim, Landkreis|Insgesamt|859.0
2023|09575|Neustadt a.d.Aisch-Bad Windsheim, Landkreis|männlich|437.0
2023|09575|Neustadt a.d.Aisch-Bad Windsheim, Landkreis|weiblich|422.0
2023|09576|Roth, Landkreis|Insgesamt|1050.0
2023|09576|Roth, Landkreis|männlich|526.0
2023|09576|Roth, Landkreis|weiblich|524.0
2023|09577|Weißenburg-Gunzenhausen, Landkreis|Insgesamt|806.0
2023|09577|Weißenburg-Gunzenhausen, Landkreis|männlich|419.0
2023|09577|Weißenburg-Gunzenhausen, Landkreis|weiblich|387.0
2023|09661|Aschaffenburg, kreisfreie Stadt|Insgesamt|636.0
2023|09661|Aschaffenburg, kreisfreie Stadt|männlich|334.0
2023|09661|Aschaffenburg, kreisfreie Stadt|weiblich|302.0
2023|09662|Schweinfurt, kreisfreie Stadt|Insgesamt|451.0
2023|09662|Schweinfurt, kreisfreie Stadt|männlich|219.0
2023|09662|Schweinfurt, kreisfreie Stadt|weiblich|232.0
2023|09663|Würzburg, kreisfreie Stadt|Insgesamt|1121.0
2023|09663|Würzburg, kreisfreie Stadt|männlich|596.0
2023|09663|Würzburg, kreisfreie Stadt|weiblich|525.0
2023|09671|Aschaffenburg, Landkreis|Insgesamt|1453.0
2023|09671|Aschaffenburg, Landkreis|männlich|723.0
2023|09671|Aschaffenburg, Landkreis|weiblich|730.0
2023|09672|Bad Kissingen, Landkreis|Insgesamt|848.0
2023|09672|Bad Kissingen, Landkreis|männlich|416.0
2023|09672|Bad Kissingen, Landkreis|weiblich|432.0
2023|09673|Rhön-Grabfeld, Landkreis|Insgesamt|627.0
2023|09673|Rhön-Grabfeld, Landkreis|männlich|309.0
2023|09673|Rhön-Grabfeld, Landkreis|weiblich|318.0
2023|09674|Haßberge, Landkreis|Insgesamt|713.0
2023|09674|Haßberge, Landkreis|männlich|365.0
2023|09674|Haßberge, Landkreis|weiblich|348.0
2023|09675|Kitzingen, Landkreis|Insgesamt|851.0
2023|09675|Kitzingen, Landkreis|männlich|465.0
2023|09675|Kitzingen, Landkreis|weiblich|386.0
2023|09676|Miltenberg, Landkreis|Insgesamt|998.0
2023|09676|Miltenberg, Landkreis|männlich|535.0
2023|09676|Miltenberg, Landkreis|weiblich|463.0
2023|09677|Main-Spessart, Landkreis|Insgesamt|960.0
2023|09677|Main-Spessart, Landkreis|männlich|471.0
2023|09677|Main-Spessart, Landkreis|weiblich|489.0
2023|09678|Schweinfurt, Landkreis|Insgesamt|959.0
2023|09678|Schweinfurt, Landkreis|männlich|495.0
2023|09678|Schweinfurt, Landkreis|weiblich|464.0
2023|09679|Würzburg, Landkreis|Insgesamt|1387.0
2023|09679|Würzburg, Landkreis|männlich|717.0
2023|09679|Würzburg, Landkreis|weiblich|670.0
2023|09761|Augsburg, kreisfreie Stadt|Insgesamt|2750.0
2023|09761|Augsburg, kreisfreie Stadt|männlich|1420.0
2023|09761|Augsburg, kreisfreie Stadt|weiblich|1330.0
2023|09762|Kaufbeuren, kreisfreie Stadt|Insgesamt|469.0
2023|09762|Kaufbeuren, kreisfreie Stadt|männlich|245.0
2023|09762|Kaufbeuren, kreisfreie Stadt|weiblich|224.0
2023|09763|Kempten (Allgäu), kreisfreie Stadt|Insgesamt|666.0
2023|09763|Kempten (Allgäu), kreisfreie Stadt|männlich|354.0
2023|09763|Kempten (Allgäu), kreisfreie Stadt|weiblich|312.0
2023|09764|Memmingen, kreisfreie Stadt|Insgesamt|446.0
2023|09764|Memmingen, kreisfreie Stadt|männlich|213.0
2023|09764|Memmingen, kreisfreie Stadt|weiblich|233.0
2023|09771|Aichach-Friedberg, Landkreis|Insgesamt|1206.0
2023|09771|Aichach-Friedberg, Landkreis|männlich|596.0
2023|09771|Aichach-Friedberg, Landkreis|weiblich|610.0
2023|09772|Augsburg, Landkreis|Insgesamt|2322.0
2023|09772|Augsburg, Landkreis|männlich|1256.0
2023|09772|Augsburg, Landkreis|weiblich|1066.0
2023|09773|Dillingen a.d.Donau, Landkreis|Insgesamt|824.0
2023|09773|Dillingen a.d.Donau, Landkreis|männlich|420.0
2023|09773|Dillingen a.d.Donau, Landkreis|weiblich|404.0
2023|09774|Günzburg, Landkreis|Insgesamt|1158.0
2023|09774|Günzburg, Landkreis|männlich|608.0
2023|09774|Günzburg, Landkreis|weiblich|550.0
2023|09775|Neu-Ulm, Landkreis|Insgesamt|1776.0
2023|09775|Neu-Ulm, Landkreis|männlich|924.0
2023|09775|Neu-Ulm, Landkreis|weiblich|852.0
2023|09776|Lindau (Bodensee), Landkreis|Insgesamt|691.0
2023|09776|Lindau (Bodensee), Landkreis|männlich|353.0
2023|09776|Lindau (Bodensee), Landkreis|weiblich|338.0
2023|09777|Ostallgäu, Landkreis|Insgesamt|1339.0
2023|09777|Ostallgäu, Landkreis|männlich|671.0
2023|09777|Ostallgäu, Landkreis|weiblich|668.0
2023|09778|Unterallgäu, Landkreis|Insgesamt|1450.0
2023|09778|Unterallgäu, Landkreis|männlich|725.0
2023|09778|Unterallgäu, Landkreis|weiblich|725.0
2023|09779|Donau-Ries, Landkreis|Insgesamt|1273.0
2023|09779|Donau-Ries, Landkreis|männlich|649.0
2023|09779|Donau-Ries, Landkreis|weiblich|624.0
2023|09780|Oberallgäu, Landkreis|Insgesamt|1423.0
2023|09780|Oberallgäu, Landkreis|männlich|771.0
2023|09780|Oberallgäu, Landkreis|weiblich|652.0
2023|10041|Saarbrücken, Regionalverband|Insgesamt|2759.0
2023|10041|Saarbrücken, Regionalverband|männlich|1437.0
2023|10041|Saarbrücken, Regionalverband|weiblich|1322.0
2023|10041100|Saarbrücken, Landeshauptstadt|Insgesamt|1572.0
2023|10041100|Saarbrücken, Landeshauptstadt|männlich|811.0
2023|10041100|Saarbrücken, Landeshauptstadt|weiblich|761.0
2023|10042|Merzig-Wadern, Landkreis|Insgesamt|743.0
2023|10042|Merzig-Wadern, Landkreis|männlich|369.0
2023|10042|Merzig-Wadern, Landkreis|weiblich|374.0
2023|10043|Neunkirchen, Landkreis|Insgesamt|991.0
2023|10043|Neunkirchen, Landkreis|männlich|505.0
2023|10043|Neunkirchen, Landkreis|weiblich|486.0
2023|10044|Saarlouis, Landkreis|Insgesamt|1514.0
2023|10044|Saarlouis, Landkreis|männlich|776.0
2023|10044|Saarlouis, Landkreis|weiblich|738.0
2023|10045|Saarpfalz-Kreis|Insgesamt|1137.0
2023|10045|Saarpfalz-Kreis|männlich|570.0
2023|10045|Saarpfalz-Kreis|weiblich|567.0
2023|10046|St. Wendel, Landkreis|Insgesamt|625.0
2023|10046|St. Wendel, Landkreis|männlich|302.0
2023|10046|St. Wendel, Landkreis|weiblich|323.0
2023|11000|Berlin, kreisfreie Stadt|Insgesamt|34120.0
2023|11000|Berlin, kreisfreie Stadt|männlich|17473.0
2023|11000|Berlin, kreisfreie Stadt|weiblich|16647.0
2023|11001001|Berlin-Mitte|Insgesamt|3684.0
2023|11001001|Berlin-Mitte|männlich|1843.0
2023|11001001|Berlin-Mitte|weiblich|1841.0
2023|11002002|Berlin-Friedrichshain-Kreuzberg|Insgesamt|2642.0
2023|11002002|Berlin-Friedrichshain-Kreuzberg|männlich|1373.0
2023|11002002|Berlin-Friedrichshain-Kreuzberg|weiblich|1269.0
2023|11003003|Berlin-Pankow|Insgesamt|3657.0
2023|11003003|Berlin-Pankow|männlich|1823.0
2023|11003003|Berlin-Pankow|weiblich|1834.0
2023|11004004|Berlin-Charlottenburg-Wilmersdorf|Insgesamt|2776.0
2023|11004004|Berlin-Charlottenburg-Wilmersdorf|männlich|1431.0
2023|11004004|Berlin-Charlottenburg-Wilmersdorf|weiblich|1345.0
2023|11005005|Berlin-Spandau|Insgesamt|2305.0
2023|11005005|Berlin-Spandau|männlich|1162.0
2023|11005005|Berlin-Spandau|weiblich|1143.0
2023|11006006|Berlin-Steglitz-Zehlendorf|Insgesamt|2155.0
2023|11006006|Berlin-Steglitz-Zehlendorf|männlich|1091.0
2023|11006006|Berlin-Steglitz-Zehlendorf|weiblich|1064.0
2023|11007007|Berlin-Tempelhof-Schöneberg|Insgesamt|3093.0
2023|11007007|Berlin-Tempelhof-Schöneberg|männlich|1628.0
2023|11007007|Berlin-Tempelhof-Schöneberg|weiblich|1465.0
2023|11008008|Berlin-Neukölln|Insgesamt|3191.0
2023|11008008|Berlin-Neukölln|männlich|1661.0
2023|11008008|Berlin-Neukölln|weiblich|1530.0
2023|11009009|Berlin-Treptow-Köpenick|Insgesamt|2522.0
2023|11009009|Berlin-Treptow-Köpenick|männlich|1317.0
2023|11009009|Berlin-Treptow-Köpenick|weiblich|1205.0
2023|11010010|Berlin-Marzahn-Hellersdorf|Insgesamt|2619.0
2023|11010010|Berlin-Marzahn-Hellersdorf|männlich|1317.0
2023|11010010|Berlin-Marzahn-Hellersdorf|weiblich|1302.0
2023|11011011|Berlin-Lichtenberg|Insgesamt|3115.0
2023|11011011|Berlin-Lichtenberg|männlich|1599.0
2023|11011011|Berlin-Lichtenberg|weiblich|1516.0
2023|11012012|Berlin-Reinickendorf|Insgesamt|2361.0
2023|11012012|Berlin-Reinickendorf|männlich|1228.0
2023|11012012|Berlin-Reinickendorf|weiblich|1133.0
2023|12051|Brandenburg an der Havel, kreisfreie Stadt|Insgesamt|459.0
2023|12051|Brandenburg an der Havel, kreisfreie Stadt|männlich|255.0
2023|12051|Brandenburg an der Havel, kreisfreie Stadt|weiblich|204.0
2023|12052|Cottbus, kreisfreie Stadt|Insgesamt|668.0
2023|12052|Cottbus, kreisfreie Stadt|männlich|352.0
2023|12052|Cottbus, kreisfreie Stadt|weiblich|316.0
2023|12053|Frankfurt (Oder), kreisfreie Stadt|Insgesamt|341.0
2023|12053|Frankfurt (Oder), kreisfreie Stadt|männlich|181.0
2023|12053|Frankfurt (Oder), kreisfreie Stadt|weiblich|160.0
2023|12054|Potsdam, kreisfreie Stadt|Insgesamt|1444.0
2023|12054|Potsdam, kreisfreie Stadt|männlich|742.0
2023|12054|Potsdam, kreisfreie Stadt|weiblich|702.0
2023|12060|Barnim, Landkreis|Insgesamt|1193.0
2023|12060|Barnim, Landkreis|männlich|613.0
2023|12060|Barnim, Landkreis|weiblich|580.0
2023|12061|Dahme-Spreewald, Landkreis|Insgesamt|1249.0
2023|12061|Dahme-Spreewald, Landkreis|männlich|640.0
2023|12061|Dahme-Spreewald, Landkreis|weiblich|609.0
2023|12062|Elbe-Elster, Landkreis|Insgesamt|595.0
2023|12062|Elbe-Elster, Landkreis|männlich|302.0
2023|12062|Elbe-Elster, Landkreis|weiblich|293.0
2023|12063|Havelland, Landkreis|Insgesamt|1093.0
2023|12063|Havelland, Landkreis|männlich|538.0
2023|12063|Havelland, Landkreis|weiblich|555.0
2023|12064|Märkisch-Oderland, Landkreis|Insgesamt|1152.0
2023|12064|Märkisch-Oderland, Landkreis|männlich|596.0
2023|12064|Märkisch-Oderland, Landkreis|weiblich|556.0
2023|12065|Oberhavel, Landkreis|Insgesamt|1368.0
2023|12065|Oberhavel, Landkreis|männlich|693.0
2023|12065|Oberhavel, Landkreis|weiblich|675.0
2023|12066|Oberspreewald-Lausitz, Landkreis|Insgesamt|609.0
2023|12066|Oberspreewald-Lausitz, Landkreis|männlich|303.0
2023|12066|Oberspreewald-Lausitz, Landkreis|weiblich|306.0
2023|12067|Oder-Spree, Landkreis|Insgesamt|1079.0
2023|12067|Oder-Spree, Landkreis|männlich|580.0
2023|12067|Oder-Spree, Landkreis|weiblich|499.0
2023|12068|Ostprignitz-Ruppin, Landkreis|Insgesamt|584.0
2023|12068|Ostprignitz-Ruppin, Landkreis|männlich|276.0
2023|12068|Ostprignitz-Ruppin, Landkreis|weiblich|308.0
2023|12069|Potsdam-Mittelmark, Landkreis|Insgesamt|1216.0
2023|12069|Potsdam-Mittelmark, Landkreis|männlich|610.0
2023|12069|Potsdam-Mittelmark, Landkreis|weiblich|606.0
2023|12070|Prignitz, Landkreis|Insgesamt|463.0
2023|12070|Prignitz, Landkreis|männlich|234.0
2023|12070|Prignitz, Landkreis|weiblich|229.0
2023|12071|Spree-Neiße, Landkreis|Insgesamt|570.0
2023|12071|Spree-Neiße, Landkreis|männlich|279.0
2023|12071|Spree-Neiße, Landkreis|weiblich|291.0
2023|12072|Teltow-Fläming, Landkreis|Insgesamt|1157.0
2023|12072|Teltow-Fläming, Landkreis|männlich|593.0
2023|12072|Teltow-Fläming, Landkreis|weiblich|564.0
2023|12073|Uckermark, Landkreis|Insgesamt|645.0
2023|12073|Uckermark, Landkreis|männlich|349.0
2023|12073|Uckermark, Landkreis|weiblich|296.0
2023|13003|Rostock, kreisfreie Stadt|Insgesamt|1496.0
2023|13003|Rostock, kreisfreie Stadt|männlich|796.0
2023|13003|Rostock, kreisfreie Stadt|weiblich|700.0
2023|13004|Schwerin, kreisfreie Stadt|Insgesamt|674.0
2023|13004|Schwerin, kreisfreie Stadt|männlich|356.0
2023|13004|Schwerin, kreisfreie Stadt|weiblich|318.0
2023|13071|Mecklenburgische Seenplatte, Landkreis|Insgesamt|1468.0
2023|13071|Mecklenburgische Seenplatte, Landkreis|männlich|769.0
2023|13071|Mecklenburgische Seenplatte, Landkreis|weiblich|699.0
2023|13072|Landkreis Rostock|Insgesamt|1284.0
2023|13072|Landkreis Rostock|männlich|646.0
2023|13072|Landkreis Rostock|weiblich|638.0
2023|13073|Vorpommern-Rügen, Landkreis|Insgesamt|1205.0
2023|13073|Vorpommern-Rügen, Landkreis|männlich|650.0
2023|13073|Vorpommern-Rügen, Landkreis|weiblich|555.0
2023|13074|Nordwestmecklenburg, Landkreis|Insgesamt|945.0
2023|13074|Nordwestmecklenburg, Landkreis|männlich|484.0
2023|13074|Nordwestmecklenburg, Landkreis|weiblich|461.0
2023|13075|Vorpommern-Greifswald, Landkreis|Insgesamt|1273.0
2023|13075|Vorpommern-Greifswald, Landkreis|männlich|679.0
2023|13075|Vorpommern-Greifswald, Landkreis|weiblich|594.0
2023|13076|Ludwigslust-Parchim, Landkreis|Insgesamt|1326.0
2023|13076|Ludwigslust-Parchim, Landkreis|männlich|673.0
2023|13076|Ludwigslust-Parchim, Landkreis|weiblich|653.0
2023|14511|Chemnitz, kreisfreie Stadt|Insgesamt|1763.0
2023|14511|Chemnitz, kreisfreie Stadt|männlich|926.0
2023|14511|Chemnitz, kreisfreie Stadt|weiblich|837.0
2023|14521|Erzgebirgskreis|Insgesamt|1828.0
2023|14521|Erzgebirgskreis|männlich|921.0
2023|14521|Erzgebirgskreis|weiblich|907.0
2023|14522|Mittelsachsen, Landkreis|Insgesamt|1725.0
2023|14522|Mittelsachsen, Landkreis|männlich|893.0
2023|14522|Mittelsachsen, Landkreis|weiblich|832.0
2023|14523|Vogtlandkreis|Insgesamt|1236.0
2023|14523|Vogtlandkreis|männlich|639.0
2023|14523|Vogtlandkreis|weiblich|597.0
2023|14524|Zwickau, Landkreis|Insgesamt|1780.0
2023|14524|Zwickau, Landkreis|männlich|902.0
2023|14524|Zwickau, Landkreis|weiblich|878.0
2023|14612|Dresden, kreisfreie Stadt|Insgesamt|4285.0
2023|14612|Dresden, kreisfreie Stadt|männlich|2245.0
2023|14612|Dresden, kreisfreie Stadt|weiblich|2040.0
2023|14625|Bautzen, Landkreis|Insgesamt|1765.0
2023|14625|Bautzen, Landkreis|männlich|872.0
2023|14625|Bautzen, Landkreis|weiblich|893.0
2023|14626|Görlitz, Landkreis|Insgesamt|1351.0
2023|14626|Görlitz, Landkreis|männlich|731.0
2023|14626|Görlitz, Landkreis|weiblich|620.0
2023|14627|Meißen, Landkreis|Insgesamt|1349.0
2023|14627|Meißen, Landkreis|männlich|676.0
2023|14627|Meißen, Landkreis|weiblich|673.0
2023|14628|Sächsische Schweiz-Osterzgebirge, Landkreis|Insgesamt|1348.0
2023|14628|Sächsische Schweiz-Osterzgebirge, Landkreis|männlich|667.0
2023|14628|Sächsische Schweiz-Osterzgebirge, Landkreis|weiblich|681.0
2023|14713|Leipzig, kreisfreie Stadt|Insgesamt|5033.0
2023|14713|Leipzig, kreisfreie Stadt|männlich|2615.0
2023|14713|Leipzig, kreisfreie Stadt|weiblich|2418.0
2023|14729|Leipzig, Landkreis|Insgesamt|1537.0
2023|14729|Leipzig, Landkreis|männlich|791.0
2023|14729|Leipzig, Landkreis|weiblich|746.0
2023|14730|Nordsachsen, Landkreis|Insgesamt|1194.0
2023|14730|Nordsachsen, Landkreis|männlich|597.0
2023|14730|Nordsachsen, Landkreis|weiblich|597.0
2023|15001|Dessau-Roßlau, kreisfreie Stadt|Insgesamt|498.0
2023|15001|Dessau-Roßlau, kreisfreie Stadt|männlich|269.0
2023|15001|Dessau-Roßlau, kreisfreie Stadt|weiblich|229.0
2023|15002|Halle (Saale), kreisfreie Stadt|Insgesamt|1897.0
2023|15002|Halle (Saale), kreisfreie Stadt|männlich|970.0
2023|15002|Halle (Saale), kreisfreie Stadt|weiblich|927.0
2023|15003|Magdeburg, kreisfreie Stadt, Landeshauptstadt|Insgesamt|1787.0
2023|15003|Magdeburg, kreisfreie Stadt, Landeshauptstadt|männlich|904.0
2023|15003|Magdeburg, kreisfreie Stadt, Landeshauptstadt|weiblich|883.0
2023|15081|Altmarkkreis Salzwedel|Insgesamt|526.0
2023|15081|Altmarkkreis Salzwedel|männlich|274.0
2023|15081|Altmarkkreis Salzwedel|weiblich|252.0
2023|15082|Anhalt-Bitterfeld, Landkreis|Insgesamt|890.0
2023|15082|Anhalt-Bitterfeld, Landkreis|männlich|462.0
2023|15082|Anhalt-Bitterfeld, Landkreis|weiblich|428.0
2023|15083|Börde, Landkreis|Insgesamt|1043.0
2023|15083|Börde, Landkreis|männlich|531.0
2023|15083|Börde, Landkreis|weiblich|512.0
2023|15084|Burgenlandkreis|Insgesamt|973.0
2023|15084|Burgenlandkreis|männlich|494.0
2023|15084|Burgenlandkreis|weiblich|479.0
2023|15085|Harz, Landkreis|Insgesamt|1142.0
2023|15085|Harz, Landkreis|männlich|602.0
2023|15085|Harz, Landkreis|weiblich|540.0
2023|15086|Jerichower Land, Landkreis|Insgesamt|485.0
2023|15086|Jerichower Land, Landkreis|männlich|242.0
2023|15086|Jerichower Land, Landkreis|weiblich|243.0
2023|15087|Mansfeld-Südharz, Landkreis|Insgesamt|714.0
2023|15087|Mansfeld-Südharz, Landkreis|männlich|372.0
2023|15087|Mansfeld-Südharz, Landkreis|weiblich|342.0
2023|15088|Saalekreis|Insgesamt|1140.0
2023|15088|Saalekreis|männlich|540.0
2023|15088|Saalekreis|weiblich|600.0
2023|15089|Salzlandkreis|Insgesamt|1057.0
2023|15089|Salzlandkreis|männlich|543.0
2023|15089|Salzlandkreis|weiblich|514.0
2023|15090|Stendal, Landkreis|Insgesamt|682.0
2023|15090|Stendal, Landkreis|männlich|338.0
2023|15090|Stendal, Landkreis|weiblich|344.0
2023|15091|Wittenberg, Landkreis|Insgesamt|716.0
2023|15091|Wittenberg, Landkreis|männlich|372.0
2023|15091|Wittenberg, Landkreis|weiblich|344.0
2023|16051|Erfurt, kreisfreie Stadt|Insgesamt|1594.0
2023|16051|Erfurt, kreisfreie Stadt|männlich|816.0
2023|16051|Erfurt, kreisfreie Stadt|weiblich|778.0
2023|16052|Gera, kreisfreie Stadt|Insgesamt|622.0
2023|16052|Gera, kreisfreie Stadt|männlich|313.0
2023|16052|Gera, kreisfreie Stadt|weiblich|309.0
2023|16053|Jena, kreisfreie Stadt|Insgesamt|767.0
2023|16053|Jena, kreisfreie Stadt|männlich|377.0
2023|16053|Jena, kreisfreie Stadt|weiblich|390.0
2023|16054|Suhl, kreisfreie Stadt|Insgesamt|179.0
2023|16054|Suhl, kreisfreie Stadt|männlich|96.0
2023|16054|Suhl, kreisfreie Stadt|weiblich|83.0
2023|16055|Weimar, kreisfreie Stadt|Insgesamt|424.0
2023|16055|Weimar, kreisfreie Stadt|männlich|228.0
2023|16055|Weimar, kreisfreie Stadt|weiblich|196.0
2023|16061|Eichsfeld, Landkreis|Insgesamt|742.0
2023|16061|Eichsfeld, Landkreis|männlich|398.0
2023|16061|Eichsfeld, Landkreis|weiblich|344.0
2023|16062|Nordhausen, Landkreis|Insgesamt|483.0
2023|16062|Nordhausen, Landkreis|männlich|274.0
2023|16062|Nordhausen, Landkreis|weiblich|209.0
2023|16063|Wartburgkreis|Insgesamt|954.0
2023|16063|Wartburgkreis|männlich|472.0
2023|16063|Wartburgkreis|weiblich|482.0
2023|16064|Unstrut-Hainich-Kreis|Insgesamt|647.0
2023|16064|Unstrut-Hainich-Kreis|männlich|336.0
2023|16064|Unstrut-Hainich-Kreis|weiblich|311.0
2023|16065|Kyffhäuserkreis|Insgesamt|423.0
2023|16065|Kyffhäuserkreis|männlich|224.0
2023|16065|Kyffhäuserkreis|weiblich|199.0
2023|16066|Schmalkalden-Meiningen, Landkreis|Insgesamt|697.0
2023|16066|Schmalkalden-Meiningen, Landkreis|männlich|361.0
2023|16066|Schmalkalden-Meiningen, Landkreis|weiblich|336.0
2023|16067|Gotha, Landkreis|Insgesamt|842.0
2023|16067|Gotha, Landkreis|männlich|412.0
2023|16067|Gotha, Landkreis|weiblich|430.0
2023|16068|Sömmerda, Landkreis|Insgesamt|407.0
2023|16068|Sömmerda, Landkreis|männlich|206.0
2023|16068|Sömmerda, Landkreis|weiblich|201.0
2023|16069|Hildburghausen, Landkreis|Insgesamt|335.0
2023|16069|Hildburghausen, Landkreis|männlich|158.0
2023|16069|Hildburghausen, Landkreis|weiblich|177.0
2023|16070|Ilm-Kreis|Insgesamt|599.0
2023|16070|Ilm-Kreis|männlich|302.0
2023|16070|Ilm-Kreis|weiblich|297.0
2023|16071|Weimarer Land, Landkreis|Insgesamt|535.0
2023|16071|Weimarer Land, Landkreis|männlich|269.0
2023|16071|Weimarer Land, Landkreis|weiblich|266.0
2023|16072|Sonneberg, Landkreis|Insgesamt|324.0
2023|16072|Sonneberg, Landkreis|männlich|171.0
2023|16072|Sonneberg, Landkreis|weiblich|153.0
2023|16073|Saalfeld-Rudolstadt, Landkreis|Insgesamt|564.0
2023|16073|Saalfeld-Rudolstadt, Landkreis|männlich|279.0
2023|16073|Saalfeld-Rudolstadt, Landkreis|weiblich|285.0
2023|16074|Saale-Holzland-Kreis|Insgesamt|454.0
2023|16074|Saale-Holzland-Kreis|männlich|247.0
2023|16074|Saale-Holzland-Kreis|weiblich|207.0
2023|16075|Saale-Orla-Kreis|Insgesamt|425.0
2023|16075|Saale-Orla-Kreis|männlich|224.0
2023|16075|Saale-Orla-Kreis|weiblich|201.0
2023|16076|Greiz, Landkreis|Insgesamt|497.0
2023|16076|Greiz, Landkreis|männlich|242.0
2023|16076|Greiz, Landkreis|weiblich|255.0
2023|16077|Altenburger Land, Landkreis|Insgesamt|438.0
2023|16077|Altenburger Land, Landkreis|männlich|215.0
2023|16077|Altenburger Land, Landkreis|weiblich|223.0
2023|010|Schleswig-Holstein|Insgesamt|22190.0
2023|010|Schleswig-Holstein|männlich|11442.0
2023|010|Schleswig-Holstein|weiblich|10748.0
2023|020|Hamburg|Insgesamt|18264.0
2023|020|Hamburg|männlich|9311.0
2023|020|Hamburg|weiblich|8953.0
2023|031|Braunschweig, Statistische Region|Insgesamt|12758.0
2023|031|Braunschweig, Statistische Region|männlich|6505.0
2023|031|Braunschweig, Statistische Region|weiblich|6253.0
2023|032|Hannover, Statistische Region|Insgesamt|17733.0
2023|032|Hannover, Statistische Region|männlich|8982.0
2023|032|Hannover, Statistische Region|weiblich|8751.0
2023|033|Lüneburg, Statistische Region|Insgesamt|14037.0
2023|033|Lüneburg, Statistische Region|männlich|7165.0
2023|033|Lüneburg, Statistische Region|weiblich|6872.0
2023|034|Weser-Ems, Statistische Region|Insgesamt|22634.0
2023|034|Weser-Ems, Statistische Region|männlich|11614.0
2023|034|Weser-Ems, Statistische Region|weiblich|11020.0
2023|040|Bremen|Insgesamt|6615.0
2023|040|Bremen|männlich|3393.0
2023|040|Bremen|weiblich|3222.0
2023|051|Düsseldorf, Regierungsbezirk|Insgesamt|45040.0
2023|051|Düsseldorf, Regierungsbezirk|männlich|23096.0
2023|051|Düsseldorf, Regierungsbezirk|weiblich|21944.0
2023|053|Köln, Regierungsbezirk|Insgesamt|38258.0
2023|053|Köln, Regierungsbezirk|männlich|19620.0
2023|053|Köln, Regierungsbezirk|weiblich|18638.0
2023|055|Münster, Regierungsbezirk|Insgesamt|23628.0
2023|055|Münster, Regierungsbezirk|männlich|11998.0
2023|055|Münster, Regierungsbezirk|weiblich|11630.0
2023|057|Detmold, Regierungsbezirk|Insgesamt|18059.0
2023|057|Detmold, Regierungsbezirk|männlich|9402.0
2023|057|Detmold, Regierungsbezirk|weiblich|8657.0
2023|059|Arnsberg, Regierungsbezirk|Insgesamt|30530.0
2023|059|Arnsberg, Regierungsbezirk|männlich|15598.0
2023|059|Arnsberg, Regierungsbezirk|weiblich|14932.0
2023|064|Darmstadt, Regierungsbezirk|Insgesamt|35339.0
2023|064|Darmstadt, Regierungsbezirk|männlich|18165.0
2023|064|Darmstadt, Regierungsbezirk|weiblich|17174.0
2023|065|Gießen, Regierungsbezirk|Insgesamt|8535.0
2023|065|Gießen, Regierungsbezirk|männlich|4382.0
2023|065|Gießen, Regierungsbezirk|weiblich|4153.0
2023|066|Kassel, Regierungsbezirk|Insgesamt|9811.0
2023|066|Kassel, Regierungsbezirk|männlich|5063.0
2023|066|Kassel, Regierungsbezirk|weiblich|4748.0
2023|071|Koblenz, Statistische Region|Insgesamt|12438.0
2023|071|Koblenz, Statistische Region|männlich|6333.0
2023|071|Koblenz, Statistische Region|weiblich|6105.0
2023|072|Trier, Statistische Region|Insgesamt|4257.0
2023|072|Trier, Statistische Region|männlich|2161.0
2023|072|Trier, Statistische Region|weiblich|2096.0
2023|073|Rheinhessen-Pfalz, Statistische Region|Insgesamt|17798.0
2023|073|Rheinhessen-Pfalz, Statistische Region|männlich|9153.0
2023|073|Rheinhessen-Pfalz, Statistische Region|weiblich|8645.0
2023|081|Stuttgart, Regierungsbezirk|Insgesamt|37744.0
2023|081|Stuttgart, Regierungsbezirk|männlich|19308.0
2023|081|Stuttgart, Regierungsbezirk|weiblich|18436.0
2023|082|Karlsruhe, Regierungsbezirk|Insgesamt|23747.0
2023|082|Karlsruhe, Regierungsbezirk|männlich|12194.0
2023|082|Karlsruhe, Regierungsbezirk|weiblich|11553.0
2023|083|Freiburg, Regierungsbezirk|Insgesamt|19822.0
2023|083|Freiburg, Regierungsbezirk|männlich|10069.0
2023|083|Freiburg, Regierungsbezirk|weiblich|9753.0
2023|084|Tübingen, Regierungsbezirk|Insgesamt|17106.0
2023|084|Tübingen, Regierungsbezirk|männlich|8799.0
2023|084|Tübingen, Regierungsbezirk|weiblich|8307.0
2023|091|Oberbayern, Regierungsbezirk|Insgesamt|43817.0
2023|091|Oberbayern, Regierungsbezirk|männlich|22606.0
2023|091|Oberbayern, Regierungsbezirk|weiblich|21211.0
2023|092|Niederbayern, Regierungsbezirk|Insgesamt|10548.0
2023|092|Niederbayern, Regierungsbezirk|männlich|5452.0
2023|092|Niederbayern, Regierungsbezirk|weiblich|5096.0
2023|093|Oberpfalz, Regierungsbezirk|Insgesamt|9783.0
2023|093|Oberpfalz, Regierungsbezirk|männlich|4981.0
2023|093|Oberpfalz, Regierungsbezirk|weiblich|4802.0
2023|094|Oberfranken, Regierungsbezirk|Insgesamt|8144.0
2023|094|Oberfranken, Regierungsbezirk|männlich|4136.0
2023|094|Oberfranken, Regierungsbezirk|weiblich|4008.0
2023|095|Mittelfranken, Regierungsbezirk|Insgesamt|15416.0
2023|095|Mittelfranken, Regierungsbezirk|männlich|7892.0
2023|095|Mittelfranken, Regierungsbezirk|weiblich|7524.0
2023|096|Unterfranken, Regierungsbezirk|Insgesamt|11004.0
2023|096|Unterfranken, Regierungsbezirk|männlich|5645.0
2023|096|Unterfranken, Regierungsbezirk|weiblich|5359.0
2023|097|Schwaben, Regierungsbezirk|Insgesamt|17793.0
2023|097|Schwaben, Regierungsbezirk|männlich|9205.0
2023|097|Schwaben, Regierungsbezirk|weiblich|8588.0
2023|100|Saarland, Regierungsbezirk|Insgesamt|7769.0
2023|100|Saarland, Regierungsbezirk|männlich|3959.0
2023|100|Saarland, Regierungsbezirk|weiblich|3810.0
2023|110|Berlin|Insgesamt|34120.0
2023|110|Berlin|männlich|17473.0
2023|110|Berlin|weiblich|16647.0
2023|120|Brandenburg|Insgesamt|15885.0
2023|120|Brandenburg|männlich|8136.0
2023|120|Brandenburg|weiblich|7749.0
2023|130|Mecklenburg-Vorpommern, Statistische Region|Insgesamt|9671.0
2023|130|Mecklenburg-Vorpommern, Statistische Region|männlich|5053.0
2023|130|Mecklenburg-Vorpommern, Statistische Region|weiblich|4618.0
2023|145|Chemnitz, Statistische Region|Insgesamt|8332.0
2023|145|Chemnitz, Statistische Region|männlich|4281.0
2023|145|Chemnitz, Statistische Region|weiblich|4051.0
2023|146|Dresden, Statistische Region|Insgesamt|10098.0
2023|146|Dresden, Statistische Region|männlich|5191.0
2023|146|Dresden, Statistische Region|weiblich|4907.0
2023|147|Leipzig, Statistische Region|Insgesamt|7764.0
2023|147|Leipzig, Statistische Region|männlich|4003.0
2023|147|Leipzig, Statistische Region|weiblich|3761.0
2023|150|Sachsen-Anhalt|Insgesamt|13550.0
2023|150|Sachsen-Anhalt|männlich|6913.0
2023|150|Sachsen-Anhalt|weiblich|6637.0
2023|160|Thüringen|Insgesamt|12952.0
2023|160|Thüringen|männlich|6620.0
2023|160|Thüringen|weiblich|6332.0
2024|DG|Deutschland|Insgesamt|677117.0
2024|DG|Deutschland|männlich|347717.0
2024|DG|Deutschland|weiblich|329400.0
2024|01|Schleswig-Holstein|Insgesamt|21760.0
2024|01|Schleswig-Holstein|männlich|11186.0
2024|01|Schleswig-Holstein|weiblich|10574.0
2024|02|Hamburg|Insgesamt|17553.0
2024|02|Hamburg|männlich|8980.0
2024|02|Hamburg|weiblich|8573.0
2024|03|Niedersachsen|Insgesamt|65646.0
2024|03|Niedersachsen|männlich|33658.0
2024|03|Niedersachsen|weiblich|31988.0
2024|04|Bremen|Insgesamt|6251.0
2024|04|Bremen|männlich|3210.0
2024|04|Bremen|weiblich|3041.0
2024|05|Nordrhein-Westfalen|Insgesamt|152688.0
2024|05|Nordrhein-Westfalen|männlich|78434.0
2024|05|Nordrhein-Westfalen|weiblich|74254.0
2024|06|Hessen|Insgesamt|53089.0
2024|06|Hessen|männlich|27406.0
2024|06|Hessen|weiblich|25683.0
2024|07|Rheinland-Pfalz|Insgesamt|33606.0
2024|07|Rheinland-Pfalz|männlich|17148.0
2024|07|Rheinland-Pfalz|weiblich|16458.0
2024|08|Baden-Württemberg|Insgesamt|97507.0
2024|08|Baden-Württemberg|männlich|50179.0
2024|08|Baden-Württemberg|weiblich|47328.0
2024|09|Bayern|Insgesamt|114365.0
2024|09|Bayern|männlich|58668.0
2024|09|Bayern|weiblich|55697.0
2024|10|Saarland|Insgesamt|7566.0
2024|10|Saarland|männlich|3912.0
2024|10|Saarland|weiblich|3654.0
2024|11|Berlin|Insgesamt|33749.0
2024|11|Berlin|männlich|17362.0
2024|11|Berlin|weiblich|16387.0
2024|12|Brandenburg|Insgesamt|15154.0
2024|12|Brandenburg|männlich|7908.0
2024|12|Brandenburg|weiblich|7246.0
2024|13|Mecklenburg-Vorpommern|Insgesamt|9157.0
2024|13|Mecklenburg-Vorpommern|männlich|4706.0
2024|13|Mecklenburg-Vorpommern|weiblich|4451.0
2024|14|Sachsen|Insgesamt|24697.0
2024|14|Sachsen|männlich|12643.0
2024|14|Sachsen|weiblich|12054.0
2024|15|Sachsen-Anhalt|Insgesamt|12526.0
2024|15|Sachsen-Anhalt|männlich|6387.0
2024|15|Sachsen-Anhalt|weiblich|6139.0
2024|16|Thüringen|Insgesamt|11803.0
2024|16|Thüringen|männlich|5930.0
2024|16|Thüringen|weiblich|5873.0
2024|01001|Flensburg, kreisfreie Stadt|Insgesamt|829.0
2024|01001|Flensburg, kreisfreie Stadt|männlich|424.0
2024|01001|Flensburg, kreisfreie Stadt|weiblich|405.0
2024|01002|Kiel, kreisfreie Stadt|Insgesamt|2080.0
2024|01002|Kiel, kreisfreie Stadt|männlich|1023.0
2024|01002|Kiel, kreisfreie Stadt|weiblich|1057.0
2024|01003|Lübeck, kreisfreie Stadt, Hansestadt|Insgesamt|1606.0
2024|01003|Lübeck, kreisfreie Stadt, Hansestadt|männlich|842.0
2024|01003|Lübeck, kreisfreie Stadt, Hansestadt|weiblich|764.0
2024|01004|Neumünster, kreisfreie Stadt|Insgesamt|642.0
2024|01004|Neumünster, kreisfreie Stadt|männlich|337.0
2024|01004|Neumünster, kreisfreie Stadt|weiblich|305.0
2024|01051|Dithmarschen, Kreis|Insgesamt|899.0
2024|01051|Dithmarschen, Kreis|männlich|443.0
2024|01051|Dithmarschen, Kreis|weiblich|456.0
2024|01053|Herzogtum Lauenburg, Kreis|Insgesamt|1603.0
2024|01053|Herzogtum Lauenburg, Kreis|männlich|818.0
2024|01053|Herzogtum Lauenburg, Kreis|weiblich|785.0
2024|01054|Nordfriesland, Kreis|Insgesamt|1188.0
2024|01054|Nordfriesland, Kreis|männlich|609.0
2024|01054|Nordfriesland, Kreis|weiblich|579.0
2024|01055|Ostholstein, Kreis|Insgesamt|1193.0
2024|01055|Ostholstein, Kreis|männlich|618.0
2024|01055|Ostholstein, Kreis|weiblich|575.0
2024|01056|Pinneberg, Kreis|Insgesamt|2552.0
2024|01056|Pinneberg, Kreis|männlich|1333.0
2024|01056|Pinneberg, Kreis|weiblich|1219.0
2024|01057|Plön, Kreis|Insgesamt|817.0
2024|01057|Plön, Kreis|männlich|417.0
2024|01057|Plön, Kreis|weiblich|400.0
2024|01058|Rendsburg-Eckernförde, Kreis|Insgesamt|1922.0
2024|01058|Rendsburg-Eckernförde, Kreis|männlich|999.0
2024|01058|Rendsburg-Eckernförde, Kreis|weiblich|923.0
2024|01059|Schleswig-Flensburg, Kreis|Insgesamt|1579.0
2024|01059|Schleswig-Flensburg, Kreis|männlich|787.0
2024|01059|Schleswig-Flensburg, Kreis|weiblich|792.0
2024|01060|Segeberg, Kreis|Insgesamt|2147.0
2024|01060|Segeberg, Kreis|männlich|1114.0
2024|01060|Segeberg, Kreis|weiblich|1033.0
2024|01061|Steinburg, Kreis|Insgesamt|956.0
2024|01061|Steinburg, Kreis|männlich|484.0
2024|01061|Steinburg, Kreis|weiblich|472.0
2024|01062|Stormarn, Kreis|Insgesamt|1747.0
2024|01062|Stormarn, Kreis|männlich|938.0
2024|01062|Stormarn, Kreis|weiblich|809.0
2024|02000|Hamburg, kreisfreie Stadt, Freie und Hansestadt|Insgesamt|17553.0
2024|02000|Hamburg, kreisfreie Stadt, Freie und Hansestadt|männlich|8980.0
2024|02000|Hamburg, kreisfreie Stadt, Freie und Hansestadt|weiblich|8573.0
2024|03101|Braunschweig, kreisfreie Stadt|Insgesamt|2041.0
2024|03101|Braunschweig, kreisfreie Stadt|männlich|1063.0
2024|03101|Braunschweig, kreisfreie Stadt|weiblich|978.0
2024|03102|Salzgitter, kreisfreie Stadt|Insgesamt|983.0
2024|03102|Salzgitter, kreisfreie Stadt|männlich|493.0
2024|03102|Salzgitter, kreisfreie Stadt|weiblich|490.0
2024|03103|Wolfsburg, kreisfreie Stadt|Insgesamt|1074.0
2024|03103|Wolfsburg, kreisfreie Stadt|männlich|554.0
2024|03103|Wolfsburg, kreisfreie Stadt|weiblich|520.0
2024|03151|Gifhorn, Landkreis|Insgesamt|1561.0
2024|03151|Gifhorn, Landkreis|männlich|808.0
2024|03151|Gifhorn, Landkreis|weiblich|753.0
2024|03153|Goslar, Landkreis|Insgesamt|818.0
2024|03153|Goslar, Landkreis|männlich|451.0
2024|03153|Goslar, Landkreis|weiblich|367.0
2024|03154|Helmstedt, Landkreis|Insgesamt|689.0
2024|03154|Helmstedt, Landkreis|männlich|336.0
2024|03154|Helmstedt, Landkreis|weiblich|353.0
2024|03155|Northeim, Landkreis|Insgesamt|913.0
2024|03155|Northeim, Landkreis|männlich|493.0
2024|03155|Northeim, Landkreis|weiblich|420.0
2024|03157|Peine, Landkreis|Insgesamt|1141.0
2024|03157|Peine, Landkreis|männlich|566.0
2024|03157|Peine, Landkreis|weiblich|575.0
2024|03158|Wolfenbüttel, Landkreis|Insgesamt|839.0
2024|03158|Wolfenbüttel, Landkreis|männlich|434.0
2024|03158|Wolfenbüttel, Landkreis|weiblich|405.0
2024|03159|Göttingen, Landkreis|Insgesamt|2517.0
2024|03159|Göttingen, Landkreis|männlich|1268.0
2024|03159|Göttingen, Landkreis|weiblich|1249.0
2024|03241|Region Hannover, Landkreis|Insgesamt|9662.0
2024|03241|Region Hannover, Landkreis|männlich|4917.0
2024|03241|Region Hannover, Landkreis|weiblich|4745.0
2024|03241001|Hannover, Landeshauptstadt|Insgesamt|4782.0
2024|03241001|Hannover, Landeshauptstadt|männlich|2451.0
2024|03241001|Hannover, Landeshauptstadt|weiblich|2331.0
2024|03251|Diepholz, Landkreis|Insgesamt|1805.0
2024|03251|Diepholz, Landkreis|männlich|907.0
2024|03251|Diepholz, Landkreis|weiblich|898.0
2024|03252|Hameln-Pyrmont, Landkreis|Insgesamt|1279.0
2024|03252|Hameln-Pyrmont, Landkreis|männlich|624.0
2024|03252|Hameln-Pyrmont, Landkreis|weiblich|655.0
2024|03254|Hildesheim, Landkreis|Insgesamt|2161.0
2024|03254|Hildesheim, Landkreis|männlich|1124.0
2024|03254|Hildesheim, Landkreis|weiblich|1037.0
2024|03255|Holzminden, Landkreis|Insgesamt|478.0
2024|03255|Holzminden, Landkreis|männlich|241.0
2024|03255|Holzminden, Landkreis|weiblich|237.0
2024|03256|Nienburg (Weser), Landkreis|Insgesamt|923.0
2024|03256|Nienburg (Weser), Landkreis|männlich|462.0
2024|03256|Nienburg (Weser), Landkreis|weiblich|461.0
2024|03257|Schaumburg, Landkreis|Insgesamt|1141.0
2024|03257|Schaumburg, Landkreis|männlich|596.0
2024|03257|Schaumburg, Landkreis|weiblich|545.0
2024|03351|Celle, Landkreis|Insgesamt|1364.0
2024|03351|Celle, Landkreis|männlich|724.0
2024|03351|Celle, Landkreis|weiblich|640.0
2024|03352|Cuxhaven, Landkreis|Insgesamt|1509.0
2024|03352|Cuxhaven, Landkreis|männlich|799.0
2024|03352|Cuxhaven, Landkreis|weiblich|710.0
2024|03353|Harburg, Landkreis|Insgesamt|2102.0
2024|03353|Harburg, Landkreis|männlich|1073.0
2024|03353|Harburg, Landkreis|weiblich|1029.0
2024|03354|Lüchow-Dannenberg, Landkreis|Insgesamt|287.0
2024|03354|Lüchow-Dannenberg, Landkreis|männlich|143.0
2024|03354|Lüchow-Dannenberg, Landkreis|weiblich|144.0
2024|03355|Lüneburg, Landkreis|Insgesamt|1436.0
2024|03355|Lüneburg, Landkreis|männlich|760.0
2024|03355|Lüneburg, Landkreis|weiblich|676.0
2024|03356|Osterholz, Landkreis|Insgesamt|794.0
2024|03356|Osterholz, Landkreis|männlich|401.0
2024|03356|Osterholz, Landkreis|weiblich|393.0
2024|03357|Rotenburg (Wümme), Landkreis|Insgesamt|1280.0
2024|03357|Rotenburg (Wümme), Landkreis|männlich|650.0
2024|03357|Rotenburg (Wümme), Landkreis|weiblich|630.0
2024|03358|Heidekreis|Insgesamt|1185.0
2024|03358|Heidekreis|männlich|624.0
2024|03358|Heidekreis|weiblich|561.0
2024|03359|Stade, Landkreis|Insgesamt|1779.0
2024|03359|Stade, Landkreis|männlich|898.0
2024|03359|Stade, Landkreis|weiblich|881.0
2024|03360|Uelzen, Landkreis|Insgesamt|665.0
2024|03360|Uelzen, Landkreis|männlich|338.0
2024|03360|Uelzen, Landkreis|weiblich|327.0
2024|03361|Verden, Landkreis|Insgesamt|1198.0
2024|03361|Verden, Landkreis|männlich|615.0
2024|03361|Verden, Landkreis|weiblich|583.0
2024|03401|Delmenhorst, kreisfreie Stadt|Insgesamt|689.0
2024|03401|Delmenhorst, kreisfreie Stadt|männlich|360.0
2024|03401|Delmenhorst, kreisfreie Stadt|weiblich|329.0
2024|03402|Emden, kreisfreie Stadt|Insgesamt|389.0
2024|03402|Emden, kreisfreie Stadt|männlich|197.0
2024|03402|Emden, kreisfreie Stadt|weiblich|192.0
2024|03403|Oldenburg (Oldenburg), kreisfreie Stadt|Insgesamt|1491.0
2024|03403|Oldenburg (Oldenburg), kreisfreie Stadt|männlich|739.0
2024|03403|Oldenburg (Oldenburg), kreisfreie Stadt|weiblich|752.0
2024|03404|Osnabrück, kreisfreie Stadt|Insgesamt|1412.0
2024|03404|Osnabrück, kreisfreie Stadt|männlich|704.0
2024|03404|Osnabrück, kreisfreie Stadt|weiblich|708.0
2024|03405|Wilhelmshaven, kreisfreie Stadt|Insgesamt|583.0
2024|03405|Wilhelmshaven, kreisfreie Stadt|männlich|298.0
2024|03405|Wilhelmshaven, kreisfreie Stadt|weiblich|285.0
2024|03451|Ammerland, Landkreis|Insgesamt|944.0
2024|03451|Ammerland, Landkreis|männlich|484.0
2024|03451|Ammerland, Landkreis|weiblich|460.0
2024|03452|Aurich, Landkreis|Insgesamt|1458.0
2024|03452|Aurich, Landkreis|männlich|762.0
2024|03452|Aurich, Landkreis|weiblich|696.0
2024|03453|Cloppenburg, Landkreis|Insgesamt|1853.0
2024|03453|Cloppenburg, Landkreis|männlich|971.0
2024|03453|Cloppenburg, Landkreis|weiblich|882.0
2024|03454|Emsland, Landkreis|Insgesamt|3048.0
2024|03454|Emsland, Landkreis|männlich|1613.0
2024|03454|Emsland, Landkreis|weiblich|1435.0
2024|03455|Friesland, Landkreis|Insgesamt|693.0
2024|03455|Friesland, Landkreis|männlich|384.0
2024|03455|Friesland, Landkreis|weiblich|309.0
2024|03456|Grafschaft Bentheim, Landkreis|Insgesamt|1267.0
2024|03456|Grafschaft Bentheim, Landkreis|männlich|652.0
2024|03456|Grafschaft Bentheim, Landkreis|weiblich|615.0
2024|03457|Leer, Landkreis|Insgesamt|1457.0
2024|03457|Leer, Landkreis|männlich|728.0
2024|03457|Leer, Landkreis|weiblich|729.0
2024|03458|Oldenburg, Landkreis|Insgesamt|1053.0
2024|03458|Oldenburg, Landkreis|männlich|551.0
2024|03458|Oldenburg, Landkreis|weiblich|502.0
2024|03459|Osnabrück, Landkreis|Insgesamt|3161.0
2024|03459|Osnabrück, Landkreis|männlich|1579.0
2024|03459|Osnabrück, Landkreis|weiblich|1582.0
2024|03460|Vechta, Landkreis|Insgesamt|1457.0
2024|03460|Vechta, Landkreis|männlich|730.0
2024|03460|Vechta, Landkreis|weiblich|727.0
2024|03461|Wesermarsch, Landkreis|Insgesamt|677.0
2024|03461|Wesermarsch, Landkreis|männlich|336.0
2024|03461|Wesermarsch, Landkreis|weiblich|341.0
2024|03462|Wittmund, Landkreis|Insgesamt|390.0
2024|03462|Wittmund, Landkreis|männlich|208.0
2024|03462|Wittmund, Landkreis|weiblich|182.0
2024|04011|Bremen, kreisfreie Stadt|Insgesamt|5185.0
2024|04011|Bremen, kreisfreie Stadt|männlich|2663.0
2024|04011|Bremen, kreisfreie Stadt|weiblich|2522.0
2024|04012|Bremerhaven, kreisfreie Stadt|Insgesamt|1066.0
2024|04012|Bremerhaven, kreisfreie Stadt|männlich|547.0
2024|04012|Bremerhaven, kreisfreie Stadt|weiblich|519.0
2024|05111|Düsseldorf, kreisfreie Stadt|Insgesamt|5581.0
2024|05111|Düsseldorf, kreisfreie Stadt|männlich|2841.0
2024|05111|Düsseldorf, kreisfreie Stadt|weiblich|2740.0
2024|05112|Duisburg, kreisfreie Stadt|Insgesamt|4611.0
2024|05112|Duisburg, kreisfreie Stadt|männlich|2392.0
2024|05112|Duisburg, kreisfreie Stadt|weiblich|2219.0
2024|05113|Essen, kreisfreie Stadt|Insgesamt|5289.0
2024|05113|Essen, kreisfreie Stadt|männlich|2688.0
2024|05113|Essen, kreisfreie Stadt|weiblich|2601.0
2024|05114|Krefeld, kreisfreie Stadt|Insgesamt|1981.0
2024|05114|Krefeld, kreisfreie Stadt|männlich|1028.0
2024|05114|Krefeld, kreisfreie Stadt|weiblich|953.0
2024|05116|Mönchengladbach, kreisfreie Stadt|Insgesamt|2445.0
2024|05116|Mönchengladbach, kreisfreie Stadt|männlich|1271.0
2024|05116|Mönchengladbach, kreisfreie Stadt|weiblich|1174.0
2024|05117|Mülheim an der Ruhr, kreisfreie Stadt|Insgesamt|1365.0
2024|05117|Mülheim an der Ruhr, kreisfreie Stadt|männlich|676.0
2024|05117|Mülheim an der Ruhr, kreisfreie Stadt|weiblich|689.0
2024|05119|Oberhausen, kreisfreie Stadt|Insgesamt|1745.0
2024|05119|Oberhausen, kreisfreie Stadt|männlich|878.0
2024|05119|Oberhausen, kreisfreie Stadt|weiblich|867.0
2024|05120|Remscheid, kreisfreie Stadt|Insgesamt|943.0
2024|05120|Remscheid, kreisfreie Stadt|männlich|476.0
2024|05120|Remscheid, kreisfreie Stadt|weiblich|467.0
2024|05122|Solingen, kreisfreie Stadt|Insgesamt|1298.0
2024|05122|Solingen, kreisfreie Stadt|männlich|660.0
2024|05122|Solingen, kreisfreie Stadt|weiblich|638.0
2024|05124|Wuppertal, kreisfreie Stadt|Insgesamt|3163.0
2024|05124|Wuppertal, kreisfreie Stadt|männlich|1654.0
2024|05124|Wuppertal, kreisfreie Stadt|weiblich|1509.0
2024|05154|Kleve, Kreis|Insgesamt|2573.0
2024|05154|Kleve, Kreis|männlich|1294.0
2024|05154|Kleve, Kreis|weiblich|1279.0
2024|05158|Mettmann, Kreis|Insgesamt|3754.0
2024|05158|Mettmann, Kreis|männlich|1930.0
2024|05158|Mettmann, Kreis|weiblich|1824.0
2024|05162|Rhein-Kreis Neuss|Insgesamt|3584.0
2024|05162|Rhein-Kreis Neuss|männlich|1810.0
2024|05162|Rhein-Kreis Neuss|weiblich|1774.0
2024|05166|Viersen, Kreis|Insgesamt|2181.0
2024|05166|Viersen, Kreis|männlich|1071.0
2024|05166|Viersen, Kreis|weiblich|1110.0
2024|05170|Wesel, Kreis|Insgesamt|3537.0
2024|05170|Wesel, Kreis|männlich|1820.0
2024|05170|Wesel, Kreis|weiblich|1717.0
2024|05314|Bonn, kreisfreie Stadt|Insgesamt|2747.0
2024|05314|Bonn, kreisfreie Stadt|männlich|1401.0
2024|05314|Bonn, kreisfreie Stadt|weiblich|1346.0
2024|05315|Köln, kreisfreie Stadt|Insgesamt|9418.0
2024|05315|Köln, kreisfreie Stadt|männlich|4837.0
2024|05315|Köln, kreisfreie Stadt|weiblich|4581.0
2024|05316|Leverkusen, kreisfreie Stadt|Insgesamt|1443.0
2024|05316|Leverkusen, kreisfreie Stadt|männlich|759.0
2024|05316|Leverkusen, kreisfreie Stadt|weiblich|684.0
2024|05334|Städteregion Aachen, Kreis|Insgesamt|4537.0
2024|05334|Städteregion Aachen, Kreis|männlich|2299.0
2024|05334|Städteregion Aachen, Kreis|weiblich|2238.0
2024|05334002|Aachen, kreisfreie Stadt|Insgesamt|1925.0
2024|05334002|Aachen, kreisfreie Stadt|männlich|971.0
2024|05334002|Aachen, kreisfreie Stadt|weiblich|954.0
2024|05358|Düren, Kreis|Insgesamt|2377.0
2024|05358|Düren, Kreis|männlich|1225.0
2024|05358|Düren, Kreis|weiblich|1152.0
2024|05362|Rhein-Erft-Kreis|Insgesamt|3965.0
2024|05362|Rhein-Erft-Kreis|männlich|2029.0
2024|05362|Rhein-Erft-Kreis|weiblich|1936.0
2024|05366|Euskirchen, Kreis|Insgesamt|1642.0
2024|05366|Euskirchen, Kreis|männlich|873.0
2024|05366|Euskirchen, Kreis|weiblich|769.0
2024|05370|Heinsberg, Kreis|Insgesamt|2117.0
2024|05370|Heinsberg, Kreis|männlich|1098.0
2024|05370|Heinsberg, Kreis|weiblich|1019.0
2024|05374|Oberbergischer Kreis|Insgesamt|2330.0
2024|05374|Oberbergischer Kreis|männlich|1219.0
2024|05374|Oberbergischer Kreis|weiblich|1111.0
2024|05378|Rheinisch-Bergischer Kreis|Insgesamt|2256.0
2024|05378|Rheinisch-Bergischer Kreis|männlich|1182.0
2024|05378|Rheinisch-Bergischer Kreis|weiblich|1074.0
2024|05382|Rhein-Sieg-Kreis|Insgesamt|4826.0
2024|05382|Rhein-Sieg-Kreis|männlich|2446.0
2024|05382|Rhein-Sieg-Kreis|weiblich|2380.0
2024|05512|Bottrop, kreisfreie Stadt|Insgesamt|983.0
2024|05512|Bottrop, kreisfreie Stadt|männlich|518.0
2024|05512|Bottrop, kreisfreie Stadt|weiblich|465.0
2024|05513|Gelsenkirchen, kreisfreie Stadt|Insgesamt|2669.0
2024|05513|Gelsenkirchen, kreisfreie Stadt|männlich|1386.0
2024|05513|Gelsenkirchen, kreisfreie Stadt|weiblich|1283.0
2024|05515|Münster, kreisfreie Stadt|Insgesamt|2580.0
2024|05515|Münster, kreisfreie Stadt|männlich|1317.0
2024|05515|Münster, kreisfreie Stadt|weiblich|1263.0
2024|05554|Borken, Kreis|Insgesamt|3454.0
2024|05554|Borken, Kreis|männlich|1780.0
2024|05554|Borken, Kreis|weiblich|1674.0
2024|05558|Coesfeld, Kreis|Insgesamt|1890.0
2024|05558|Coesfeld, Kreis|männlich|984.0
2024|05558|Coesfeld, Kreis|weiblich|906.0
2024|05562|Recklinghausen, Kreis|Insgesamt|5206.0
2024|05562|Recklinghausen, Kreis|männlich|2669.0
2024|05562|Recklinghausen, Kreis|weiblich|2537.0
2024|05566|Steinfurt, Kreis|Insgesamt|4063.0
2024|05566|Steinfurt, Kreis|männlich|2027.0
2024|05566|Steinfurt, Kreis|weiblich|2036.0
2024|05570|Warendorf, Kreis|Insgesamt|2395.0
2024|05570|Warendorf, Kreis|männlich|1244.0
2024|05570|Warendorf, Kreis|weiblich|1151.0
2024|05711|Bielefeld, kreisfreie Stadt|Insgesamt|3108.0
2024|05711|Bielefeld, kreisfreie Stadt|männlich|1615.0
2024|05711|Bielefeld, kreisfreie Stadt|weiblich|1493.0
2024|05754|Gütersloh, Kreis|Insgesamt|3206.0
2024|05754|Gütersloh, Kreis|männlich|1673.0
2024|05754|Gütersloh, Kreis|weiblich|1533.0
2024|05758|Herford, Kreis|Insgesamt|2025.0
2024|05758|Herford, Kreis|männlich|1022.0
2024|05758|Herford, Kreis|weiblich|1003.0
2024|05762|Höxter, Kreis|Insgesamt|1155.0
2024|05762|Höxter, Kreis|männlich|566.0
2024|05762|Höxter, Kreis|weiblich|589.0
2024|05766|Lippe, Kreis|Insgesamt|2996.0
2024|05766|Lippe, Kreis|männlich|1596.0
2024|05766|Lippe, Kreis|weiblich|1400.0
2024|05770|Minden-Lübbecke, Kreis|Insgesamt|2718.0
2024|05770|Minden-Lübbecke, Kreis|männlich|1436.0
2024|05770|Minden-Lübbecke, Kreis|weiblich|1282.0
2024|05774|Paderborn, Kreis|Insgesamt|2852.0
2024|05774|Paderborn, Kreis|männlich|1494.0
2024|05774|Paderborn, Kreis|weiblich|1358.0
2024|05911|Bochum, kreisfreie Stadt|Insgesamt|2923.0
2024|05911|Bochum, kreisfreie Stadt|männlich|1444.0
2024|05911|Bochum, kreisfreie Stadt|weiblich|1479.0
2024|05913|Dortmund, kreisfreie Stadt|Insgesamt|5440.0
2024|05913|Dortmund, kreisfreie Stadt|männlich|2806.0
2024|05913|Dortmund, kreisfreie Stadt|weiblich|2634.0
2024|05914|Hagen, kreisfreie Stadt|Insgesamt|1767.0
2024|05914|Hagen, kreisfreie Stadt|männlich|903.0
2024|05914|Hagen, kreisfreie Stadt|weiblich|864.0
2024|05915|Hamm, kreisfreie Stadt|Insgesamt|1546.0
2024|05915|Hamm, kreisfreie Stadt|männlich|779.0
2024|05915|Hamm, kreisfreie Stadt|weiblich|767.0
2024|05916|Herne, kreisfreie Stadt|Insgesamt|1392.0
2024|05916|Herne, kreisfreie Stadt|männlich|712.0
2024|05916|Herne, kreisfreie Stadt|weiblich|680.0
2024|05954|Ennepe-Ruhr-Kreis|Insgesamt|2458.0
2024|05954|Ennepe-Ruhr-Kreis|männlich|1216.0
2024|05954|Ennepe-Ruhr-Kreis|weiblich|1242.0
2024|05958|Hochsauerlandkreis|Insgesamt|2097.0
2024|05958|Hochsauerlandkreis|männlich|1101.0
2024|05958|Hochsauerlandkreis|weiblich|996.0
2024|05962|Märkischer Kreis|Insgesamt|3106.0
2024|05962|Märkischer Kreis|männlich|1630.0
2024|05962|Märkischer Kreis|weiblich|1476.0
2024|05966|Olpe, Kreis|Insgesamt|1045.0
2024|05966|Olpe, Kreis|männlich|540.0
2024|05966|Olpe, Kreis|weiblich|505.0
2024|05970|Siegen-Wittgenstein, Kreis|Insgesamt|2335.0
2024|05970|Siegen-Wittgenstein, Kreis|männlich|1255.0
2024|05970|Siegen-Wittgenstein, Kreis|weiblich|1080.0
2024|05974|Soest, Kreis|Insgesamt|2387.0
2024|05974|Soest, Kreis|männlich|1229.0
2024|05974|Soest, Kreis|weiblich|1158.0
2024|05978|Unna, Kreis|Insgesamt|3184.0
2024|05978|Unna, Kreis|männlich|1635.0
2024|05978|Unna, Kreis|weiblich|1549.0
2024|06411|Darmstadt, kreisfreie Stadt, Wissenschaftsstadt|Insgesamt|1421.0
2024|06411|Darmstadt, kreisfreie Stadt, Wissenschaftsstadt|männlich|698.0
2024|06411|Darmstadt, kreisfreie Stadt, Wissenschaftsstadt|weiblich|723.0
2024|06412|Frankfurt am Main, kreisfreie Stadt|Insgesamt|7434.0
2024|06412|Frankfurt am Main, kreisfreie Stadt|männlich|3842.0
2024|06412|Frankfurt am Main, kreisfreie Stadt|weiblich|3592.0
2024|06413|Offenbach am Main, kreisfreie Stadt|Insgesamt|1453.0
2024|06413|Offenbach am Main, kreisfreie Stadt|männlich|744.0
2024|06413|Offenbach am Main, kreisfreie Stadt|weiblich|709.0
2024|06414|Wiesbaden, kreisfreie Stadt, Landeshauptstadt|Insgesamt|2705.0
2024|06414|Wiesbaden, kreisfreie Stadt, Landeshauptstadt|männlich|1421.0
2024|06414|Wiesbaden, kreisfreie Stadt, Landeshauptstadt|weiblich|1284.0
2024|06431|Bergstraße, Landkreis|Insgesamt|2169.0
2024|06431|Bergstraße, Landkreis|männlich|1117.0
2024|06431|Bergstraße, Landkreis|weiblich|1052.0
2024|06432|Darmstadt-Dieburg, Landkreis|Insgesamt|2357.0
2024|06432|Darmstadt-Dieburg, Landkreis|männlich|1242.0
2024|06432|Darmstadt-Dieburg, Landkreis|weiblich|1115.0
2024|06433|Groß-Gerau, Landkreis|Insgesamt|2471.0
2024|06433|Groß-Gerau, Landkreis|männlich|1301.0
2024|06433|Groß-Gerau, Landkreis|weiblich|1170.0
2024|06434|Hochtaunuskreis|Insgesamt|1674.0
2024|06434|Hochtaunuskreis|männlich|846.0
2024|06434|Hochtaunuskreis|weiblich|828.0
2024|06435|Main-Kinzig-Kreis|Insgesamt|3634.0
2024|06435|Main-Kinzig-Kreis|männlich|1802.0
2024|06435|Main-Kinzig-Kreis|weiblich|1832.0
2024|06436|Main-Taunus-Kreis|Insgesamt|1983.0
2024|06436|Main-Taunus-Kreis|männlich|1014.0
2024|06436|Main-Taunus-Kreis|weiblich|969.0
2024|06437|Odenwaldkreis|Insgesamt|728.0
2024|06437|Odenwaldkreis|männlich|388.0
2024|06437|Odenwaldkreis|weiblich|340.0
2024|06438|Offenbach, Landkreis|Insgesamt|3242.0
2024|06438|Offenbach, Landkreis|männlich|1678.0
2024|06438|Offenbach, Landkreis|weiblich|1564.0
2024|06439|Rheingau-Taunus-Kreis|Insgesamt|1331.0
2024|06439|Rheingau-Taunus-Kreis|männlich|705.0
2024|06439|Rheingau-Taunus-Kreis|weiblich|626.0
2024|06440|Wetteraukreis|Insgesamt|2435.0
2024|06440|Wetteraukreis|männlich|1267.0
2024|06440|Wetteraukreis|weiblich|1168.0
2024|06531|Gießen, Landkreis|Insgesamt|2332.0
2024|06531|Gießen, Landkreis|männlich|1189.0
2024|06531|Gießen, Landkreis|weiblich|1143.0
2024|06532|Lahn-Dill-Kreis|Insgesamt|2061.0
2024|06532|Lahn-Dill-Kreis|männlich|1058.0
2024|06532|Lahn-Dill-Kreis|weiblich|1003.0
2024|06533|Limburg-Weilburg, Landkreis|Insgesamt|1448.0
2024|06533|Limburg-Weilburg, Landkreis|männlich|748.0
2024|06533|Limburg-Weilburg, Landkreis|weiblich|700.0
2024|06534|Marburg-Biedenkopf, Landkreis|Insgesamt|1916.0
2024|06534|Marburg-Biedenkopf, Landkreis|männlich|1004.0
2024|06534|Marburg-Biedenkopf, Landkreis|weiblich|912.0
2024|06535|Vogelsbergkreis|Insgesamt|773.0
2024|06535|Vogelsbergkreis|männlich|401.0
2024|06535|Vogelsbergkreis|weiblich|372.0
2024|06611|Kassel, kreisfreie Stadt, documenta-Stadt|Insgesamt|1816.0
2024|06611|Kassel, kreisfreie Stadt, documenta-Stadt|männlich|962.0
2024|06611|Kassel, kreisfreie Stadt, documenta-Stadt|weiblich|854.0
2024|06631|Fulda, Landkreis|Insgesamt|1855.0
2024|06631|Fulda, Landkreis|männlich|974.0
2024|06631|Fulda, Landkreis|weiblich|881.0
2024|06632|Hersfeld-Rotenburg, Landkreis|Insgesamt|953.0
2024|06632|Hersfeld-Rotenburg, Landkreis|männlich|495.0
2024|06632|Hersfeld-Rotenburg, Landkreis|weiblich|458.0
2024|06633|Kassel, Landkreis|Insgesamt|1713.0
2024|06633|Kassel, Landkreis|männlich|892.0
2024|06633|Kassel, Landkreis|weiblich|821.0
2024|06634|Schwalm-Eder-Kreis|Insgesamt|1265.0
2024|06634|Schwalm-Eder-Kreis|männlich|605.0
2024|06634|Schwalm-Eder-Kreis|weiblich|660.0
2024|06635|Waldeck-Frankenberg, Landkreis|Insgesamt|1226.0
2024|06635|Waldeck-Frankenberg, Landkreis|männlich|646.0
2024|06635|Waldeck-Frankenberg, Landkreis|weiblich|580.0
2024|06636|Werra-Meißner-Kreis|Insgesamt|694.0
2024|06636|Werra-Meißner-Kreis|männlich|367.0
2024|06636|Werra-Meißner-Kreis|weiblich|327.0
2024|07111|Koblenz, kreisfreie Stadt|Insgesamt|933.0
2024|07111|Koblenz, kreisfreie Stadt|männlich|451.0
2024|07111|Koblenz, kreisfreie Stadt|weiblich|482.0
2024|07131|Ahrweiler, Landkreis|Insgesamt|992.0
2024|07131|Ahrweiler, Landkreis|männlich|503.0
2024|07131|Ahrweiler, Landkreis|weiblich|489.0
2024|07132|Altenkirchen (Westerwald), Landkreis|Insgesamt|1037.0
2024|07132|Altenkirchen (Westerwald), Landkreis|männlich|537.0
2024|07132|Altenkirchen (Westerwald), Landkreis|weiblich|500.0
2024|07133|Bad Kreuznach, Landkreis|Insgesamt|1222.0
2024|07133|Bad Kreuznach, Landkreis|männlich|616.0
2024|07133|Bad Kreuznach, Landkreis|weiblich|606.0
2024|07134|Birkenfeld, Landkreis|Insgesamt|681.0
2024|07134|Birkenfeld, Landkreis|männlich|332.0
2024|07134|Birkenfeld, Landkreis|weiblich|349.0
2024|07135|Cochem-Zell, Landkreis|Insgesamt|462.0
2024|07135|Cochem-Zell, Landkreis|männlich|233.0
2024|07135|Cochem-Zell, Landkreis|weiblich|229.0
2024|07137|Mayen-Koblenz, Landkreis|Insgesamt|1745.0
2024|07137|Mayen-Koblenz, Landkreis|männlich|921.0
2024|07137|Mayen-Koblenz, Landkreis|weiblich|824.0
2024|07138|Neuwied, Landkreis|Insgesamt|1567.0
2024|07138|Neuwied, Landkreis|männlich|801.0
2024|07138|Neuwied, Landkreis|weiblich|766.0
2024|07140|Rhein-Hunsrück-Kreis|Insgesamt|793.0
2024|07140|Rhein-Hunsrück-Kreis|männlich|399.0
2024|07140|Rhein-Hunsrück-Kreis|weiblich|394.0
2024|07141|Rhein-Lahn-Kreis|Insgesamt|922.0
2024|07141|Rhein-Lahn-Kreis|männlich|471.0
2024|07141|Rhein-Lahn-Kreis|weiblich|451.0
2024|07143|Westerwaldkreis|Insgesamt|1604.0
2024|07143|Westerwaldkreis|männlich|791.0
2024|07143|Westerwaldkreis|weiblich|813.0
2024|07211|Trier, kreisfreie Stadt|Insgesamt|869.0
2024|07211|Trier, kreisfreie Stadt|männlich|443.0
2024|07211|Trier, kreisfreie Stadt|weiblich|426.0
2024|07231|Bernkastel-Wittlich, Landkreis|Insgesamt|893.0
2024|07231|Bernkastel-Wittlich, Landkreis|männlich|441.0
2024|07231|Bernkastel-Wittlich, Landkreis|weiblich|452.0
2024|07232|Eifelkreis Bitburg-Prüm|Insgesamt|844.0
2024|07232|Eifelkreis Bitburg-Prüm|männlich|434.0
2024|07232|Eifelkreis Bitburg-Prüm|weiblich|410.0
2024|07233|Vulkaneifel, Landkreis|Insgesamt|412.0
2024|07233|Vulkaneifel, Landkreis|männlich|209.0
2024|07233|Vulkaneifel, Landkreis|weiblich|203.0
2024|07235|Trier-Saarburg, Landkreis|Insgesamt|1056.0
2024|07235|Trier-Saarburg, Landkreis|männlich|535.0
2024|07235|Trier-Saarburg, Landkreis|weiblich|521.0
2024|07311|Frankenthal (Pfalz), kreisfreie Stadt|Insgesamt|421.0
2024|07311|Frankenthal (Pfalz), kreisfreie Stadt|männlich|217.0
2024|07311|Frankenthal (Pfalz), kreisfreie Stadt|weiblich|204.0
2024|07312|Kaiserslautern, kreisfreie Stadt|Insgesamt|963.0
2024|07312|Kaiserslautern, kreisfreie Stadt|männlich|471.0
2024|07312|Kaiserslautern, kreisfreie Stadt|weiblich|492.0
2024|07313|Landau in der Pfalz, kreisfreie Stadt|Insgesamt|411.0
2024|07313|Landau in der Pfalz, kreisfreie Stadt|männlich|227.0
2024|07313|Landau in der Pfalz, kreisfreie Stadt|weiblich|184.0
2024|07314|Ludwigshafen am Rhein, kreisfreie Stadt|Insgesamt|1789.0
2024|07314|Ludwigshafen am Rhein, kreisfreie Stadt|männlich|918.0
2024|07314|Ludwigshafen am Rhein, kreisfreie Stadt|weiblich|871.0
2024|07315|Mainz, kreisfreie Stadt|Insgesamt|2005.0
2024|07315|Mainz, kreisfreie Stadt|männlich|1035.0
2024|07315|Mainz, kreisfreie Stadt|weiblich|970.0
2024|07316|Neustadt an der Weinstraße, kreisfreie Stadt|Insgesamt|418.0
2024|07316|Neustadt an der Weinstraße, kreisfreie Stadt|männlich|226.0
2024|07316|Neustadt an der Weinstraße, kreisfreie Stadt|weiblich|192.0
2024|07317|Pirmasens, kreisfreie Stadt|Insgesamt|333.0
2024|07317|Pirmasens, kreisfreie Stadt|männlich|173.0
2024|07317|Pirmasens, kreisfreie Stadt|weiblich|160.0
2024|07318|Speyer, kreisfreie Stadt|Insgesamt|427.0
2024|07318|Speyer, kreisfreie Stadt|männlich|217.0
2024|07318|Speyer, kreisfreie Stadt|weiblich|210.0
2024|07319|Worms, kreisfreie Stadt|Insgesamt|746.0
2024|07319|Worms, kreisfreie Stadt|männlich|386.0
2024|07319|Worms, kreisfreie Stadt|weiblich|360.0
2024|07320|Zweibrücken, kreisfreie Stadt|Insgesamt|259.0
2024|07320|Zweibrücken, kreisfreie Stadt|männlich|131.0
2024|07320|Zweibrücken, kreisfreie Stadt|weiblich|128.0
2024|07331|Alzey-Worms, Landkreis|Insgesamt|1067.0
2024|07331|Alzey-Worms, Landkreis|männlich|556.0
2024|07331|Alzey-Worms, Landkreis|weiblich|511.0
2024|07332|Bad Dürkheim, Landkreis|Insgesamt|966.0
2024|07332|Bad Dürkheim, Landkreis|männlich|494.0
2024|07332|Bad Dürkheim, Landkreis|weiblich|472.0
2024|07333|Donnersbergkreis|Insgesamt|549.0
2024|07333|Donnersbergkreis|männlich|272.0
2024|07333|Donnersbergkreis|weiblich|277.0
2024|07334|Germersheim, Landkreis|Insgesamt|1081.0
2024|07334|Germersheim, Landkreis|männlich|553.0
2024|07334|Germersheim, Landkreis|weiblich|528.0
2024|07335|Kaiserslautern, Landkreis|Insgesamt|1171.0
2024|07335|Kaiserslautern, Landkreis|männlich|585.0
2024|07335|Kaiserslautern, Landkreis|weiblich|586.0
2024|07336|Kusel, Landkreis|Insgesamt|586.0
2024|07336|Kusel, Landkreis|männlich|303.0
2024|07336|Kusel, Landkreis|weiblich|283.0
2024|07337|Südliche Weinstraße, Landkreis|Insgesamt|800.0
2024|07337|Südliche Weinstraße, Landkreis|männlich|417.0
2024|07337|Südliche Weinstraße, Landkreis|weiblich|383.0
2024|07338|Rhein-Pfalz-Kreis|Insgesamt|1264.0
2024|07338|Rhein-Pfalz-Kreis|männlich|654.0
2024|07338|Rhein-Pfalz-Kreis|weiblich|610.0
2024|07339|Mainz-Bingen, Landkreis|Insgesamt|1630.0
2024|07339|Mainz-Bingen, Landkreis|männlich|847.0
2024|07339|Mainz-Bingen, Landkreis|weiblich|783.0
2024|07340|Südwestpfalz, Landkreis|Insgesamt|688.0
2024|07340|Südwestpfalz, Landkreis|männlich|349.0
2024|07340|Südwestpfalz, Landkreis|weiblich|339.0
2024|08111|Stuttgart, Stadtkreis|Insgesamt|5381.0
2024|08111|Stuttgart, Stadtkreis|männlich|2753.0
2024|08111|Stuttgart, Stadtkreis|weiblich|2628.0
2024|08115|Böblingen, Landkreis|Insgesamt|3769.0
2024|08115|Böblingen, Landkreis|männlich|1883.0
2024|08115|Böblingen, Landkreis|weiblich|1886.0
2024|08116|Esslingen, Landkreis|Insgesamt|4927.0
2024|08116|Esslingen, Landkreis|männlich|2587.0
2024|08116|Esslingen, Landkreis|weiblich|2340.0
2024|08117|Göppingen, Landkreis|Insgesamt|2231.0
2024|08117|Göppingen, Landkreis|männlich|1150.0
2024|08117|Göppingen, Landkreis|weiblich|1081.0
2024|08118|Ludwigsburg, Landkreis|Insgesamt|4962.0
2024|08118|Ludwigsburg, Landkreis|männlich|2570.0
2024|08118|Ludwigsburg, Landkreis|weiblich|2392.0
2024|08119|Rems-Murr-Kreis, Landkreis|Insgesamt|3857.0
2024|08119|Rems-Murr-Kreis, Landkreis|männlich|2000.0
2024|08119|Rems-Murr-Kreis, Landkreis|weiblich|1857.0
2024|08121|Heilbronn, Stadtkreis|Insgesamt|1258.0
2024|08121|Heilbronn, Stadtkreis|männlich|641.0
2024|08121|Heilbronn, Stadtkreis|weiblich|617.0
2024|08125|Heilbronn, Landkreis|Insgesamt|3110.0
2024|08125|Heilbronn, Landkreis|männlich|1562.0
2024|08125|Heilbronn, Landkreis|weiblich|1548.0
2024|08126|Hohenlohekreis, Landkreis|Insgesamt|1034.0
2024|08126|Hohenlohekreis, Landkreis|männlich|521.0
2024|08126|Hohenlohekreis, Landkreis|weiblich|513.0
2024|08127|Schwäbisch Hall, Landkreis|Insgesamt|1778.0
2024|08127|Schwäbisch Hall, Landkreis|männlich|913.0
2024|08127|Schwäbisch Hall, Landkreis|weiblich|865.0
2024|08128|Main-Tauber-Kreis, Landkreis|Insgesamt|1089.0
2024|08128|Main-Tauber-Kreis, Landkreis|männlich|570.0
2024|08128|Main-Tauber-Kreis, Landkreis|weiblich|519.0
2024|08135|Heidenheim, Landkreis|Insgesamt|1097.0
2024|08135|Heidenheim, Landkreis|männlich|524.0
2024|08135|Heidenheim, Landkreis|weiblich|573.0
2024|08136|Ostalbkreis, Landkreis|Insgesamt|2723.0
2024|08136|Ostalbkreis, Landkreis|männlich|1386.0
2024|08136|Ostalbkreis, Landkreis|weiblich|1337.0
2024|08211|Baden-Baden, Stadtkreis|Insgesamt|400.0
2024|08211|Baden-Baden, Stadtkreis|männlich|230.0
2024|08211|Baden-Baden, Stadtkreis|weiblich|170.0
2024|08212|Karlsruhe, Stadtkreis|Insgesamt|2358.0
2024|08212|Karlsruhe, Stadtkreis|männlich|1201.0
2024|08212|Karlsruhe, Stadtkreis|weiblich|1157.0
2024|08215|Karlsruhe, Landkreis|Insgesamt|3841.0
2024|08215|Karlsruhe, Landkreis|männlich|2023.0
2024|08215|Karlsruhe, Landkreis|weiblich|1818.0
2024|08216|Rastatt, Landkreis|Insgesamt|1889.0
2024|08216|Rastatt, Landkreis|männlich|958.0
2024|08216|Rastatt, Landkreis|weiblich|931.0
2024|08221|Heidelberg, Stadtkreis|Insgesamt|1249.0
2024|08221|Heidelberg, Stadtkreis|männlich|650.0
2024|08221|Heidelberg, Stadtkreis|weiblich|599.0
2024|08222|Mannheim, Stadtkreis|Insgesamt|2768.0
2024|08222|Mannheim, Stadtkreis|männlich|1440.0
2024|08222|Mannheim, Stadtkreis|weiblich|1328.0
2024|08225|Neckar-Odenwald-Kreis, Landkreis|Insgesamt|1124.0
2024|08225|Neckar-Odenwald-Kreis, Landkreis|männlich|540.0
2024|08225|Neckar-Odenwald-Kreis, Landkreis|weiblich|584.0
2024|08226|Rhein-Neckar-Kreis, Landkreis|Insgesamt|4477.0
2024|08226|Rhein-Neckar-Kreis, Landkreis|männlich|2277.0
2024|08226|Rhein-Neckar-Kreis, Landkreis|weiblich|2200.0
2024|08231|Pforzheim, Stadtkreis|Insgesamt|1268.0
2024|08231|Pforzheim, Stadtkreis|männlich|643.0
2024|08231|Pforzheim, Stadtkreis|weiblich|625.0
2024|08235|Calw, Landkreis|Insgesamt|1499.0
2024|08235|Calw, Landkreis|männlich|788.0
2024|08235|Calw, Landkreis|weiblich|711.0
2024|08236|Enzkreis, Landkreis|Insgesamt|1746.0
2024|08236|Enzkreis, Landkreis|männlich|913.0
2024|08236|Enzkreis, Landkreis|weiblich|833.0
2024|08237|Freudenstadt, Landkreis|Insgesamt|1032.0
2024|08237|Freudenstadt, Landkreis|männlich|525.0
2024|08237|Freudenstadt, Landkreis|weiblich|507.0
2024|08311|Freiburg im Breisgau, Stadtkreis|Insgesamt|2155.0
2024|08311|Freiburg im Breisgau, Stadtkreis|männlich|1111.0
2024|08311|Freiburg im Breisgau, Stadtkreis|weiblich|1044.0
2024|08315|Breisgau-Hochschwarzwald, Landkreis|Insgesamt|2347.0
2024|08315|Breisgau-Hochschwarzwald, Landkreis|männlich|1210.0
2024|08315|Breisgau-Hochschwarzwald, Landkreis|weiblich|1137.0
2024|08316|Emmendingen, Landkreis|Insgesamt|1473.0
2024|08316|Emmendingen, Landkreis|männlich|792.0
2024|08316|Emmendingen, Landkreis|weiblich|681.0
2024|08317|Ortenaukreis, Landkreis|Insgesamt|3882.0
2024|08317|Ortenaukreis, Landkreis|männlich|2017.0
2024|08317|Ortenaukreis, Landkreis|weiblich|1865.0
2024|08325|Rottweil, Landkreis|Insgesamt|1291.0
2024|08325|Rottweil, Landkreis|männlich|650.0
2024|08325|Rottweil, Landkreis|weiblich|641.0
2024|08326|Schwarzwald-Baar-Kreis, Landkreis|Insgesamt|1955.0
2024|08326|Schwarzwald-Baar-Kreis, Landkreis|männlich|1005.0
2024|08326|Schwarzwald-Baar-Kreis, Landkreis|weiblich|950.0
2024|08327|Tuttlingen, Landkreis|Insgesamt|1480.0
2024|08327|Tuttlingen, Landkreis|männlich|776.0
2024|08327|Tuttlingen, Landkreis|weiblich|704.0
2024|08335|Konstanz, Landkreis|Insgesamt|2333.0
2024|08335|Konstanz, Landkreis|männlich|1168.0
2024|08335|Konstanz, Landkreis|weiblich|1165.0
2024|08336|Lörrach, Landkreis|Insgesamt|1780.0
2024|08336|Lörrach, Landkreis|männlich|935.0
2024|08336|Lörrach, Landkreis|weiblich|845.0
2024|08337|Waldshut, Landkreis|Insgesamt|1187.0
2024|08337|Waldshut, Landkreis|männlich|604.0
2024|08337|Waldshut, Landkreis|weiblich|583.0
2024|08415|Reutlingen, Landkreis|Insgesamt|2558.0
2024|08415|Reutlingen, Landkreis|männlich|1322.0
2024|08415|Reutlingen, Landkreis|weiblich|1236.0
2024|08416|Tübingen, Landkreis|Insgesamt|2046.0
2024|08416|Tübingen, Landkreis|männlich|1065.0
2024|08416|Tübingen, Landkreis|weiblich|981.0
2024|08417|Zollernalbkreis, Landkreis|Insgesamt|1598.0
2024|08417|Zollernalbkreis, Landkreis|männlich|817.0
2024|08417|Zollernalbkreis, Landkreis|weiblich|781.0
2024|08421|Ulm, Stadtkreis|Insgesamt|1171.0
2024|08421|Ulm, Stadtkreis|männlich|598.0
2024|08421|Ulm, Stadtkreis|weiblich|573.0
2024|08425|Alb-Donau-Kreis, Landkreis|Insgesamt|1831.0
2024|08425|Alb-Donau-Kreis, Landkreis|männlich|982.0
2024|08425|Alb-Donau-Kreis, Landkreis|weiblich|849.0
2024|08426|Biberach, Landkreis|Insgesamt|1971.0
2024|08426|Biberach, Landkreis|männlich|1042.0
2024|08426|Biberach, Landkreis|weiblich|929.0
2024|08435|Bodenseekreis, Landkreis|Insgesamt|1877.0
2024|08435|Bodenseekreis, Landkreis|männlich|958.0
2024|08435|Bodenseekreis, Landkreis|weiblich|919.0
2024|08436|Ravensburg, Landkreis|Insgesamt|2535.0
2024|08436|Ravensburg, Landkreis|männlich|1267.0
2024|08436|Ravensburg, Landkreis|weiblich|1268.0
2024|08437|Sigmaringen, Landkreis|Insgesamt|1170.0
2024|08437|Sigmaringen, Landkreis|männlich|612.0
2024|08437|Sigmaringen, Landkreis|weiblich|558.0
2024|09161|Ingolstadt, kreisfreie Stadt|Insgesamt|1453.0
2024|09161|Ingolstadt, kreisfreie Stadt|männlich|757.0
2024|09161|Ingolstadt, kreisfreie Stadt|weiblich|696.0
2024|09162|München, kreisfreie Stadt|Insgesamt|15553.0
2024|09162|München, kreisfreie Stadt|männlich|8133.0
2024|09162|München, kreisfreie Stadt|weiblich|7420.0
2024|09163|Rosenheim, kreisfreie Stadt|Insgesamt|628.0
2024|09163|Rosenheim, kreisfreie Stadt|männlich|332.0
2024|09163|Rosenheim, kreisfreie Stadt|weiblich|296.0
2024|09171|Altötting, Landkreis|Insgesamt|975.0
2024|09171|Altötting, Landkreis|männlich|501.0
2024|09171|Altötting, Landkreis|weiblich|474.0
2024|09172|Berchtesgadener Land, Landkreis|Insgesamt|790.0
2024|09172|Berchtesgadener Land, Landkreis|männlich|410.0
2024|09172|Berchtesgadener Land, Landkreis|weiblich|380.0
2024|09173|Bad Tölz-Wolfratshausen, Landkreis|Insgesamt|1087.0
2024|09173|Bad Tölz-Wolfratshausen, Landkreis|männlich|534.0
2024|09173|Bad Tölz-Wolfratshausen, Landkreis|weiblich|553.0
2024|09174|Dachau, Landkreis|Insgesamt|1371.0
2024|09174|Dachau, Landkreis|männlich|717.0
2024|09174|Dachau, Landkreis|weiblich|654.0
2024|09175|Ebersberg, Landkreis|Insgesamt|1205.0
2024|09175|Ebersberg, Landkreis|männlich|624.0
2024|09175|Ebersberg, Landkreis|weiblich|581.0
2024|09176|Eichstätt, Landkreis|Insgesamt|1142.0
2024|09176|Eichstätt, Landkreis|männlich|582.0
2024|09176|Eichstätt, Landkreis|weiblich|560.0
2024|09177|Erding, Landkreis|Insgesamt|1272.0
2024|09177|Erding, Landkreis|männlich|660.0
2024|09177|Erding, Landkreis|weiblich|612.0
2024|09178|Freising, Landkreis|Insgesamt|1573.0
2024|09178|Freising, Landkreis|männlich|789.0
2024|09178|Freising, Landkreis|weiblich|784.0
2024|09179|Fürstenfeldbruck, Landkreis|Insgesamt|1841.0
2024|09179|Fürstenfeldbruck, Landkreis|männlich|935.0
2024|09179|Fürstenfeldbruck, Landkreis|weiblich|906.0
2024|09180|Garmisch-Partenkirchen, Landkreis|Insgesamt|647.0
2024|09180|Garmisch-Partenkirchen, Landkreis|männlich|344.0
2024|09180|Garmisch-Partenkirchen, Landkreis|weiblich|303.0
2024|09181|Landsberg am Lech, Landkreis|Insgesamt|966.0
2024|09181|Landsberg am Lech, Landkreis|männlich|496.0
2024|09181|Landsberg am Lech, Landkreis|weiblich|470.0
2024|09182|Miesbach, Landkreis|Insgesamt|792.0
2024|09182|Miesbach, Landkreis|männlich|387.0
2024|09182|Miesbach, Landkreis|weiblich|405.0
2024|09183|Mühldorf a.Inn, Landkreis|Insgesamt|1059.0
2024|09183|Mühldorf a.Inn, Landkreis|männlich|549.0
2024|09183|Mühldorf a.Inn, Landkreis|weiblich|510.0
2024|09184|München, Landkreis|Insgesamt|2739.0
2024|09184|München, Landkreis|männlich|1387.0
2024|09184|München, Landkreis|weiblich|1352.0
2024|09185|Neuburg-Schrobenhausen, Landkreis|Insgesamt|863.0
2024|09185|Neuburg-Schrobenhausen, Landkreis|männlich|434.0
2024|09185|Neuburg-Schrobenhausen, Landkreis|weiblich|429.0
2024|09186|Pfaffenhofen a.d.Ilm, Landkreis|Insgesamt|1214.0
2024|09186|Pfaffenhofen a.d.Ilm, Landkreis|männlich|607.0
2024|09186|Pfaffenhofen a.d.Ilm, Landkreis|weiblich|607.0
2024|09187|Rosenheim, Landkreis|Insgesamt|2216.0
2024|09187|Rosenheim, Landkreis|männlich|1120.0
2024|09187|Rosenheim, Landkreis|weiblich|1096.0
2024|09188|Starnberg, Landkreis|Insgesamt|985.0
2024|09188|Starnberg, Landkreis|männlich|486.0
2024|09188|Starnberg, Landkreis|weiblich|499.0
2024|09189|Traunstein, Landkreis|Insgesamt|1464.0
2024|09189|Traunstein, Landkreis|männlich|777.0
2024|09189|Traunstein, Landkreis|weiblich|687.0
2024|09190|Weilheim-Schongau, Landkreis|Insgesamt|1201.0
2024|09190|Weilheim-Schongau, Landkreis|männlich|631.0
2024|09190|Weilheim-Schongau, Landkreis|weiblich|570.0
2024|09261|Landshut, kreisfreie Stadt|Insgesamt|670.0
2024|09261|Landshut, kreisfreie Stadt|männlich|356.0
2024|09261|Landshut, kreisfreie Stadt|weiblich|314.0
2024|09262|Passau, kreisfreie Stadt|Insgesamt|428.0
2024|09262|Passau, kreisfreie Stadt|männlich|206.0
2024|09262|Passau, kreisfreie Stadt|weiblich|222.0
2024|09263|Straubing, kreisfreie Stadt|Insgesamt|395.0
2024|09263|Straubing, kreisfreie Stadt|männlich|209.0
2024|09263|Straubing, kreisfreie Stadt|weiblich|186.0
2024|09271|Deggendorf, Landkreis|Insgesamt|937.0
2024|09271|Deggendorf, Landkreis|männlich|468.0
2024|09271|Deggendorf, Landkreis|weiblich|469.0
2024|09272|Freyung-Grafenau, Landkreis|Insgesamt|632.0
2024|09272|Freyung-Grafenau, Landkreis|männlich|344.0
2024|09272|Freyung-Grafenau, Landkreis|weiblich|288.0
2024|09273|Kelheim, Landkreis|Insgesamt|1107.0
2024|09273|Kelheim, Landkreis|männlich|581.0
2024|09273|Kelheim, Landkreis|weiblich|526.0
2024|09274|Landshut, Landkreis|Insgesamt|1431.0
2024|09274|Landshut, Landkreis|männlich|741.0
2024|09274|Landshut, Landkreis|weiblich|690.0
2024|09275|Passau, Landkreis|Insgesamt|1452.0
2024|09275|Passau, Landkreis|männlich|715.0
2024|09275|Passau, Landkreis|weiblich|737.0
2024|09276|Regen, Landkreis|Insgesamt|581.0
2024|09276|Regen, Landkreis|männlich|303.0
2024|09276|Regen, Landkreis|weiblich|278.0
2024|09277|Rottal-Inn, Landkreis|Insgesamt|1019.0
2024|09277|Rottal-Inn, Landkreis|männlich|514.0
2024|09277|Rottal-Inn, Landkreis|weiblich|505.0
2024|09278|Straubing-Bogen, Landkreis|Insgesamt|939.0
2024|09278|Straubing-Bogen, Landkreis|männlich|459.0
2024|09278|Straubing-Bogen, Landkreis|weiblich|480.0
2024|09279|Dingolfing-Landau, Landkreis|Insgesamt|858.0
2024|09279|Dingolfing-Landau, Landkreis|männlich|447.0
2024|09279|Dingolfing-Landau, Landkreis|weiblich|411.0
2024|09361|Amberg, kreisfreie Stadt|Insgesamt|328.0
2024|09361|Amberg, kreisfreie Stadt|männlich|168.0
2024|09361|Amberg, kreisfreie Stadt|weiblich|160.0
2024|09362|Regensburg, kreisfreie Stadt|Insgesamt|1482.0
2024|09362|Regensburg, kreisfreie Stadt|männlich|756.0
2024|09362|Regensburg, kreisfreie Stadt|weiblich|726.0
2024|09363|Weiden i.d.OPf., kreisfreie Stadt|Insgesamt|377.0
2024|09363|Weiden i.d.OPf., kreisfreie Stadt|männlich|190.0
2024|09363|Weiden i.d.OPf., kreisfreie Stadt|weiblich|187.0
2024|09371|Amberg-Sulzbach, Landkreis|Insgesamt|933.0
2024|09371|Amberg-Sulzbach, Landkreis|männlich|485.0
2024|09371|Amberg-Sulzbach, Landkreis|weiblich|448.0
2024|09372|Cham, Landkreis|Insgesamt|1035.0
2024|09372|Cham, Landkreis|männlich|516.0
2024|09372|Cham, Landkreis|weiblich|519.0
2024|09373|Neumarkt i.d.OPf., Landkreis|Insgesamt|1142.0
2024|09373|Neumarkt i.d.OPf., Landkreis|männlich|608.0
2024|09373|Neumarkt i.d.OPf., Landkreis|weiblich|534.0
2024|09374|Neustadt a.d.Waldnaab, Landkreis|Insgesamt|944.0
2024|09374|Neustadt a.d.Waldnaab, Landkreis|männlich|489.0
2024|09374|Neustadt a.d.Waldnaab, Landkreis|weiblich|455.0
2024|09375|Regensburg, Landkreis|Insgesamt|1737.0
2024|09375|Regensburg, Landkreis|männlich|909.0
2024|09375|Regensburg, Landkreis|weiblich|828.0
2024|09376|Schwandorf, Landkreis|Insgesamt|1262.0
2024|09376|Schwandorf, Landkreis|männlich|657.0
2024|09376|Schwandorf, Landkreis|weiblich|605.0
2024|09377|Tirschenreuth, Landkreis|Insgesamt|563.0
2024|09377|Tirschenreuth, Landkreis|männlich|284.0
2024|09377|Tirschenreuth, Landkreis|weiblich|279.0
2024|09461|Bamberg, kreisfreie Stadt|Insgesamt|682.0
2024|09461|Bamberg, kreisfreie Stadt|männlich|361.0
2024|09461|Bamberg, kreisfreie Stadt|weiblich|321.0
2024|09462|Bayreuth, kreisfreie Stadt|Insgesamt|514.0
2024|09462|Bayreuth, kreisfreie Stadt|männlich|266.0
2024|09462|Bayreuth, kreisfreie Stadt|weiblich|248.0
2024|09463|Coburg, kreisfreie Stadt|Insgesamt|322.0
2024|09463|Coburg, kreisfreie Stadt|männlich|168.0
2024|09463|Coburg, kreisfreie Stadt|weiblich|154.0
2024|09464|Hof, kreisfreie Stadt|Insgesamt|390.0
2024|09464|Hof, kreisfreie Stadt|männlich|208.0
2024|09464|Hof, kreisfreie Stadt|weiblich|182.0
2024|09471|Bamberg, Landkreis|Insgesamt|1154.0
2024|09471|Bamberg, Landkreis|männlich|591.0
2024|09471|Bamberg, Landkreis|weiblich|563.0
2024|09472|Bayreuth, Landkreis|Insgesamt|764.0
2024|09472|Bayreuth, Landkreis|männlich|377.0
2024|09472|Bayreuth, Landkreis|weiblich|387.0
2024|09473|Coburg, Landkreis|Insgesamt|645.0
2024|09473|Coburg, Landkreis|männlich|352.0
2024|09473|Coburg, Landkreis|weiblich|293.0
2024|09474|Forchheim, Landkreis|Insgesamt|909.0
2024|09474|Forchheim, Landkreis|männlich|457.0
2024|09474|Forchheim, Landkreis|weiblich|452.0
2024|09475|Hof, Landkreis|Insgesamt|641.0
2024|09475|Hof, Landkreis|männlich|324.0
2024|09475|Hof, Landkreis|weiblich|317.0
2024|09476|Kronach, Landkreis|Insgesamt|405.0
2024|09476|Kronach, Landkreis|männlich|217.0
2024|09476|Kronach, Landkreis|weiblich|188.0
2024|09477|Kulmbach, Landkreis|Insgesamt|496.0
2024|09477|Kulmbach, Landkreis|männlich|262.0
2024|09477|Kulmbach, Landkreis|weiblich|234.0
2024|09478|Lichtenfels, Landkreis|Insgesamt|528.0
2024|09478|Lichtenfels, Landkreis|männlich|255.0
2024|09478|Lichtenfels, Landkreis|weiblich|273.0
2024|09479|Wunsiedel i.Fichtelgebirge, Landkreis|Insgesamt|481.0
2024|09479|Wunsiedel i.Fichtelgebirge, Landkreis|männlich|239.0
2024|09479|Wunsiedel i.Fichtelgebirge, Landkreis|weiblich|242.0
2024|09561|Ansbach, kreisfreie Stadt|Insgesamt|362.0
2024|09561|Ansbach, kreisfreie Stadt|männlich|196.0
2024|09561|Ansbach, kreisfreie Stadt|weiblich|166.0
2024|09562|Erlangen, kreisfreie Stadt|Insgesamt|1073.0
2024|09562|Erlangen, kreisfreie Stadt|männlich|546.0
2024|09562|Erlangen, kreisfreie Stadt|weiblich|527.0
2024|09563|Fürth, kreisfreie Stadt|Insgesamt|1153.0
2024|09563|Fürth, kreisfreie Stadt|männlich|599.0
2024|09563|Fürth, kreisfreie Stadt|weiblich|554.0
2024|09564|Nürnberg, kreisfreie Stadt|Insgesamt|4753.0
2024|09564|Nürnberg, kreisfreie Stadt|männlich|2407.0
2024|09564|Nürnberg, kreisfreie Stadt|weiblich|2346.0
2024|09565|Schwabach, kreisfreie Stadt|Insgesamt|341.0
2024|09565|Schwabach, kreisfreie Stadt|männlich|172.0
2024|09565|Schwabach, kreisfreie Stadt|weiblich|169.0
2024|09571|Ansbach, Landkreis|Insgesamt|1621.0
2024|09571|Ansbach, Landkreis|männlich|831.0
2024|09571|Ansbach, Landkreis|weiblich|790.0
2024|09572|Erlangen-Höchstadt, Landkreis|Insgesamt|1114.0
2024|09572|Erlangen-Höchstadt, Landkreis|männlich|553.0
2024|09572|Erlangen-Höchstadt, Landkreis|weiblich|561.0
2024|09573|Fürth, Landkreis|Insgesamt|924.0
2024|09573|Fürth, Landkreis|männlich|491.0
2024|09573|Fürth, Landkreis|weiblich|433.0
2024|09574|Nürnberger Land, Landkreis|Insgesamt|1285.0
2024|09574|Nürnberger Land, Landkreis|männlich|674.0
2024|09574|Nürnberger Land, Landkreis|weiblich|611.0
2024|09575|Neustadt a.d.Aisch-Bad Windsheim, Landkreis|Insgesamt|826.0
2024|09575|Neustadt a.d.Aisch-Bad Windsheim, Landkreis|männlich|427.0
2024|09575|Neustadt a.d.Aisch-Bad Windsheim, Landkreis|weiblich|399.0
2024|09576|Roth, Landkreis|Insgesamt|1023.0
2024|09576|Roth, Landkreis|männlich|516.0
2024|09576|Roth, Landkreis|weiblich|507.0
2024|09577|Weißenburg-Gunzenhausen, Landkreis|Insgesamt|796.0
2024|09577|Weißenburg-Gunzenhausen, Landkreis|männlich|400.0
2024|09577|Weißenburg-Gunzenhausen, Landkreis|weiblich|396.0
2024|09661|Aschaffenburg, kreisfreie Stadt|Insgesamt|633.0
2024|09661|Aschaffenburg, kreisfreie Stadt|männlich|335.0
2024|09661|Aschaffenburg, kreisfreie Stadt|weiblich|298.0
2024|09662|Schweinfurt, kreisfreie Stadt|Insgesamt|446.0
2024|09662|Schweinfurt, kreisfreie Stadt|männlich|212.0
2024|09662|Schweinfurt, kreisfreie Stadt|weiblich|234.0
2024|09663|Würzburg, kreisfreie Stadt|Insgesamt|1074.0
2024|09663|Würzburg, kreisfreie Stadt|männlich|545.0
2024|09663|Würzburg, kreisfreie Stadt|weiblich|529.0
2024|09671|Aschaffenburg, Landkreis|Insgesamt|1302.0
2024|09671|Aschaffenburg, Landkreis|männlich|653.0
2024|09671|Aschaffenburg, Landkreis|weiblich|649.0
2024|09672|Bad Kissingen, Landkreis|Insgesamt|830.0
2024|09672|Bad Kissingen, Landkreis|männlich|409.0
2024|09672|Bad Kissingen, Landkreis|weiblich|421.0
2024|09673|Rhön-Grabfeld, Landkreis|Insgesamt|637.0
2024|09673|Rhön-Grabfeld, Landkreis|männlich|319.0
2024|09673|Rhön-Grabfeld, Landkreis|weiblich|318.0
2024|09674|Haßberge, Landkreis|Insgesamt|666.0
2024|09674|Haßberge, Landkreis|männlich|346.0
2024|09674|Haßberge, Landkreis|weiblich|320.0
2024|09675|Kitzingen, Landkreis|Insgesamt|795.0
2024|09675|Kitzingen, Landkreis|männlich|418.0
2024|09675|Kitzingen, Landkreis|weiblich|377.0
2024|09676|Miltenberg, Landkreis|Insgesamt|1004.0
2024|09676|Miltenberg, Landkreis|männlich|509.0
2024|09676|Miltenberg, Landkreis|weiblich|495.0
2024|09677|Main-Spessart, Landkreis|Insgesamt|935.0
2024|09677|Main-Spessart, Landkreis|männlich|485.0
2024|09677|Main-Spessart, Landkreis|weiblich|450.0
2024|09678|Schweinfurt, Landkreis|Insgesamt|939.0
2024|09678|Schweinfurt, Landkreis|männlich|467.0
2024|09678|Schweinfurt, Landkreis|weiblich|472.0
2024|09679|Würzburg, Landkreis|Insgesamt|1346.0
2024|09679|Würzburg, Landkreis|männlich|673.0
2024|09679|Würzburg, Landkreis|weiblich|673.0
2024|09761|Augsburg, kreisfreie Stadt|Insgesamt|2766.0
2024|09761|Augsburg, kreisfreie Stadt|männlich|1447.0
2024|09761|Augsburg, kreisfreie Stadt|weiblich|1319.0
2024|09762|Kaufbeuren, kreisfreie Stadt|Insgesamt|406.0
2024|09762|Kaufbeuren, kreisfreie Stadt|männlich|208.0
2024|09762|Kaufbeuren, kreisfreie Stadt|weiblich|198.0
2024|09763|Kempten (Allgäu), kreisfreie Stadt|Insgesamt|662.0
2024|09763|Kempten (Allgäu), kreisfreie Stadt|männlich|314.0
2024|09763|Kempten (Allgäu), kreisfreie Stadt|weiblich|348.0
2024|09764|Memmingen, kreisfreie Stadt|Insgesamt|431.0
2024|09764|Memmingen, kreisfreie Stadt|männlich|214.0
2024|09764|Memmingen, kreisfreie Stadt|weiblich|217.0
2024|09771|Aichach-Friedberg, Landkreis|Insgesamt|1179.0
2024|09771|Aichach-Friedberg, Landkreis|männlich|604.0
2024|09771|Aichach-Friedberg, Landkreis|weiblich|575.0
2024|09772|Augsburg, Landkreis|Insgesamt|2273.0
2024|09772|Augsburg, Landkreis|männlich|1130.0
2024|09772|Augsburg, Landkreis|weiblich|1143.0
2024|09773|Dillingen a.d.Donau, Landkreis|Insgesamt|857.0
2024|09773|Dillingen a.d.Donau, Landkreis|männlich|452.0
2024|09773|Dillingen a.d.Donau, Landkreis|weiblich|405.0
2024|09774|Günzburg, Landkreis|Insgesamt|1156.0
2024|09774|Günzburg, Landkreis|männlich|588.0
2024|09774|Günzburg, Landkreis|weiblich|568.0
2024|09775|Neu-Ulm, Landkreis|Insgesamt|1655.0
2024|09775|Neu-Ulm, Landkreis|männlich|855.0
2024|09775|Neu-Ulm, Landkreis|weiblich|800.0
2024|09776|Lindau (Bodensee), Landkreis|Insgesamt|704.0
2024|09776|Lindau (Bodensee), Landkreis|männlich|343.0
2024|09776|Lindau (Bodensee), Landkreis|weiblich|361.0
2024|09777|Ostallgäu, Landkreis|Insgesamt|1261.0
2024|09777|Ostallgäu, Landkreis|männlich|655.0
2024|09777|Ostallgäu, Landkreis|weiblich|606.0
2024|09778|Unterallgäu, Landkreis|Insgesamt|1370.0
2024|09778|Unterallgäu, Landkreis|männlich|721.0
2024|09778|Unterallgäu, Landkreis|weiblich|649.0
2024|09779|Donau-Ries, Landkreis|Insgesamt|1150.0
2024|09779|Donau-Ries, Landkreis|männlich|569.0
2024|09779|Donau-Ries, Landkreis|weiblich|581.0
2024|09780|Oberallgäu, Landkreis|Insgesamt|1398.0
2024|09780|Oberallgäu, Landkreis|männlich|711.0
2024|09780|Oberallgäu, Landkreis|weiblich|687.0
2024|10041|Saarbrücken, Regionalverband|Insgesamt|2738.0
2024|10041|Saarbrücken, Regionalverband|männlich|1421.0
2024|10041|Saarbrücken, Regionalverband|weiblich|1317.0
2024|10041100|Saarbrücken, Landeshauptstadt|Insgesamt|1527.0
2024|10041100|Saarbrücken, Landeshauptstadt|männlich|787.0
2024|10041100|Saarbrücken, Landeshauptstadt|weiblich|740.0
2024|10042|Merzig-Wadern, Landkreis|Insgesamt|706.0
2024|10042|Merzig-Wadern, Landkreis|männlich|373.0
2024|10042|Merzig-Wadern, Landkreis|weiblich|333.0
2024|10043|Neunkirchen, Landkreis|Insgesamt|1044.0
2024|10043|Neunkirchen, Landkreis|männlich|552.0
2024|10043|Neunkirchen, Landkreis|weiblich|492.0
2024|10044|Saarlouis, Landkreis|Insgesamt|1467.0
2024|10044|Saarlouis, Landkreis|männlich|740.0
2024|10044|Saarlouis, Landkreis|weiblich|727.0
2024|10045|Saarpfalz-Kreis|Insgesamt|1055.0
2024|10045|Saarpfalz-Kreis|männlich|539.0
2024|10045|Saarpfalz-Kreis|weiblich|516.0
2024|10046|St. Wendel, Landkreis|Insgesamt|556.0
2024|10046|St. Wendel, Landkreis|männlich|287.0
2024|10046|St. Wendel, Landkreis|weiblich|269.0
2024|11000|Berlin, kreisfreie Stadt|Insgesamt|33749.0
2024|11000|Berlin, kreisfreie Stadt|männlich|17362.0
2024|11000|Berlin, kreisfreie Stadt|weiblich|16387.0
2024|11001001|Berlin-Mitte|Insgesamt|3659.0
2024|11001001|Berlin-Mitte|männlich|1894.0
2024|11001001|Berlin-Mitte|weiblich|1765.0
2024|11002002|Berlin-Friedrichshain-Kreuzberg|Insgesamt|2567.0
2024|11002002|Berlin-Friedrichshain-Kreuzberg|männlich|1317.0
2024|11002002|Berlin-Friedrichshain-Kreuzberg|weiblich|1250.0
2024|11003003|Berlin-Pankow|Insgesamt|3568.0
2024|11003003|Berlin-Pankow|männlich|1793.0
2024|11003003|Berlin-Pankow|weiblich|1775.0
2024|11004004|Berlin-Charlottenburg-Wilmersdorf|Insgesamt|2757.0
2024|11004004|Berlin-Charlottenburg-Wilmersdorf|männlich|1413.0
2024|11004004|Berlin-Charlottenburg-Wilmersdorf|weiblich|1344.0
2024|11005005|Berlin-Spandau|Insgesamt|2534.0
2024|11005005|Berlin-Spandau|männlich|1308.0
2024|11005005|Berlin-Spandau|weiblich|1226.0
2024|11006006|Berlin-Steglitz-Zehlendorf|Insgesamt|2109.0
2024|11006006|Berlin-Steglitz-Zehlendorf|männlich|1109.0
2024|11006006|Berlin-Steglitz-Zehlendorf|weiblich|1000.0
2024|11007007|Berlin-Tempelhof-Schöneberg|Insgesamt|3050.0
2024|11007007|Berlin-Tempelhof-Schöneberg|männlich|1580.0
2024|11007007|Berlin-Tempelhof-Schöneberg|weiblich|1470.0
2024|11008008|Berlin-Neukölln|Insgesamt|3050.0
2024|11008008|Berlin-Neukölln|männlich|1586.0
2024|11008008|Berlin-Neukölln|weiblich|1464.0
2024|11009009|Berlin-Treptow-Köpenick|Insgesamt|2576.0
2024|11009009|Berlin-Treptow-Köpenick|männlich|1343.0
2024|11009009|Berlin-Treptow-Köpenick|weiblich|1233.0
2024|11010010|Berlin-Marzahn-Hellersdorf|Insgesamt|2596.0
2024|11010010|Berlin-Marzahn-Hellersdorf|männlich|1350.0
2024|11010010|Berlin-Marzahn-Hellersdorf|weiblich|1246.0
2024|11011011|Berlin-Lichtenberg|Insgesamt|2930.0
2024|11011011|Berlin-Lichtenberg|männlich|1449.0
2024|11011011|Berlin-Lichtenberg|weiblich|1481.0
2024|11012012|Berlin-Reinickendorf|Insgesamt|2353.0
2024|11012012|Berlin-Reinickendorf|männlich|1220.0
2024|11012012|Berlin-Reinickendorf|weiblich|1133.0
2024|12051|Brandenburg an der Havel, kreisfreie Stadt|Insgesamt|471.0
2024|12051|Brandenburg an der Havel, kreisfreie Stadt|männlich|257.0
2024|12051|Brandenburg an der Havel, kreisfreie Stadt|weiblich|214.0
2024|12052|Cottbus, kreisfreie Stadt|Insgesamt|627.0
2024|12052|Cottbus, kreisfreie Stadt|männlich|330.0
2024|12052|Cottbus, kreisfreie Stadt|weiblich|297.0
2024|12053|Frankfurt (Oder), kreisfreie Stadt|Insgesamt|307.0
2024|12053|Frankfurt (Oder), kreisfreie Stadt|männlich|167.0
2024|12053|Frankfurt (Oder), kreisfreie Stadt|weiblich|140.0
2024|12054|Potsdam, kreisfreie Stadt|Insgesamt|1427.0
2024|12054|Potsdam, kreisfreie Stadt|männlich|732.0
2024|12054|Potsdam, kreisfreie Stadt|weiblich|695.0
2024|12060|Barnim, Landkreis|Insgesamt|1151.0
2024|12060|Barnim, Landkreis|männlich|602.0
2024|12060|Barnim, Landkreis|weiblich|549.0
2024|12061|Dahme-Spreewald, Landkreis|Insgesamt|1190.0
2024|12061|Dahme-Spreewald, Landkreis|männlich|618.0
2024|12061|Dahme-Spreewald, Landkreis|weiblich|572.0
2024|12062|Elbe-Elster, Landkreis|Insgesamt|516.0
2024|12062|Elbe-Elster, Landkreis|männlich|281.0
2024|12062|Elbe-Elster, Landkreis|weiblich|235.0
2024|12063|Havelland, Landkreis|Insgesamt|1067.0
2024|12063|Havelland, Landkreis|männlich|584.0
2024|12063|Havelland, Landkreis|weiblich|483.0
2024|12064|Märkisch-Oderland, Landkreis|Insgesamt|1079.0
2024|12064|Märkisch-Oderland, Landkreis|männlich|553.0
2024|12064|Märkisch-Oderland, Landkreis|weiblich|526.0
2024|12065|Oberhavel, Landkreis|Insgesamt|1265.0
2024|12065|Oberhavel, Landkreis|männlich|661.0
2024|12065|Oberhavel, Landkreis|weiblich|604.0
2024|12066|Oberspreewald-Lausitz, Landkreis|Insgesamt|573.0
2024|12066|Oberspreewald-Lausitz, Landkreis|männlich|304.0
2024|12066|Oberspreewald-Lausitz, Landkreis|weiblich|269.0
2024|12067|Oder-Spree, Landkreis|Insgesamt|989.0
2024|12067|Oder-Spree, Landkreis|männlich|538.0
2024|12067|Oder-Spree, Landkreis|weiblich|451.0
2024|12068|Ostprignitz-Ruppin, Landkreis|Insgesamt|566.0
2024|12068|Ostprignitz-Ruppin, Landkreis|männlich|287.0
2024|12068|Ostprignitz-Ruppin, Landkreis|weiblich|279.0
2024|12069|Potsdam-Mittelmark, Landkreis|Insgesamt|1204.0
2024|12069|Potsdam-Mittelmark, Landkreis|männlich|633.0
2024|12069|Potsdam-Mittelmark, Landkreis|weiblich|571.0
2024|12070|Prignitz, Landkreis|Insgesamt|418.0
2024|12070|Prignitz, Landkreis|männlich|214.0
2024|12070|Prignitz, Landkreis|weiblich|204.0
2024|12071|Spree-Neiße, Landkreis|Insgesamt|497.0
2024|12071|Spree-Neiße, Landkreis|männlich|244.0
2024|12071|Spree-Neiße, Landkreis|weiblich|253.0
2024|12072|Teltow-Fläming, Landkreis|Insgesamt|1207.0
2024|12072|Teltow-Fläming, Landkreis|männlich|601.0
2024|12072|Teltow-Fläming, Landkreis|weiblich|606.0
2024|12073|Uckermark, Landkreis|Insgesamt|600.0
2024|12073|Uckermark, Landkreis|männlich|302.0
2024|12073|Uckermark, Landkreis|weiblich|298.0
2024|13003|Rostock, kreisfreie Stadt|Insgesamt|1343.0
2024|13003|Rostock, kreisfreie Stadt|männlich|711.0
2024|13003|Rostock, kreisfreie Stadt|weiblich|632.0
2024|13004|Schwerin, kreisfreie Stadt|Insgesamt|662.0
2024|13004|Schwerin, kreisfreie Stadt|männlich|342.0
2024|13004|Schwerin, kreisfreie Stadt|weiblich|320.0
2024|13071|Mecklenburgische Seenplatte, Landkreis|Insgesamt|1387.0
2024|13071|Mecklenburgische Seenplatte, Landkreis|männlich|717.0
2024|13071|Mecklenburgische Seenplatte, Landkreis|weiblich|670.0
2024|13072|Landkreis Rostock|Insgesamt|1222.0
2024|13072|Landkreis Rostock|männlich|630.0
2024|13072|Landkreis Rostock|weiblich|592.0
2024|13073|Vorpommern-Rügen, Landkreis|Insgesamt|1189.0
2024|13073|Vorpommern-Rügen, Landkreis|männlich|595.0
2024|13073|Vorpommern-Rügen, Landkreis|weiblich|594.0
2024|13074|Nordwestmecklenburg, Landkreis|Insgesamt|871.0
2024|13074|Nordwestmecklenburg, Landkreis|männlich|443.0
2024|13074|Nordwestmecklenburg, Landkreis|weiblich|428.0
2024|13075|Vorpommern-Greifswald, Landkreis|Insgesamt|1210.0
2024|13075|Vorpommern-Greifswald, Landkreis|männlich|610.0
2024|13075|Vorpommern-Greifswald, Landkreis|weiblich|600.0
2024|13076|Ludwigslust-Parchim, Landkreis|Insgesamt|1273.0
2024|13076|Ludwigslust-Parchim, Landkreis|männlich|658.0
2024|13076|Ludwigslust-Parchim, Landkreis|weiblich|615.0
2024|14511|Chemnitz, kreisfreie Stadt|Insgesamt|1656.0
2024|14511|Chemnitz, kreisfreie Stadt|männlich|853.0
2024|14511|Chemnitz, kreisfreie Stadt|weiblich|803.0
2024|14521|Erzgebirgskreis|Insgesamt|1719.0
2024|14521|Erzgebirgskreis|männlich|872.0
2024|14521|Erzgebirgskreis|weiblich|847.0
2024|14522|Mittelsachsen, Landkreis|Insgesamt|1673.0
2024|14522|Mittelsachsen, Landkreis|männlich|879.0
2024|14522|Mittelsachsen, Landkreis|weiblich|794.0
2024|14523|Vogtlandkreis|Insgesamt|1195.0
2024|14523|Vogtlandkreis|männlich|591.0
2024|14523|Vogtlandkreis|weiblich|604.0
2024|14524|Zwickau, Landkreis|Insgesamt|1722.0
2024|14524|Zwickau, Landkreis|männlich|884.0
2024|14524|Zwickau, Landkreis|weiblich|838.0
2024|14612|Dresden, kreisfreie Stadt|Insgesamt|4097.0
2024|14612|Dresden, kreisfreie Stadt|männlich|2081.0
2024|14612|Dresden, kreisfreie Stadt|weiblich|2016.0
2024|14625|Bautzen, Landkreis|Insgesamt|1619.0
2024|14625|Bautzen, Landkreis|männlich|841.0
2024|14625|Bautzen, Landkreis|weiblich|778.0
2024|14626|Görlitz, Landkreis|Insgesamt|1276.0
2024|14626|Görlitz, Landkreis|männlich|629.0
2024|14626|Görlitz, Landkreis|weiblich|647.0
2024|14627|Meißen, Landkreis|Insgesamt|1226.0
2024|14627|Meißen, Landkreis|männlich|619.0
2024|14627|Meißen, Landkreis|weiblich|607.0
2024|14628|Sächsische Schweiz-Osterzgebirge, Landkreis|Insgesamt|1276.0
2024|14628|Sächsische Schweiz-Osterzgebirge, Landkreis|männlich|642.0
2024|14628|Sächsische Schweiz-Osterzgebirge, Landkreis|weiblich|634.0
2024|14713|Leipzig, kreisfreie Stadt|Insgesamt|4811.0
2024|14713|Leipzig, kreisfreie Stadt|männlich|2509.0
2024|14713|Leipzig, kreisfreie Stadt|weiblich|2302.0
2024|14729|Leipzig, Landkreis|Insgesamt|1317.0
2024|14729|Leipzig, Landkreis|männlich|657.0
2024|14729|Leipzig, Landkreis|weiblich|660.0
2024|14730|Nordsachsen, Landkreis|Insgesamt|1110.0
2024|14730|Nordsachsen, Landkreis|männlich|586.0
2024|14730|Nordsachsen, Landkreis|weiblich|524.0
2024|15001|Dessau-Roßlau, kreisfreie Stadt|Insgesamt|452.0
2024|15001|Dessau-Roßlau, kreisfreie Stadt|männlich|226.0
2024|15001|Dessau-Roßlau, kreisfreie Stadt|weiblich|226.0
2024|15002|Halle (Saale), kreisfreie Stadt|Insgesamt|1807.0
2024|15002|Halle (Saale), kreisfreie Stadt|männlich|933.0
2024|15002|Halle (Saale), kreisfreie Stadt|weiblich|874.0
2024|15003|Magdeburg, kreisfreie Stadt, Landeshauptstadt|Insgesamt|1589.0
2024|15003|Magdeburg, kreisfreie Stadt, Landeshauptstadt|männlich|802.0
2024|15003|Magdeburg, kreisfreie Stadt, Landeshauptstadt|weiblich|787.0
2024|15081|Altmarkkreis Salzwedel|Insgesamt|433.0
2024|15081|Altmarkkreis Salzwedel|männlich|213.0
2024|15081|Altmarkkreis Salzwedel|weiblich|220.0
2024|15082|Anhalt-Bitterfeld, Landkreis|Insgesamt|801.0
2024|15082|Anhalt-Bitterfeld, Landkreis|männlich|408.0
2024|15082|Anhalt-Bitterfeld, Landkreis|weiblich|393.0
2024|15083|Börde, Landkreis|Insgesamt|912.0
2024|15083|Börde, Landkreis|männlich|483.0
2024|15083|Börde, Landkreis|weiblich|429.0
2024|15084|Burgenlandkreis|Insgesamt|1040.0
2024|15084|Burgenlandkreis|männlich|542.0
2024|15084|Burgenlandkreis|weiblich|498.0
2024|15085|Harz, Landkreis|Insgesamt|1041.0
2024|15085|Harz, Landkreis|männlich|508.0
2024|15085|Harz, Landkreis|weiblich|533.0
2024|15086|Jerichower Land, Landkreis|Insgesamt|508.0
2024|15086|Jerichower Land, Landkreis|männlich|247.0
2024|15086|Jerichower Land, Landkreis|weiblich|261.0
2024|15087|Mansfeld-Südharz, Landkreis|Insgesamt|649.0
2024|15087|Mansfeld-Südharz, Landkreis|männlich|332.0
2024|15087|Mansfeld-Südharz, Landkreis|weiblich|317.0
2024|15088|Saalekreis|Insgesamt|998.0
2024|15088|Saalekreis|männlich|531.0
2024|15088|Saalekreis|weiblich|467.0
2024|15089|Salzlandkreis|Insgesamt|974.0
2024|15089|Salzlandkreis|männlich|492.0
2024|15089|Salzlandkreis|weiblich|482.0
2024|15090|Stendal, Landkreis|Insgesamt|643.0
2024|15090|Stendal, Landkreis|männlich|317.0
2024|15090|Stendal, Landkreis|weiblich|326.0
2024|15091|Wittenberg, Landkreis|Insgesamt|679.0
2024|15091|Wittenberg, Landkreis|männlich|353.0
2024|15091|Wittenberg, Landkreis|weiblich|326.0
2024|16051|Erfurt, kreisfreie Stadt|Insgesamt|1459.0
2024|16051|Erfurt, kreisfreie Stadt|männlich|749.0
2024|16051|Erfurt, kreisfreie Stadt|weiblich|710.0
2024|16052|Gera, kreisfreie Stadt|Insgesamt|573.0
2024|16052|Gera, kreisfreie Stadt|männlich|298.0
2024|16052|Gera, kreisfreie Stadt|weiblich|275.0
2024|16053|Jena, kreisfreie Stadt|Insgesamt|755.0
2024|16053|Jena, kreisfreie Stadt|männlich|389.0
2024|16053|Jena, kreisfreie Stadt|weiblich|366.0
2024|16054|Suhl, kreisfreie Stadt|Insgesamt|187.0
2024|16054|Suhl, kreisfreie Stadt|männlich|91.0
2024|16054|Suhl, kreisfreie Stadt|weiblich|96.0
2024|16055|Weimar, kreisfreie Stadt|Insgesamt|386.0
2024|16055|Weimar, kreisfreie Stadt|männlich|187.0
2024|16055|Weimar, kreisfreie Stadt|weiblich|199.0
2024|16061|Eichsfeld, Landkreis|Insgesamt|648.0
2024|16061|Eichsfeld, Landkreis|männlich|321.0
2024|16061|Eichsfeld, Landkreis|weiblich|327.0
2024|16062|Nordhausen, Landkreis|Insgesamt|432.0
2024|16062|Nordhausen, Landkreis|männlich|209.0
2024|16062|Nordhausen, Landkreis|weiblich|223.0
2024|16063|Wartburgkreis|Insgesamt|853.0
2024|16063|Wartburgkreis|männlich|430.0
2024|16063|Wartburgkreis|weiblich|423.0
2024|16064|Unstrut-Hainich-Kreis|Insgesamt|558.0
2024|16064|Unstrut-Hainich-Kreis|männlich|269.0
2024|16064|Unstrut-Hainich-Kreis|weiblich|289.0
2024|16065|Kyffhäuserkreis|Insgesamt|398.0
2024|16065|Kyffhäuserkreis|männlich|192.0
2024|16065|Kyffhäuserkreis|weiblich|206.0
2024|16066|Schmalkalden-Meiningen, Landkreis|Insgesamt|606.0
2024|16066|Schmalkalden-Meiningen, Landkreis|männlich|312.0
2024|16066|Schmalkalden-Meiningen, Landkreis|weiblich|294.0
2024|16067|Gotha, Landkreis|Insgesamt|734.0
2024|16067|Gotha, Landkreis|männlich|357.0
2024|16067|Gotha, Landkreis|weiblich|377.0
2024|16068|Sömmerda, Landkreis|Insgesamt|363.0
2024|16068|Sömmerda, Landkreis|männlich|179.0
2024|16068|Sömmerda, Landkreis|weiblich|184.0
2024|16069|Hildburghausen, Landkreis|Insgesamt|320.0
2024|16069|Hildburghausen, Landkreis|männlich|162.0
2024|16069|Hildburghausen, Landkreis|weiblich|158.0
2024|16070|Ilm-Kreis|Insgesamt|541.0
2024|16070|Ilm-Kreis|männlich|276.0
2024|16070|Ilm-Kreis|weiblich|265.0
2024|16071|Weimarer Land, Landkreis|Insgesamt|451.0
2024|16071|Weimarer Land, Landkreis|männlich|243.0
2024|16071|Weimarer Land, Landkreis|weiblich|208.0
2024|16072|Sonneberg, Landkreis|Insgesamt|291.0
2024|16072|Sonneberg, Landkreis|männlich|131.0
2024|16072|Sonneberg, Landkreis|weiblich|160.0
2024|16073|Saalfeld-Rudolstadt, Landkreis|Insgesamt|505.0
2024|16073|Saalfeld-Rudolstadt, Landkreis|männlich|258.0
2024|16073|Saalfeld-Rudolstadt, Landkreis|weiblich|247.0
2024|16074|Saale-Holzland-Kreis|Insgesamt|413.0
2024|16074|Saale-Holzland-Kreis|männlich|195.0
2024|16074|Saale-Holzland-Kreis|weiblich|218.0
2024|16075|Saale-Orla-Kreis|Insgesamt|407.0
2024|16075|Saale-Orla-Kreis|männlich|217.0
2024|16075|Saale-Orla-Kreis|weiblich|190.0
2024|16076|Greiz, Landkreis|Insgesamt|511.0
2024|16076|Greiz, Landkreis|männlich|270.0
2024|16076|Greiz, Landkreis|weiblich|241.0
2024|16077|Altenburger Land, Landkreis|Insgesamt|412.0
2024|16077|Altenburger Land, Landkreis|männlich|195.0
2024|16077|Altenburger Land, Landkreis|weiblich|217.0
2024|010|Schleswig-Holstein|Insgesamt|21760.0
2024|010|Schleswig-Holstein|männlich|11186.0
2024|010|Schleswig-Holstein|weiblich|10574.0
2024|020|Hamburg|Insgesamt|17553.0
2024|020|Hamburg|männlich|8980.0
2024|020|Hamburg|weiblich|8573.0
2024|031|Braunschweig, Statistische Region|Insgesamt|12576.0
2024|031|Braunschweig, Statistische Region|männlich|6466.0
2024|031|Braunschweig, Statistische Region|weiblich|6110.0
2024|032|Hannover, Statistische Region|Insgesamt|17449.0
2024|032|Hannover, Statistische Region|männlich|8871.0
2024|032|Hannover, Statistische Region|weiblich|8578.0
2024|033|Lüneburg, Statistische Region|Insgesamt|13599.0
2024|033|Lüneburg, Statistische Region|männlich|7025.0
2024|033|Lüneburg, Statistische Region|weiblich|6574.0
2024|034|Weser-Ems, Statistische Region|Insgesamt|22022.0
2024|034|Weser-Ems, Statistische Region|männlich|11296.0
2024|034|Weser-Ems, Statistische Region|weiblich|10726.0
2024|040|Bremen|Insgesamt|6251.0
2024|040|Bremen|männlich|3210.0
2024|040|Bremen|weiblich|3041.0
2024|051|Düsseldorf, Regierungsbezirk|Insgesamt|44050.0
2024|051|Düsseldorf, Regierungsbezirk|männlich|22489.0
2024|051|Düsseldorf, Regierungsbezirk|weiblich|21561.0
2024|053|Köln, Regierungsbezirk|Insgesamt|37658.0
2024|053|Köln, Regierungsbezirk|männlich|19368.0
2024|053|Köln, Regierungsbezirk|weiblich|18290.0
2024|055|Münster, Regierungsbezirk|Insgesamt|23240.0
2024|055|Münster, Regierungsbezirk|männlich|11925.0
2024|055|Münster, Regierungsbezirk|weiblich|11315.0
2024|057|Detmold, Regierungsbezirk|Insgesamt|18060.0
2024|057|Detmold, Regierungsbezirk|männlich|9402.0
2024|057|Detmold, Regierungsbezirk|weiblich|8658.0
2024|059|Arnsberg, Regierungsbezirk|Insgesamt|29680.0
2024|059|Arnsberg, Regierungsbezirk|männlich|15250.0
2024|059|Arnsberg, Regierungsbezirk|weiblich|14430.0
2024|064|Darmstadt, Regierungsbezirk|Insgesamt|35037.0
2024|064|Darmstadt, Regierungsbezirk|männlich|18065.0
2024|064|Darmstadt, Regierungsbezirk|weiblich|16972.0
2024|065|Gießen, Regierungsbezirk|Insgesamt|8530.0
2024|065|Gießen, Regierungsbezirk|männlich|4400.0
2024|065|Gießen, Regierungsbezirk|weiblich|4130.0
2024|066|Kassel, Regierungsbezirk|Insgesamt|9522.0
2024|066|Kassel, Regierungsbezirk|männlich|4941.0
2024|066|Kassel, Regierungsbezirk|weiblich|4581.0
2024|071|Koblenz, Statistische Region|Insgesamt|11958.0
2024|071|Koblenz, Statistische Region|männlich|6055.0
2024|071|Koblenz, Statistische Region|weiblich|5903.0
2024|072|Trier, Statistische Region|Insgesamt|4074.0
2024|072|Trier, Statistische Region|männlich|2062.0
2024|072|Trier, Statistische Region|weiblich|2012.0
2024|073|Rheinhessen-Pfalz, Statistische Region|Insgesamt|17574.0
2024|073|Rheinhessen-Pfalz, Statistische Region|männlich|9031.0
2024|073|Rheinhessen-Pfalz, Statistische Region|weiblich|8543.0
2024|081|Stuttgart, Regierungsbezirk|Insgesamt|37216.0
2024|081|Stuttgart, Regierungsbezirk|männlich|19060.0
2024|081|Stuttgart, Regierungsbezirk|weiblich|18156.0
2024|082|Karlsruhe, Regierungsbezirk|Insgesamt|23651.0
2024|082|Karlsruhe, Regierungsbezirk|männlich|12188.0
2024|082|Karlsruhe, Regierungsbezirk|weiblich|11463.0
2024|083|Freiburg, Regierungsbezirk|Insgesamt|19883.0
2024|083|Freiburg, Regierungsbezirk|männlich|10268.0
2024|083|Freiburg, Regierungsbezirk|weiblich|9615.0
2024|084|Tübingen, Regierungsbezirk|Insgesamt|16757.0
2024|084|Tübingen, Regierungsbezirk|männlich|8663.0
2024|084|Tübingen, Regierungsbezirk|weiblich|8094.0
2024|091|Oberbayern, Regierungsbezirk|Insgesamt|43036.0
2024|091|Oberbayern, Regierungsbezirk|männlich|22192.0
2024|091|Oberbayern, Regierungsbezirk|weiblich|20844.0
2024|092|Niederbayern, Regierungsbezirk|Insgesamt|10449.0
2024|092|Niederbayern, Regierungsbezirk|männlich|5343.0
2024|092|Niederbayern, Regierungsbezirk|weiblich|5106.0
2024|093|Oberpfalz, Regierungsbezirk|Insgesamt|9803.0
2024|093|Oberpfalz, Regierungsbezirk|männlich|5062.0
2024|093|Oberpfalz, Regierungsbezirk|weiblich|4741.0
2024|094|Oberfranken, Regierungsbezirk|Insgesamt|7931.0
2024|094|Oberfranken, Regierungsbezirk|männlich|4077.0
2024|094|Oberfranken, Regierungsbezirk|weiblich|3854.0
2024|095|Mittelfranken, Regierungsbezirk|Insgesamt|15271.0
2024|095|Mittelfranken, Regierungsbezirk|männlich|7812.0
2024|095|Mittelfranken, Regierungsbezirk|weiblich|7459.0
2024|096|Unterfranken, Regierungsbezirk|Insgesamt|10607.0
2024|096|Unterfranken, Regierungsbezirk|männlich|5371.0
2024|096|Unterfranken, Regierungsbezirk|weiblich|5236.0
2024|097|Schwaben, Regierungsbezirk|Insgesamt|17268.0
2024|097|Schwaben, Regierungsbezirk|männlich|8811.0
2024|097|Schwaben, Regierungsbezirk|weiblich|8457.0
2024|100|Saarland, Regierungsbezirk|Insgesamt|7566.0
2024|100|Saarland, Regierungsbezirk|männlich|3912.0
2024|100|Saarland, Regierungsbezirk|weiblich|3654.0
2024|110|Berlin|Insgesamt|33749.0
2024|110|Berlin|männlich|17362.0
2024|110|Berlin|weiblich|16387.0
2024|120|Brandenburg|Insgesamt|15154.0
2024|120|Brandenburg|männlich|7908.0
2024|120|Brandenburg|weiblich|7246.0
2024|130|Mecklenburg-Vorpommern, Statistische Region|Insgesamt|9157.0
2024|130|Mecklenburg-Vorpommern, Statistische Region|männlich|4706.0
2024|130|Mecklenburg-Vorpommern, Statistische Region|weiblich|4451.0
2024|145|Chemnitz, Statistische Region|Insgesamt|7965.0
2024|145|Chemnitz, Statistische Region|männlich|4079.0
2024|145|Chemnitz, Statistische Region|weiblich|3886.0
2024|146|Dresden, Statistische Region|Insgesamt|9494.0
2024|146|Dresden, Statistische Region|männlich|4812.0
2024|146|Dresden, Statistische Region|weiblich|4682.0
2024|147|Leipzig, Statistische Region|Insgesamt|7238.0
2024|147|Leipzig, Statistische Region|männlich|3752.0
2024|147|Leipzig, Statistische Region|weiblich|3486.0
2024|150|Sachsen-Anhalt|Insgesamt|12526.0
2024|150|Sachsen-Anhalt|männlich|6387.0
2024|150|Sachsen-Anhalt|weiblich|6139.0
2024|160|Thüringen|Insgesamt|11803.0
2024|160|Thüringen|männlich|5930.0
2024|160|Thüringen|weiblich|5873.0
