code_jahr|code_ags|desc_ags|code_geschlecht|fact_count_gestorbene
2020|DG|Deutschland|Insgesamt|985572.0
2020|DG|Deutschland|männlich|492797.0
2020|DG|Deutschland|weiblich|492775.0
2020|01|Schleswig-Holstein|Insgesamt|35192.0
2020|01|Schleswig-Holstein|männlich|17710.0
2020|01|Schleswig-Holstein|weiblich|17482.0
2020|02|Hamburg|Insgesamt|18308.0
2020|02|Hamburg|männlich|9014.0
2020|02|Hamburg|weiblich|9294.0
2020|03|Niedersachsen|Insgesamt|96980.0
2020|03|Niedersachsen|männlich|48822.0
2020|03|Niedersachsen|weiblich|48158.0
2020|04|Bremen|Insgesamt|8151.0
2020|04|Bremen|männlich|4087.0
2020|04|Bremen|weiblich|4064.0
2020|05|Nordrhein-Westfalen|Insgesamt|214313.0
2020|05|Nordrhein-Westfalen|männlich|105960.0
2020|05|Nordrhein-Westfalen|weiblich|108353.0
2020|06|Hessen|Insgesamt|70051.0
2020|06|Hessen|männlich|34996.0
2020|06|Hessen|weiblich|35055.0
2020|07|Rheinland-Pfalz|Insgesamt|49169.0
2020|07|Rheinland-Pfalz|männlich|24401.0
2020|07|Rheinland-Pfalz|weiblich|24768.0
2020|08|Baden-Württemberg|Insgesamt|116006.0
2020|08|Baden-Württemberg|männlich|57901.0
2020|08|Baden-Württemberg|weiblich|58105.0
2020|09|Bayern|Insgesamt|143367.0
2020|09|Bayern|männlich|71350.0
2020|09|Bayern|weiblich|72017.0
2020|10|Saarland|Insgesamt|13784.0
2020|10|Saarland|männlich|6904.0
2020|10|Saarland|weiblich|6880.0
2020|11|Berlin|Insgesamt|37642.0
2020|11|Berlin|männlich|19044.0
2020|11|Berlin|weiblich|18598.0
2020|12|Brandenburg|Insgesamt|34633.0
2020|12|Brandenburg|männlich|17987.0
2020|12|Brandenburg|weiblich|16646.0
2020|13|Mecklenburg-Vorpommern|Insgesamt|21854.0
2020|13|Mecklenburg-Vorpommern|männlich|11144.0
2020|13|Mecklenburg-Vorpommern|weiblich|10710.0
2020|14|Sachsen|Insgesamt|62092.0
2020|14|Sachsen|männlich|31009.0
2020|14|Sachsen|weiblich|31083.0
2020|15|Sachsen-Anhalt|Insgesamt|33804.0
2020|15|Sachsen-Anhalt|männlich|17134.0
2020|15|Sachsen-Anhalt|weiblich|16670.0
2020|16|Thüringen|Insgesamt|30226.0
2020|16|Thüringen|männlich|15334.0
2020|16|Thüringen|weiblich|14892.0
2020|01001|Flensburg, kreisfreie Stadt|Insgesamt|1065.0
2020|01001|Flensburg, kreisfreie Stadt|männlich|556.0
2020|01001|Flensburg, kreisfreie Stadt|weiblich|509.0
2020|01002|Kiel, kreisfreie Stadt|Insgesamt|2574.0
2020|01002|Kiel, kreisfreie Stadt|männlich|1269.0
2020|01002|Kiel, kreisfreie Stadt|weiblich|1305.0
2020|01003|Lübeck, kreisfreie Stadt, Hansestadt|Insgesamt|2811.0
2020|01003|Lübeck, kreisfreie Stadt, Hansestadt|männlich|1390.0
2020|01003|Lübeck, kreisfreie Stadt, Hansestadt|weiblich|1421.0
2020|01004|Neumünster, kreisfreie Stadt|Insgesamt|1093.0
2020|01004|Neumünster, kreisfreie Stadt|männlich|553.0
2020|01004|Neumünster, kreisfreie Stadt|weiblich|540.0
2020|01051|Dithmarschen, Kreis|Insgesamt|1766.0
2020|01051|Dithmarschen, Kreis|männlich|909.0
2020|01051|Dithmarschen, Kreis|weiblich|857.0
2020|01053|Herzogtum Lauenburg, Kreis|Insgesamt|2352.0
2020|01053|Herzogtum Lauenburg, Kreis|männlich|1156.0
2020|01053|Herzogtum Lauenburg, Kreis|weiblich|1196.0
2020|01054|Nordfriesland, Kreis|Insgesamt|2062.0
2020|01054|Nordfriesland, Kreis|männlich|1048.0
2020|01054|Nordfriesland, Kreis|weiblich|1014.0
2020|01055|Ostholstein, Kreis|Insgesamt|2934.0
2020|01055|Ostholstein, Kreis|männlich|1484.0
2020|01055|Ostholstein, Kreis|weiblich|1450.0
2020|01056|Pinneberg, Kreis|Insgesamt|3629.0
2020|01056|Pinneberg, Kreis|männlich|1826.0
2020|01056|Pinneberg, Kreis|weiblich|1803.0
2020|01057|Plön, Kreis|Insgesamt|1597.0
2020|01057|Plön, Kreis|männlich|819.0
2020|01057|Plön, Kreis|weiblich|778.0
2020|01058|Rendsburg-Eckernförde, Kreis|Insgesamt|3266.0
2020|01058|Rendsburg-Eckernförde, Kreis|männlich|1653.0
2020|01058|Rendsburg-Eckernförde, Kreis|weiblich|1613.0
2020|01059|Schleswig-Flensburg, Kreis|Insgesamt|2452.0
2020|01059|Schleswig-Flensburg, Kreis|männlich|1200.0
2020|01059|Schleswig-Flensburg, Kreis|weiblich|1252.0
2020|01060|Segeberg, Kreis|Insgesamt|2994.0
2020|01060|Segeberg, Kreis|männlich|1544.0
2020|01060|Segeberg, Kreis|weiblich|1450.0
2020|01061|Steinburg, Kreis|Insgesamt|1665.0
2020|01061|Steinburg, Kreis|männlich|878.0
2020|01061|Steinburg, Kreis|weiblich|787.0
2020|01062|Stormarn, Kreis|Insgesamt|2932.0
2020|01062|Stormarn, Kreis|männlich|1425.0
2020|01062|Stormarn, Kreis|weiblich|1507.0
2020|02000|Hamburg, kreisfreie Stadt, Freie und Hansestadt|Insgesamt|18308.0
2020|02000|Hamburg, kreisfreie Stadt, Freie und Hansestadt|männlich|9014.0
2020|02000|Hamburg, kreisfreie Stadt, Freie und Hansestadt|weiblich|9294.0
2020|03101|Braunschweig, kreisfreie Stadt|Insgesamt|2893.0
2020|03101|Braunschweig, kreisfreie Stadt|männlich|1439.0
2020|03101|Braunschweig, kreisfreie Stadt|weiblich|1454.0
2020|03102|Salzgitter, kreisfreie Stadt|Insgesamt|1467.0
2020|03102|Salzgitter, kreisfreie Stadt|männlich|728.0
2020|03102|Salzgitter, kreisfreie Stadt|weiblich|739.0
2020|03103|Wolfsburg, kreisfreie Stadt|Insgesamt|1545.0
2020|03103|Wolfsburg, kreisfreie Stadt|männlich|774.0
2020|03103|Wolfsburg, kreisfreie Stadt|weiblich|771.0
2020|03151|Gifhorn, Landkreis|Insgesamt|1849.0
2020|03151|Gifhorn, Landkreis|männlich|959.0
2020|03151|Gifhorn, Landkreis|weiblich|890.0
2020|03153|Goslar, Landkreis|Insgesamt|2223.0
2020|03153|Goslar, Landkreis|männlich|1090.0
2020|03153|Goslar, Landkreis|weiblich|1133.0
2020|03154|Helmstedt, Landkreis|Insgesamt|1277.0
2020|03154|Helmstedt, Landkreis|männlich|643.0
2020|03154|Helmstedt, Landkreis|weiblich|634.0
2020|03155|Northeim, Landkreis|Insgesamt|1924.0
2020|03155|Northeim, Landkreis|männlich|962.0
2020|03155|Northeim, Landkreis|weiblich|962.0
2020|03157|Peine, Landkreis|Insgesamt|1668.0
2020|03157|Peine, Landkreis|männlich|843.0
2020|03157|Peine, Landkreis|weiblich|825.0
2020|03158|Wolfenbüttel, Landkreis|Insgesamt|1541.0
2020|03158|Wolfenbüttel, Landkreis|männlich|756.0
2020|03158|Wolfenbüttel, Landkreis|weiblich|785.0
2020|03159|Göttingen, Landkreis|Insgesamt|3970.0
2020|03159|Göttingen, Landkreis|männlich|1930.0
2020|03159|Göttingen, Landkreis|weiblich|2040.0
2020|03241|Region Hannover, Landkreis|Insgesamt|13241.0
2020|03241|Region Hannover, Landkreis|männlich|6682.0
2020|03241|Region Hannover, Landkreis|weiblich|6559.0
2020|03241001|Hannover, Landeshauptstadt|Insgesamt|5675.0
2020|03241001|Hannover, Landeshauptstadt|männlich|2855.0
2020|03241001|Hannover, Landeshauptstadt|weiblich|2820.0
2020|03251|Diepholz, Landkreis|Insgesamt|2689.0
2020|03251|Diepholz, Landkreis|männlich|1382.0
2020|03251|Diepholz, Landkreis|weiblich|1307.0
2020|03252|Hameln-Pyrmont, Landkreis|Insgesamt|2143.0
2020|03252|Hameln-Pyrmont, Landkreis|männlich|1077.0
2020|03252|Hameln-Pyrmont, Landkreis|weiblich|1066.0
2020|03254|Hildesheim, Landkreis|Insgesamt|3694.0
2020|03254|Hildesheim, Landkreis|männlich|1847.0
2020|03254|Hildesheim, Landkreis|weiblich|1847.0
2020|03255|Holzminden, Landkreis|Insgesamt|1100.0
2020|03255|Holzminden, Landkreis|männlich|536.0
2020|03255|Holzminden, Landkreis|weiblich|564.0
2020|03256|Nienburg (Weser), Landkreis|Insgesamt|1649.0
2020|03256|Nienburg (Weser), Landkreis|männlich|846.0
2020|03256|Nienburg (Weser), Landkreis|weiblich|803.0
2020|03257|Schaumburg, Landkreis|Insgesamt|2111.0
2020|03257|Schaumburg, Landkreis|männlich|995.0
2020|03257|Schaumburg, Landkreis|weiblich|1116.0
2020|03351|Celle, Landkreis|Insgesamt|2347.0
2020|03351|Celle, Landkreis|männlich|1208.0
2020|03351|Celle, Landkreis|weiblich|1139.0
2020|03352|Cuxhaven, Landkreis|Insgesamt|2781.0
2020|03352|Cuxhaven, Landkreis|männlich|1369.0
2020|03352|Cuxhaven, Landkreis|weiblich|1412.0
2020|03353|Harburg, Landkreis|Insgesamt|2809.0
2020|03353|Harburg, Landkreis|männlich|1417.0
2020|03353|Harburg, Landkreis|weiblich|1392.0
2020|03354|Lüchow-Dannenberg, Landkreis|Insgesamt|751.0
2020|03354|Lüchow-Dannenberg, Landkreis|männlich|401.0
2020|03354|Lüchow-Dannenberg, Landkreis|weiblich|350.0
2020|03355|Lüneburg, Landkreis|Insgesamt|1956.0
2020|03355|Lüneburg, Landkreis|männlich|978.0
2020|03355|Lüneburg, Landkreis|weiblich|978.0
2020|03356|Osterholz, Landkreis|Insgesamt|1397.0
2020|03356|Osterholz, Landkreis|männlich|722.0
2020|03356|Osterholz, Landkreis|weiblich|675.0
2020|03357|Rotenburg (Wümme), Landkreis|Insgesamt|1879.0
2020|03357|Rotenburg (Wümme), Landkreis|männlich|963.0
2020|03357|Rotenburg (Wümme), Landkreis|weiblich|916.0
2020|03358|Heidekreis|Insgesamt|1789.0
2020|03358|Heidekreis|männlich|909.0
2020|03358|Heidekreis|weiblich|880.0
2020|03359|Stade, Landkreis|Insgesamt|2415.0
2020|03359|Stade, Landkreis|männlich|1229.0
2020|03359|Stade, Landkreis|weiblich|1186.0
2020|03360|Uelzen, Landkreis|Insgesamt|1330.0
2020|03360|Uelzen, Landkreis|männlich|658.0
2020|03360|Uelzen, Landkreis|weiblich|672.0
2020|03361|Verden, Landkreis|Insgesamt|1619.0
2020|03361|Verden, Landkreis|männlich|766.0
2020|03361|Verden, Landkreis|weiblich|853.0
2020|03401|Delmenhorst, kreisfreie Stadt|Insgesamt|881.0
2020|03401|Delmenhorst, kreisfreie Stadt|männlich|499.0
2020|03401|Delmenhorst, kreisfreie Stadt|weiblich|382.0
2020|03402|Emden, kreisfreie Stadt|Insgesamt|613.0
2020|03402|Emden, kreisfreie Stadt|männlich|311.0
2020|03402|Emden, kreisfreie Stadt|weiblich|302.0
2020|03403|Oldenburg (Oldenburg), kreisfreie Stadt|Insgesamt|1666.0
2020|03403|Oldenburg (Oldenburg), kreisfreie Stadt|männlich|827.0
2020|03403|Oldenburg (Oldenburg), kreisfreie Stadt|weiblich|839.0
2020|03404|Osnabrück, kreisfreie Stadt|Insgesamt|1670.0
2020|03404|Osnabrück, kreisfreie Stadt|männlich|825.0
2020|03404|Osnabrück, kreisfreie Stadt|weiblich|845.0
2020|03405|Wilhelmshaven, kreisfreie Stadt|Insgesamt|1165.0
2020|03405|Wilhelmshaven, kreisfreie Stadt|männlich|583.0
2020|03405|Wilhelmshaven, kreisfreie Stadt|weiblich|582.0
2020|03451|Ammerland, Landkreis|Insgesamt|1434.0
2020|03451|Ammerland, Landkreis|männlich|719.0
2020|03451|Ammerland, Landkreis|weiblich|715.0
2020|03452|Aurich, Landkreis|Insgesamt|2420.0
2020|03452|Aurich, Landkreis|männlich|1208.0
2020|03452|Aurich, Landkreis|weiblich|1212.0
2020|03453|Cloppenburg, Landkreis|Insgesamt|1739.0
2020|03453|Cloppenburg, Landkreis|männlich|897.0
2020|03453|Cloppenburg, Landkreis|weiblich|842.0
2020|03454|Emsland, Landkreis|Insgesamt|3424.0
2020|03454|Emsland, Landkreis|männlich|1762.0
2020|03454|Emsland, Landkreis|weiblich|1662.0
2020|03455|Friesland, Landkreis|Insgesamt|1309.0
2020|03455|Friesland, Landkreis|männlich|685.0
2020|03455|Friesland, Landkreis|weiblich|624.0
2020|03456|Grafschaft Bentheim, Landkreis|Insgesamt|1496.0
2020|03456|Grafschaft Bentheim, Landkreis|männlich|762.0
2020|03456|Grafschaft Bentheim, Landkreis|weiblich|734.0
2020|03457|Leer, Landkreis|Insgesamt|2006.0
2020|03457|Leer, Landkreis|männlich|1052.0
2020|03457|Leer, Landkreis|weiblich|954.0
2020|03458|Oldenburg, Landkreis|Insgesamt|1564.0
2020|03458|Oldenburg, Landkreis|männlich|788.0
2020|03458|Oldenburg, Landkreis|weiblich|776.0
2020|03459|Osnabrück, Landkreis|Insgesamt|4147.0
2020|03459|Osnabrück, Landkreis|männlich|2072.0
2020|03459|Osnabrück, Landkreis|weiblich|2075.0
2020|03460|Vechta, Landkreis|Insgesamt|1367.0
2020|03460|Vechta, Landkreis|männlich|722.0
2020|03460|Vechta, Landkreis|weiblich|645.0
2020|03461|Wesermarsch, Landkreis|Insgesamt|1226.0
2020|03461|Wesermarsch, Landkreis|männlich|630.0
2020|03461|Wesermarsch, Landkreis|weiblich|596.0
2020|03462|Wittmund, Landkreis|Insgesamt|796.0
2020|03462|Wittmund, Landkreis|männlich|371.0
2020|03462|Wittmund, Landkreis|weiblich|425.0
2020|04011|Bremen, kreisfreie Stadt|Insgesamt|6642.0
2020|04011|Bremen, kreisfreie Stadt|männlich|3297.0
2020|04011|Bremen, kreisfreie Stadt|weiblich|3345.0
2020|04012|Bremerhaven, kreisfreie Stadt|Insgesamt|1509.0
2020|04012|Bremerhaven, kreisfreie Stadt|männlich|790.0
2020|04012|Bremerhaven, kreisfreie Stadt|weiblich|719.0
2020|05111|Düsseldorf, kreisfreie Stadt|Insgesamt|6266.0
2020|05111|Düsseldorf, kreisfreie Stadt|männlich|3084.0
2020|05111|Düsseldorf, kreisfreie Stadt|weiblich|3182.0
2020|05112|Duisburg, kreisfreie Stadt|Insgesamt|6527.0
2020|05112|Duisburg, kreisfreie Stadt|männlich|3231.0
2020|05112|Duisburg, kreisfreie Stadt|weiblich|3296.0
2020|05113|Essen, kreisfreie Stadt|Insgesamt|7544.0
2020|05113|Essen, kreisfreie Stadt|männlich|3649.0
2020|05113|Essen, kreisfreie Stadt|weiblich|3895.0
2020|05114|Krefeld, kreisfreie Stadt|Insgesamt|2887.0
2020|05114|Krefeld, kreisfreie Stadt|männlich|1486.0
2020|05114|Krefeld, kreisfreie Stadt|weiblich|1401.0
2020|05116|Mönchengladbach, kreisfreie Stadt|Insgesamt|3361.0
2020|05116|Mönchengladbach, kreisfreie Stadt|männlich|1646.0
2020|05116|Mönchengladbach, kreisfreie Stadt|weiblich|1715.0
2020|05117|Mülheim an der Ruhr, kreisfreie Stadt|Insgesamt|2282.0
2020|05117|Mülheim an der Ruhr, kreisfreie Stadt|männlich|1153.0
2020|05117|Mülheim an der Ruhr, kreisfreie Stadt|weiblich|1129.0
2020|05119|Oberhausen, kreisfreie Stadt|Insgesamt|2803.0
2020|05119|Oberhausen, kreisfreie Stadt|männlich|1396.0
2020|05119|Oberhausen, kreisfreie Stadt|weiblich|1407.0
2020|05120|Remscheid, kreisfreie Stadt|Insgesamt|1487.0
2020|05120|Remscheid, kreisfreie Stadt|männlich|699.0
2020|05120|Remscheid, kreisfreie Stadt|weiblich|788.0
2020|05122|Solingen, kreisfreie Stadt|Insgesamt|2158.0
2020|05122|Solingen, kreisfreie Stadt|männlich|1080.0
2020|05122|Solingen, kreisfreie Stadt|weiblich|1078.0
2020|05124|Wuppertal, kreisfreie Stadt|Insgesamt|4513.0
2020|05124|Wuppertal, kreisfreie Stadt|männlich|2184.0
2020|05124|Wuppertal, kreisfreie Stadt|weiblich|2329.0
2020|05154|Kleve, Kreis|Insgesamt|3695.0
2020|05154|Kleve, Kreis|männlich|1870.0
2020|05154|Kleve, Kreis|weiblich|1825.0
2020|05158|Mettmann, Kreis|Insgesamt|6467.0
2020|05158|Mettmann, Kreis|männlich|3183.0
2020|05158|Mettmann, Kreis|weiblich|3284.0
2020|05162|Rhein-Kreis Neuss|Insgesamt|5301.0
2020|05162|Rhein-Kreis Neuss|männlich|2647.0
2020|05162|Rhein-Kreis Neuss|weiblich|2654.0
2020|05166|Viersen, Kreis|Insgesamt|3628.0
2020|05166|Viersen, Kreis|männlich|1772.0
2020|05166|Viersen, Kreis|weiblich|1856.0
2020|05170|Wesel, Kreis|Insgesamt|6102.0
2020|05170|Wesel, Kreis|männlich|3031.0
2020|05170|Wesel, Kreis|weiblich|3071.0
2020|05314|Bonn, kreisfreie Stadt|Insgesamt|3008.0
2020|05314|Bonn, kreisfreie Stadt|männlich|1398.0
2020|05314|Bonn, kreisfreie Stadt|weiblich|1610.0
2020|05315|Köln, kreisfreie Stadt|Insgesamt|10238.0
2020|05315|Köln, kreisfreie Stadt|männlich|5215.0
2020|05315|Köln, kreisfreie Stadt|weiblich|5023.0
2020|05316|Leverkusen, kreisfreie Stadt|Insgesamt|1813.0
2020|05316|Leverkusen, kreisfreie Stadt|männlich|913.0
2020|05316|Leverkusen, kreisfreie Stadt|weiblich|900.0
2020|05334|Städteregion Aachen, Kreis|Insgesamt|6220.0
2020|05334|Städteregion Aachen, Kreis|männlich|3059.0
2020|05334|Städteregion Aachen, Kreis|weiblich|3161.0
2020|05334002|Aachen, kreisfreie Stadt|Insgesamt|2481.0
2020|05334002|Aachen, kreisfreie Stadt|männlich|1228.0
2020|05334002|Aachen, kreisfreie Stadt|weiblich|1253.0
2020|05358|Düren, Kreis|Insgesamt|3397.0
2020|05358|Düren, Kreis|männlich|1727.0
2020|05358|Düren, Kreis|weiblich|1670.0
2020|05362|Rhein-Erft-Kreis|Insgesamt|5436.0
2020|05362|Rhein-Erft-Kreis|männlich|2689.0
2020|05362|Rhein-Erft-Kreis|weiblich|2747.0
2020|05366|Euskirchen, Kreis|Insgesamt|2514.0
2020|05366|Euskirchen, Kreis|männlich|1278.0
2020|05366|Euskirchen, Kreis|weiblich|1236.0
2020|05370|Heinsberg, Kreis|Insgesamt|3005.0
2020|05370|Heinsberg, Kreis|männlich|1491.0
2020|05370|Heinsberg, Kreis|weiblich|1514.0
2020|05374|Oberbergischer Kreis|Insgesamt|3406.0
2020|05374|Oberbergischer Kreis|männlich|1675.0
2020|05374|Oberbergischer Kreis|weiblich|1731.0
2020|05378|Rheinisch-Bergischer Kreis|Insgesamt|3596.0
2020|05378|Rheinisch-Bergischer Kreis|männlich|1742.0
2020|05378|Rheinisch-Bergischer Kreis|weiblich|1854.0
2020|05382|Rhein-Sieg-Kreis|Insgesamt|6637.0
2020|05382|Rhein-Sieg-Kreis|männlich|3371.0
2020|05382|Rhein-Sieg-Kreis|weiblich|3266.0
2020|05512|Bottrop, kreisfreie Stadt|Insgesamt|1584.0
2020|05512|Bottrop, kreisfreie Stadt|männlich|784.0
2020|05512|Bottrop, kreisfreie Stadt|weiblich|800.0
2020|05513|Gelsenkirchen, kreisfreie Stadt|Insgesamt|3629.0
2020|05513|Gelsenkirchen, kreisfreie Stadt|männlich|1776.0
2020|05513|Gelsenkirchen, kreisfreie Stadt|weiblich|1853.0
2020|05515|Münster, kreisfreie Stadt|Insgesamt|2730.0
2020|05515|Münster, kreisfreie Stadt|männlich|1330.0
2020|05515|Münster, kreisfreie Stadt|weiblich|1400.0
2020|05554|Borken, Kreis|Insgesamt|4060.0
2020|05554|Borken, Kreis|männlich|2062.0
2020|05554|Borken, Kreis|weiblich|1998.0
2020|05558|Coesfeld, Kreis|Insgesamt|2303.0
2020|05558|Coesfeld, Kreis|männlich|1071.0
2020|05558|Coesfeld, Kreis|weiblich|1232.0
2020|05562|Recklinghausen, Kreis|Insgesamt|8422.0
2020|05562|Recklinghausen, Kreis|männlich|4090.0
2020|05562|Recklinghausen, Kreis|weiblich|4332.0
2020|05566|Steinfurt, Kreis|Insgesamt|4737.0
2020|05566|Steinfurt, Kreis|männlich|2404.0
2020|05566|Steinfurt, Kreis|weiblich|2333.0
2020|05570|Warendorf, Kreis|Insgesamt|3117.0
2020|05570|Warendorf, Kreis|männlich|1528.0
2020|05570|Warendorf, Kreis|weiblich|1589.0
2020|05711|Bielefeld, kreisfreie Stadt|Insgesamt|3684.0
2020|05711|Bielefeld, kreisfreie Stadt|männlich|1767.0
2020|05711|Bielefeld, kreisfreie Stadt|weiblich|1917.0
2020|05754|Gütersloh, Kreis|Insgesamt|3866.0
2020|05754|Gütersloh, Kreis|männlich|1955.0
2020|05754|Gütersloh, Kreis|weiblich|1911.0
2020|05758|Herford, Kreis|Insgesamt|3105.0
2020|05758|Herford, Kreis|männlich|1479.0
2020|05758|Herford, Kreis|weiblich|1626.0
2020|05762|Höxter, Kreis|Insgesamt|1744.0
2020|05762|Höxter, Kreis|männlich|886.0
2020|05762|Höxter, Kreis|weiblich|858.0
2020|05766|Lippe, Kreis|Insgesamt|4444.0
2020|05766|Lippe, Kreis|männlich|2186.0
2020|05766|Lippe, Kreis|weiblich|2258.0
2020|05770|Minden-Lübbecke, Kreis|Insgesamt|3789.0
2020|05770|Minden-Lübbecke, Kreis|männlich|1910.0
2020|05770|Minden-Lübbecke, Kreis|weiblich|1879.0
2020|05774|Paderborn, Kreis|Insgesamt|2991.0
2020|05774|Paderborn, Kreis|männlich|1462.0
2020|05774|Paderborn, Kreis|weiblich|1529.0
2020|05911|Bochum, kreisfreie Stadt|Insgesamt|4456.0
2020|05911|Bochum, kreisfreie Stadt|männlich|2168.0
2020|05911|Bochum, kreisfreie Stadt|weiblich|2288.0
2020|05913|Dortmund, kreisfreie Stadt|Insgesamt|7110.0
2020|05913|Dortmund, kreisfreie Stadt|männlich|3555.0
2020|05913|Dortmund, kreisfreie Stadt|weiblich|3555.0
2020|05914|Hagen, kreisfreie Stadt|Insgesamt|2765.0
2020|05914|Hagen, kreisfreie Stadt|männlich|1329.0
2020|05914|Hagen, kreisfreie Stadt|weiblich|1436.0
2020|05915|Hamm, kreisfreie Stadt|Insgesamt|2224.0
2020|05915|Hamm, kreisfreie Stadt|männlich|1092.0
2020|05915|Hamm, kreisfreie Stadt|weiblich|1132.0
2020|05916|Herne, kreisfreie Stadt|Insgesamt|2311.0
2020|05916|Herne, kreisfreie Stadt|männlich|1150.0
2020|05916|Herne, kreisfreie Stadt|weiblich|1161.0
2020|05954|Ennepe-Ruhr-Kreis|Insgesamt|4400.0
2020|05954|Ennepe-Ruhr-Kreis|männlich|2125.0
2020|05954|Ennepe-Ruhr-Kreis|weiblich|2275.0
2020|05958|Hochsauerlandkreis|Insgesamt|3143.0
2020|05958|Hochsauerlandkreis|männlich|1589.0
2020|05958|Hochsauerlandkreis|weiblich|1554.0
2020|05962|Märkischer Kreis|Insgesamt|5331.0
2020|05962|Märkischer Kreis|männlich|2684.0
2020|05962|Märkischer Kreis|weiblich|2647.0
2020|05966|Olpe, Kreis|Insgesamt|1608.0
2020|05966|Olpe, Kreis|männlich|801.0
2020|05966|Olpe, Kreis|weiblich|807.0
2020|05970|Siegen-Wittgenstein, Kreis|Insgesamt|3535.0
2020|05970|Siegen-Wittgenstein, Kreis|männlich|1740.0
2020|05970|Siegen-Wittgenstein, Kreis|weiblich|1795.0
2020|05974|Soest, Kreis|Insgesamt|3600.0
2020|05974|Soest, Kreis|männlich|1777.0
2020|05974|Soest, Kreis|weiblich|1823.0
2020|05978|Unna, Kreis|Insgesamt|5334.0
2020|05978|Unna, Kreis|männlich|2591.0
2020|05978|Unna, Kreis|weiblich|2743.0
2020|06411|Darmstadt, kreisfreie Stadt, Wissenschaftsstadt|Insgesamt|1429.0
2020|06411|Darmstadt, kreisfreie Stadt, Wissenschaftsstadt|männlich|690.0
2020|06411|Darmstadt, kreisfreie Stadt, Wissenschaftsstadt|weiblich|739.0
2020|06412|Frankfurt am Main, kreisfreie Stadt|Insgesamt|6056.0
2020|06412|Frankfurt am Main, kreisfreie Stadt|männlich|3071.0
2020|06412|Frankfurt am Main, kreisfreie Stadt|weiblich|2985.0
2020|06413|Offenbach am Main, kreisfreie Stadt|Insgesamt|1177.0
2020|06413|Offenbach am Main, kreisfreie Stadt|männlich|605.0
2020|06413|Offenbach am Main, kreisfreie Stadt|weiblich|572.0
2020|06414|Wiesbaden, kreisfreie Stadt, Landeshauptstadt|Insgesamt|2957.0
2020|06414|Wiesbaden, kreisfreie Stadt, Landeshauptstadt|männlich|1455.0
2020|06414|Wiesbaden, kreisfreie Stadt, Landeshauptstadt|weiblich|1502.0
2020|06431|Bergstraße, Landkreis|Insgesamt|3298.0
2020|06431|Bergstraße, Landkreis|männlich|1614.0
2020|06431|Bergstraße, Landkreis|weiblich|1684.0
2020|06432|Darmstadt-Dieburg, Landkreis|Insgesamt|3181.0
2020|06432|Darmstadt-Dieburg, Landkreis|männlich|1630.0
2020|06432|Darmstadt-Dieburg, Landkreis|weiblich|1551.0
2020|06433|Groß-Gerau, Landkreis|Insgesamt|2815.0
2020|06433|Groß-Gerau, Landkreis|männlich|1453.0
2020|06433|Groß-Gerau, Landkreis|weiblich|1362.0
2020|06434|Hochtaunuskreis|Insgesamt|2714.0
2020|06434|Hochtaunuskreis|männlich|1329.0
2020|06434|Hochtaunuskreis|weiblich|1385.0
2020|06435|Main-Kinzig-Kreis|Insgesamt|4788.0
2020|06435|Main-Kinzig-Kreis|männlich|2456.0
2020|06435|Main-Kinzig-Kreis|weiblich|2332.0
2020|06436|Main-Taunus-Kreis|Insgesamt|2442.0
2020|06436|Main-Taunus-Kreis|männlich|1227.0
2020|06436|Main-Taunus-Kreis|weiblich|1215.0
2020|06437|Odenwaldkreis|Insgesamt|1342.0
2020|06437|Odenwaldkreis|männlich|650.0
2020|06437|Odenwaldkreis|weiblich|692.0
2020|06438|Offenbach, Landkreis|Insgesamt|3886.0
2020|06438|Offenbach, Landkreis|männlich|1954.0
2020|06438|Offenbach, Landkreis|weiblich|1932.0
2020|06439|Rheingau-Taunus-Kreis|Insgesamt|2124.0
2020|06439|Rheingau-Taunus-Kreis|männlich|1075.0
2020|06439|Rheingau-Taunus-Kreis|weiblich|1049.0
2020|06440|Wetteraukreis|Insgesamt|3601.0
2020|06440|Wetteraukreis|männlich|1747.0
2020|06440|Wetteraukreis|weiblich|1854.0
2020|06531|Gießen, Landkreis|Insgesamt|2931.0
2020|06531|Gießen, Landkreis|männlich|1437.0
2020|06531|Gießen, Landkreis|weiblich|1494.0
2020|06532|Lahn-Dill-Kreis|Insgesamt|3167.0
2020|06532|Lahn-Dill-Kreis|männlich|1561.0
2020|06532|Lahn-Dill-Kreis|weiblich|1606.0
2020|06533|Limburg-Weilburg, Landkreis|Insgesamt|2168.0
2020|06533|Limburg-Weilburg, Landkreis|männlich|1046.0
2020|06533|Limburg-Weilburg, Landkreis|weiblich|1122.0
2020|06534|Marburg-Biedenkopf, Landkreis|Insgesamt|2718.0
2020|06534|Marburg-Biedenkopf, Landkreis|männlich|1409.0
2020|06534|Marburg-Biedenkopf, Landkreis|weiblich|1309.0
2020|06535|Vogelsbergkreis|Insgesamt|1484.0
2020|06535|Vogelsbergkreis|männlich|792.0
2020|06535|Vogelsbergkreis|weiblich|692.0
2020|06611|Kassel, kreisfreie Stadt, documenta-Stadt|Insgesamt|2113.0
2020|06611|Kassel, kreisfreie Stadt, documenta-Stadt|männlich|1021.0
2020|06611|Kassel, kreisfreie Stadt, documenta-Stadt|weiblich|1092.0
2020|06631|Fulda, Landkreis|Insgesamt|2506.0
2020|06631|Fulda, Landkreis|männlich|1244.0
2020|06631|Fulda, Landkreis|weiblich|1262.0
2020|06632|Hersfeld-Rotenburg, Landkreis|Insgesamt|1672.0
2020|06632|Hersfeld-Rotenburg, Landkreis|männlich|839.0
2020|06632|Hersfeld-Rotenburg, Landkreis|weiblich|833.0
2020|06633|Kassel, Landkreis|Insgesamt|3202.0
2020|06633|Kassel, Landkreis|männlich|1554.0
2020|06633|Kassel, Landkreis|weiblich|1648.0
2020|06634|Schwalm-Eder-Kreis|Insgesamt|2514.0
2020|06634|Schwalm-Eder-Kreis|männlich|1267.0
2020|06634|Schwalm-Eder-Kreis|weiblich|1247.0
2020|06635|Waldeck-Frankenberg, Landkreis|Insgesamt|2132.0
2020|06635|Waldeck-Frankenberg, Landkreis|männlich|1063.0
2020|06635|Waldeck-Frankenberg, Landkreis|weiblich|1069.0
2020|06636|Werra-Meißner-Kreis|Insgesamt|1634.0
2020|06636|Werra-Meißner-Kreis|männlich|807.0
2020|06636|Werra-Meißner-Kreis|weiblich|827.0
2020|07111|Koblenz, kreisfreie Stadt|Insgesamt|1414.0
2020|07111|Koblenz, kreisfreie Stadt|männlich|665.0
2020|07111|Koblenz, kreisfreie Stadt|weiblich|749.0
2020|07131|Ahrweiler, Landkreis|Insgesamt|1661.0
2020|07131|Ahrweiler, Landkreis|männlich|828.0
2020|07131|Ahrweiler, Landkreis|weiblich|833.0
2020|07132|Altenkirchen (Westerwald), Landkreis|Insgesamt|1597.0
2020|07132|Altenkirchen (Westerwald), Landkreis|männlich|792.0
2020|07132|Altenkirchen (Westerwald), Landkreis|weiblich|805.0
2020|07133|Bad Kreuznach, Landkreis|Insgesamt|2095.0
2020|07133|Bad Kreuznach, Landkreis|männlich|1040.0
2020|07133|Bad Kreuznach, Landkreis|weiblich|1055.0
2020|07134|Birkenfeld, Landkreis|Insgesamt|1188.0
2020|07134|Birkenfeld, Landkreis|männlich|624.0
2020|07134|Birkenfeld, Landkreis|weiblich|564.0
2020|07135|Cochem-Zell, Landkreis|Insgesamt|818.0
2020|07135|Cochem-Zell, Landkreis|männlich|389.0
2020|07135|Cochem-Zell, Landkreis|weiblich|429.0
2020|07137|Mayen-Koblenz, Landkreis|Insgesamt|2596.0
2020|07137|Mayen-Koblenz, Landkreis|männlich|1306.0
2020|07137|Mayen-Koblenz, Landkreis|weiblich|1290.0
2020|07138|Neuwied, Landkreis|Insgesamt|2346.0
2020|07138|Neuwied, Landkreis|männlich|1108.0
2020|07138|Neuwied, Landkreis|weiblich|1238.0
2020|07140|Rhein-Hunsrück-Kreis|Insgesamt|1302.0
2020|07140|Rhein-Hunsrück-Kreis|männlich|654.0
2020|07140|Rhein-Hunsrück-Kreis|weiblich|648.0
2020|07141|Rhein-Lahn-Kreis|Insgesamt|1626.0
2020|07141|Rhein-Lahn-Kreis|männlich|823.0
2020|07141|Rhein-Lahn-Kreis|weiblich|803.0
2020|07143|Westerwaldkreis|Insgesamt|2334.0
2020|07143|Westerwaldkreis|männlich|1146.0
2020|07143|Westerwaldkreis|weiblich|1188.0
2020|07211|Trier, kreisfreie Stadt|Insgesamt|1104.0
2020|07211|Trier, kreisfreie Stadt|männlich|548.0
2020|07211|Trier, kreisfreie Stadt|weiblich|556.0
2020|07231|Bernkastel-Wittlich, Landkreis|Insgesamt|1425.0
2020|07231|Bernkastel-Wittlich, Landkreis|männlich|712.0
2020|07231|Bernkastel-Wittlich, Landkreis|weiblich|713.0
2020|07232|Eifelkreis Bitburg-Prüm|Insgesamt|1099.0
2020|07232|Eifelkreis Bitburg-Prüm|männlich|524.0
2020|07232|Eifelkreis Bitburg-Prüm|weiblich|575.0
2020|07233|Vulkaneifel, Landkreis|Insgesamt|846.0
2020|07233|Vulkaneifel, Landkreis|männlich|468.0
2020|07233|Vulkaneifel, Landkreis|weiblich|378.0
2020|07235|Trier-Saarburg, Landkreis|Insgesamt|1712.0
2020|07235|Trier-Saarburg, Landkreis|männlich|831.0
2020|07235|Trier-Saarburg, Landkreis|weiblich|881.0
2020|07311|Frankenthal (Pfalz), kreisfreie Stadt|Insgesamt|590.0
2020|07311|Frankenthal (Pfalz), kreisfreie Stadt|männlich|294.0
2020|07311|Frankenthal (Pfalz), kreisfreie Stadt|weiblich|296.0
2020|07312|Kaiserslautern, kreisfreie Stadt|Insgesamt|1198.0
2020|07312|Kaiserslautern, kreisfreie Stadt|männlich|581.0
2020|07312|Kaiserslautern, kreisfreie Stadt|weiblich|617.0
2020|07313|Landau in der Pfalz, kreisfreie Stadt|Insgesamt|491.0
2020|07313|Landau in der Pfalz, kreisfreie Stadt|männlich|251.0
2020|07313|Landau in der Pfalz, kreisfreie Stadt|weiblich|240.0
2020|07314|Ludwigshafen am Rhein, kreisfreie Stadt|Insgesamt|1872.0
2020|07314|Ludwigshafen am Rhein, kreisfreie Stadt|männlich|958.0
2020|07314|Ludwigshafen am Rhein, kreisfreie Stadt|weiblich|914.0
2020|07315|Mainz, kreisfreie Stadt|Insgesamt|1937.0
2020|07315|Mainz, kreisfreie Stadt|männlich|946.0
2020|07315|Mainz, kreisfreie Stadt|weiblich|991.0
2020|07316|Neustadt an der Weinstraße, kreisfreie Stadt|Insgesamt|710.0
2020|07316|Neustadt an der Weinstraße, kreisfreie Stadt|männlich|360.0
2020|07316|Neustadt an der Weinstraße, kreisfreie Stadt|weiblich|350.0
2020|07317|Pirmasens, kreisfreie Stadt|Insgesamt|697.0
2020|07317|Pirmasens, kreisfreie Stadt|männlich|350.0
2020|07317|Pirmasens, kreisfreie Stadt|weiblich|347.0
2020|07318|Speyer, kreisfreie Stadt|Insgesamt|695.0
2020|07318|Speyer, kreisfreie Stadt|männlich|325.0
2020|07318|Speyer, kreisfreie Stadt|weiblich|370.0
2020|07319|Worms, kreisfreie Stadt|Insgesamt|948.0
2020|07319|Worms, kreisfreie Stadt|männlich|472.0
2020|07319|Worms, kreisfreie Stadt|weiblich|476.0
2020|07320|Zweibrücken, kreisfreie Stadt|Insgesamt|423.0
2020|07320|Zweibrücken, kreisfreie Stadt|männlich|193.0
2020|07320|Zweibrücken, kreisfreie Stadt|weiblich|230.0
2020|07331|Alzey-Worms, Landkreis|Insgesamt|1366.0
2020|07331|Alzey-Worms, Landkreis|männlich|693.0
2020|07331|Alzey-Worms, Landkreis|weiblich|673.0
2020|07332|Bad Dürkheim, Landkreis|Insgesamt|1737.0
2020|07332|Bad Dürkheim, Landkreis|männlich|862.0
2020|07332|Bad Dürkheim, Landkreis|weiblich|875.0
2020|07333|Donnersbergkreis|Insgesamt|922.0
2020|07333|Donnersbergkreis|männlich|474.0
2020|07333|Donnersbergkreis|weiblich|448.0
2020|07334|Germersheim, Landkreis|Insgesamt|1447.0
2020|07334|Germersheim, Landkreis|männlich|723.0
2020|07334|Germersheim, Landkreis|weiblich|724.0
2020|07335|Kaiserslautern, Landkreis|Insgesamt|1241.0
2020|07335|Kaiserslautern, Landkreis|männlich|595.0
2020|07335|Kaiserslautern, Landkreis|weiblich|646.0
2020|07336|Kusel, Landkreis|Insgesamt|1025.0
2020|07336|Kusel, Landkreis|männlich|516.0
2020|07336|Kusel, Landkreis|weiblich|509.0
2020|07337|Südliche Weinstraße, Landkreis|Insgesamt|1308.0
2020|07337|Südliche Weinstraße, Landkreis|männlich|633.0
2020|07337|Südliche Weinstraße, Landkreis|weiblich|675.0
2020|07338|Rhein-Pfalz-Kreis|Insgesamt|1919.0
2020|07338|Rhein-Pfalz-Kreis|männlich|956.0
2020|07338|Rhein-Pfalz-Kreis|weiblich|963.0
2020|07339|Mainz-Bingen, Landkreis|Insgesamt|2198.0
2020|07339|Mainz-Bingen, Landkreis|männlich|1082.0
2020|07339|Mainz-Bingen, Landkreis|weiblich|1116.0
2020|07340|Südwestpfalz, Landkreis|Insgesamt|1282.0
2020|07340|Südwestpfalz, Landkreis|männlich|679.0
2020|07340|Südwestpfalz, Landkreis|weiblich|603.0
2020|08111|Stuttgart, Stadtkreis|Insgesamt|5429.0
2020|08111|Stuttgart, Stadtkreis|männlich|2640.0
2020|08111|Stuttgart, Stadtkreis|weiblich|2789.0
2020|08115|Böblingen, Landkreis|Insgesamt|3733.0
2020|08115|Böblingen, Landkreis|männlich|1865.0
2020|08115|Böblingen, Landkreis|weiblich|1868.0
2020|08116|Esslingen, Landkreis|Insgesamt|5500.0
2020|08116|Esslingen, Landkreis|männlich|2680.0
2020|08116|Esslingen, Landkreis|weiblich|2820.0
2020|08117|Göppingen, Landkreis|Insgesamt|2877.0
2020|08117|Göppingen, Landkreis|männlich|1517.0
2020|08117|Göppingen, Landkreis|weiblich|1360.0
2020|08118|Ludwigsburg, Landkreis|Insgesamt|5458.0
2020|08118|Ludwigsburg, Landkreis|männlich|2707.0
2020|08118|Ludwigsburg, Landkreis|weiblich|2751.0
2020|08119|Rems-Murr-Kreis, Landkreis|Insgesamt|4690.0
2020|08119|Rems-Murr-Kreis, Landkreis|männlich|2383.0
2020|08119|Rems-Murr-Kreis, Landkreis|weiblich|2307.0
2020|08121|Heilbronn, Stadtkreis|Insgesamt|1369.0
2020|08121|Heilbronn, Stadtkreis|männlich|661.0
2020|08121|Heilbronn, Stadtkreis|weiblich|708.0
2020|08125|Heilbronn, Landkreis|Insgesamt|3372.0
2020|08125|Heilbronn, Landkreis|männlich|1756.0
2020|08125|Heilbronn, Landkreis|weiblich|1616.0
2020|08126|Hohenlohekreis, Landkreis|Insgesamt|1247.0
2020|08126|Hohenlohekreis, Landkreis|männlich|646.0
2020|08126|Hohenlohekreis, Landkreis|weiblich|601.0
2020|08127|Schwäbisch Hall, Landkreis|Insgesamt|2199.0
2020|08127|Schwäbisch Hall, Landkreis|männlich|1122.0
2020|08127|Schwäbisch Hall, Landkreis|weiblich|1077.0
2020|08128|Main-Tauber-Kreis, Landkreis|Insgesamt|1582.0
2020|08128|Main-Tauber-Kreis, Landkreis|männlich|795.0
2020|08128|Main-Tauber-Kreis, Landkreis|weiblich|787.0
2020|08135|Heidenheim, Landkreis|Insgesamt|1570.0
2020|08135|Heidenheim, Landkreis|männlich|784.0
2020|08135|Heidenheim, Landkreis|weiblich|786.0
2020|08136|Ostalbkreis, Landkreis|Insgesamt|3495.0
2020|08136|Ostalbkreis, Landkreis|männlich|1800.0
2020|08136|Ostalbkreis, Landkreis|weiblich|1695.0
2020|08211|Baden-Baden, Stadtkreis|Insgesamt|720.0
2020|08211|Baden-Baden, Stadtkreis|männlich|342.0
2020|08211|Baden-Baden, Stadtkreis|weiblich|378.0
2020|08212|Karlsruhe, Stadtkreis|Insgesamt|2923.0
2020|08212|Karlsruhe, Stadtkreis|männlich|1448.0
2020|08212|Karlsruhe, Stadtkreis|weiblich|1475.0
2020|08215|Karlsruhe, Landkreis|Insgesamt|4920.0
2020|08215|Karlsruhe, Landkreis|männlich|2489.0
2020|08215|Karlsruhe, Landkreis|weiblich|2431.0
2020|08216|Rastatt, Landkreis|Insgesamt|2591.0
2020|08216|Rastatt, Landkreis|männlich|1285.0
2020|08216|Rastatt, Landkreis|weiblich|1306.0
2020|08221|Heidelberg, Stadtkreis|Insgesamt|1227.0
2020|08221|Heidelberg, Stadtkreis|männlich|610.0
2020|08221|Heidelberg, Stadtkreis|weiblich|617.0
2020|08222|Mannheim, Stadtkreis|Insgesamt|3380.0
2020|08222|Mannheim, Stadtkreis|männlich|1723.0
2020|08222|Mannheim, Stadtkreis|weiblich|1657.0
2020|08225|Neckar-Odenwald-Kreis, Landkreis|Insgesamt|1749.0
2020|08225|Neckar-Odenwald-Kreis, Landkreis|männlich|876.0
2020|08225|Neckar-Odenwald-Kreis, Landkreis|weiblich|873.0
2020|08226|Rhein-Neckar-Kreis, Landkreis|Insgesamt|5993.0
2020|08226|Rhein-Neckar-Kreis, Landkreis|männlich|3008.0
2020|08226|Rhein-Neckar-Kreis, Landkreis|weiblich|2985.0
2020|08231|Pforzheim, Stadtkreis|Insgesamt|1534.0
2020|08231|Pforzheim, Stadtkreis|männlich|742.0
2020|08231|Pforzheim, Stadtkreis|weiblich|792.0
2020|08235|Calw, Landkreis|Insgesamt|1708.0
2020|08235|Calw, Landkreis|männlich|862.0
2020|08235|Calw, Landkreis|weiblich|846.0
2020|08236|Enzkreis, Landkreis|Insgesamt|2286.0
2020|08236|Enzkreis, Landkreis|männlich|1109.0
2020|08236|Enzkreis, Landkreis|weiblich|1177.0
2020|08237|Freudenstadt, Landkreis|Insgesamt|1402.0
2020|08237|Freudenstadt, Landkreis|männlich|708.0
2020|08237|Freudenstadt, Landkreis|weiblich|694.0
2020|08311|Freiburg im Breisgau, Stadtkreis|Insgesamt|1864.0
2020|08311|Freiburg im Breisgau, Stadtkreis|männlich|876.0
2020|08311|Freiburg im Breisgau, Stadtkreis|weiblich|988.0
2020|08315|Breisgau-Hochschwarzwald, Landkreis|Insgesamt|2627.0
2020|08315|Breisgau-Hochschwarzwald, Landkreis|männlich|1290.0
2020|08315|Breisgau-Hochschwarzwald, Landkreis|weiblich|1337.0
2020|08316|Emmendingen, Landkreis|Insgesamt|1774.0
2020|08316|Emmendingen, Landkreis|männlich|866.0
2020|08316|Emmendingen, Landkreis|weiblich|908.0
2020|08317|Ortenaukreis, Landkreis|Insgesamt|4900.0
2020|08317|Ortenaukreis, Landkreis|männlich|2438.0
2020|08317|Ortenaukreis, Landkreis|weiblich|2462.0
2020|08325|Rottweil, Landkreis|Insgesamt|1627.0
2020|08325|Rottweil, Landkreis|männlich|832.0
2020|08325|Rottweil, Landkreis|weiblich|795.0
2020|08326|Schwarzwald-Baar-Kreis, Landkreis|Insgesamt|2489.0
2020|08326|Schwarzwald-Baar-Kreis, Landkreis|männlich|1236.0
2020|08326|Schwarzwald-Baar-Kreis, Landkreis|weiblich|1253.0
2020|08327|Tuttlingen, Landkreis|Insgesamt|1496.0
2020|08327|Tuttlingen, Landkreis|männlich|746.0
2020|08327|Tuttlingen, Landkreis|weiblich|750.0
2020|08335|Konstanz, Landkreis|Insgesamt|3001.0
2020|08335|Konstanz, Landkreis|männlich|1474.0
2020|08335|Konstanz, Landkreis|weiblich|1527.0
2020|08336|Lörrach, Landkreis|Insgesamt|2511.0
2020|08336|Lörrach, Landkreis|männlich|1193.0
2020|08336|Lörrach, Landkreis|weiblich|1318.0
2020|08337|Waldshut, Landkreis|Insgesamt|1979.0
2020|08337|Waldshut, Landkreis|männlich|1014.0
2020|08337|Waldshut, Landkreis|weiblich|965.0
2020|08415|Reutlingen, Landkreis|Insgesamt|3023.0
2020|08415|Reutlingen, Landkreis|männlich|1517.0
2020|08415|Reutlingen, Landkreis|weiblich|1506.0
2020|08416|Tübingen, Landkreis|Insgesamt|1796.0
2020|08416|Tübingen, Landkreis|männlich|852.0
2020|08416|Tübingen, Landkreis|weiblich|944.0
2020|08417|Zollernalbkreis, Landkreis|Insgesamt|2430.0
2020|08417|Zollernalbkreis, Landkreis|männlich|1255.0
2020|08417|Zollernalbkreis, Landkreis|weiblich|1175.0
2020|08421|Ulm, Stadtkreis|Insgesamt|1240.0
2020|08421|Ulm, Stadtkreis|männlich|594.0
2020|08421|Ulm, Stadtkreis|weiblich|646.0
2020|08425|Alb-Donau-Kreis, Landkreis|Insgesamt|2022.0
2020|08425|Alb-Donau-Kreis, Landkreis|männlich|972.0
2020|08425|Alb-Donau-Kreis, Landkreis|weiblich|1050.0
2020|08426|Biberach, Landkreis|Insgesamt|1879.0
2020|08426|Biberach, Landkreis|männlich|959.0
2020|08426|Biberach, Landkreis|weiblich|920.0
2020|08435|Bodenseekreis, Landkreis|Insgesamt|2217.0
2020|08435|Bodenseekreis, Landkreis|männlich|1130.0
2020|08435|Bodenseekreis, Landkreis|weiblich|1087.0
2020|08436|Ravensburg, Landkreis|Insgesamt|2811.0
2020|08436|Ravensburg, Landkreis|männlich|1421.0
2020|08436|Ravensburg, Landkreis|weiblich|1390.0
2020|08437|Sigmaringen, Landkreis|Insgesamt|1366.0
2020|08437|Sigmaringen, Landkreis|männlich|678.0
2020|08437|Sigmaringen, Landkreis|weiblich|688.0
2020|09161|Ingolstadt, kreisfreie Stadt|Insgesamt|1371.0
2020|09161|Ingolstadt, kreisfreie Stadt|männlich|702.0
2020|09161|Ingolstadt, kreisfreie Stadt|weiblich|669.0
2020|09162|München, kreisfreie Stadt|Insgesamt|12266.0
2020|09162|München, kreisfreie Stadt|männlich|6082.0
2020|09162|München, kreisfreie Stadt|weiblich|6184.0
2020|09163|Rosenheim, kreisfreie Stadt|Insgesamt|592.0
2020|09163|Rosenheim, kreisfreie Stadt|männlich|291.0
2020|09163|Rosenheim, kreisfreie Stadt|weiblich|301.0
2020|09171|Altötting, Landkreis|Insgesamt|1444.0
2020|09171|Altötting, Landkreis|männlich|734.0
2020|09171|Altötting, Landkreis|weiblich|710.0
2020|09172|Berchtesgadener Land, Landkreis|Insgesamt|1275.0
2020|09172|Berchtesgadener Land, Landkreis|männlich|627.0
2020|09172|Berchtesgadener Land, Landkreis|weiblich|648.0
2020|09173|Bad Tölz-Wolfratshausen, Landkreis|Insgesamt|1326.0
2020|09173|Bad Tölz-Wolfratshausen, Landkreis|männlich|640.0
2020|09173|Bad Tölz-Wolfratshausen, Landkreis|weiblich|686.0
2020|09174|Dachau, Landkreis|Insgesamt|1564.0
2020|09174|Dachau, Landkreis|männlich|792.0
2020|09174|Dachau, Landkreis|weiblich|772.0
2020|09175|Ebersberg, Landkreis|Insgesamt|1326.0
2020|09175|Ebersberg, Landkreis|männlich|662.0
2020|09175|Ebersberg, Landkreis|weiblich|664.0
2020|09176|Eichstätt, Landkreis|Insgesamt|1214.0
2020|09176|Eichstätt, Landkreis|männlich|643.0
2020|09176|Eichstätt, Landkreis|weiblich|571.0
2020|09177|Erding, Landkreis|Insgesamt|1215.0
2020|09177|Erding, Landkreis|männlich|604.0
2020|09177|Erding, Landkreis|weiblich|611.0
2020|09178|Freising, Landkreis|Insgesamt|1405.0
2020|09178|Freising, Landkreis|männlich|732.0
2020|09178|Freising, Landkreis|weiblich|673.0
2020|09179|Fürstenfeldbruck, Landkreis|Insgesamt|2143.0
2020|09179|Fürstenfeldbruck, Landkreis|männlich|1088.0
2020|09179|Fürstenfeldbruck, Landkreis|weiblich|1055.0
2020|09180|Garmisch-Partenkirchen, Landkreis|Insgesamt|1116.0
2020|09180|Garmisch-Partenkirchen, Landkreis|männlich|558.0
2020|09180|Garmisch-Partenkirchen, Landkreis|weiblich|558.0
2020|09181|Landsberg am Lech, Landkreis|Insgesamt|1077.0
2020|09181|Landsberg am Lech, Landkreis|männlich|546.0
2020|09181|Landsberg am Lech, Landkreis|weiblich|531.0
2020|09182|Miesbach, Landkreis|Insgesamt|1127.0
2020|09182|Miesbach, Landkreis|männlich|538.0
2020|09182|Miesbach, Landkreis|weiblich|589.0
2020|09183|Mühldorf a.Inn, Landkreis|Insgesamt|1436.0
2020|09183|Mühldorf a.Inn, Landkreis|männlich|746.0
2020|09183|Mühldorf a.Inn, Landkreis|weiblich|690.0
2020|09184|München, Landkreis|Insgesamt|3320.0
2020|09184|München, Landkreis|männlich|1585.0
2020|09184|München, Landkreis|weiblich|1735.0
2020|09185|Neuburg-Schrobenhausen, Landkreis|Insgesamt|1051.0
2020|09185|Neuburg-Schrobenhausen, Landkreis|männlich|554.0
2020|09185|Neuburg-Schrobenhausen, Landkreis|weiblich|497.0
2020|09186|Pfaffenhofen a.d.Ilm, Landkreis|Insgesamt|1288.0
2020|09186|Pfaffenhofen a.d.Ilm, Landkreis|männlich|662.0
2020|09186|Pfaffenhofen a.d.Ilm, Landkreis|weiblich|626.0
2020|09187|Rosenheim, Landkreis|Insgesamt|3091.0
2020|09187|Rosenheim, Landkreis|männlich|1518.0
2020|09187|Rosenheim, Landkreis|weiblich|1573.0
2020|09188|Starnberg, Landkreis|Insgesamt|1321.0
2020|09188|Starnberg, Landkreis|männlich|641.0
2020|09188|Starnberg, Landkreis|weiblich|680.0
2020|09189|Traunstein, Landkreis|Insgesamt|2161.0
2020|09189|Traunstein, Landkreis|männlich|1067.0
2020|09189|Traunstein, Landkreis|weiblich|1094.0
2020|09190|Weilheim-Schongau, Landkreis|Insgesamt|1448.0
2020|09190|Weilheim-Schongau, Landkreis|männlich|684.0
2020|09190|Weilheim-Schongau, Landkreis|weiblich|764.0
2020|09261|Landshut, kreisfreie Stadt|Insgesamt|868.0
2020|09261|Landshut, kreisfreie Stadt|männlich|398.0
2020|09261|Landshut, kreisfreie Stadt|weiblich|470.0
2020|09262|Passau, kreisfreie Stadt|Insgesamt|656.0
2020|09262|Passau, kreisfreie Stadt|männlich|306.0
2020|09262|Passau, kreisfreie Stadt|weiblich|350.0
2020|09263|Straubing, kreisfreie Stadt|Insgesamt|621.0
2020|09263|Straubing, kreisfreie Stadt|männlich|303.0
2020|09263|Straubing, kreisfreie Stadt|weiblich|318.0
2020|09271|Deggendorf, Landkreis|Insgesamt|1429.0
2020|09271|Deggendorf, Landkreis|männlich|686.0
2020|09271|Deggendorf, Landkreis|weiblich|743.0
2020|09272|Freyung-Grafenau, Landkreis|Insgesamt|1015.0
2020|09272|Freyung-Grafenau, Landkreis|männlich|521.0
2020|09272|Freyung-Grafenau, Landkreis|weiblich|494.0
2020|09273|Kelheim, Landkreis|Insgesamt|1255.0
2020|09273|Kelheim, Landkreis|männlich|662.0
2020|09273|Kelheim, Landkreis|weiblich|593.0
2020|09274|Landshut, Landkreis|Insgesamt|1597.0
2020|09274|Landshut, Landkreis|männlich|791.0
2020|09274|Landshut, Landkreis|weiblich|806.0
2020|09275|Passau, Landkreis|Insgesamt|2264.0
2020|09275|Passau, Landkreis|männlich|1159.0
2020|09275|Passau, Landkreis|weiblich|1105.0
2020|09276|Regen, Landkreis|Insgesamt|1013.0
2020|09276|Regen, Landkreis|männlich|490.0
2020|09276|Regen, Landkreis|weiblich|523.0
2020|09277|Rottal-Inn, Landkreis|Insgesamt|1614.0
2020|09277|Rottal-Inn, Landkreis|männlich|808.0
2020|09277|Rottal-Inn, Landkreis|weiblich|806.0
2020|09278|Straubing-Bogen, Landkreis|Insgesamt|1053.0
2020|09278|Straubing-Bogen, Landkreis|männlich|506.0
2020|09278|Straubing-Bogen, Landkreis|weiblich|547.0
2020|09279|Dingolfing-Landau, Landkreis|Insgesamt|1047.0
2020|09279|Dingolfing-Landau, Landkreis|männlich|576.0
2020|09279|Dingolfing-Landau, Landkreis|weiblich|471.0
2020|09361|Amberg, kreisfreie Stadt|Insgesamt|547.0
2020|09361|Amberg, kreisfreie Stadt|männlich|267.0
2020|09361|Amberg, kreisfreie Stadt|weiblich|280.0
2020|09362|Regensburg, kreisfreie Stadt|Insgesamt|1451.0
2020|09362|Regensburg, kreisfreie Stadt|männlich|693.0
2020|09362|Regensburg, kreisfreie Stadt|weiblich|758.0
2020|09363|Weiden i.d.OPf., kreisfreie Stadt|Insgesamt|624.0
2020|09363|Weiden i.d.OPf., kreisfreie Stadt|männlich|295.0
2020|09363|Weiden i.d.OPf., kreisfreie Stadt|weiblich|329.0
2020|09371|Amberg-Sulzbach, Landkreis|Insgesamt|1340.0
2020|09371|Amberg-Sulzbach, Landkreis|männlich|651.0
2020|09371|Amberg-Sulzbach, Landkreis|weiblich|689.0
2020|09372|Cham, Landkreis|Insgesamt|1562.0
2020|09372|Cham, Landkreis|männlich|778.0
2020|09372|Cham, Landkreis|weiblich|784.0
2020|09373|Neumarkt i.d.OPf., Landkreis|Insgesamt|1487.0
2020|09373|Neumarkt i.d.OPf., Landkreis|männlich|746.0
2020|09373|Neumarkt i.d.OPf., Landkreis|weiblich|741.0
2020|09374|Neustadt a.d.Waldnaab, Landkreis|Insgesamt|1180.0
2020|09374|Neustadt a.d.Waldnaab, Landkreis|männlich|593.0
2020|09374|Neustadt a.d.Waldnaab, Landkreis|weiblich|587.0
2020|09375|Regensburg, Landkreis|Insgesamt|1949.0
2020|09375|Regensburg, Landkreis|männlich|980.0
2020|09375|Regensburg, Landkreis|weiblich|969.0
2020|09376|Schwandorf, Landkreis|Insgesamt|1741.0
2020|09376|Schwandorf, Landkreis|männlich|856.0
2020|09376|Schwandorf, Landkreis|weiblich|885.0
2020|09377|Tirschenreuth, Landkreis|Insgesamt|1153.0
2020|09377|Tirschenreuth, Landkreis|männlich|575.0
2020|09377|Tirschenreuth, Landkreis|weiblich|578.0
2020|09461|Bamberg, kreisfreie Stadt|Insgesamt|846.0
2020|09461|Bamberg, kreisfreie Stadt|männlich|392.0
2020|09461|Bamberg, kreisfreie Stadt|weiblich|454.0
2020|09462|Bayreuth, kreisfreie Stadt|Insgesamt|947.0
2020|09462|Bayreuth, kreisfreie Stadt|männlich|472.0
2020|09462|Bayreuth, kreisfreie Stadt|weiblich|475.0
2020|09463|Coburg, kreisfreie Stadt|Insgesamt|574.0
2020|09463|Coburg, kreisfreie Stadt|männlich|285.0
2020|09463|Coburg, kreisfreie Stadt|weiblich|289.0
2020|09464|Hof, kreisfreie Stadt|Insgesamt|717.0
2020|09464|Hof, kreisfreie Stadt|männlich|318.0
2020|09464|Hof, kreisfreie Stadt|weiblich|399.0
2020|09471|Bamberg, Landkreis|Insgesamt|1559.0
2020|09471|Bamberg, Landkreis|männlich|809.0
2020|09471|Bamberg, Landkreis|weiblich|750.0
2020|09472|Bayreuth, Landkreis|Insgesamt|1361.0
2020|09472|Bayreuth, Landkreis|männlich|662.0
2020|09472|Bayreuth, Landkreis|weiblich|699.0
2020|09473|Coburg, Landkreis|Insgesamt|1243.0
2020|09473|Coburg, Landkreis|männlich|595.0
2020|09473|Coburg, Landkreis|weiblich|648.0
2020|09474|Forchheim, Landkreis|Insgesamt|1225.0
2020|09474|Forchheim, Landkreis|männlich|628.0
2020|09474|Forchheim, Landkreis|weiblich|597.0
2020|09475|Hof, Landkreis|Insgesamt|1495.0
2020|09475|Hof, Landkreis|männlich|739.0
2020|09475|Hof, Landkreis|weiblich|756.0
2020|09476|Kronach, Landkreis|Insgesamt|887.0
2020|09476|Kronach, Landkreis|männlich|451.0
2020|09476|Kronach, Landkreis|weiblich|436.0
2020|09477|Kulmbach, Landkreis|Insgesamt|997.0
2020|09477|Kulmbach, Landkreis|männlich|499.0
2020|09477|Kulmbach, Landkreis|weiblich|498.0
2020|09478|Lichtenfels, Landkreis|Insgesamt|918.0
2020|09478|Lichtenfels, Landkreis|männlich|476.0
2020|09478|Lichtenfels, Landkreis|weiblich|442.0
2020|09479|Wunsiedel i.Fichtelgebirge, Landkreis|Insgesamt|1247.0
2020|09479|Wunsiedel i.Fichtelgebirge, Landkreis|männlich|591.0
2020|09479|Wunsiedel i.Fichtelgebirge, Landkreis|weiblich|656.0
2020|09561|Ansbach, kreisfreie Stadt|Insgesamt|511.0
2020|09561|Ansbach, kreisfreie Stadt|männlich|250.0
2020|09561|Ansbach, kreisfreie Stadt|weiblich|261.0
2020|09562|Erlangen, kreisfreie Stadt|Insgesamt|1127.0
2020|09562|Erlangen, kreisfreie Stadt|männlich|557.0
2020|09562|Erlangen, kreisfreie Stadt|weiblich|570.0
2020|09563|Fürth, kreisfreie Stadt|Insgesamt|1372.0
2020|09563|Fürth, kreisfreie Stadt|männlich|665.0
2020|09563|Fürth, kreisfreie Stadt|weiblich|707.0
2020|09564|Nürnberg, kreisfreie Stadt|Insgesamt|6181.0
2020|09564|Nürnberg, kreisfreie Stadt|männlich|2986.0
2020|09564|Nürnberg, kreisfreie Stadt|weiblich|3195.0
2020|09565|Schwabach, kreisfreie Stadt|Insgesamt|575.0
2020|09565|Schwabach, kreisfreie Stadt|männlich|266.0
2020|09565|Schwabach, kreisfreie Stadt|weiblich|309.0
2020|09571|Ansbach, Landkreis|Insgesamt|2218.0
2020|09571|Ansbach, Landkreis|männlich|1136.0
2020|09571|Ansbach, Landkreis|weiblich|1082.0
2020|09572|Erlangen-Höchstadt, Landkreis|Insgesamt|1369.0
2020|09572|Erlangen-Höchstadt, Landkreis|männlich|702.0
2020|09572|Erlangen-Höchstadt, Landkreis|weiblich|667.0
2020|09573|Fürth, Landkreis|Insgesamt|1424.0
2020|09573|Fürth, Landkreis|männlich|713.0
2020|09573|Fürth, Landkreis|weiblich|711.0
2020|09574|Nürnberger Land, Landkreis|Insgesamt|2075.0
2020|09574|Nürnberger Land, Landkreis|männlich|1084.0
2020|09574|Nürnberger Land, Landkreis|weiblich|991.0
2020|09575|Neustadt a.d.Aisch-Bad Windsheim, Landkreis|Insgesamt|1183.0
2020|09575|Neustadt a.d.Aisch-Bad Windsheim, Landkreis|männlich|589.0
2020|09575|Neustadt a.d.Aisch-Bad Windsheim, Landkreis|weiblich|594.0
2020|09576|Roth, Landkreis|Insgesamt|1408.0
2020|09576|Roth, Landkreis|männlich|731.0
2020|09576|Roth, Landkreis|weiblich|677.0
2020|09577|Weißenburg-Gunzenhausen, Landkreis|Insgesamt|1155.0
2020|09577|Weißenburg-Gunzenhausen, Landkreis|männlich|586.0
2020|09577|Weißenburg-Gunzenhausen, Landkreis|weiblich|569.0
2020|09661|Aschaffenburg, kreisfreie Stadt|Insgesamt|773.0
2020|09661|Aschaffenburg, kreisfreie Stadt|männlich|390.0
2020|09661|Aschaffenburg, kreisfreie Stadt|weiblich|383.0
2020|09662|Schweinfurt, kreisfreie Stadt|Insgesamt|720.0
2020|09662|Schweinfurt, kreisfreie Stadt|männlich|335.0
2020|09662|Schweinfurt, kreisfreie Stadt|weiblich|385.0
2020|09663|Würzburg, kreisfreie Stadt|Insgesamt|1430.0
2020|09663|Würzburg, kreisfreie Stadt|männlich|664.0
2020|09663|Würzburg, kreisfreie Stadt|weiblich|766.0
2020|09671|Aschaffenburg, Landkreis|Insgesamt|1960.0
2020|09671|Aschaffenburg, Landkreis|männlich|950.0
2020|09671|Aschaffenburg, Landkreis|weiblich|1010.0
2020|09672|Bad Kissingen, Landkreis|Insgesamt|1362.0
2020|09672|Bad Kissingen, Landkreis|männlich|665.0
2020|09672|Bad Kissingen, Landkreis|weiblich|697.0
2020|09673|Rhön-Grabfeld, Landkreis|Insgesamt|919.0
2020|09673|Rhön-Grabfeld, Landkreis|männlich|516.0
2020|09673|Rhön-Grabfeld, Landkreis|weiblich|403.0
2020|09674|Haßberge, Landkreis|Insgesamt|903.0
2020|09674|Haßberge, Landkreis|männlich|429.0
2020|09674|Haßberge, Landkreis|weiblich|474.0
2020|09675|Kitzingen, Landkreis|Insgesamt|1050.0
2020|09675|Kitzingen, Landkreis|männlich|592.0
2020|09675|Kitzingen, Landkreis|weiblich|458.0
2020|09676|Miltenberg, Landkreis|Insgesamt|1464.0
2020|09676|Miltenberg, Landkreis|männlich|751.0
2020|09676|Miltenberg, Landkreis|weiblich|713.0
2020|09677|Main-Spessart, Landkreis|Insgesamt|1578.0
2020|09677|Main-Spessart, Landkreis|männlich|793.0
2020|09677|Main-Spessart, Landkreis|weiblich|785.0
2020|09678|Schweinfurt, Landkreis|Insgesamt|1257.0
2020|09678|Schweinfurt, Landkreis|männlich|654.0
2020|09678|Schweinfurt, Landkreis|weiblich|603.0
2020|09679|Würzburg, Landkreis|Insgesamt|1632.0
2020|09679|Würzburg, Landkreis|männlich|810.0
2020|09679|Würzburg, Landkreis|weiblich|822.0
2020|09761|Augsburg, kreisfreie Stadt|Insgesamt|3361.0
2020|09761|Augsburg, kreisfreie Stadt|männlich|1643.0
2020|09761|Augsburg, kreisfreie Stadt|weiblich|1718.0
2020|09762|Kaufbeuren, kreisfreie Stadt|Insgesamt|576.0
2020|09762|Kaufbeuren, kreisfreie Stadt|männlich|274.0
2020|09762|Kaufbeuren, kreisfreie Stadt|weiblich|302.0
2020|09763|Kempten (Allgäu), kreisfreie Stadt|Insgesamt|798.0
2020|09763|Kempten (Allgäu), kreisfreie Stadt|männlich|415.0
2020|09763|Kempten (Allgäu), kreisfreie Stadt|weiblich|383.0
2020|09764|Memmingen, kreisfreie Stadt|Insgesamt|496.0
2020|09764|Memmingen, kreisfreie Stadt|männlich|240.0
2020|09764|Memmingen, kreisfreie Stadt|weiblich|256.0
2020|09771|Aichach-Friedberg, Landkreis|Insgesamt|1323.0
2020|09771|Aichach-Friedberg, Landkreis|männlich|671.0
2020|09771|Aichach-Friedberg, Landkreis|weiblich|652.0
2020|09772|Augsburg, Landkreis|Insgesamt|2603.0
2020|09772|Augsburg, Landkreis|männlich|1318.0
2020|09772|Augsburg, Landkreis|weiblich|1285.0
2020|09773|Dillingen a.d.Donau, Landkreis|Insgesamt|1069.0
2020|09773|Dillingen a.d.Donau, Landkreis|männlich|533.0
2020|09773|Dillingen a.d.Donau, Landkreis|weiblich|536.0
2020|09774|Günzburg, Landkreis|Insgesamt|1332.0
2020|09774|Günzburg, Landkreis|männlich|671.0
2020|09774|Günzburg, Landkreis|weiblich|661.0
2020|09775|Neu-Ulm, Landkreis|Insgesamt|1842.0
2020|09775|Neu-Ulm, Landkreis|männlich|893.0
2020|09775|Neu-Ulm, Landkreis|weiblich|949.0
2020|09776|Lindau (Bodensee), Landkreis|Insgesamt|954.0
2020|09776|Lindau (Bodensee), Landkreis|männlich|474.0
2020|09776|Lindau (Bodensee), Landkreis|weiblich|480.0
2020|09777|Ostallgäu, Landkreis|Insgesamt|1493.0
2020|09777|Ostallgäu, Landkreis|männlich|747.0
2020|09777|Ostallgäu, Landkreis|weiblich|746.0
2020|09778|Unterallgäu, Landkreis|Insgesamt|1635.0
2020|09778|Unterallgäu, Landkreis|männlich|844.0
2020|09778|Unterallgäu, Landkreis|weiblich|791.0
2020|09779|Donau-Ries, Landkreis|Insgesamt|1506.0
2020|09779|Donau-Ries, Landkreis|männlich|763.0
2020|09779|Donau-Ries, Landkreis|weiblich|743.0
2020|09780|Oberallgäu, Landkreis|Insgesamt|1674.0
2020|09780|Oberallgäu, Landkreis|männlich|797.0
2020|09780|Oberallgäu, Landkreis|weiblich|877.0
2020|10041|Saarbrücken, Regionalverband|Insgesamt|4532.0
2020|10041|Saarbrücken, Regionalverband|männlich|2208.0
2020|10041|Saarbrücken, Regionalverband|weiblich|2324.0
2020|10041100|Saarbrücken, Landeshauptstadt|Insgesamt|2315.0
2020|10041100|Saarbrücken, Landeshauptstadt|männlich|1171.0
2020|10041100|Saarbrücken, Landeshauptstadt|weiblich|1144.0
2020|10042|Merzig-Wadern, Landkreis|Insgesamt|1377.0
2020|10042|Merzig-Wadern, Landkreis|männlich|690.0
2020|10042|Merzig-Wadern, Landkreis|weiblich|687.0
2020|10043|Neunkirchen, Landkreis|Insgesamt|1936.0
2020|10043|Neunkirchen, Landkreis|männlich|987.0
2020|10043|Neunkirchen, Landkreis|weiblich|949.0
2020|10044|Saarlouis, Landkreis|Insgesamt|2628.0
2020|10044|Saarlouis, Landkreis|männlich|1310.0
2020|10044|Saarlouis, Landkreis|weiblich|1318.0
2020|10045|Saarpfalz-Kreis|Insgesamt|2008.0
2020|10045|Saarpfalz-Kreis|männlich|1023.0
2020|10045|Saarpfalz-Kreis|weiblich|985.0
2020|10046|St. Wendel, Landkreis|Insgesamt|1303.0
2020|10046|St. Wendel, Landkreis|männlich|686.0
2020|10046|St. Wendel, Landkreis|weiblich|617.0
2020|11000|Berlin, kreisfreie Stadt|Insgesamt|37642.0
2020|11000|Berlin, kreisfreie Stadt|männlich|19044.0
2020|11000|Berlin, kreisfreie Stadt|weiblich|18598.0
2020|11001001|Berlin-Mitte|Insgesamt|
2020|11001001|Berlin-Mitte|männlich|
2020|11001001|Berlin-Mitte|weiblich|
2020|11002002|Berlin-Friedrichshain-Kreuzberg|Insgesamt|
2020|11002002|Berlin-Friedrichshain-Kreuzberg|männlich|
2020|11002002|Berlin-Friedrichshain-Kreuzberg|weiblich|
2020|11003003|Berlin-Pankow|Insgesamt|
2020|11003003|Berlin-Pankow|männlich|
2020|11003003|Berlin-Pankow|weiblich|
2020|11004004|Berlin-Charlottenburg-Wilmersdorf|Insgesamt|
2020|11004004|Berlin-Charlottenburg-Wilmersdorf|männlich|
2020|11004004|Berlin-Charlottenburg-Wilmersdorf|weiblich|
2020|11005005|Berlin-Spandau|Insgesamt|
2020|11005005|Berlin-Spandau|männlich|
2020|11005005|Berlin-Spandau|weiblich|
2020|11006006|Berlin-Steglitz-Zehlendorf|Insgesamt|
2020|11006006|Berlin-Steglitz-Zehlendorf|männlich|
2020|11006006|Berlin-Steglitz-Zehlendorf|weiblich|
2020|11007007|Berlin-Tempelhof-Schöneberg|Insgesamt|
2020|11007007|Berlin-Tempelhof-Schöneberg|männlich|
2020|11007007|Berlin-Tempelhof-Schöneberg|weiblich|
2020|11008008|Berlin-Neukölln|Insgesamt|
2020|11008008|Berlin-Neukölln|männlich|
2020|11008008|Berlin-Neukölln|weiblich|
2020|11009009|Berlin-Treptow-Köpenick|Insgesamt|
2020|11009009|Berlin-Treptow-Köpenick|männlich|
2020|11009009|Berlin-Treptow-Köpenick|weiblich|
2020|11010010|Berlin-Marzahn-Hellersdorf|Insgesamt|
2020|11010010|Berlin-Marzahn-Hellersdorf|männlich|
2020|11010010|Berlin-Marzahn-Hellersdorf|weiblich|
2020|11011011|Berlin-Lichtenberg|Insgesamt|
2020|11011011|Berlin-Lichtenberg|männlich|
2020|11011011|Berlin-Lichtenberg|weiblich|
2020|11012012|Berlin-Reinickendorf|Insgesamt|
2020|11012012|Berlin-Reinickendorf|männlich|
2020|11012012|Berlin-Reinickendorf|weiblich|
2020|12051|Brandenburg an der Havel, kreisfreie Stadt|Insgesamt|1137.0
2020|12051|Brandenburg an der Havel, kreisfreie Stadt|männlich|604.0
2020|12051|Brandenburg an der Havel, kreisfreie Stadt|weiblich|533.0
2020|12052|Cottbus, kreisfreie Stadt|Insgesamt|1438.0
2020|12052|Cottbus, kreisfreie Stadt|männlich|749.0
2020|12052|Cottbus, kreisfreie Stadt|weiblich|689.0
2020|12053|Frankfurt (Oder), kreisfreie Stadt|Insgesamt|796.0
2020|12053|Frankfurt (Oder), kreisfreie Stadt|männlich|413.0
2020|12053|Frankfurt (Oder), kreisfreie Stadt|weiblich|383.0
2020|12054|Potsdam, kreisfreie Stadt|Insgesamt|1948.0
2020|12054|Potsdam, kreisfreie Stadt|männlich|966.0
2020|12054|Potsdam, kreisfreie Stadt|weiblich|982.0
2020|12060|Barnim, Landkreis|Insgesamt|2304.0
2020|12060|Barnim, Landkreis|männlich|1213.0
2020|12060|Barnim, Landkreis|weiblich|1091.0
2020|12061|Dahme-Spreewald, Landkreis|Insgesamt|2189.0
2020|12061|Dahme-Spreewald, Landkreis|männlich|1165.0
2020|12061|Dahme-Spreewald, Landkreis|weiblich|1024.0
2020|12062|Elbe-Elster, Landkreis|Insgesamt|1682.0
2020|12062|Elbe-Elster, Landkreis|männlich|882.0
2020|12062|Elbe-Elster, Landkreis|weiblich|800.0
2020|12063|Havelland, Landkreis|Insgesamt|2017.0
2020|12063|Havelland, Landkreis|männlich|1054.0
2020|12063|Havelland, Landkreis|weiblich|963.0
2020|12064|Märkisch-Oderland, Landkreis|Insgesamt|2650.0
2020|12064|Märkisch-Oderland, Landkreis|männlich|1336.0
2020|12064|Märkisch-Oderland, Landkreis|weiblich|1314.0
2020|12065|Oberhavel, Landkreis|Insgesamt|2578.0
2020|12065|Oberhavel, Landkreis|männlich|1358.0
2020|12065|Oberhavel, Landkreis|weiblich|1220.0
2020|12066|Oberspreewald-Lausitz, Landkreis|Insgesamt|1983.0
2020|12066|Oberspreewald-Lausitz, Landkreis|männlich|1040.0
2020|12066|Oberspreewald-Lausitz, Landkreis|weiblich|943.0
2020|12067|Oder-Spree, Landkreis|Insgesamt|2673.0
2020|12067|Oder-Spree, Landkreis|männlich|1392.0
2020|12067|Oder-Spree, Landkreis|weiblich|1281.0
2020|12068|Ostprignitz-Ruppin, Landkreis|Insgesamt|1451.0
2020|12068|Ostprignitz-Ruppin, Landkreis|männlich|761.0
2020|12068|Ostprignitz-Ruppin, Landkreis|weiblich|690.0
2020|12069|Potsdam-Mittelmark, Landkreis|Insgesamt|2558.0
2020|12069|Potsdam-Mittelmark, Landkreis|männlich|1327.0
2020|12069|Potsdam-Mittelmark, Landkreis|weiblich|1231.0
2020|12070|Prignitz, Landkreis|Insgesamt|1201.0
2020|12070|Prignitz, Landkreis|männlich|626.0
2020|12070|Prignitz, Landkreis|weiblich|575.0
2020|12071|Spree-Neiße, Landkreis|Insgesamt|1935.0
2020|12071|Spree-Neiße, Landkreis|männlich|981.0
2020|12071|Spree-Neiße, Landkreis|weiblich|954.0
2020|12072|Teltow-Fläming, Landkreis|Insgesamt|2180.0
2020|12072|Teltow-Fläming, Landkreis|männlich|1148.0
2020|12072|Teltow-Fläming, Landkreis|weiblich|1032.0
2020|12073|Uckermark, Landkreis|Insgesamt|1913.0
2020|12073|Uckermark, Landkreis|männlich|972.0
2020|12073|Uckermark, Landkreis|weiblich|941.0
2020|13003|Rostock, kreisfreie Stadt|Insgesamt|2533.0
2020|13003|Rostock, kreisfreie Stadt|männlich|1305.0
2020|13003|Rostock, kreisfreie Stadt|weiblich|1228.0
2020|13004|Schwerin, kreisfreie Stadt|Insgesamt|1367.0
2020|13004|Schwerin, kreisfreie Stadt|männlich|640.0
2020|13004|Schwerin, kreisfreie Stadt|weiblich|727.0
2020|13071|Mecklenburgische Seenplatte, Landkreis|Insgesamt|3632.0
2020|13071|Mecklenburgische Seenplatte, Landkreis|männlich|1865.0
2020|13071|Mecklenburgische Seenplatte, Landkreis|weiblich|1767.0
2020|13072|Landkreis Rostock|Insgesamt|2744.0
2020|13072|Landkreis Rostock|männlich|1352.0
2020|13072|Landkreis Rostock|weiblich|1392.0
2020|13073|Vorpommern-Rügen, Landkreis|Insgesamt|3232.0
2020|13073|Vorpommern-Rügen, Landkreis|männlich|1708.0
2020|13073|Vorpommern-Rügen, Landkreis|weiblich|1524.0
2020|13074|Nordwestmecklenburg, Landkreis|Insgesamt|2017.0
2020|13074|Nordwestmecklenburg, Landkreis|männlich|1057.0
2020|13074|Nordwestmecklenburg, Landkreis|weiblich|960.0
2020|13075|Vorpommern-Greifswald, Landkreis|Insgesamt|3484.0
2020|13075|Vorpommern-Greifswald, Landkreis|männlich|1804.0
2020|13075|Vorpommern-Greifswald, Landkreis|weiblich|1680.0
2020|13076|Ludwigslust-Parchim, Landkreis|Insgesamt|2845.0
2020|13076|Ludwigslust-Parchim, Landkreis|männlich|1413.0
2020|13076|Ludwigslust-Parchim, Landkreis|weiblich|1432.0
2020|14511|Chemnitz, kreisfreie Stadt|Insgesamt|3925.0
2020|14511|Chemnitz, kreisfreie Stadt|männlich|1902.0
2020|14511|Chemnitz, kreisfreie Stadt|weiblich|2023.0
2020|14521|Erzgebirgskreis|Insgesamt|5902.0
2020|14521|Erzgebirgskreis|männlich|2911.0
2020|14521|Erzgebirgskreis|weiblich|2991.0
2020|14522|Mittelsachsen, Landkreis|Insgesamt|5152.0
2020|14522|Mittelsachsen, Landkreis|männlich|2581.0
2020|14522|Mittelsachsen, Landkreis|weiblich|2571.0
2020|14523|Vogtlandkreis|Insgesamt|4067.0
2020|14523|Vogtlandkreis|männlich|2036.0
2020|14523|Vogtlandkreis|weiblich|2031.0
2020|14524|Zwickau, Landkreis|Insgesamt|5870.0
2020|14524|Zwickau, Landkreis|männlich|2842.0
2020|14524|Zwickau, Landkreis|weiblich|3028.0
2020|14612|Dresden, kreisfreie Stadt|Insgesamt|6165.0
2020|14612|Dresden, kreisfreie Stadt|männlich|3111.0
2020|14612|Dresden, kreisfreie Stadt|weiblich|3054.0
2020|14625|Bautzen, Landkreis|Insgesamt|4909.0
2020|14625|Bautzen, Landkreis|männlich|2478.0
2020|14625|Bautzen, Landkreis|weiblich|2431.0
2020|14626|Görlitz, Landkreis|Insgesamt|4806.0
2020|14626|Görlitz, Landkreis|männlich|2405.0
2020|14626|Görlitz, Landkreis|weiblich|2401.0
2020|14627|Meißen, Landkreis|Insgesamt|3916.0
2020|14627|Meißen, Landkreis|männlich|2009.0
2020|14627|Meißen, Landkreis|weiblich|1907.0
2020|14628|Sächsische Schweiz-Osterzgebirge, Landkreis|Insgesamt|4127.0
2020|14628|Sächsische Schweiz-Osterzgebirge, Landkreis|männlich|2005.0
2020|14628|Sächsische Schweiz-Osterzgebirge, Landkreis|weiblich|2122.0
2020|14713|Leipzig, kreisfreie Stadt|Insgesamt|6609.0
2020|14713|Leipzig, kreisfreie Stadt|männlich|3323.0
2020|14713|Leipzig, kreisfreie Stadt|weiblich|3286.0
2020|14729|Leipzig, Landkreis|Insgesamt|3647.0
2020|14729|Leipzig, Landkreis|männlich|1856.0
2020|14729|Leipzig, Landkreis|weiblich|1791.0
2020|14730|Nordsachsen, Landkreis|Insgesamt|2997.0
2020|14730|Nordsachsen, Landkreis|männlich|1550.0
2020|14730|Nordsachsen, Landkreis|weiblich|1447.0
2020|15001|Dessau-Roßlau, kreisfreie Stadt|Insgesamt|1379.0
2020|15001|Dessau-Roßlau, kreisfreie Stadt|männlich|679.0
2020|15001|Dessau-Roßlau, kreisfreie Stadt|weiblich|700.0
2020|15002|Halle (Saale), kreisfreie Stadt|Insgesamt|3137.0
2020|15002|Halle (Saale), kreisfreie Stadt|männlich|1545.0
2020|15002|Halle (Saale), kreisfreie Stadt|weiblich|1592.0
2020|15003|Magdeburg, kreisfreie Stadt, Landeshauptstadt|Insgesamt|3191.0
2020|15003|Magdeburg, kreisfreie Stadt, Landeshauptstadt|männlich|1659.0
2020|15003|Magdeburg, kreisfreie Stadt, Landeshauptstadt|weiblich|1532.0
2020|15081|Altmarkkreis Salzwedel|Insgesamt|1168.0
2020|15081|Altmarkkreis Salzwedel|männlich|592.0
2020|15081|Altmarkkreis Salzwedel|weiblich|576.0
2020|15082|Anhalt-Bitterfeld, Landkreis|Insgesamt|2568.0
2020|15082|Anhalt-Bitterfeld, Landkreis|männlich|1326.0
2020|15082|Anhalt-Bitterfeld, Landkreis|weiblich|1242.0
2020|15083|Börde, Landkreis|Insgesamt|2420.0
2020|15083|Börde, Landkreis|männlich|1228.0
2020|15083|Börde, Landkreis|weiblich|1192.0
2020|15084|Burgenlandkreis|Insgesamt|2901.0
2020|15084|Burgenlandkreis|männlich|1449.0
2020|15084|Burgenlandkreis|weiblich|1452.0
2020|15085|Harz, Landkreis|Insgesamt|3554.0
2020|15085|Harz, Landkreis|männlich|1765.0
2020|15085|Harz, Landkreis|weiblich|1789.0
2020|15086|Jerichower Land, Landkreis|Insgesamt|1434.0
2020|15086|Jerichower Land, Landkreis|männlich|702.0
2020|15086|Jerichower Land, Landkreis|weiblich|732.0
2020|15087|Mansfeld-Südharz, Landkreis|Insgesamt|2297.0
2020|15087|Mansfeld-Südharz, Landkreis|männlich|1167.0
2020|15087|Mansfeld-Südharz, Landkreis|weiblich|1130.0
2020|15088|Saalekreis|Insgesamt|2685.0
2020|15088|Saalekreis|männlich|1349.0
2020|15088|Saalekreis|weiblich|1336.0
2020|15089|Salzlandkreis|Insgesamt|3222.0
2020|15089|Salzlandkreis|männlich|1691.0
2020|15089|Salzlandkreis|weiblich|1531.0
2020|15090|Stendal, Landkreis|Insgesamt|1717.0
2020|15090|Stendal, Landkreis|männlich|916.0
2020|15090|Stendal, Landkreis|weiblich|801.0
2020|15091|Wittenberg, Landkreis|Insgesamt|2131.0
2020|15091|Wittenberg, Landkreis|männlich|1066.0
2020|15091|Wittenberg, Landkreis|weiblich|1065.0
2020|16051|Erfurt, kreisfreie Stadt|Insgesamt|2450.0
2020|16051|Erfurt, kreisfreie Stadt|männlich|1236.0
2020|16051|Erfurt, kreisfreie Stadt|weiblich|1214.0
2020|16052|Gera, kreisfreie Stadt|Insgesamt|1436.0
2020|16052|Gera, kreisfreie Stadt|männlich|743.0
2020|16052|Gera, kreisfreie Stadt|weiblich|693.0
2020|16053|Jena, kreisfreie Stadt|Insgesamt|1104.0
2020|16053|Jena, kreisfreie Stadt|männlich|579.0
2020|16053|Jena, kreisfreie Stadt|weiblich|525.0
2020|16054|Suhl, kreisfreie Stadt|Insgesamt|633.0
2020|16054|Suhl, kreisfreie Stadt|männlich|340.0
2020|16054|Suhl, kreisfreie Stadt|weiblich|293.0
2020|16055|Weimar, kreisfreie Stadt|Insgesamt|774.0
2020|16055|Weimar, kreisfreie Stadt|männlich|382.0
2020|16055|Weimar, kreisfreie Stadt|weiblich|392.0
2020|16056|Eisenach, kreisfreie Stadt|Insgesamt|608.0
2020|16056|Eisenach, kreisfreie Stadt|männlich|323.0
2020|16056|Eisenach, kreisfreie Stadt|weiblich|285.0
2020|16061|Eichsfeld, Landkreis|Insgesamt|1274.0
2020|16061|Eichsfeld, Landkreis|männlich|708.0
2020|16061|Eichsfeld, Landkreis|weiblich|566.0
2020|16062|Nordhausen, Landkreis|Insgesamt|1203.0
2020|16062|Nordhausen, Landkreis|männlich|604.0
2020|16062|Nordhausen, Landkreis|weiblich|599.0
2020|16063|Wartburgkreis|Insgesamt|1637.0
2020|16063|Wartburgkreis|männlich|851.0
2020|16063|Wartburgkreis|weiblich|786.0
2020|16064|Unstrut-Hainich-Kreis|Insgesamt|1605.0
2020|16064|Unstrut-Hainich-Kreis|männlich|784.0
2020|16064|Unstrut-Hainich-Kreis|weiblich|821.0
2020|16065|Kyffhäuserkreis|Insgesamt|1236.0
2020|16065|Kyffhäuserkreis|männlich|647.0
2020|16065|Kyffhäuserkreis|weiblich|589.0
2020|16066|Schmalkalden-Meiningen, Landkreis|Insgesamt|1859.0
2020|16066|Schmalkalden-Meiningen, Landkreis|männlich|935.0
2020|16066|Schmalkalden-Meiningen, Landkreis|weiblich|924.0
2020|16067|Gotha, Landkreis|Insgesamt|1881.0
2020|16067|Gotha, Landkreis|männlich|950.0
2020|16067|Gotha, Landkreis|weiblich|931.0
2020|16068|Sömmerda, Landkreis|Insgesamt|971.0
2020|16068|Sömmerda, Landkreis|männlich|488.0
2020|16068|Sömmerda, Landkreis|weiblich|483.0
2020|16069|Hildburghausen, Landkreis|Insgesamt|955.0
2020|16069|Hildburghausen, Landkreis|männlich|488.0
2020|16069|Hildburghausen, Landkreis|weiblich|467.0
2020|16070|Ilm-Kreis|Insgesamt|1503.0
2020|16070|Ilm-Kreis|männlich|761.0
2020|16070|Ilm-Kreis|weiblich|742.0
2020|16071|Weimarer Land, Landkreis|Insgesamt|1031.0
2020|16071|Weimarer Land, Landkreis|männlich|538.0
2020|16071|Weimarer Land, Landkreis|weiblich|493.0
2020|16072|Sonneberg, Landkreis|Insgesamt|955.0
2020|16072|Sonneberg, Landkreis|männlich|484.0
2020|16072|Sonneberg, Landkreis|weiblich|471.0
2020|16073|Saalfeld-Rudolstadt, Landkreis|Insgesamt|1755.0
2020|16073|Saalfeld-Rudolstadt, Landkreis|männlich|887.0
2020|16073|Saalfeld-Rudolstadt, Landkreis|weiblich|868.0
2020|16074|Saale-Holzland-Kreis|Insgesamt|989.0
2020|16074|Saale-Holzland-Kreis|männlich|478.0
2020|16074|Saale-Holzland-Kreis|weiblich|511.0
2020|16075|Saale-Orla-Kreis|Insgesamt|1209.0
2020|16075|Saale-Orla-Kreis|männlich|591.0
2020|16075|Saale-Orla-Kreis|weiblich|618.0
2020|16076|Greiz, Landkreis|Insgesamt|1692.0
2020|16076|Greiz, Landkreis|männlich|791.0
2020|16076|Greiz, Landkreis|weiblich|901.0
2020|16077|Altenburger Land, Landkreis|Insgesamt|1466.0
2020|16077|Altenburger Land, Landkreis|männlich|746.0
2020|16077|Altenburger Land, Landkreis|weiblich|720.0
2020|010|Schleswig-Holstein|Insgesamt|35192.0
2020|010|Schleswig-Holstein|männlich|17710.0
2020|010|Schleswig-Holstein|weiblich|17482.0
2020|020|Hamburg|Insgesamt|18308.0
2020|020|Hamburg|männlich|9014.0
2020|020|Hamburg|weiblich|9294.0
2020|031|Braunschweig, Statistische Region|Insgesamt|20357.0
2020|031|Braunschweig, Statistische Region|männlich|10124.0
2020|031|Braunschweig, Statistische Region|weiblich|10233.0
2020|032|Hannover, Statistische Region|Insgesamt|26627.0
2020|032|Hannover, Statistische Region|männlich|13365.0
2020|032|Hannover, Statistische Region|weiblich|13262.0
2020|033|Lüneburg, Statistische Region|Insgesamt|21073.0
2020|033|Lüneburg, Statistische Region|männlich|10620.0
2020|033|Lüneburg, Statistische Region|weiblich|10453.0
2020|034|Weser-Ems, Statistische Region|Insgesamt|28923.0
2020|034|Weser-Ems, Statistische Region|männlich|14713.0
2020|034|Weser-Ems, Statistische Region|weiblich|14210.0
2020|040|Bremen|Insgesamt|8151.0
2020|040|Bremen|männlich|4087.0
2020|040|Bremen|weiblich|4064.0
2020|051|Düsseldorf, Regierungsbezirk|Insgesamt|65021.0
2020|051|Düsseldorf, Regierungsbezirk|männlich|32111.0
2020|051|Düsseldorf, Regierungsbezirk|weiblich|32910.0
2020|053|Köln, Regierungsbezirk|Insgesamt|49270.0
2020|053|Köln, Regierungsbezirk|männlich|24558.0
2020|053|Köln, Regierungsbezirk|weiblich|24712.0
2020|055|Münster, Regierungsbezirk|Insgesamt|30582.0
2020|055|Münster, Regierungsbezirk|männlich|15045.0
2020|055|Münster, Regierungsbezirk|weiblich|15537.0
2020|057|Detmold, Regierungsbezirk|Insgesamt|23623.0
2020|057|Detmold, Regierungsbezirk|männlich|11645.0
2020|057|Detmold, Regierungsbezirk|weiblich|11978.0
2020|059|Arnsberg, Regierungsbezirk|Insgesamt|45817.0
2020|059|Arnsberg, Regierungsbezirk|männlich|22601.0
2020|059|Arnsberg, Regierungsbezirk|weiblich|23216.0
2020|064|Darmstadt, Regierungsbezirk|Insgesamt|41810.0
2020|064|Darmstadt, Regierungsbezirk|männlich|20956.0
2020|064|Darmstadt, Regierungsbezirk|weiblich|20854.0
2020|065|Gießen, Regierungsbezirk|Insgesamt|12468.0
2020|065|Gießen, Regierungsbezirk|männlich|6245.0
2020|065|Gießen, Regierungsbezirk|weiblich|6223.0
2020|066|Kassel, Regierungsbezirk|Insgesamt|15773.0
2020|066|Kassel, Regierungsbezirk|männlich|7795.0
2020|066|Kassel, Regierungsbezirk|weiblich|7978.0
2020|071|Koblenz, Statistische Region|Insgesamt|18977.0
2020|071|Koblenz, Statistische Region|männlich|9375.0
2020|071|Koblenz, Statistische Region|weiblich|9602.0
2020|072|Trier, Statistische Region|Insgesamt|6186.0
2020|072|Trier, Statistische Region|männlich|3083.0
2020|072|Trier, Statistische Region|weiblich|3103.0
2020|073|Rheinhessen-Pfalz, Statistische Region|Insgesamt|24006.0
2020|073|Rheinhessen-Pfalz, Statistische Region|männlich|11943.0
2020|073|Rheinhessen-Pfalz, Statistische Region|weiblich|12063.0
2020|081|Stuttgart, Regierungsbezirk|Insgesamt|42521.0
2020|081|Stuttgart, Regierungsbezirk|männlich|21356.0
2020|081|Stuttgart, Regierungsbezirk|weiblich|21165.0
2020|082|Karlsruhe, Regierungsbezirk|Insgesamt|30433.0
2020|082|Karlsruhe, Regierungsbezirk|männlich|15202.0
2020|082|Karlsruhe, Regierungsbezirk|weiblich|15231.0
2020|083|Freiburg, Regierungsbezirk|Insgesamt|24268.0
2020|083|Freiburg, Regierungsbezirk|männlich|11965.0
2020|083|Freiburg, Regierungsbezirk|weiblich|12303.0
2020|084|Tübingen, Regierungsbezirk|Insgesamt|18784.0
2020|084|Tübingen, Regierungsbezirk|männlich|9378.0
2020|084|Tübingen, Regierungsbezirk|weiblich|9406.0
2020|091|Oberbayern, Regierungsbezirk|Insgesamt|45577.0
2020|091|Oberbayern, Regierungsbezirk|männlich|22696.0
2020|091|Oberbayern, Regierungsbezirk|weiblich|22881.0
2020|092|Niederbayern, Regierungsbezirk|Insgesamt|14432.0
2020|092|Niederbayern, Regierungsbezirk|männlich|7206.0
2020|092|Niederbayern, Regierungsbezirk|weiblich|7226.0
2020|093|Oberpfalz, Regierungsbezirk|Insgesamt|13034.0
2020|093|Oberpfalz, Regierungsbezirk|männlich|6434.0
2020|093|Oberpfalz, Regierungsbezirk|weiblich|6600.0
2020|094|Oberfranken, Regierungsbezirk|Insgesamt|14016.0
2020|094|Oberfranken, Regierungsbezirk|männlich|6917.0
2020|094|Oberfranken, Regierungsbezirk|weiblich|7099.0
2020|095|Mittelfranken, Regierungsbezirk|Insgesamt|20598.0
2020|095|Mittelfranken, Regierungsbezirk|männlich|10265.0
2020|095|Mittelfranken, Regierungsbezirk|weiblich|10333.0
2020|096|Unterfranken, Regierungsbezirk|Insgesamt|15048.0
2020|096|Unterfranken, Regierungsbezirk|männlich|7549.0
2020|096|Unterfranken, Regierungsbezirk|weiblich|7499.0
2020|097|Schwaben, Regierungsbezirk|Insgesamt|20662.0
2020|097|Schwaben, Regierungsbezirk|männlich|10283.0
2020|097|Schwaben, Regierungsbezirk|weiblich|10379.0
2020|100|Saarland, Regierungsbezirk|Insgesamt|13784.0
2020|100|Saarland, Regierungsbezirk|männlich|6904.0
2020|100|Saarland, Regierungsbezirk|weiblich|6880.0
2020|110|Berlin|Insgesamt|37642.0
2020|110|Berlin|männlich|19044.0
2020|110|Berlin|weiblich|18598.0
2020|120|Brandenburg|Insgesamt|34633.0
2020|120|Brandenburg|männlich|17987.0
2020|120|Brandenburg|weiblich|16646.0
2020|130|Mecklenburg-Vorpommern, Statistische Region|Insgesamt|21854.0
2020|130|Mecklenburg-Vorpommern, Statistische Region|männlich|11144.0
2020|130|Mecklenburg-Vorpommern, Statistische Region|weiblich|10710.0
2020|145|Chemnitz, Statistische Region|Insgesamt|24916.0
2020|145|Chemnitz, Statistische Region|männlich|12272.0
2020|145|Chemnitz, Statistische Region|weiblich|12644.0
2020|146|Dresden, Statistische Region|Insgesamt|23923.0
2020|146|Dresden, Statistische Region|männlich|12008.0
2020|146|Dresden, Statistische Region|weiblich|11915.0
2020|147|Leipzig, Statistische Region|Insgesamt|13253.0
2020|147|Leipzig, Statistische Region|männlich|6729.0
2020|147|Leipzig, Statistische Region|weiblich|6524.0
2020|150|Sachsen-Anhalt|Insgesamt|33804.0
2020|150|Sachsen-Anhalt|männlich|17134.0
2020|150|Sachsen-Anhalt|weiblich|16670.0
2020|160|Thüringen|Insgesamt|30226.0
2020|160|Thüringen|männlich|15334.0
2020|160|Thüringen|weiblich|14892.0
2021|DG|Deutschland|Insgesamt|1023687.0
2021|01|Schleswig-Holstein|Insgesamt|36792.0
2021|01|Schleswig-Holstein|männlich|18377.0
2021|01|Schleswig-Holstein|weiblich|18415.0
2021|02|Hamburg|Insgesamt|18845.0
2021|02|Hamburg|männlich|9394.0
2021|02|Hamburg|weiblich|9451.0
2021|03|Niedersachsen|Insgesamt|99965.0
2021|03|Niedersachsen|männlich|50389.0
2021|03|Niedersachsen|weiblich|49576.0
2021|04|Bremen|Insgesamt|8180.0
2021|04|Bremen|männlich|4205.0
2021|04|Bremen|weiblich|3975.0
2021|05|Nordrhein-Westfalen|Insgesamt|220035.0
2021|05|Nordrhein-Westfalen|männlich|109249.0
2021|05|Nordrhein-Westfalen|weiblich|110786.0
2021|06|Hessen|Insgesamt|72277.0
2021|06|Hessen|männlich|36435.0
2021|06|Hessen|weiblich|35842.0
2021|07|Rheinland-Pfalz|Insgesamt|50569.0
2021|07|Rheinland-Pfalz|männlich|25328.0
2021|07|Rheinland-Pfalz|weiblich|25241.0
2021|08|Baden-Württemberg|Insgesamt|119018.0
2021|08|Baden-Württemberg|männlich|59921.0
2021|08|Baden-Württemberg|weiblich|59097.0
2021|09|Bayern|Insgesamt|147984.0
2021|09|Bayern|männlich|74158.0
2021|09|Bayern|weiblich|73826.0
2021|10|Saarland|Insgesamt|14276.0
2021|10|Saarland|männlich|7087.0
2021|10|Saarland|weiblich|7189.0
2021|11|Berlin|Insgesamt|37706.0
2021|11|Berlin|männlich|19384.0
2021|11|Berlin|weiblich|18322.0
2021|12|Brandenburg|Insgesamt|37396.0
2021|12|Brandenburg|männlich|19542.0
2021|12|Brandenburg|weiblich|17854.0
2021|13|Mecklenburg-Vorpommern|Insgesamt|24152.0
2021|13|Mecklenburg-Vorpommern|männlich|12485.0
2021|13|Mecklenburg-Vorpommern|weiblich|11667.0
2021|14|Sachsen|Insgesamt|64373.0
2021|14|Sachsen|männlich|32664.0
2021|14|Sachsen|weiblich|31709.0
2021|15|Sachsen-Anhalt|Insgesamt|37289.0
2021|15|Sachsen-Anhalt|männlich|19141.0
2021|15|Sachsen-Anhalt|weiblich|18148.0
2021|16|Thüringen|Insgesamt|34830.0
2021|16|Thüringen|männlich|17800.0
2021|16|Thüringen|weiblich|17030.0
2021|01001|Flensburg, kreisfreie Stadt|Insgesamt|1110.0
2021|01001|Flensburg, kreisfreie Stadt|männlich|585.0
2021|01001|Flensburg, kreisfreie Stadt|weiblich|525.0
2021|01002|Kiel, kreisfreie Stadt|Insgesamt|2712.0
2021|01002|Kiel, kreisfreie Stadt|männlich|1363.0
2021|01002|Kiel, kreisfreie Stadt|weiblich|1349.0
2021|01003|Lübeck, kreisfreie Stadt, Hansestadt|Insgesamt|2909.0
2021|01003|Lübeck, kreisfreie Stadt, Hansestadt|männlich|1352.0
2021|01003|Lübeck, kreisfreie Stadt, Hansestadt|weiblich|1557.0
2021|01004|Neumünster, kreisfreie Stadt|Insgesamt|1080.0
2021|01004|Neumünster, kreisfreie Stadt|männlich|529.0
2021|01004|Neumünster, kreisfreie Stadt|weiblich|551.0
2021|01051|Dithmarschen, Kreis|Insgesamt|1851.0
2021|01051|Dithmarschen, Kreis|männlich|947.0
2021|01051|Dithmarschen, Kreis|weiblich|904.0
2021|01053|Herzogtum Lauenburg, Kreis|Insgesamt|2427.0
2021|01053|Herzogtum Lauenburg, Kreis|männlich|1229.0
2021|01053|Herzogtum Lauenburg, Kreis|weiblich|1198.0
2021|01054|Nordfriesland, Kreis|Insgesamt|2178.0
2021|01054|Nordfriesland, Kreis|männlich|1091.0
2021|01054|Nordfriesland, Kreis|weiblich|1087.0
2021|01055|Ostholstein, Kreis|Insgesamt|2906.0
2021|01055|Ostholstein, Kreis|männlich|1431.0
2021|01055|Ostholstein, Kreis|weiblich|1475.0
2021|01056|Pinneberg, Kreis|Insgesamt|3872.0
2021|01056|Pinneberg, Kreis|männlich|1971.0
2021|01056|Pinneberg, Kreis|weiblich|1901.0
2021|01057|Plön, Kreis|Insgesamt|1717.0
2021|01057|Plön, Kreis|männlich|861.0
2021|01057|Plön, Kreis|weiblich|856.0
2021|01058|Rendsburg-Eckernförde, Kreis|Insgesamt|3350.0
2021|01058|Rendsburg-Eckernförde, Kreis|männlich|1682.0
2021|01058|Rendsburg-Eckernförde, Kreis|weiblich|1668.0
2021|01059|Schleswig-Flensburg, Kreis|Insgesamt|2625.0
2021|01059|Schleswig-Flensburg, Kreis|männlich|1323.0
2021|01059|Schleswig-Flensburg, Kreis|weiblich|1302.0
2021|01060|Segeberg, Kreis|Insgesamt|3204.0
2021|01060|Segeberg, Kreis|männlich|1577.0
2021|01060|Segeberg, Kreis|weiblich|1627.0
2021|01061|Steinburg, Kreis|Insgesamt|1742.0
2021|01061|Steinburg, Kreis|männlich|903.0
2021|01061|Steinburg, Kreis|weiblich|839.0
2021|01062|Stormarn, Kreis|Insgesamt|3109.0
2021|01062|Stormarn, Kreis|männlich|1533.0
2021|01062|Stormarn, Kreis|weiblich|1576.0
2021|02000|Hamburg, kreisfreie Stadt, Freie und Hansestadt|Insgesamt|18845.0
2021|02000|Hamburg, kreisfreie Stadt, Freie und Hansestadt|männlich|9394.0
2021|02000|Hamburg, kreisfreie Stadt, Freie und Hansestadt|weiblich|9451.0
2021|03101|Braunschweig, kreisfreie Stadt|Insgesamt|3030.0
2021|03101|Braunschweig, kreisfreie Stadt|männlich|1427.0
2021|03101|Braunschweig, kreisfreie Stadt|weiblich|1603.0
2021|03102|Salzgitter, kreisfreie Stadt|Insgesamt|1392.0
2021|03102|Salzgitter, kreisfreie Stadt|männlich|701.0
2021|03102|Salzgitter, kreisfreie Stadt|weiblich|691.0
2021|03103|Wolfsburg, kreisfreie Stadt|Insgesamt|1487.0
2021|03103|Wolfsburg, kreisfreie Stadt|männlich|769.0
2021|03103|Wolfsburg, kreisfreie Stadt|weiblich|718.0
2021|03151|Gifhorn, Landkreis|Insgesamt|2103.0
2021|03151|Gifhorn, Landkreis|männlich|1074.0
2021|03151|Gifhorn, Landkreis|weiblich|1029.0
2021|03153|Goslar, Landkreis|Insgesamt|2242.0
2021|03153|Goslar, Landkreis|männlich|1100.0
2021|03153|Goslar, Landkreis|weiblich|1142.0
2021|03154|Helmstedt, Landkreis|Insgesamt|1382.0
2021|03154|Helmstedt, Landkreis|männlich|676.0
2021|03154|Helmstedt, Landkreis|weiblich|706.0
2021|03155|Northeim, Landkreis|Insgesamt|2038.0
2021|03155|Northeim, Landkreis|männlich|1030.0
2021|03155|Northeim, Landkreis|weiblich|1008.0
2021|03157|Peine, Landkreis|Insgesamt|1611.0
2021|03157|Peine, Landkreis|männlich|795.0
2021|03157|Peine, Landkreis|weiblich|816.0
2021|03158|Wolfenbüttel, Landkreis|Insgesamt|1553.0
2021|03158|Wolfenbüttel, Landkreis|männlich|789.0
2021|03158|Wolfenbüttel, Landkreis|weiblich|764.0
2021|03159|Göttingen, Landkreis|Insgesamt|4154.0
2021|03159|Göttingen, Landkreis|männlich|2082.0
2021|03159|Göttingen, Landkreis|weiblich|2072.0
2021|03241|Region Hannover, Landkreis|Insgesamt|13647.0
2021|03241|Region Hannover, Landkreis|männlich|6882.0
2021|03241|Region Hannover, Landkreis|weiblich|6765.0
2021|03241001|Hannover, Landeshauptstadt|Insgesamt|5797.0
2021|03241001|Hannover, Landeshauptstadt|männlich|2891.0
2021|03241001|Hannover, Landeshauptstadt|weiblich|2906.0
2021|03251|Diepholz, Landkreis|Insgesamt|2715.0
2021|03251|Diepholz, Landkreis|männlich|1366.0
2021|03251|Diepholz, Landkreis|weiblich|1349.0
2021|03252|Hameln-Pyrmont, Landkreis|Insgesamt|2231.0
2021|03252|Hameln-Pyrmont, Landkreis|männlich|1098.0
2021|03252|Hameln-Pyrmont, Landkreis|weiblich|1133.0
2021|03254|Hildesheim, Landkreis|Insgesamt|3821.0
2021|03254|Hildesheim, Landkreis|männlich|1849.0
2021|03254|Hildesheim, Landkreis|weiblich|1972.0
2021|03255|Holzminden, Landkreis|Insgesamt|1210.0
2021|03255|Holzminden, Landkreis|männlich|588.0
2021|03255|Holzminden, Landkreis|weiblich|622.0
2021|03256|Nienburg (Weser), Landkreis|Insgesamt|1766.0
2021|03256|Nienburg (Weser), Landkreis|männlich|890.0
2021|03256|Nienburg (Weser), Landkreis|weiblich|876.0
2021|03257|Schaumburg, Landkreis|Insgesamt|2407.0
2021|03257|Schaumburg, Landkreis|männlich|1194.0
2021|03257|Schaumburg, Landkreis|weiblich|1213.0
2021|03351|Celle, Landkreis|Insgesamt|2338.0
2021|03351|Celle, Landkreis|männlich|1208.0
2021|03351|Celle, Landkreis|weiblich|1130.0
2021|03352|Cuxhaven, Landkreis|Insgesamt|2820.0
2021|03352|Cuxhaven, Landkreis|männlich|1395.0
2021|03352|Cuxhaven, Landkreis|weiblich|1425.0
2021|03353|Harburg, Landkreis|Insgesamt|2981.0
2021|03353|Harburg, Landkreis|männlich|1501.0
2021|03353|Harburg, Landkreis|weiblich|1480.0
2021|03354|Lüchow-Dannenberg, Landkreis|Insgesamt|826.0
2021|03354|Lüchow-Dannenberg, Landkreis|männlich|414.0
2021|03354|Lüchow-Dannenberg, Landkreis|weiblich|412.0
2021|03355|Lüneburg, Landkreis|Insgesamt|2038.0
2021|03355|Lüneburg, Landkreis|männlich|1043.0
2021|03355|Lüneburg, Landkreis|weiblich|995.0
2021|03356|Osterholz, Landkreis|Insgesamt|1418.0
2021|03356|Osterholz, Landkreis|männlich|743.0
2021|03356|Osterholz, Landkreis|weiblich|675.0
2021|03357|Rotenburg (Wümme), Landkreis|Insgesamt|2003.0
2021|03357|Rotenburg (Wümme), Landkreis|männlich|1037.0
2021|03357|Rotenburg (Wümme), Landkreis|weiblich|966.0
2021|03358|Heidekreis|Insgesamt|1785.0
2021|03358|Heidekreis|männlich|890.0
2021|03358|Heidekreis|weiblich|895.0
2021|03359|Stade, Landkreis|Insgesamt|2443.0
2021|03359|Stade, Landkreis|männlich|1258.0
2021|03359|Stade, Landkreis|weiblich|1185.0
2021|03360|Uelzen, Landkreis|Insgesamt|1437.0
2021|03360|Uelzen, Landkreis|männlich|736.0
2021|03360|Uelzen, Landkreis|weiblich|701.0
2021|03361|Verden, Landkreis|Insgesamt|1642.0
2021|03361|Verden, Landkreis|männlich|853.0
2021|03361|Verden, Landkreis|weiblich|789.0
2021|03401|Delmenhorst, kreisfreie Stadt|Insgesamt|893.0
2021|03401|Delmenhorst, kreisfreie Stadt|männlich|495.0
2021|03401|Delmenhorst, kreisfreie Stadt|weiblich|398.0
2021|03402|Emden, kreisfreie Stadt|Insgesamt|699.0
2021|03402|Emden, kreisfreie Stadt|männlich|363.0
2021|03402|Emden, kreisfreie Stadt|weiblich|336.0
2021|03403|Oldenburg (Oldenburg), kreisfreie Stadt|Insgesamt|1635.0
2021|03403|Oldenburg (Oldenburg), kreisfreie Stadt|männlich|816.0
2021|03403|Oldenburg (Oldenburg), kreisfreie Stadt|weiblich|819.0
2021|03404|Osnabrück, kreisfreie Stadt|Insgesamt|1671.0
2021|03404|Osnabrück, kreisfreie Stadt|männlich|824.0
2021|03404|Osnabrück, kreisfreie Stadt|weiblich|847.0
2021|03405|Wilhelmshaven, kreisfreie Stadt|Insgesamt|1196.0
2021|03405|Wilhelmshaven, kreisfreie Stadt|männlich|596.0
2021|03405|Wilhelmshaven, kreisfreie Stadt|weiblich|600.0
2021|03451|Ammerland, Landkreis|Insgesamt|1448.0
2021|03451|Ammerland, Landkreis|männlich|705.0
2021|03451|Ammerland, Landkreis|weiblich|743.0
2021|03452|Aurich, Landkreis|Insgesamt|2529.0
2021|03452|Aurich, Landkreis|männlich|1256.0
2021|03452|Aurich, Landkreis|weiblich|1273.0
2021|03453|Cloppenburg, Landkreis|Insgesamt|1789.0
2021|03453|Cloppenburg, Landkreis|männlich|942.0
2021|03453|Cloppenburg, Landkreis|weiblich|847.0
2021|03454|Emsland, Landkreis|Insgesamt|3503.0
2021|03454|Emsland, Landkreis|männlich|1817.0
2021|03454|Emsland, Landkreis|weiblich|1686.0
2021|03455|Friesland, Landkreis|Insgesamt|1358.0
2021|03455|Friesland, Landkreis|männlich|694.0
2021|03455|Friesland, Landkreis|weiblich|664.0
2021|03456|Grafschaft Bentheim, Landkreis|Insgesamt|1427.0
2021|03456|Grafschaft Bentheim, Landkreis|männlich|737.0
2021|03456|Grafschaft Bentheim, Landkreis|weiblich|690.0
2021|03457|Leer, Landkreis|Insgesamt|2162.0
2021|03457|Leer, Landkreis|männlich|1100.0
2021|03457|Leer, Landkreis|weiblich|1062.0
2021|03458|Oldenburg, Landkreis|Insgesamt|1647.0
2021|03458|Oldenburg, Landkreis|männlich|849.0
2021|03458|Oldenburg, Landkreis|weiblich|798.0
2021|03459|Osnabrück, Landkreis|Insgesamt|4149.0
2021|03459|Osnabrück, Landkreis|männlich|2067.0
2021|03459|Osnabrück, Landkreis|weiblich|2082.0
2021|03460|Vechta, Landkreis|Insgesamt|1336.0
2021|03460|Vechta, Landkreis|männlich|681.0
2021|03460|Vechta, Landkreis|weiblich|655.0
2021|03461|Wesermarsch, Landkreis|Insgesamt|1240.0
2021|03461|Wesermarsch, Landkreis|männlich|649.0
2021|03461|Wesermarsch, Landkreis|weiblich|591.0
2021|03462|Wittmund, Landkreis|Insgesamt|763.0
2021|03462|Wittmund, Landkreis|männlich|410.0
2021|03462|Wittmund, Landkreis|weiblich|353.0
2021|04011|Bremen, kreisfreie Stadt|Insgesamt|6578.0
2021|04011|Bremen, kreisfreie Stadt|männlich|3354.0
2021|04011|Bremen, kreisfreie Stadt|weiblich|3224.0
2021|04012|Bremerhaven, kreisfreie Stadt|Insgesamt|1602.0
2021|04012|Bremerhaven, kreisfreie Stadt|männlich|851.0
2021|04012|Bremerhaven, kreisfreie Stadt|weiblich|751.0
2021|05111|Düsseldorf, kreisfreie Stadt|Insgesamt|6646.0
2021|05111|Düsseldorf, kreisfreie Stadt|männlich|3278.0
2021|05111|Düsseldorf, kreisfreie Stadt|weiblich|3368.0
2021|05112|Duisburg, kreisfreie Stadt|Insgesamt|6478.0
2021|05112|Duisburg, kreisfreie Stadt|männlich|3263.0
2021|05112|Duisburg, kreisfreie Stadt|weiblich|3215.0
2021|05113|Essen, kreisfreie Stadt|Insgesamt|7845.0
2021|05113|Essen, kreisfreie Stadt|männlich|3871.0
2021|05113|Essen, kreisfreie Stadt|weiblich|3974.0
2021|05114|Krefeld, kreisfreie Stadt|Insgesamt|2993.0
2021|05114|Krefeld, kreisfreie Stadt|männlich|1496.0
2021|05114|Krefeld, kreisfreie Stadt|weiblich|1497.0
2021|05116|Mönchengladbach, kreisfreie Stadt|Insgesamt|3260.0
2021|05116|Mönchengladbach, kreisfreie Stadt|männlich|1595.0
2021|05116|Mönchengladbach, kreisfreie Stadt|weiblich|1665.0
2021|05117|Mülheim an der Ruhr, kreisfreie Stadt|Insgesamt|2374.0
2021|05117|Mülheim an der Ruhr, kreisfreie Stadt|männlich|1139.0
2021|05117|Mülheim an der Ruhr, kreisfreie Stadt|weiblich|1235.0
2021|05119|Oberhausen, kreisfreie Stadt|Insgesamt|3009.0
2021|05119|Oberhausen, kreisfreie Stadt|männlich|1495.0
2021|05119|Oberhausen, kreisfreie Stadt|weiblich|1514.0
2021|05120|Remscheid, kreisfreie Stadt|Insgesamt|1513.0
2021|05120|Remscheid, kreisfreie Stadt|männlich|747.0
2021|05120|Remscheid, kreisfreie Stadt|weiblich|766.0
2021|05122|Solingen, kreisfreie Stadt|Insgesamt|2209.0
2021|05122|Solingen, kreisfreie Stadt|männlich|1084.0
2021|05122|Solingen, kreisfreie Stadt|weiblich|1125.0
2021|05124|Wuppertal, kreisfreie Stadt|Insgesamt|4556.0
2021|05124|Wuppertal, kreisfreie Stadt|männlich|2255.0
2021|05124|Wuppertal, kreisfreie Stadt|weiblich|2301.0
2021|05154|Kleve, Kreis|Insgesamt|3863.0
2021|05154|Kleve, Kreis|männlich|1902.0
2021|05154|Kleve, Kreis|weiblich|1961.0
2021|05158|Mettmann, Kreis|Insgesamt|6616.0
2021|05158|Mettmann, Kreis|männlich|3303.0
2021|05158|Mettmann, Kreis|weiblich|3313.0
2021|05162|Rhein-Kreis Neuss|Insgesamt|5312.0
2021|05162|Rhein-Kreis Neuss|männlich|2682.0
2021|05162|Rhein-Kreis Neuss|weiblich|2630.0
2021|05166|Viersen, Kreis|Insgesamt|3692.0
2021|05166|Viersen, Kreis|männlich|1838.0
2021|05166|Viersen, Kreis|weiblich|1854.0
2021|05170|Wesel, Kreis|Insgesamt|6084.0
2021|05170|Wesel, Kreis|männlich|3024.0
2021|05170|Wesel, Kreis|weiblich|3060.0
2021|05314|Bonn, kreisfreie Stadt|Insgesamt|3121.0
2021|05314|Bonn, kreisfreie Stadt|männlich|1476.0
2021|05314|Bonn, kreisfreie Stadt|weiblich|1645.0
2021|05315|Köln, kreisfreie Stadt|Insgesamt|10486.0
2021|05315|Köln, kreisfreie Stadt|männlich|5259.0
2021|05315|Köln, kreisfreie Stadt|weiblich|5227.0
2021|05316|Leverkusen, kreisfreie Stadt|Insgesamt|1882.0
2021|05316|Leverkusen, kreisfreie Stadt|männlich|956.0
2021|05316|Leverkusen, kreisfreie Stadt|weiblich|926.0
2021|05334|Städteregion Aachen, Kreis|Insgesamt|6389.0
2021|05334|Städteregion Aachen, Kreis|männlich|3189.0
2021|05334|Städteregion Aachen, Kreis|weiblich|3200.0
2021|05334002|Aachen, kreisfreie Stadt|Insgesamt|2465.0
2021|05334002|Aachen, kreisfreie Stadt|männlich|1223.0
2021|05334002|Aachen, kreisfreie Stadt|weiblich|1242.0
2021|05358|Düren, Kreis|Insgesamt|3357.0
2021|05358|Düren, Kreis|männlich|1659.0
2021|05358|Düren, Kreis|weiblich|1698.0
2021|05362|Rhein-Erft-Kreis|Insgesamt|5406.0
2021|05362|Rhein-Erft-Kreis|männlich|2679.0
2021|05362|Rhein-Erft-Kreis|weiblich|2727.0
2021|05366|Euskirchen, Kreis|Insgesamt|2639.0
2021|05366|Euskirchen, Kreis|männlich|1303.0
2021|05366|Euskirchen, Kreis|weiblich|1336.0
2021|05370|Heinsberg, Kreis|Insgesamt|3174.0
2021|05370|Heinsberg, Kreis|männlich|1571.0
2021|05370|Heinsberg, Kreis|weiblich|1603.0
2021|05374|Oberbergischer Kreis|Insgesamt|3709.0
2021|05374|Oberbergischer Kreis|männlich|1810.0
2021|05374|Oberbergischer Kreis|weiblich|1899.0
2021|05378|Rheinisch-Bergischer Kreis|Insgesamt|3527.0
2021|05378|Rheinisch-Bergischer Kreis|männlich|1751.0
2021|05378|Rheinisch-Bergischer Kreis|weiblich|1776.0
2021|05382|Rhein-Sieg-Kreis|Insgesamt|6774.0
2021|05382|Rhein-Sieg-Kreis|männlich|3422.0
2021|05382|Rhein-Sieg-Kreis|weiblich|3352.0
2021|05512|Bottrop, kreisfreie Stadt|Insgesamt|1660.0
2021|05512|Bottrop, kreisfreie Stadt|männlich|814.0
2021|05512|Bottrop, kreisfreie Stadt|weiblich|846.0
2021|05513|Gelsenkirchen, kreisfreie Stadt|Insgesamt|3630.0
2021|05513|Gelsenkirchen, kreisfreie Stadt|männlich|1795.0
2021|05513|Gelsenkirchen, kreisfreie Stadt|weiblich|1835.0
2021|05515|Münster, kreisfreie Stadt|Insgesamt|2838.0
2021|05515|Münster, kreisfreie Stadt|männlich|1367.0
2021|05515|Münster, kreisfreie Stadt|weiblich|1471.0
2021|05554|Borken, Kreis|Insgesamt|4039.0
2021|05554|Borken, Kreis|männlich|1967.0
2021|05554|Borken, Kreis|weiblich|2072.0
2021|05558|Coesfeld, Kreis|Insgesamt|2474.0
2021|05558|Coesfeld, Kreis|männlich|1196.0
2021|05558|Coesfeld, Kreis|weiblich|1278.0
2021|05562|Recklinghausen, Kreis|Insgesamt|8721.0
2021|05562|Recklinghausen, Kreis|männlich|4337.0
2021|05562|Recklinghausen, Kreis|weiblich|4384.0
2021|05566|Steinfurt, Kreis|Insgesamt|4950.0
2021|05566|Steinfurt, Kreis|männlich|2518.0
2021|05566|Steinfurt, Kreis|weiblich|2432.0
2021|05570|Warendorf, Kreis|Insgesamt|3275.0
2021|05570|Warendorf, Kreis|männlich|1621.0
2021|05570|Warendorf, Kreis|weiblich|1654.0
2021|05711|Bielefeld, kreisfreie Stadt|Insgesamt|3785.0
2021|05711|Bielefeld, kreisfreie Stadt|männlich|1890.0
2021|05711|Bielefeld, kreisfreie Stadt|weiblich|1895.0
2021|05754|Gütersloh, Kreis|Insgesamt|4045.0
2021|05754|Gütersloh, Kreis|männlich|2037.0
2021|05754|Gütersloh, Kreis|weiblich|2008.0
2021|05758|Herford, Kreis|Insgesamt|3192.0
2021|05758|Herford, Kreis|männlich|1571.0
2021|05758|Herford, Kreis|weiblich|1621.0
2021|05762|Höxter, Kreis|Insgesamt|1801.0
2021|05762|Höxter, Kreis|männlich|886.0
2021|05762|Höxter, Kreis|weiblich|915.0
2021|05766|Lippe, Kreis|Insgesamt|4665.0
2021|05766|Lippe, Kreis|männlich|2314.0
2021|05766|Lippe, Kreis|weiblich|2351.0
2021|05770|Minden-Lübbecke, Kreis|Insgesamt|3936.0
2021|05770|Minden-Lübbecke, Kreis|männlich|1973.0
2021|05770|Minden-Lübbecke, Kreis|weiblich|1963.0
2021|05774|Paderborn, Kreis|Insgesamt|2959.0
2021|05774|Paderborn, Kreis|männlich|1502.0
2021|05774|Paderborn, Kreis|weiblich|1457.0
2021|05911|Bochum, kreisfreie Stadt|Insgesamt|4676.0
2021|05911|Bochum, kreisfreie Stadt|männlich|2243.0
2021|05911|Bochum, kreisfreie Stadt|weiblich|2433.0
2021|05913|Dortmund, kreisfreie Stadt|Insgesamt|7356.0
2021|05913|Dortmund, kreisfreie Stadt|männlich|3623.0
2021|05913|Dortmund, kreisfreie Stadt|weiblich|3733.0
2021|05914|Hagen, kreisfreie Stadt|Insgesamt|2644.0
2021|05914|Hagen, kreisfreie Stadt|männlich|1299.0
2021|05914|Hagen, kreisfreie Stadt|weiblich|1345.0
2021|05915|Hamm, kreisfreie Stadt|Insgesamt|2277.0
2021|05915|Hamm, kreisfreie Stadt|männlich|1149.0
2021|05915|Hamm, kreisfreie Stadt|weiblich|1128.0
2021|05916|Herne, kreisfreie Stadt|Insgesamt|2365.0
2021|05916|Herne, kreisfreie Stadt|männlich|1172.0
2021|05916|Herne, kreisfreie Stadt|weiblich|1193.0
2021|05954|Ennepe-Ruhr-Kreis|Insgesamt|4459.0
2021|05954|Ennepe-Ruhr-Kreis|männlich|2171.0
2021|05954|Ennepe-Ruhr-Kreis|weiblich|2288.0
2021|05958|Hochsauerlandkreis|Insgesamt|3363.0
2021|05958|Hochsauerlandkreis|männlich|1703.0
2021|05958|Hochsauerlandkreis|weiblich|1660.0
2021|05962|Märkischer Kreis|Insgesamt|5629.0
2021|05962|Märkischer Kreis|männlich|2881.0
2021|05962|Märkischer Kreis|weiblich|2748.0
2021|05966|Olpe, Kreis|Insgesamt|1615.0
2021|05966|Olpe, Kreis|männlich|820.0
2021|05966|Olpe, Kreis|weiblich|795.0
2021|05970|Siegen-Wittgenstein, Kreis|Insgesamt|3534.0
2021|05970|Siegen-Wittgenstein, Kreis|männlich|1760.0
2021|05970|Siegen-Wittgenstein, Kreis|weiblich|1774.0
2021|05974|Soest, Kreis|Insgesamt|3807.0
2021|05974|Soest, Kreis|männlich|1910.0
2021|05974|Soest, Kreis|weiblich|1897.0
2021|05978|Unna, Kreis|Insgesamt|5426.0
2021|05978|Unna, Kreis|männlich|2683.0
2021|05978|Unna, Kreis|weiblich|2743.0
2021|06411|Darmstadt, kreisfreie Stadt, Wissenschaftsstadt|Insgesamt|1500.0
2021|06411|Darmstadt, kreisfreie Stadt, Wissenschaftsstadt|männlich|778.0
2021|06411|Darmstadt, kreisfreie Stadt, Wissenschaftsstadt|weiblich|722.0
2021|06412|Frankfurt am Main, kreisfreie Stadt|Insgesamt|6427.0
2021|06412|Frankfurt am Main, kreisfreie Stadt|männlich|3273.0
2021|06412|Frankfurt am Main, kreisfreie Stadt|weiblich|3154.0
2021|06413|Offenbach am Main, kreisfreie Stadt|Insgesamt|1287.0
2021|06413|Offenbach am Main, kreisfreie Stadt|männlich|666.0
2021|06413|Offenbach am Main, kreisfreie Stadt|weiblich|621.0
2021|06414|Wiesbaden, kreisfreie Stadt, Landeshauptstadt|Insgesamt|3024.0
2021|06414|Wiesbaden, kreisfreie Stadt, Landeshauptstadt|männlich|1507.0
2021|06414|Wiesbaden, kreisfreie Stadt, Landeshauptstadt|weiblich|1517.0
2021|06431|Bergstraße, Landkreis|Insgesamt|3427.0
2021|06431|Bergstraße, Landkreis|männlich|1770.0
2021|06431|Bergstraße, Landkreis|weiblich|1657.0
2021|06432|Darmstadt-Dieburg, Landkreis|Insgesamt|3302.0
2021|06432|Darmstadt-Dieburg, Landkreis|männlich|1678.0
2021|06432|Darmstadt-Dieburg, Landkreis|weiblich|1624.0
2021|06433|Groß-Gerau, Landkreis|Insgesamt|2863.0
2021|06433|Groß-Gerau, Landkreis|männlich|1433.0
2021|06433|Groß-Gerau, Landkreis|weiblich|1430.0
2021|06434|Hochtaunuskreis|Insgesamt|2713.0
2021|06434|Hochtaunuskreis|männlich|1268.0
2021|06434|Hochtaunuskreis|weiblich|1445.0
2021|06435|Main-Kinzig-Kreis|Insgesamt|5009.0
2021|06435|Main-Kinzig-Kreis|männlich|2500.0
2021|06435|Main-Kinzig-Kreis|weiblich|2509.0
2021|06436|Main-Taunus-Kreis|Insgesamt|2534.0
2021|06436|Main-Taunus-Kreis|männlich|1277.0
2021|06436|Main-Taunus-Kreis|weiblich|1257.0
2021|06437|Odenwaldkreis|Insgesamt|1291.0
2021|06437|Odenwaldkreis|männlich|648.0
2021|06437|Odenwaldkreis|weiblich|643.0
2021|06438|Offenbach, Landkreis|Insgesamt|3898.0
2021|06438|Offenbach, Landkreis|männlich|1925.0
2021|06438|Offenbach, Landkreis|weiblich|1973.0
2021|06439|Rheingau-Taunus-Kreis|Insgesamt|2069.0
2021|06439|Rheingau-Taunus-Kreis|männlich|1024.0
2021|06439|Rheingau-Taunus-Kreis|weiblich|1045.0
2021|06440|Wetteraukreis|Insgesamt|3610.0
2021|06440|Wetteraukreis|männlich|1780.0
2021|06440|Wetteraukreis|weiblich|1830.0
2021|06531|Gießen, Landkreis|Insgesamt|2952.0
2021|06531|Gießen, Landkreis|männlich|1515.0
2021|06531|Gießen, Landkreis|weiblich|1437.0
2021|06532|Lahn-Dill-Kreis|Insgesamt|3358.0
2021|06532|Lahn-Dill-Kreis|männlich|1682.0
2021|06532|Lahn-Dill-Kreis|weiblich|1676.0
2021|06533|Limburg-Weilburg, Landkreis|Insgesamt|2314.0
2021|06533|Limburg-Weilburg, Landkreis|männlich|1155.0
2021|06533|Limburg-Weilburg, Landkreis|weiblich|1159.0
2021|06534|Marburg-Biedenkopf, Landkreis|Insgesamt|2711.0
2021|06534|Marburg-Biedenkopf, Landkreis|männlich|1398.0
2021|06534|Marburg-Biedenkopf, Landkreis|weiblich|1313.0
2021|06535|Vogelsbergkreis|Insgesamt|1518.0
2021|06535|Vogelsbergkreis|männlich|796.0
2021|06535|Vogelsbergkreis|weiblich|722.0
2021|06611|Kassel, kreisfreie Stadt, documenta-Stadt|Insgesamt|2266.0
2021|06611|Kassel, kreisfreie Stadt, documenta-Stadt|männlich|1138.0
2021|06611|Kassel, kreisfreie Stadt, documenta-Stadt|weiblich|1128.0
2021|06631|Fulda, Landkreis|Insgesamt|2711.0
2021|06631|Fulda, Landkreis|männlich|1348.0
2021|06631|Fulda, Landkreis|weiblich|1363.0
2021|06632|Hersfeld-Rotenburg, Landkreis|Insgesamt|1676.0
2021|06632|Hersfeld-Rotenburg, Landkreis|männlich|863.0
2021|06632|Hersfeld-Rotenburg, Landkreis|weiblich|813.0
2021|06633|Kassel, Landkreis|Insgesamt|3344.0
2021|06633|Kassel, Landkreis|männlich|1700.0
2021|06633|Kassel, Landkreis|weiblich|1644.0
2021|06634|Schwalm-Eder-Kreis|Insgesamt|2554.0
2021|06634|Schwalm-Eder-Kreis|männlich|1310.0
2021|06634|Schwalm-Eder-Kreis|weiblich|1244.0
2021|06635|Waldeck-Frankenberg, Landkreis|Insgesamt|2215.0
2021|06635|Waldeck-Frankenberg, Landkreis|männlich|1128.0
2021|06635|Waldeck-Frankenberg, Landkreis|weiblich|1087.0
2021|06636|Werra-Meißner-Kreis|Insgesamt|1704.0
2021|06636|Werra-Meißner-Kreis|männlich|875.0
2021|06636|Werra-Meißner-Kreis|weiblich|829.0
2021|07111|Koblenz, kreisfreie Stadt|Insgesamt|1424.0
2021|07111|Koblenz, kreisfreie Stadt|männlich|702.0
2021|07111|Koblenz, kreisfreie Stadt|weiblich|722.0
2021|07131|Ahrweiler, Landkreis|Insgesamt|1884.0
2021|07131|Ahrweiler, Landkreis|männlich|942.0
2021|07131|Ahrweiler, Landkreis|weiblich|942.0
2021|07132|Altenkirchen (Westerwald), Landkreis|Insgesamt|1784.0
2021|07132|Altenkirchen (Westerwald), Landkreis|männlich|876.0
2021|07132|Altenkirchen (Westerwald), Landkreis|weiblich|908.0
2021|07133|Bad Kreuznach, Landkreis|Insgesamt|2076.0
2021|07133|Bad Kreuznach, Landkreis|männlich|1059.0
2021|07133|Bad Kreuznach, Landkreis|weiblich|1017.0
2021|07134|Birkenfeld, Landkreis|Insgesamt|1223.0
2021|07134|Birkenfeld, Landkreis|männlich|593.0
2021|07134|Birkenfeld, Landkreis|weiblich|630.0
2021|07135|Cochem-Zell, Landkreis|Insgesamt|881.0
2021|07135|Cochem-Zell, Landkreis|männlich|423.0
2021|07135|Cochem-Zell, Landkreis|weiblich|458.0
2021|07137|Mayen-Koblenz, Landkreis|Insgesamt|2644.0
2021|07137|Mayen-Koblenz, Landkreis|männlich|1352.0
2021|07137|Mayen-Koblenz, Landkreis|weiblich|1292.0
2021|07138|Neuwied, Landkreis|Insgesamt|2308.0
2021|07138|Neuwied, Landkreis|männlich|1126.0
2021|07138|Neuwied, Landkreis|weiblich|1182.0
2021|07140|Rhein-Hunsrück-Kreis|Insgesamt|1408.0
2021|07140|Rhein-Hunsrück-Kreis|männlich|705.0
2021|07140|Rhein-Hunsrück-Kreis|weiblich|703.0
2021|07141|Rhein-Lahn-Kreis|Insgesamt|1650.0
2021|07141|Rhein-Lahn-Kreis|männlich|885.0
2021|07141|Rhein-Lahn-Kreis|weiblich|765.0
2021|07143|Westerwaldkreis|Insgesamt|2516.0
2021|07143|Westerwaldkreis|männlich|1254.0
2021|07143|Westerwaldkreis|weiblich|1262.0
2021|07211|Trier, kreisfreie Stadt|Insgesamt|1062.0
2021|07211|Trier, kreisfreie Stadt|männlich|513.0
2021|07211|Trier, kreisfreie Stadt|weiblich|549.0
2021|07231|Bernkastel-Wittlich, Landkreis|Insgesamt|1450.0
2021|07231|Bernkastel-Wittlich, Landkreis|männlich|713.0
2021|07231|Bernkastel-Wittlich, Landkreis|weiblich|737.0
2021|07232|Eifelkreis Bitburg-Prüm|Insgesamt|1204.0
2021|07232|Eifelkreis Bitburg-Prüm|männlich|609.0
2021|07232|Eifelkreis Bitburg-Prüm|weiblich|595.0
2021|07233|Vulkaneifel, Landkreis|Insgesamt|866.0
2021|07233|Vulkaneifel, Landkreis|männlich|447.0
2021|07233|Vulkaneifel, Landkreis|weiblich|419.0
2021|07235|Trier-Saarburg, Landkreis|Insgesamt|1627.0
2021|07235|Trier-Saarburg, Landkreis|männlich|814.0
2021|07235|Trier-Saarburg, Landkreis|weiblich|813.0
2021|07311|Frankenthal (Pfalz), kreisfreie Stadt|Insgesamt|635.0
2021|07311|Frankenthal (Pfalz), kreisfreie Stadt|männlich|304.0
2021|07311|Frankenthal (Pfalz), kreisfreie Stadt|weiblich|331.0
2021|07312|Kaiserslautern, kreisfreie Stadt|Insgesamt|1272.0
2021|07312|Kaiserslautern, kreisfreie Stadt|männlich|631.0
2021|07312|Kaiserslautern, kreisfreie Stadt|weiblich|641.0
2021|07313|Landau in der Pfalz, kreisfreie Stadt|Insgesamt|547.0
2021|07313|Landau in der Pfalz, kreisfreie Stadt|männlich|249.0
2021|07313|Landau in der Pfalz, kreisfreie Stadt|weiblich|298.0
2021|07314|Ludwigshafen am Rhein, kreisfreie Stadt|Insgesamt|1976.0
2021|07314|Ludwigshafen am Rhein, kreisfreie Stadt|männlich|993.0
2021|07314|Ludwigshafen am Rhein, kreisfreie Stadt|weiblich|983.0
2021|07315|Mainz, kreisfreie Stadt|Insgesamt|1912.0
2021|07315|Mainz, kreisfreie Stadt|männlich|957.0
2021|07315|Mainz, kreisfreie Stadt|weiblich|955.0
2021|07316|Neustadt an der Weinstraße, kreisfreie Stadt|Insgesamt|748.0
2021|07316|Neustadt an der Weinstraße, kreisfreie Stadt|männlich|354.0
2021|07316|Neustadt an der Weinstraße, kreisfreie Stadt|weiblich|394.0
2021|07317|Pirmasens, kreisfreie Stadt|Insgesamt|752.0
2021|07317|Pirmasens, kreisfreie Stadt|männlich|388.0
2021|07317|Pirmasens, kreisfreie Stadt|weiblich|364.0
2021|07318|Speyer, kreisfreie Stadt|Insgesamt|659.0
2021|07318|Speyer, kreisfreie Stadt|männlich|324.0
2021|07318|Speyer, kreisfreie Stadt|weiblich|335.0
2021|07319|Worms, kreisfreie Stadt|Insgesamt|955.0
2021|07319|Worms, kreisfreie Stadt|männlich|474.0
2021|07319|Worms, kreisfreie Stadt|weiblich|481.0
2021|07320|Zweibrücken, kreisfreie Stadt|Insgesamt|445.0
2021|07320|Zweibrücken, kreisfreie Stadt|männlich|237.0
2021|07320|Zweibrücken, kreisfreie Stadt|weiblich|208.0
2021|07331|Alzey-Worms, Landkreis|Insgesamt|1445.0
2021|07331|Alzey-Worms, Landkreis|männlich|722.0
2021|07331|Alzey-Worms, Landkreis|weiblich|723.0
2021|07332|Bad Dürkheim, Landkreis|Insgesamt|1806.0
2021|07332|Bad Dürkheim, Landkreis|männlich|889.0
2021|07332|Bad Dürkheim, Landkreis|weiblich|917.0
2021|07333|Donnersbergkreis|Insgesamt|1014.0
2021|07333|Donnersbergkreis|männlich|495.0
2021|07333|Donnersbergkreis|weiblich|519.0
2021|07334|Germersheim, Landkreis|Insgesamt|1435.0
2021|07334|Germersheim, Landkreis|männlich|725.0
2021|07334|Germersheim, Landkreis|weiblich|710.0
2021|07335|Kaiserslautern, Landkreis|Insgesamt|1254.0
2021|07335|Kaiserslautern, Landkreis|männlich|640.0
2021|07335|Kaiserslautern, Landkreis|weiblich|614.0
2021|07336|Kusel, Landkreis|Insgesamt|975.0
2021|07336|Kusel, Landkreis|männlich|521.0
2021|07336|Kusel, Landkreis|weiblich|454.0
2021|07337|Südliche Weinstraße, Landkreis|Insgesamt|1299.0
2021|07337|Südliche Weinstraße, Landkreis|männlich|675.0
2021|07337|Südliche Weinstraße, Landkreis|weiblich|624.0
2021|07338|Rhein-Pfalz-Kreis|Insgesamt|1893.0
2021|07338|Rhein-Pfalz-Kreis|männlich|958.0
2021|07338|Rhein-Pfalz-Kreis|weiblich|935.0
2021|07339|Mainz-Bingen, Landkreis|Insgesamt|2252.0
2021|07339|Mainz-Bingen, Landkreis|männlich|1131.0
2021|07339|Mainz-Bingen, Landkreis|weiblich|1121.0
2021|07340|Südwestpfalz, Landkreis|Insgesamt|1288.0
2021|07340|Südwestpfalz, Landkreis|männlich|648.0
2021|07340|Südwestpfalz, Landkreis|weiblich|640.0
2021|08111|Stuttgart, Stadtkreis|Insgesamt|5537.0
2021|08111|Stuttgart, Stadtkreis|männlich|2714.0
2021|08111|Stuttgart, Stadtkreis|weiblich|2823.0
2021|08115|Böblingen, Landkreis|Insgesamt|3869.0
2021|08115|Böblingen, Landkreis|männlich|1979.0
2021|08115|Böblingen, Landkreis|weiblich|1890.0
2021|08116|Esslingen, Landkreis|Insgesamt|5556.0
2021|08116|Esslingen, Landkreis|männlich|2725.0
2021|08116|Esslingen, Landkreis|weiblich|2831.0
2021|08117|Göppingen, Landkreis|Insgesamt|3070.0
2021|08117|Göppingen, Landkreis|männlich|1586.0
2021|08117|Göppingen, Landkreis|weiblich|1484.0
2021|08118|Ludwigsburg, Landkreis|Insgesamt|5519.0
2021|08118|Ludwigsburg, Landkreis|männlich|2828.0
2021|08118|Ludwigsburg, Landkreis|weiblich|2691.0
2021|08119|Rems-Murr-Kreis, Landkreis|Insgesamt|4556.0
2021|08119|Rems-Murr-Kreis, Landkreis|männlich|2292.0
2021|08119|Rems-Murr-Kreis, Landkreis|weiblich|2264.0
2021|08121|Heilbronn, Stadtkreis|Insgesamt|1499.0
2021|08121|Heilbronn, Stadtkreis|männlich|782.0
2021|08121|Heilbronn, Stadtkreis|weiblich|717.0
2021|08125|Heilbronn, Landkreis|Insgesamt|3682.0
2021|08125|Heilbronn, Landkreis|männlich|1826.0
2021|08125|Heilbronn, Landkreis|weiblich|1856.0
2021|08126|Hohenlohekreis, Landkreis|Insgesamt|1238.0
2021|08126|Hohenlohekreis, Landkreis|männlich|619.0
2021|08126|Hohenlohekreis, Landkreis|weiblich|619.0
2021|08127|Schwäbisch Hall, Landkreis|Insgesamt|2127.0
2021|08127|Schwäbisch Hall, Landkreis|männlich|1063.0
2021|08127|Schwäbisch Hall, Landkreis|weiblich|1064.0
2021|08128|Main-Tauber-Kreis, Landkreis|Insgesamt|1631.0
2021|08128|Main-Tauber-Kreis, Landkreis|männlich|814.0
2021|08128|Main-Tauber-Kreis, Landkreis|weiblich|817.0
2021|08135|Heidenheim, Landkreis|Insgesamt|1620.0
2021|08135|Heidenheim, Landkreis|männlich|793.0
2021|08135|Heidenheim, Landkreis|weiblich|827.0
2021|08136|Ostalbkreis, Landkreis|Insgesamt|3559.0
2021|08136|Ostalbkreis, Landkreis|männlich|1844.0
2021|08136|Ostalbkreis, Landkreis|weiblich|1715.0
2021|08211|Baden-Baden, Stadtkreis|Insgesamt|757.0
2021|08211|Baden-Baden, Stadtkreis|männlich|344.0
2021|08211|Baden-Baden, Stadtkreis|weiblich|413.0
2021|08212|Karlsruhe, Stadtkreis|Insgesamt|3073.0
2021|08212|Karlsruhe, Stadtkreis|männlich|1463.0
2021|08212|Karlsruhe, Stadtkreis|weiblich|1610.0
2021|08215|Karlsruhe, Landkreis|Insgesamt|5147.0
2021|08215|Karlsruhe, Landkreis|männlich|2603.0
2021|08215|Karlsruhe, Landkreis|weiblich|2544.0
2021|08216|Rastatt, Landkreis|Insgesamt|2775.0
2021|08216|Rastatt, Landkreis|männlich|1416.0
2021|08216|Rastatt, Landkreis|weiblich|1359.0
2021|08221|Heidelberg, Stadtkreis|Insgesamt|1220.0
2021|08221|Heidelberg, Stadtkreis|männlich|601.0
2021|08221|Heidelberg, Stadtkreis|weiblich|619.0
2021|08222|Mannheim, Stadtkreis|Insgesamt|3361.0
2021|08222|Mannheim, Stadtkreis|männlich|1682.0
2021|08222|Mannheim, Stadtkreis|weiblich|1679.0
2021|08225|Neckar-Odenwald-Kreis, Landkreis|Insgesamt|1837.0
2021|08225|Neckar-Odenwald-Kreis, Landkreis|männlich|943.0
2021|08225|Neckar-Odenwald-Kreis, Landkreis|weiblich|894.0
2021|08226|Rhein-Neckar-Kreis, Landkreis|Insgesamt|6094.0
2021|08226|Rhein-Neckar-Kreis, Landkreis|männlich|3139.0
2021|08226|Rhein-Neckar-Kreis, Landkreis|weiblich|2955.0
2021|08231|Pforzheim, Stadtkreis|Insgesamt|1595.0
2021|08231|Pforzheim, Stadtkreis|männlich|792.0
2021|08231|Pforzheim, Stadtkreis|weiblich|803.0
2021|08235|Calw, Landkreis|Insgesamt|1812.0
2021|08235|Calw, Landkreis|männlich|934.0
2021|08235|Calw, Landkreis|weiblich|878.0
2021|08236|Enzkreis, Landkreis|Insgesamt|2269.0
2021|08236|Enzkreis, Landkreis|männlich|1136.0
2021|08236|Enzkreis, Landkreis|weiblich|1133.0
2021|08237|Freudenstadt, Landkreis|Insgesamt|1338.0
2021|08237|Freudenstadt, Landkreis|männlich|696.0
2021|08237|Freudenstadt, Landkreis|weiblich|642.0
2021|08311|Freiburg im Breisgau, Stadtkreis|Insgesamt|1891.0
2021|08311|Freiburg im Breisgau, Stadtkreis|männlich|914.0
2021|08311|Freiburg im Breisgau, Stadtkreis|weiblich|977.0
2021|08315|Breisgau-Hochschwarzwald, Landkreis|Insgesamt|2667.0
2021|08315|Breisgau-Hochschwarzwald, Landkreis|männlich|1360.0
2021|08315|Breisgau-Hochschwarzwald, Landkreis|weiblich|1307.0
2021|08316|Emmendingen, Landkreis|Insgesamt|1787.0
2021|08316|Emmendingen, Landkreis|männlich|899.0
2021|08316|Emmendingen, Landkreis|weiblich|888.0
2021|08317|Ortenaukreis, Landkreis|Insgesamt|5038.0
2021|08317|Ortenaukreis, Landkreis|männlich|2530.0
2021|08317|Ortenaukreis, Landkreis|weiblich|2508.0
2021|08325|Rottweil, Landkreis|Insgesamt|1661.0
2021|08325|Rottweil, Landkreis|männlich|845.0
2021|08325|Rottweil, Landkreis|weiblich|816.0
2021|08326|Schwarzwald-Baar-Kreis, Landkreis|Insgesamt|2645.0
2021|08326|Schwarzwald-Baar-Kreis, Landkreis|männlich|1329.0
2021|08326|Schwarzwald-Baar-Kreis, Landkreis|weiblich|1316.0
2021|08327|Tuttlingen, Landkreis|Insgesamt|1593.0
2021|08327|Tuttlingen, Landkreis|männlich|823.0
2021|08327|Tuttlingen, Landkreis|weiblich|770.0
2021|08335|Konstanz, Landkreis|Insgesamt|3168.0
2021|08335|Konstanz, Landkreis|männlich|1596.0
2021|08335|Konstanz, Landkreis|weiblich|1572.0
2021|08336|Lörrach, Landkreis|Insgesamt|2451.0
2021|08336|Lörrach, Landkreis|männlich|1230.0
2021|08336|Lörrach, Landkreis|weiblich|1221.0
2021|08337|Waldshut, Landkreis|Insgesamt|1945.0
2021|08337|Waldshut, Landkreis|männlich|975.0
2021|08337|Waldshut, Landkreis|weiblich|970.0
2021|08415|Reutlingen, Landkreis|Insgesamt|3075.0
2021|08415|Reutlingen, Landkreis|männlich|1529.0
2021|08415|Reutlingen, Landkreis|weiblich|1546.0
2021|08416|Tübingen, Landkreis|Insgesamt|1960.0
2021|08416|Tübingen, Landkreis|männlich|889.0
2021|08416|Tübingen, Landkreis|weiblich|1071.0
2021|08417|Zollernalbkreis, Landkreis|Insgesamt|2301.0
2021|08417|Zollernalbkreis, Landkreis|männlich|1164.0
2021|08417|Zollernalbkreis, Landkreis|weiblich|1137.0
2021|08421|Ulm, Stadtkreis|Insgesamt|1183.0
2021|08421|Ulm, Stadtkreis|männlich|602.0
2021|08421|Ulm, Stadtkreis|weiblich|581.0
2021|08425|Alb-Donau-Kreis, Landkreis|Insgesamt|1998.0
2021|08425|Alb-Donau-Kreis, Landkreis|männlich|1006.0
2021|08425|Alb-Donau-Kreis, Landkreis|weiblich|992.0
2021|08426|Biberach, Landkreis|Insgesamt|2050.0
2021|08426|Biberach, Landkreis|männlich|1044.0
2021|08426|Biberach, Landkreis|weiblich|1006.0
2021|08435|Bodenseekreis, Landkreis|Insgesamt|2444.0
2021|08435|Bodenseekreis, Landkreis|männlich|1295.0
2021|08435|Bodenseekreis, Landkreis|weiblich|1149.0
2021|08436|Ravensburg, Landkreis|Insgesamt|2958.0
2021|08436|Ravensburg, Landkreis|männlich|1484.0
2021|08436|Ravensburg, Landkreis|weiblich|1474.0
2021|08437|Sigmaringen, Landkreis|Insgesamt|1462.0
2021|08437|Sigmaringen, Landkreis|männlich|793.0
2021|08437|Sigmaringen, Landkreis|weiblich|669.0
2021|09161|Ingolstadt, kreisfreie Stadt|Insgesamt|1468.0
2021|09161|Ingolstadt, kreisfreie Stadt|männlich|729.0
2021|09161|Ingolstadt, kreisfreie Stadt|weiblich|739.0
2021|09162|München, kreisfreie Stadt|Insgesamt|12384.0
2021|09162|München, kreisfreie Stadt|männlich|6157.0
2021|09162|München, kreisfreie Stadt|weiblich|6227.0
2021|09163|Rosenheim, kreisfreie Stadt|Insgesamt|687.0
2021|09163|Rosenheim, kreisfreie Stadt|männlich|338.0
2021|09163|Rosenheim, kreisfreie Stadt|weiblich|349.0
2021|09171|Altötting, Landkreis|Insgesamt|1441.0
2021|09171|Altötting, Landkreis|männlich|731.0
2021|09171|Altötting, Landkreis|weiblich|710.0
2021|09172|Berchtesgadener Land, Landkreis|Insgesamt|1401.0
2021|09172|Berchtesgadener Land, Landkreis|männlich|679.0
2021|09172|Berchtesgadener Land, Landkreis|weiblich|722.0
2021|09173|Bad Tölz-Wolfratshausen, Landkreis|Insgesamt|1479.0
2021|09173|Bad Tölz-Wolfratshausen, Landkreis|männlich|731.0
2021|09173|Bad Tölz-Wolfratshausen, Landkreis|weiblich|748.0
2021|09174|Dachau, Landkreis|Insgesamt|1545.0
2021|09174|Dachau, Landkreis|männlich|763.0
2021|09174|Dachau, Landkreis|weiblich|782.0
2021|09175|Ebersberg, Landkreis|Insgesamt|1364.0
2021|09175|Ebersberg, Landkreis|männlich|676.0
2021|09175|Ebersberg, Landkreis|weiblich|688.0
2021|09176|Eichstätt, Landkreis|Insgesamt|1190.0
2021|09176|Eichstätt, Landkreis|männlich|621.0
2021|09176|Eichstätt, Landkreis|weiblich|569.0
2021|09177|Erding, Landkreis|Insgesamt|1227.0
2021|09177|Erding, Landkreis|männlich|630.0
2021|09177|Erding, Landkreis|weiblich|597.0
2021|09178|Freising, Landkreis|Insgesamt|1594.0
2021|09178|Freising, Landkreis|männlich|835.0
2021|09178|Freising, Landkreis|weiblich|759.0
2021|09179|Fürstenfeldbruck, Landkreis|Insgesamt|2218.0
2021|09179|Fürstenfeldbruck, Landkreis|männlich|1135.0
2021|09179|Fürstenfeldbruck, Landkreis|weiblich|1083.0
2021|09180|Garmisch-Partenkirchen, Landkreis|Insgesamt|1055.0
2021|09180|Garmisch-Partenkirchen, Landkreis|männlich|559.0
2021|09180|Garmisch-Partenkirchen, Landkreis|weiblich|496.0
2021|09181|Landsberg am Lech, Landkreis|Insgesamt|1139.0
2021|09181|Landsberg am Lech, Landkreis|männlich|580.0
2021|09181|Landsberg am Lech, Landkreis|weiblich|559.0
2021|09182|Miesbach, Landkreis|Insgesamt|1156.0
2021|09182|Miesbach, Landkreis|männlich|552.0
2021|09182|Miesbach, Landkreis|weiblich|604.0
2021|09183|Mühldorf a.Inn, Landkreis|Insgesamt|1443.0
2021|09183|Mühldorf a.Inn, Landkreis|männlich|746.0
2021|09183|Mühldorf a.Inn, Landkreis|weiblich|697.0
2021|09184|München, Landkreis|Insgesamt|3430.0
2021|09184|München, Landkreis|männlich|1701.0
2021|09184|München, Landkreis|weiblich|1729.0
2021|09185|Neuburg-Schrobenhausen, Landkreis|Insgesamt|1035.0
2021|09185|Neuburg-Schrobenhausen, Landkreis|männlich|510.0
2021|09185|Neuburg-Schrobenhausen, Landkreis|weiblich|525.0
2021|09186|Pfaffenhofen a.d.Ilm, Landkreis|Insgesamt|1281.0
2021|09186|Pfaffenhofen a.d.Ilm, Landkreis|männlich|688.0
2021|09186|Pfaffenhofen a.d.Ilm, Landkreis|weiblich|593.0
2021|09187|Rosenheim, Landkreis|Insgesamt|2970.0
2021|09187|Rosenheim, Landkreis|männlich|1473.0
2021|09187|Rosenheim, Landkreis|weiblich|1497.0
2021|09188|Starnberg, Landkreis|Insgesamt|1457.0
2021|09188|Starnberg, Landkreis|männlich|740.0
2021|09188|Starnberg, Landkreis|weiblich|717.0
2021|09189|Traunstein, Landkreis|Insgesamt|2191.0
2021|09189|Traunstein, Landkreis|männlich|1086.0
2021|09189|Traunstein, Landkreis|weiblich|1105.0
2021|09190|Weilheim-Schongau, Landkreis|Insgesamt|1542.0
2021|09190|Weilheim-Schongau, Landkreis|männlich|761.0
2021|09190|Weilheim-Schongau, Landkreis|weiblich|781.0
2021|09261|Landshut, kreisfreie Stadt|Insgesamt|873.0
2021|09261|Landshut, kreisfreie Stadt|männlich|406.0
2021|09261|Landshut, kreisfreie Stadt|weiblich|467.0
2021|09262|Passau, kreisfreie Stadt|Insgesamt|632.0
2021|09262|Passau, kreisfreie Stadt|männlich|304.0
2021|09262|Passau, kreisfreie Stadt|weiblich|328.0
2021|09263|Straubing, kreisfreie Stadt|Insgesamt|630.0
2021|09263|Straubing, kreisfreie Stadt|männlich|297.0
2021|09263|Straubing, kreisfreie Stadt|weiblich|333.0
2021|09271|Deggendorf, Landkreis|Insgesamt|1519.0
2021|09271|Deggendorf, Landkreis|männlich|765.0
2021|09271|Deggendorf, Landkreis|weiblich|754.0
2021|09272|Freyung-Grafenau, Landkreis|Insgesamt|1042.0
2021|09272|Freyung-Grafenau, Landkreis|männlich|517.0
2021|09272|Freyung-Grafenau, Landkreis|weiblich|525.0
2021|09273|Kelheim, Landkreis|Insgesamt|1308.0
2021|09273|Kelheim, Landkreis|männlich|645.0
2021|09273|Kelheim, Landkreis|weiblich|663.0
2021|09274|Landshut, Landkreis|Insgesamt|1565.0
2021|09274|Landshut, Landkreis|männlich|801.0
2021|09274|Landshut, Landkreis|weiblich|764.0
2021|09275|Passau, Landkreis|Insgesamt|2553.0
2021|09275|Passau, Landkreis|männlich|1261.0
2021|09275|Passau, Landkreis|weiblich|1292.0
2021|09276|Regen, Landkreis|Insgesamt|1063.0
2021|09276|Regen, Landkreis|männlich|502.0
2021|09276|Regen, Landkreis|weiblich|561.0
2021|09277|Rottal-Inn, Landkreis|Insgesamt|1642.0
2021|09277|Rottal-Inn, Landkreis|männlich|793.0
2021|09277|Rottal-Inn, Landkreis|weiblich|849.0
2021|09278|Straubing-Bogen, Landkreis|Insgesamt|1119.0
2021|09278|Straubing-Bogen, Landkreis|männlich|572.0
2021|09278|Straubing-Bogen, Landkreis|weiblich|547.0
2021|09279|Dingolfing-Landau, Landkreis|Insgesamt|1068.0
2021|09279|Dingolfing-Landau, Landkreis|männlich|564.0
2021|09279|Dingolfing-Landau, Landkreis|weiblich|504.0
2021|09361|Amberg, kreisfreie Stadt|Insgesamt|626.0
2021|09361|Amberg, kreisfreie Stadt|männlich|303.0
2021|09361|Amberg, kreisfreie Stadt|weiblich|323.0
2021|09362|Regensburg, kreisfreie Stadt|Insgesamt|1546.0
2021|09362|Regensburg, kreisfreie Stadt|männlich|775.0
2021|09362|Regensburg, kreisfreie Stadt|weiblich|771.0
2021|09363|Weiden i.d.OPf., kreisfreie Stadt|Insgesamt|613.0
2021|09363|Weiden i.d.OPf., kreisfreie Stadt|männlich|311.0
2021|09363|Weiden i.d.OPf., kreisfreie Stadt|weiblich|302.0
2021|09371|Amberg-Sulzbach, Landkreis|Insgesamt|1303.0
2021|09371|Amberg-Sulzbach, Landkreis|männlich|645.0
2021|09371|Amberg-Sulzbach, Landkreis|weiblich|658.0
2021|09372|Cham, Landkreis|Insgesamt|1720.0
2021|09372|Cham, Landkreis|männlich|892.0
2021|09372|Cham, Landkreis|weiblich|828.0
2021|09373|Neumarkt i.d.OPf., Landkreis|Insgesamt|1578.0
2021|09373|Neumarkt i.d.OPf., Landkreis|männlich|790.0
2021|09373|Neumarkt i.d.OPf., Landkreis|weiblich|788.0
2021|09374|Neustadt a.d.Waldnaab, Landkreis|Insgesamt|1196.0
2021|09374|Neustadt a.d.Waldnaab, Landkreis|männlich|595.0
2021|09374|Neustadt a.d.Waldnaab, Landkreis|weiblich|601.0
2021|09375|Regensburg, Landkreis|Insgesamt|2011.0
2021|09375|Regensburg, Landkreis|männlich|999.0
2021|09375|Regensburg, Landkreis|weiblich|1012.0
2021|09376|Schwandorf, Landkreis|Insgesamt|1792.0
2021|09376|Schwandorf, Landkreis|männlich|898.0
2021|09376|Schwandorf, Landkreis|weiblich|894.0
2021|09377|Tirschenreuth, Landkreis|Insgesamt|1043.0
2021|09377|Tirschenreuth, Landkreis|männlich|521.0
2021|09377|Tirschenreuth, Landkreis|weiblich|522.0
2021|09461|Bamberg, kreisfreie Stadt|Insgesamt|953.0
2021|09461|Bamberg, kreisfreie Stadt|männlich|450.0
2021|09461|Bamberg, kreisfreie Stadt|weiblich|503.0
2021|09462|Bayreuth, kreisfreie Stadt|Insgesamt|963.0
2021|09462|Bayreuth, kreisfreie Stadt|männlich|484.0
2021|09462|Bayreuth, kreisfreie Stadt|weiblich|479.0
2021|09463|Coburg, kreisfreie Stadt|Insgesamt|653.0
2021|09463|Coburg, kreisfreie Stadt|männlich|337.0
2021|09463|Coburg, kreisfreie Stadt|weiblich|316.0
2021|09464|Hof, kreisfreie Stadt|Insgesamt|760.0
2021|09464|Hof, kreisfreie Stadt|männlich|371.0
2021|09464|Hof, kreisfreie Stadt|weiblich|389.0
2021|09471|Bamberg, Landkreis|Insgesamt|1654.0
2021|09471|Bamberg, Landkreis|männlich|888.0
2021|09471|Bamberg, Landkreis|weiblich|766.0
2021|09472|Bayreuth, Landkreis|Insgesamt|1377.0
2021|09472|Bayreuth, Landkreis|männlich|659.0
2021|09472|Bayreuth, Landkreis|weiblich|718.0
2021|09473|Coburg, Landkreis|Insgesamt|1208.0
2021|09473|Coburg, Landkreis|männlich|603.0
2021|09473|Coburg, Landkreis|weiblich|605.0
2021|09474|Forchheim, Landkreis|Insgesamt|1303.0
2021|09474|Forchheim, Landkreis|männlich|675.0
2021|09474|Forchheim, Landkreis|weiblich|628.0
2021|09475|Hof, Landkreis|Insgesamt|1574.0
2021|09475|Hof, Landkreis|männlich|811.0
2021|09475|Hof, Landkreis|weiblich|763.0
2021|09476|Kronach, Landkreis|Insgesamt|1000.0
2021|09476|Kronach, Landkreis|männlich|515.0
2021|09476|Kronach, Landkreis|weiblich|485.0
2021|09477|Kulmbach, Landkreis|Insgesamt|990.0
2021|09477|Kulmbach, Landkreis|männlich|459.0
2021|09477|Kulmbach, Landkreis|weiblich|531.0
2021|09478|Lichtenfels, Landkreis|Insgesamt|905.0
2021|09478|Lichtenfels, Landkreis|männlich|443.0
2021|09478|Lichtenfels, Landkreis|weiblich|462.0
2021|09479|Wunsiedel i.Fichtelgebirge, Landkreis|Insgesamt|1255.0
2021|09479|Wunsiedel i.Fichtelgebirge, Landkreis|männlich|626.0
2021|09479|Wunsiedel i.Fichtelgebirge, Landkreis|weiblich|629.0
2021|09561|Ansbach, kreisfreie Stadt|Insgesamt|583.0
2021|09561|Ansbach, kreisfreie Stadt|männlich|281.0
2021|09561|Ansbach, kreisfreie Stadt|weiblich|302.0
2021|09562|Erlangen, kreisfreie Stadt|Insgesamt|1154.0
2021|09562|Erlangen, kreisfreie Stadt|männlich|559.0
2021|09562|Erlangen, kreisfreie Stadt|weiblich|595.0
2021|09563|Fürth, kreisfreie Stadt|Insgesamt|1516.0
2021|09563|Fürth, kreisfreie Stadt|männlich|759.0
2021|09563|Fürth, kreisfreie Stadt|weiblich|757.0
2021|09564|Nürnberg, kreisfreie Stadt|Insgesamt|6238.0
2021|09564|Nürnberg, kreisfreie Stadt|männlich|3081.0
2021|09564|Nürnberg, kreisfreie Stadt|weiblich|3157.0
2021|09565|Schwabach, kreisfreie Stadt|Insgesamt|506.0
2021|09565|Schwabach, kreisfreie Stadt|männlich|261.0
2021|09565|Schwabach, kreisfreie Stadt|weiblich|245.0
2021|09571|Ansbach, Landkreis|Insgesamt|2185.0
2021|09571|Ansbach, Landkreis|männlich|1116.0
2021|09571|Ansbach, Landkreis|weiblich|1069.0
2021|09572|Erlangen-Höchstadt, Landkreis|Insgesamt|1517.0
2021|09572|Erlangen-Höchstadt, Landkreis|männlich|773.0
2021|09572|Erlangen-Höchstadt, Landkreis|weiblich|744.0
2021|09573|Fürth, Landkreis|Insgesamt|1469.0
2021|09573|Fürth, Landkreis|männlich|745.0
2021|09573|Fürth, Landkreis|weiblich|724.0
2021|09574|Nürnberger Land, Landkreis|Insgesamt|1999.0
2021|09574|Nürnberger Land, Landkreis|männlich|989.0
2021|09574|Nürnberger Land, Landkreis|weiblich|1010.0
2021|09575|Neustadt a.d.Aisch-Bad Windsheim, Landkreis|Insgesamt|1208.0
2021|09575|Neustadt a.d.Aisch-Bad Windsheim, Landkreis|männlich|603.0
2021|09575|Neustadt a.d.Aisch-Bad Windsheim, Landkreis|weiblich|605.0
2021|09576|Roth, Landkreis|Insgesamt|1535.0
2021|09576|Roth, Landkreis|männlich|777.0
2021|09576|Roth, Landkreis|weiblich|758.0
2021|09577|Weißenburg-Gunzenhausen, Landkreis|Insgesamt|1169.0
2021|09577|Weißenburg-Gunzenhausen, Landkreis|männlich|607.0
2021|09577|Weißenburg-Gunzenhausen, Landkreis|weiblich|562.0
2021|09661|Aschaffenburg, kreisfreie Stadt|Insgesamt|884.0
2021|09661|Aschaffenburg, kreisfreie Stadt|männlich|432.0
2021|09661|Aschaffenburg, kreisfreie Stadt|weiblich|452.0
2021|09662|Schweinfurt, kreisfreie Stadt|Insgesamt|810.0
2021|09662|Schweinfurt, kreisfreie Stadt|männlich|381.0
2021|09662|Schweinfurt, kreisfreie Stadt|weiblich|429.0
2021|09663|Würzburg, kreisfreie Stadt|Insgesamt|1521.0
2021|09663|Würzburg, kreisfreie Stadt|männlich|698.0
2021|09663|Würzburg, kreisfreie Stadt|weiblich|823.0
2021|09671|Aschaffenburg, Landkreis|Insgesamt|1975.0
2021|09671|Aschaffenburg, Landkreis|männlich|1016.0
2021|09671|Aschaffenburg, Landkreis|weiblich|959.0
2021|09672|Bad Kissingen, Landkreis|Insgesamt|1390.0
2021|09672|Bad Kissingen, Landkreis|männlich|721.0
2021|09672|Bad Kissingen, Landkreis|weiblich|669.0
2021|09673|Rhön-Grabfeld, Landkreis|Insgesamt|1122.0
2021|09673|Rhön-Grabfeld, Landkreis|männlich|584.0
2021|09673|Rhön-Grabfeld, Landkreis|weiblich|538.0
2021|09674|Haßberge, Landkreis|Insgesamt|984.0
2021|09674|Haßberge, Landkreis|männlich|474.0
2021|09674|Haßberge, Landkreis|weiblich|510.0
2021|09675|Kitzingen, Landkreis|Insgesamt|1112.0
2021|09675|Kitzingen, Landkreis|männlich|553.0
2021|09675|Kitzingen, Landkreis|weiblich|559.0
2021|09676|Miltenberg, Landkreis|Insgesamt|1443.0
2021|09676|Miltenberg, Landkreis|männlich|742.0
2021|09676|Miltenberg, Landkreis|weiblich|701.0
2021|09677|Main-Spessart, Landkreis|Insgesamt|1601.0
2021|09677|Main-Spessart, Landkreis|männlich|802.0
2021|09677|Main-Spessart, Landkreis|weiblich|799.0
2021|09678|Schweinfurt, Landkreis|Insgesamt|1381.0
2021|09678|Schweinfurt, Landkreis|männlich|736.0
2021|09678|Schweinfurt, Landkreis|weiblich|645.0
2021|09679|Würzburg, Landkreis|Insgesamt|1629.0
2021|09679|Würzburg, Landkreis|männlich|836.0
2021|09679|Würzburg, Landkreis|weiblich|793.0
2021|09761|Augsburg, kreisfreie Stadt|Insgesamt|3335.0
2021|09761|Augsburg, kreisfreie Stadt|männlich|1653.0
2021|09761|Augsburg, kreisfreie Stadt|weiblich|1682.0
2021|09762|Kaufbeuren, kreisfreie Stadt|Insgesamt|594.0
2021|09762|Kaufbeuren, kreisfreie Stadt|männlich|293.0
2021|09762|Kaufbeuren, kreisfreie Stadt|weiblich|301.0
2021|09763|Kempten (Allgäu), kreisfreie Stadt|Insgesamt|791.0
2021|09763|Kempten (Allgäu), kreisfreie Stadt|männlich|399.0
2021|09763|Kempten (Allgäu), kreisfreie Stadt|weiblich|392.0
2021|09764|Memmingen, kreisfreie Stadt|Insgesamt|541.0
2021|09764|Memmingen, kreisfreie Stadt|männlich|270.0
2021|09764|Memmingen, kreisfreie Stadt|weiblich|271.0
2021|09771|Aichach-Friedberg, Landkreis|Insgesamt|1369.0
2021|09771|Aichach-Friedberg, Landkreis|männlich|722.0
2021|09771|Aichach-Friedberg, Landkreis|weiblich|647.0
2021|09772|Augsburg, Landkreis|Insgesamt|2898.0
2021|09772|Augsburg, Landkreis|männlich|1447.0
2021|09772|Augsburg, Landkreis|weiblich|1451.0
2021|09773|Dillingen a.d.Donau, Landkreis|Insgesamt|1028.0
2021|09773|Dillingen a.d.Donau, Landkreis|männlich|541.0
2021|09773|Dillingen a.d.Donau, Landkreis|weiblich|487.0
2021|09774|Günzburg, Landkreis|Insgesamt|1370.0
2021|09774|Günzburg, Landkreis|männlich|688.0
2021|09774|Günzburg, Landkreis|weiblich|682.0
2021|09775|Neu-Ulm, Landkreis|Insgesamt|1878.0
2021|09775|Neu-Ulm, Landkreis|männlich|927.0
2021|09775|Neu-Ulm, Landkreis|weiblich|951.0
2021|09776|Lindau (Bodensee), Landkreis|Insgesamt|966.0
2021|09776|Lindau (Bodensee), Landkreis|männlich|480.0
2021|09776|Lindau (Bodensee), Landkreis|weiblich|486.0
2021|09777|Ostallgäu, Landkreis|Insgesamt|1544.0
2021|09777|Ostallgäu, Landkreis|männlich|768.0
2021|09777|Ostallgäu, Landkreis|weiblich|776.0
2021|09778|Unterallgäu, Landkreis|Insgesamt|1657.0
2021|09778|Unterallgäu, Landkreis|männlich|832.0
2021|09778|Unterallgäu, Landkreis|weiblich|825.0
2021|09779|Donau-Ries, Landkreis|Insgesamt|1574.0
2021|09779|Donau-Ries, Landkreis|männlich|796.0
2021|09779|Donau-Ries, Landkreis|weiblich|778.0
2021|09780|Oberallgäu, Landkreis|Insgesamt|1774.0
2021|09780|Oberallgäu, Landkreis|männlich|918.0
2021|09780|Oberallgäu, Landkreis|weiblich|856.0
2021|10041|Saarbrücken, Regionalverband|Insgesamt|4600.0
2021|10041|Saarbrücken, Regionalverband|männlich|2299.0
2021|10041|Saarbrücken, Regionalverband|weiblich|2301.0
2021|10041100|Saarbrücken, Landeshauptstadt|Insgesamt|2308.0
2021|10041100|Saarbrücken, Landeshauptstadt|männlich|1155.0
2021|10041100|Saarbrücken, Landeshauptstadt|weiblich|1153.0
2021|10042|Merzig-Wadern, Landkreis|Insgesamt|1485.0
2021|10042|Merzig-Wadern, Landkreis|männlich|718.0
2021|10042|Merzig-Wadern, Landkreis|weiblich|767.0
2021|10043|Neunkirchen, Landkreis|Insgesamt|2042.0
2021|10043|Neunkirchen, Landkreis|männlich|1009.0
2021|10043|Neunkirchen, Landkreis|weiblich|1033.0
2021|10044|Saarlouis, Landkreis|Insgesamt|2771.0
2021|10044|Saarlouis, Landkreis|männlich|1384.0
2021|10044|Saarlouis, Landkreis|weiblich|1387.0
2021|10045|Saarpfalz-Kreis|Insgesamt|2075.0
2021|10045|Saarpfalz-Kreis|männlich|1025.0
2021|10045|Saarpfalz-Kreis|weiblich|1050.0
2021|10046|St. Wendel, Landkreis|Insgesamt|1303.0
2021|10046|St. Wendel, Landkreis|männlich|652.0
2021|10046|St. Wendel, Landkreis|weiblich|651.0
2021|11000|Berlin, kreisfreie Stadt|Insgesamt|37706.0
2021|11000|Berlin, kreisfreie Stadt|männlich|19384.0
2021|11000|Berlin, kreisfreie Stadt|weiblich|18322.0
2021|11001001|Berlin-Mitte|Insgesamt|
2021|11001001|Berlin-Mitte|männlich|
2021|11001001|Berlin-Mitte|weiblich|
2021|11002002|Berlin-Friedrichshain-Kreuzberg|Insgesamt|
2021|11002002|Berlin-Friedrichshain-Kreuzberg|männlich|
2021|11002002|Berlin-Friedrichshain-Kreuzberg|weiblich|
2021|11003003|Berlin-Pankow|Insgesamt|
2021|11003003|Berlin-Pankow|männlich|
2021|11003003|Berlin-Pankow|weiblich|
2021|11004004|Berlin-Charlottenburg-Wilmersdorf|Insgesamt|
2021|11004004|Berlin-Charlottenburg-Wilmersdorf|männlich|
2021|11004004|Berlin-Charlottenburg-Wilmersdorf|weiblich|
2021|11005005|Berlin-Spandau|Insgesamt|
2021|11005005|Berlin-Spandau|männlich|
2021|11005005|Berlin-Spandau|weiblich|
2021|11006006|Berlin-Steglitz-Zehlendorf|Insgesamt|
2021|11006006|Berlin-Steglitz-Zehlendorf|männlich|
2021|11006006|Berlin-Steglitz-Zehlendorf|weiblich|
2021|11007007|Berlin-Tempelhof-Schöneberg|Insgesamt|
2021|11007007|Berlin-Tempelhof-Schöneberg|männlich|
2021|11007007|Berlin-Tempelhof-Schöneberg|weiblich|
2021|11008008|Berlin-Neukölln|Insgesamt|
2021|11008008|Berlin-Neukölln|männlich|
2021|11008008|Berlin-Neukölln|weiblich|
2021|11009009|Berlin-Treptow-Köpenick|Insgesamt|
2021|11009009|Berlin-Treptow-Köpenick|männlich|
2021|11009009|Berlin-Treptow-Köpenick|weiblich|
2021|11010010|Berlin-Marzahn-Hellersdorf|Insgesamt|
2021|11010010|Berlin-Marzahn-Hellersdorf|männlich|
2021|11010010|Berlin-Marzahn-Hellersdorf|weiblich|
2021|11011011|Berlin-Lichtenberg|Insgesamt|
2021|11011011|Berlin-Lichtenberg|männlich|
2021|11011011|Berlin-Lichtenberg|weiblich|
2021|11012012|Berlin-Reinickendorf|Insgesamt|
2021|11012012|Berlin-Reinickendorf|männlich|
2021|11012012|Berlin-Reinickendorf|weiblich|
2021|12051|Brandenburg an der Havel, kreisfreie Stadt|Insgesamt|1224.0
2021|12051|Brandenburg an der Havel, kreisfreie Stadt|männlich|647.0
2021|12051|Brandenburg an der Havel, kreisfreie Stadt|weiblich|577.0
2021|12052|Cottbus, kreisfreie Stadt|Insgesamt|1577.0
2021|12052|Cottbus, kreisfreie Stadt|männlich|805.0
2021|12052|Cottbus, kreisfreie Stadt|weiblich|772.0
2021|12053|Frankfurt (Oder), kreisfreie Stadt|Insgesamt|943.0
2021|12053|Frankfurt (Oder), kreisfreie Stadt|männlich|483.0
2021|12053|Frankfurt (Oder), kreisfreie Stadt|weiblich|460.0
2021|12054|Potsdam, kreisfreie Stadt|Insgesamt|1879.0
2021|12054|Potsdam, kreisfreie Stadt|männlich|970.0
2021|12054|Potsdam, kreisfreie Stadt|weiblich|909.0
2021|12060|Barnim, Landkreis|Insgesamt|2655.0
2021|12060|Barnim, Landkreis|männlich|1410.0
2021|12060|Barnim, Landkreis|weiblich|1245.0
2021|12061|Dahme-Spreewald, Landkreis|Insgesamt|2478.0
2021|12061|Dahme-Spreewald, Landkreis|männlich|1310.0
2021|12061|Dahme-Spreewald, Landkreis|weiblich|1168.0
2021|12062|Elbe-Elster, Landkreis|Insgesamt|1976.0
2021|12062|Elbe-Elster, Landkreis|männlich|995.0
2021|12062|Elbe-Elster, Landkreis|weiblich|981.0
2021|12063|Havelland, Landkreis|Insgesamt|2160.0
2021|12063|Havelland, Landkreis|männlich|1112.0
2021|12063|Havelland, Landkreis|weiblich|1048.0
2021|12064|Märkisch-Oderland, Landkreis|Insgesamt|2743.0
2021|12064|Märkisch-Oderland, Landkreis|männlich|1430.0
2021|12064|Märkisch-Oderland, Landkreis|weiblich|1313.0
2021|12065|Oberhavel, Landkreis|Insgesamt|2696.0
2021|12065|Oberhavel, Landkreis|männlich|1411.0
2021|12065|Oberhavel, Landkreis|weiblich|1285.0
2021|12066|Oberspreewald-Lausitz, Landkreis|Insgesamt|2016.0
2021|12066|Oberspreewald-Lausitz, Landkreis|männlich|1050.0
2021|12066|Oberspreewald-Lausitz, Landkreis|weiblich|966.0
2021|12067|Oder-Spree, Landkreis|Insgesamt|2872.0
2021|12067|Oder-Spree, Landkreis|männlich|1523.0
2021|12067|Oder-Spree, Landkreis|weiblich|1349.0
2021|12068|Ostprignitz-Ruppin, Landkreis|Insgesamt|1638.0
2021|12068|Ostprignitz-Ruppin, Landkreis|männlich|833.0
2021|12068|Ostprignitz-Ruppin, Landkreis|weiblich|805.0
2021|12069|Potsdam-Mittelmark, Landkreis|Insgesamt|2583.0
2021|12069|Potsdam-Mittelmark, Landkreis|männlich|1344.0
2021|12069|Potsdam-Mittelmark, Landkreis|weiblich|1239.0
2021|12070|Prignitz, Landkreis|Insgesamt|1480.0
2021|12070|Prignitz, Landkreis|männlich|754.0
2021|12070|Prignitz, Landkreis|weiblich|726.0
2021|12071|Spree-Neiße, Landkreis|Insgesamt|2025.0
2021|12071|Spree-Neiße, Landkreis|männlich|1074.0
2021|12071|Spree-Neiße, Landkreis|weiblich|951.0
2021|12072|Teltow-Fläming, Landkreis|Insgesamt|2375.0
2021|12072|Teltow-Fläming, Landkreis|männlich|1247.0
2021|12072|Teltow-Fläming, Landkreis|weiblich|1128.0
2021|12073|Uckermark, Landkreis|Insgesamt|2076.0
2021|12073|Uckermark, Landkreis|männlich|1144.0
2021|12073|Uckermark, Landkreis|weiblich|932.0
2021|13003|Rostock, kreisfreie Stadt|Insgesamt|2772.0
2021|13003|Rostock, kreisfreie Stadt|männlich|1437.0
2021|13003|Rostock, kreisfreie Stadt|weiblich|1335.0
2021|13004|Schwerin, kreisfreie Stadt|Insgesamt|1467.0
2021|13004|Schwerin, kreisfreie Stadt|männlich|726.0
2021|13004|Schwerin, kreisfreie Stadt|weiblich|741.0
2021|13071|Mecklenburgische Seenplatte, Landkreis|Insgesamt|4198.0
2021|13071|Mecklenburgische Seenplatte, Landkreis|männlich|2126.0
2021|13071|Mecklenburgische Seenplatte, Landkreis|weiblich|2072.0
2021|13072|Landkreis Rostock|Insgesamt|3050.0
2021|13072|Landkreis Rostock|männlich|1607.0
2021|13072|Landkreis Rostock|weiblich|1443.0
2021|13073|Vorpommern-Rügen, Landkreis|Insgesamt|3512.0
2021|13073|Vorpommern-Rügen, Landkreis|männlich|1828.0
2021|13073|Vorpommern-Rügen, Landkreis|weiblich|1684.0
2021|13074|Nordwestmecklenburg, Landkreis|Insgesamt|2095.0
2021|13074|Nordwestmecklenburg, Landkreis|männlich|1088.0
2021|13074|Nordwestmecklenburg, Landkreis|weiblich|1007.0
2021|13075|Vorpommern-Greifswald, Landkreis|Insgesamt|4000.0
2021|13075|Vorpommern-Greifswald, Landkreis|männlich|2070.0
2021|13075|Vorpommern-Greifswald, Landkreis|weiblich|1930.0
2021|13076|Ludwigslust-Parchim, Landkreis|Insgesamt|3058.0
2021|13076|Ludwigslust-Parchim, Landkreis|männlich|1603.0
2021|13076|Ludwigslust-Parchim, Landkreis|weiblich|1455.0
2021|14511|Chemnitz, kreisfreie Stadt|Insgesamt|4028.0
2021|14511|Chemnitz, kreisfreie Stadt|männlich|2020.0
2021|14511|Chemnitz, kreisfreie Stadt|weiblich|2008.0
2021|14521|Erzgebirgskreis|Insgesamt|6129.0
2021|14521|Erzgebirgskreis|männlich|3122.0
2021|14521|Erzgebirgskreis|weiblich|3007.0
2021|14522|Mittelsachsen, Landkreis|Insgesamt|5301.0
2021|14522|Mittelsachsen, Landkreis|männlich|2760.0
2021|14522|Mittelsachsen, Landkreis|weiblich|2541.0
2021|14523|Vogtlandkreis|Insgesamt|4552.0
2021|14523|Vogtlandkreis|männlich|2220.0
2021|14523|Vogtlandkreis|weiblich|2332.0
2021|14524|Zwickau, Landkreis|Insgesamt|6013.0
2021|14524|Zwickau, Landkreis|männlich|2970.0
2021|14524|Zwickau, Landkreis|weiblich|3043.0
2021|14612|Dresden, kreisfreie Stadt|Insgesamt|6439.0
2021|14612|Dresden, kreisfreie Stadt|männlich|3284.0
2021|14612|Dresden, kreisfreie Stadt|weiblich|3155.0
2021|14625|Bautzen, Landkreis|Insgesamt|5077.0
2021|14625|Bautzen, Landkreis|männlich|2584.0
2021|14625|Bautzen, Landkreis|weiblich|2493.0
2021|14626|Görlitz, Landkreis|Insgesamt|4812.0
2021|14626|Görlitz, Landkreis|männlich|2511.0
2021|14626|Görlitz, Landkreis|weiblich|2301.0
2021|14627|Meißen, Landkreis|Insgesamt|3938.0
2021|14627|Meißen, Landkreis|männlich|2012.0
2021|14627|Meißen, Landkreis|weiblich|1926.0
2021|14628|Sächsische Schweiz-Osterzgebirge, Landkreis|Insgesamt|3936.0
2021|14628|Sächsische Schweiz-Osterzgebirge, Landkreis|männlich|2038.0
2021|14628|Sächsische Schweiz-Osterzgebirge, Landkreis|weiblich|1898.0
2021|14713|Leipzig, kreisfreie Stadt|Insgesamt|6930.0
2021|14713|Leipzig, kreisfreie Stadt|männlich|3528.0
2021|14713|Leipzig, kreisfreie Stadt|weiblich|3402.0
2021|14729|Leipzig, Landkreis|Insgesamt|4136.0
2021|14729|Leipzig, Landkreis|männlich|2076.0
2021|14729|Leipzig, Landkreis|weiblich|2060.0
2021|14730|Nordsachsen, Landkreis|Insgesamt|3082.0
2021|14730|Nordsachsen, Landkreis|männlich|1539.0
2021|14730|Nordsachsen, Landkreis|weiblich|1543.0
2021|15001|Dessau-Roßlau, kreisfreie Stadt|Insgesamt|1578.0
2021|15001|Dessau-Roßlau, kreisfreie Stadt|männlich|803.0
2021|15001|Dessau-Roßlau, kreisfreie Stadt|weiblich|775.0
2021|15002|Halle (Saale), kreisfreie Stadt|Insgesamt|3417.0
2021|15002|Halle (Saale), kreisfreie Stadt|männlich|1701.0
2021|15002|Halle (Saale), kreisfreie Stadt|weiblich|1716.0
2021|15003|Magdeburg, kreisfreie Stadt, Landeshauptstadt|Insgesamt|3341.0
2021|15003|Magdeburg, kreisfreie Stadt, Landeshauptstadt|männlich|1684.0
2021|15003|Magdeburg, kreisfreie Stadt, Landeshauptstadt|weiblich|1657.0
2021|15081|Altmarkkreis Salzwedel|Insgesamt|1287.0
2021|15081|Altmarkkreis Salzwedel|männlich|678.0
2021|15081|Altmarkkreis Salzwedel|weiblich|609.0
2021|15082|Anhalt-Bitterfeld, Landkreis|Insgesamt|2948.0
2021|15082|Anhalt-Bitterfeld, Landkreis|männlich|1485.0
2021|15082|Anhalt-Bitterfeld, Landkreis|weiblich|1463.0
2021|15083|Börde, Landkreis|Insgesamt|2548.0
2021|15083|Börde, Landkreis|männlich|1334.0
2021|15083|Börde, Landkreis|weiblich|1214.0
2021|15084|Burgenlandkreis|Insgesamt|3443.0
2021|15084|Burgenlandkreis|männlich|1774.0
2021|15084|Burgenlandkreis|weiblich|1669.0
2021|15085|Harz, Landkreis|Insgesamt|3819.0
2021|15085|Harz, Landkreis|männlich|1949.0
2021|15085|Harz, Landkreis|weiblich|1870.0
2021|15086|Jerichower Land, Landkreis|Insgesamt|1441.0
2021|15086|Jerichower Land, Landkreis|männlich|765.0
2021|15086|Jerichower Land, Landkreis|weiblich|676.0
2021|15087|Mansfeld-Südharz, Landkreis|Insgesamt|2715.0
2021|15087|Mansfeld-Südharz, Landkreis|männlich|1400.0
2021|15087|Mansfeld-Südharz, Landkreis|weiblich|1315.0
2021|15088|Saalekreis|Insgesamt|2903.0
2021|15088|Saalekreis|männlich|1527.0
2021|15088|Saalekreis|weiblich|1376.0
2021|15089|Salzlandkreis|Insgesamt|3624.0
2021|15089|Salzlandkreis|männlich|1819.0
2021|15089|Salzlandkreis|weiblich|1805.0
2021|15090|Stendal, Landkreis|Insgesamt|1953.0
2021|15090|Stendal, Landkreis|männlich|1062.0
2021|15090|Stendal, Landkreis|weiblich|891.0
2021|15091|Wittenberg, Landkreis|Insgesamt|2272.0
2021|15091|Wittenberg, Landkreis|männlich|1160.0
2021|15091|Wittenberg, Landkreis|weiblich|1112.0
2021|16051|Erfurt, kreisfreie Stadt|Insgesamt|2786.0
2021|16051|Erfurt, kreisfreie Stadt|männlich|1432.0
2021|16051|Erfurt, kreisfreie Stadt|weiblich|1354.0
2021|16052|Gera, kreisfreie Stadt|Insgesamt|1696.0
2021|16052|Gera, kreisfreie Stadt|männlich|868.0
2021|16052|Gera, kreisfreie Stadt|weiblich|828.0
2021|16053|Jena, kreisfreie Stadt|Insgesamt|1221.0
2021|16053|Jena, kreisfreie Stadt|männlich|634.0
2021|16053|Jena, kreisfreie Stadt|weiblich|587.0
2021|16054|Suhl, kreisfreie Stadt|Insgesamt|722.0
2021|16054|Suhl, kreisfreie Stadt|männlich|358.0
2021|16054|Suhl, kreisfreie Stadt|weiblich|364.0
2021|16055|Weimar, kreisfreie Stadt|Insgesamt|888.0
2021|16055|Weimar, kreisfreie Stadt|männlich|426.0
2021|16055|Weimar, kreisfreie Stadt|weiblich|462.0
2021|16061|Eichsfeld, Landkreis|Insgesamt|1337.0
2021|16061|Eichsfeld, Landkreis|männlich|696.0
2021|16061|Eichsfeld, Landkreis|weiblich|641.0
2021|16062|Nordhausen, Landkreis|Insgesamt|1380.0
2021|16062|Nordhausen, Landkreis|männlich|742.0
2021|16062|Nordhausen, Landkreis|weiblich|638.0
2021|16063|Wartburgkreis|Insgesamt|2565.0
2021|16063|Wartburgkreis|männlich|1347.0
2021|16063|Wartburgkreis|weiblich|1218.0
2021|16064|Unstrut-Hainich-Kreis|Insgesamt|1786.0
2021|16064|Unstrut-Hainich-Kreis|männlich|940.0
2021|16064|Unstrut-Hainich-Kreis|weiblich|846.0
2021|16065|Kyffhäuserkreis|Insgesamt|1476.0
2021|16065|Kyffhäuserkreis|männlich|759.0
2021|16065|Kyffhäuserkreis|weiblich|717.0
2021|16066|Schmalkalden-Meiningen, Landkreis|Insgesamt|2200.0
2021|16066|Schmalkalden-Meiningen, Landkreis|männlich|1161.0
2021|16066|Schmalkalden-Meiningen, Landkreis|weiblich|1039.0
2021|16067|Gotha, Landkreis|Insgesamt|2267.0
2021|16067|Gotha, Landkreis|männlich|1161.0
2021|16067|Gotha, Landkreis|weiblich|1106.0
2021|16068|Sömmerda, Landkreis|Insgesamt|1155.0
2021|16068|Sömmerda, Landkreis|männlich|564.0
2021|16068|Sömmerda, Landkreis|weiblich|591.0
2021|16069|Hildburghausen, Landkreis|Insgesamt|1199.0
2021|16069|Hildburghausen, Landkreis|männlich|593.0
2021|16069|Hildburghausen, Landkreis|weiblich|606.0
2021|16070|Ilm-Kreis|Insgesamt|1846.0
2021|16070|Ilm-Kreis|männlich|953.0
2021|16070|Ilm-Kreis|weiblich|893.0
2021|16071|Weimarer Land, Landkreis|Insgesamt|1158.0
2021|16071|Weimarer Land, Landkreis|männlich|600.0
2021|16071|Weimarer Land, Landkreis|weiblich|558.0
2021|16072|Sonneberg, Landkreis|Insgesamt|1071.0
2021|16072|Sonneberg, Landkreis|männlich|497.0
2021|16072|Sonneberg, Landkreis|weiblich|574.0
2021|16073|Saalfeld-Rudolstadt, Landkreis|Insgesamt|2073.0
2021|16073|Saalfeld-Rudolstadt, Landkreis|männlich|1024.0
2021|16073|Saalfeld-Rudolstadt, Landkreis|weiblich|1049.0
2021|16074|Saale-Holzland-Kreis|Insgesamt|1189.0
2021|16074|Saale-Holzland-Kreis|männlich|613.0
2021|16074|Saale-Holzland-Kreis|weiblich|576.0
2021|16075|Saale-Orla-Kreis|Insgesamt|1440.0
2021|16075|Saale-Orla-Kreis|männlich|743.0
2021|16075|Saale-Orla-Kreis|weiblich|697.0
2021|16076|Greiz, Landkreis|Insgesamt|1741.0
2021|16076|Greiz, Landkreis|männlich|854.0
2021|16076|Greiz, Landkreis|weiblich|887.0
2021|16077|Altenburger Land, Landkreis|Insgesamt|1634.0
2021|16077|Altenburger Land, Landkreis|männlich|835.0
2021|16077|Altenburger Land, Landkreis|weiblich|799.0
2021|010|Schleswig-Holstein|Insgesamt|36792.0
2021|010|Schleswig-Holstein|männlich|18377.0
2021|010|Schleswig-Holstein|weiblich|18415.0
2021|020|Hamburg|Insgesamt|18845.0
2021|020|Hamburg|männlich|9394.0
2021|020|Hamburg|weiblich|9451.0
2021|031|Braunschweig, Statistische Region|Insgesamt|20992.0
2021|031|Braunschweig, Statistische Region|männlich|10443.0
2021|031|Braunschweig, Statistische Region|weiblich|10549.0
2021|032|Hannover, Statistische Region|Insgesamt|27797.0
2021|032|Hannover, Statistische Region|männlich|13867.0
2021|032|Hannover, Statistische Region|weiblich|13930.0
2021|033|Lüneburg, Statistische Region|Insgesamt|21731.0
2021|033|Lüneburg, Statistische Region|männlich|11078.0
2021|033|Lüneburg, Statistische Region|weiblich|10653.0
2021|034|Weser-Ems, Statistische Region|Insgesamt|29445.0
2021|034|Weser-Ems, Statistische Region|männlich|15001.0
2021|034|Weser-Ems, Statistische Region|weiblich|14444.0
2021|040|Bremen|Insgesamt|8180.0
2021|040|Bremen|männlich|4205.0
2021|040|Bremen|weiblich|3975.0
2021|051|Düsseldorf, Regierungsbezirk|Insgesamt|66450.0
2021|051|Düsseldorf, Regierungsbezirk|männlich|32972.0
2021|051|Düsseldorf, Regierungsbezirk|weiblich|33478.0
2021|053|Köln, Regierungsbezirk|Insgesamt|50464.0
2021|053|Köln, Regierungsbezirk|männlich|25075.0
2021|053|Köln, Regierungsbezirk|weiblich|25389.0
2021|055|Münster, Regierungsbezirk|Insgesamt|31587.0
2021|055|Münster, Regierungsbezirk|männlich|15615.0
2021|055|Münster, Regierungsbezirk|weiblich|15972.0
2021|057|Detmold, Regierungsbezirk|Insgesamt|24383.0
2021|057|Detmold, Regierungsbezirk|männlich|12173.0
2021|057|Detmold, Regierungsbezirk|weiblich|12210.0
2021|059|Arnsberg, Regierungsbezirk|Insgesamt|47151.0
2021|059|Arnsberg, Regierungsbezirk|männlich|23414.0
2021|059|Arnsberg, Regierungsbezirk|weiblich|23737.0
2021|064|Darmstadt, Regierungsbezirk|Insgesamt|42954.0
2021|064|Darmstadt, Regierungsbezirk|männlich|21527.0
2021|064|Darmstadt, Regierungsbezirk|weiblich|21427.0
2021|065|Gießen, Regierungsbezirk|Insgesamt|12853.0
2021|065|Gießen, Regierungsbezirk|männlich|6546.0
2021|065|Gießen, Regierungsbezirk|weiblich|6307.0
2021|066|Kassel, Regierungsbezirk|Insgesamt|16470.0
2021|066|Kassel, Regierungsbezirk|männlich|8362.0
2021|066|Kassel, Regierungsbezirk|weiblich|8108.0
2021|071|Koblenz, Statistische Region|Insgesamt|19798.0
2021|071|Koblenz, Statistische Region|männlich|9917.0
2021|071|Koblenz, Statistische Region|weiblich|9881.0
2021|072|Trier, Statistische Region|Insgesamt|6209.0
2021|072|Trier, Statistische Region|männlich|3096.0
2021|072|Trier, Statistische Region|weiblich|3113.0
2021|073|Rheinhessen-Pfalz, Statistische Region|Insgesamt|24562.0
2021|073|Rheinhessen-Pfalz, Statistische Region|männlich|12315.0
2021|073|Rheinhessen-Pfalz, Statistische Region|weiblich|12247.0
2021|081|Stuttgart, Regierungsbezirk|Insgesamt|43463.0
2021|081|Stuttgart, Regierungsbezirk|männlich|21865.0
2021|081|Stuttgart, Regierungsbezirk|weiblich|21598.0
2021|082|Karlsruhe, Regierungsbezirk|Insgesamt|31278.0
2021|082|Karlsruhe, Regierungsbezirk|männlich|15749.0
2021|082|Karlsruhe, Regierungsbezirk|weiblich|15529.0
2021|083|Freiburg, Regierungsbezirk|Insgesamt|24846.0
2021|083|Freiburg, Regierungsbezirk|männlich|12501.0
2021|083|Freiburg, Regierungsbezirk|weiblich|12345.0
2021|084|Tübingen, Regierungsbezirk|Insgesamt|19431.0
2021|084|Tübingen, Regierungsbezirk|männlich|9806.0
2021|084|Tübingen, Regierungsbezirk|weiblich|9625.0
2021|091|Oberbayern, Regierungsbezirk|Insgesamt|46697.0
2021|091|Oberbayern, Regierungsbezirk|männlich|23421.0
2021|091|Oberbayern, Regierungsbezirk|weiblich|23276.0
2021|092|Niederbayern, Regierungsbezirk|Insgesamt|15014.0
2021|092|Niederbayern, Regierungsbezirk|männlich|7427.0
2021|092|Niederbayern, Regierungsbezirk|weiblich|7587.0
2021|093|Oberpfalz, Regierungsbezirk|Insgesamt|13428.0
2021|093|Oberpfalz, Regierungsbezirk|männlich|6729.0
2021|093|Oberpfalz, Regierungsbezirk|weiblich|6699.0
2021|094|Oberfranken, Regierungsbezirk|Insgesamt|14595.0
2021|094|Oberfranken, Regierungsbezirk|männlich|7321.0
2021|094|Oberfranken, Regierungsbezirk|weiblich|7274.0
2021|095|Mittelfranken, Regierungsbezirk|Insgesamt|21079.0
2021|095|Mittelfranken, Regierungsbezirk|männlich|10551.0
2021|095|Mittelfranken, Regierungsbezirk|weiblich|10528.0
2021|096|Unterfranken, Regierungsbezirk|Insgesamt|15852.0
2021|096|Unterfranken, Regierungsbezirk|männlich|7975.0
2021|096|Unterfranken, Regierungsbezirk|weiblich|7877.0
2021|097|Schwaben, Regierungsbezirk|Insgesamt|21319.0
2021|097|Schwaben, Regierungsbezirk|männlich|10734.0
2021|097|Schwaben, Regierungsbezirk|weiblich|10585.0
2021|100|Saarland, Regierungsbezirk|Insgesamt|14276.0
2021|100|Saarland, Regierungsbezirk|männlich|7087.0
2021|100|Saarland, Regierungsbezirk|weiblich|7189.0
2021|110|Berlin|Insgesamt|37706.0
2021|110|Berlin|männlich|19384.0
2021|110|Berlin|weiblich|18322.0
2021|120|Brandenburg|Insgesamt|37396.0
2021|120|Brandenburg|männlich|19542.0
2021|120|Brandenburg|weiblich|17854.0
2021|130|Mecklenburg-Vorpommern, Statistische Region|Insgesamt|24152.0
2021|130|Mecklenburg-Vorpommern, Statistische Region|männlich|12485.0
2021|130|Mecklenburg-Vorpommern, Statistische Region|weiblich|11667.0
2021|145|Chemnitz, Statistische Region|Insgesamt|26023.0
2021|145|Chemnitz, Statistische Region|männlich|13092.0
2021|145|Chemnitz, Statistische Region|weiblich|12931.0
2021|146|Dresden, Statistische Region|Insgesamt|24202.0
2021|146|Dresden, Statistische Region|männlich|12429.0
2021|146|Dresden, Statistische Region|weiblich|11773.0
2021|147|Leipzig, Statistische Region|Insgesamt|14148.0
2021|147|Leipzig, Statistische Region|männlich|7143.0
2021|147|Leipzig, Statistische Region|weiblich|7005.0
2021|150|Sachsen-Anhalt|Insgesamt|37289.0
2021|150|Sachsen-Anhalt|männlich|19141.0
2021|150|Sachsen-Anhalt|weiblich|18148.0
2021|160|Thüringen|Insgesamt|34830.0
2021|160|Thüringen|männlich|17800.0
2021|160|Thüringen|weiblich|17030.0
2022|DG|Deutschland|Insgesamt|1066341.0
2022|DG|Deutschland|männlich|532333.0
2022|DG|Deutschland|weiblich|534008.0
2022|01|Schleswig-Holstein|Insgesamt|40697.0
2022|01|Schleswig-Holstein|männlich|20321.0
2022|01|Schleswig-Holstein|weiblich|20376.0
2022|02|Hamburg|Insgesamt|19877.0
2022|02|Hamburg|männlich|9723.0
2022|02|Hamburg|weiblich|10154.0
2022|03|Niedersachsen|Insgesamt|108407.0
2022|03|Niedersachsen|männlich|54222.0
2022|03|Niedersachsen|weiblich|54185.0
2022|04|Bremen|Insgesamt|8893.0
2022|04|Bremen|männlich|4423.0
2022|04|Bremen|weiblich|4470.0
2022|05|Nordrhein-Westfalen|Insgesamt|234176.0
2022|05|Nordrhein-Westfalen|männlich|115384.0
2022|05|Nordrhein-Westfalen|weiblich|118792.0
2022|06|Hessen|Insgesamt|75363.0
2022|06|Hessen|männlich|37458.0
2022|06|Hessen|weiblich|37905.0
2022|07|Rheinland-Pfalz|Insgesamt|53936.0
2022|07|Rheinland-Pfalz|männlich|26967.0
2022|07|Rheinland-Pfalz|weiblich|26969.0
2022|08|Baden-Württemberg|Insgesamt|124673.0
2022|08|Baden-Württemberg|männlich|62073.0
2022|08|Baden-Württemberg|weiblich|62600.0
2022|09|Bayern|Insgesamt|152417.0
2022|09|Bayern|männlich|76205.0
2022|09|Bayern|weiblich|76212.0
2022|10|Saarland|Insgesamt|15409.0
2022|10|Saarland|männlich|7634.0
2022|10|Saarland|weiblich|7775.0
2022|11|Berlin|Insgesamt|39572.0
2022|11|Berlin|männlich|20001.0
2022|11|Berlin|weiblich|19571.0
2022|12|Brandenburg|Insgesamt|37402.0
2022|12|Brandenburg|männlich|19261.0
2022|12|Brandenburg|weiblich|18141.0
2022|13|Mecklenburg-Vorpommern|Insgesamt|25377.0
2022|13|Mecklenburg-Vorpommern|männlich|13022.0
2022|13|Mecklenburg-Vorpommern|weiblich|12355.0
2022|14|Sachsen|Insgesamt|60066.0
2022|14|Sachsen|männlich|30013.0
2022|14|Sachsen|weiblich|30053.0
2022|15|Sachsen-Anhalt|Insgesamt|37281.0
2022|15|Sachsen-Anhalt|männlich|18964.0
2022|15|Sachsen-Anhalt|weiblich|18317.0
2022|16|Thüringen|Insgesamt|32795.0
2022|16|Thüringen|männlich|16662.0
2022|16|Thüringen|weiblich|16133.0
2022|01001|Flensburg, kreisfreie Stadt|Insgesamt|1200.0
2022|01001|Flensburg, kreisfreie Stadt|männlich|594.0
2022|01001|Flensburg, kreisfreie Stadt|weiblich|606.0
2022|01002|Kiel, kreisfreie Stadt|Insgesamt|2996.0
2022|01002|Kiel, kreisfreie Stadt|männlich|1479.0
2022|01002|Kiel, kreisfreie Stadt|weiblich|1517.0
2022|01003|Lübeck, kreisfreie Stadt, Hansestadt|Insgesamt|3224.0
2022|01003|Lübeck, kreisfreie Stadt, Hansestadt|männlich|1583.0
2022|01003|Lübeck, kreisfreie Stadt, Hansestadt|weiblich|1641.0
2022|01004|Neumünster, kreisfreie Stadt|Insgesamt|1244.0
2022|01004|Neumünster, kreisfreie Stadt|männlich|615.0
2022|01004|Neumünster, kreisfreie Stadt|weiblich|629.0
2022|01051|Dithmarschen, Kreis|Insgesamt|2061.0
2022|01051|Dithmarschen, Kreis|männlich|1063.0
2022|01051|Dithmarschen, Kreis|weiblich|998.0
2022|01053|Herzogtum Lauenburg, Kreis|Insgesamt|2701.0
2022|01053|Herzogtum Lauenburg, Kreis|männlich|1343.0
2022|01053|Herzogtum Lauenburg, Kreis|weiblich|1358.0
2022|01054|Nordfriesland, Kreis|Insgesamt|2392.0
2022|01054|Nordfriesland, Kreis|männlich|1184.0
2022|01054|Nordfriesland, Kreis|weiblich|1208.0
2022|01055|Ostholstein, Kreis|Insgesamt|3402.0
2022|01055|Ostholstein, Kreis|männlich|1719.0
2022|01055|Ostholstein, Kreis|weiblich|1683.0
2022|01056|Pinneberg, Kreis|Insgesamt|4067.0
2022|01056|Pinneberg, Kreis|männlich|2100.0
2022|01056|Pinneberg, Kreis|weiblich|1967.0
2022|01057|Plön, Kreis|Insgesamt|1859.0
2022|01057|Plön, Kreis|männlich|934.0
2022|01057|Plön, Kreis|weiblich|925.0
2022|01058|Rendsburg-Eckernförde, Kreis|Insgesamt|3811.0
2022|01058|Rendsburg-Eckernförde, Kreis|männlich|1939.0
2022|01058|Rendsburg-Eckernförde, Kreis|weiblich|1872.0
2022|01059|Schleswig-Flensburg, Kreis|Insgesamt|2872.0
2022|01059|Schleswig-Flensburg, Kreis|männlich|1388.0
2022|01059|Schleswig-Flensburg, Kreis|weiblich|1484.0
2022|01060|Segeberg, Kreis|Insgesamt|3610.0
2022|01060|Segeberg, Kreis|männlich|1780.0
2022|01060|Segeberg, Kreis|weiblich|1830.0
2022|01061|Steinburg, Kreis|Insgesamt|1944.0
2022|01061|Steinburg, Kreis|männlich|959.0
2022|01061|Steinburg, Kreis|weiblich|985.0
2022|01062|Stormarn, Kreis|Insgesamt|3314.0
2022|01062|Stormarn, Kreis|männlich|1641.0
2022|01062|Stormarn, Kreis|weiblich|1673.0
2022|02000|Hamburg, kreisfreie Stadt, Freie und Hansestadt|Insgesamt|19877.0
2022|02000|Hamburg, kreisfreie Stadt, Freie und Hansestadt|männlich|9723.0
2022|02000|Hamburg, kreisfreie Stadt, Freie und Hansestadt|weiblich|10154.0
2022|03101|Braunschweig, kreisfreie Stadt|Insgesamt|3297.0
2022|03101|Braunschweig, kreisfreie Stadt|männlich|1616.0
2022|03101|Braunschweig, kreisfreie Stadt|weiblich|1681.0
2022|03102|Salzgitter, kreisfreie Stadt|Insgesamt|1535.0
2022|03102|Salzgitter, kreisfreie Stadt|männlich|786.0
2022|03102|Salzgitter, kreisfreie Stadt|weiblich|749.0
2022|03103|Wolfsburg, kreisfreie Stadt|Insgesamt|1613.0
2022|03103|Wolfsburg, kreisfreie Stadt|männlich|835.0
2022|03103|Wolfsburg, kreisfreie Stadt|weiblich|778.0
2022|03151|Gifhorn, Landkreis|Insgesamt|2151.0
2022|03151|Gifhorn, Landkreis|männlich|1082.0
2022|03151|Gifhorn, Landkreis|weiblich|1069.0
2022|03153|Goslar, Landkreis|Insgesamt|2455.0
2022|03153|Goslar, Landkreis|männlich|1189.0
2022|03153|Goslar, Landkreis|weiblich|1266.0
2022|03154|Helmstedt, Landkreis|Insgesamt|1472.0
2022|03154|Helmstedt, Landkreis|männlich|713.0
2022|03154|Helmstedt, Landkreis|weiblich|759.0
2022|03155|Northeim, Landkreis|Insgesamt|2187.0
2022|03155|Northeim, Landkreis|männlich|1045.0
2022|03155|Northeim, Landkreis|weiblich|1142.0
2022|03157|Peine, Landkreis|Insgesamt|1933.0
2022|03157|Peine, Landkreis|männlich|951.0
2022|03157|Peine, Landkreis|weiblich|982.0
2022|03158|Wolfenbüttel, Landkreis|Insgesamt|1728.0
2022|03158|Wolfenbüttel, Landkreis|männlich|878.0
2022|03158|Wolfenbüttel, Landkreis|weiblich|850.0
2022|03159|Göttingen, Landkreis|Insgesamt|4293.0
2022|03159|Göttingen, Landkreis|männlich|2131.0
2022|03159|Göttingen, Landkreis|weiblich|2162.0
2022|03241|Region Hannover, Landkreis|Insgesamt|14646.0
2022|03241|Region Hannover, Landkreis|männlich|7251.0
2022|03241|Region Hannover, Landkreis|weiblich|7395.0
2022|03241001|Hannover, Landeshauptstadt|Insgesamt|6089.0
2022|03241001|Hannover, Landeshauptstadt|männlich|2981.0
2022|03241001|Hannover, Landeshauptstadt|weiblich|3108.0
2022|03251|Diepholz, Landkreis|Insgesamt|2968.0
2022|03251|Diepholz, Landkreis|männlich|1503.0
2022|03251|Diepholz, Landkreis|weiblich|1465.0
2022|03252|Hameln-Pyrmont, Landkreis|Insgesamt|2474.0
2022|03252|Hameln-Pyrmont, Landkreis|männlich|1201.0
2022|03252|Hameln-Pyrmont, Landkreis|weiblich|1273.0
2022|03254|Hildesheim, Landkreis|Insgesamt|4029.0
2022|03254|Hildesheim, Landkreis|männlich|2010.0
2022|03254|Hildesheim, Landkreis|weiblich|2019.0
2022|03255|Holzminden, Landkreis|Insgesamt|1264.0
2022|03255|Holzminden, Landkreis|männlich|651.0
2022|03255|Holzminden, Landkreis|weiblich|613.0
2022|03256|Nienburg (Weser), Landkreis|Insgesamt|1795.0
2022|03256|Nienburg (Weser), Landkreis|männlich|905.0
2022|03256|Nienburg (Weser), Landkreis|weiblich|890.0
2022|03257|Schaumburg, Landkreis|Insgesamt|2491.0
2022|03257|Schaumburg, Landkreis|männlich|1178.0
2022|03257|Schaumburg, Landkreis|weiblich|1313.0
2022|03351|Celle, Landkreis|Insgesamt|2708.0
2022|03351|Celle, Landkreis|männlich|1283.0
2022|03351|Celle, Landkreis|weiblich|1425.0
2022|03352|Cuxhaven, Landkreis|Insgesamt|3216.0
2022|03352|Cuxhaven, Landkreis|männlich|1622.0
2022|03352|Cuxhaven, Landkreis|weiblich|1594.0
2022|03353|Harburg, Landkreis|Insgesamt|3104.0
2022|03353|Harburg, Landkreis|männlich|1598.0
2022|03353|Harburg, Landkreis|weiblich|1506.0
2022|03354|Lüchow-Dannenberg, Landkreis|Insgesamt|860.0
2022|03354|Lüchow-Dannenberg, Landkreis|männlich|449.0
2022|03354|Lüchow-Dannenberg, Landkreis|weiblich|411.0
2022|03355|Lüneburg, Landkreis|Insgesamt|2227.0
2022|03355|Lüneburg, Landkreis|männlich|1152.0
2022|03355|Lüneburg, Landkreis|weiblich|1075.0
2022|03356|Osterholz, Landkreis|Insgesamt|1582.0
2022|03356|Osterholz, Landkreis|männlich|836.0
2022|03356|Osterholz, Landkreis|weiblich|746.0
2022|03357|Rotenburg (Wümme), Landkreis|Insgesamt|2180.0
2022|03357|Rotenburg (Wümme), Landkreis|männlich|1092.0
2022|03357|Rotenburg (Wümme), Landkreis|weiblich|1088.0
2022|03358|Heidekreis|Insgesamt|2053.0
2022|03358|Heidekreis|männlich|1017.0
2022|03358|Heidekreis|weiblich|1036.0
2022|03359|Stade, Landkreis|Insgesamt|2543.0
2022|03359|Stade, Landkreis|männlich|1279.0
2022|03359|Stade, Landkreis|weiblich|1264.0
2022|03360|Uelzen, Landkreis|Insgesamt|1491.0
2022|03360|Uelzen, Landkreis|männlich|749.0
2022|03360|Uelzen, Landkreis|weiblich|742.0
2022|03361|Verden, Landkreis|Insgesamt|1872.0
2022|03361|Verden, Landkreis|männlich|952.0
2022|03361|Verden, Landkreis|weiblich|920.0
2022|03401|Delmenhorst, kreisfreie Stadt|Insgesamt|1012.0
2022|03401|Delmenhorst, kreisfreie Stadt|männlich|532.0
2022|03401|Delmenhorst, kreisfreie Stadt|weiblich|480.0
2022|03402|Emden, kreisfreie Stadt|Insgesamt|676.0
2022|03402|Emden, kreisfreie Stadt|männlich|365.0
2022|03402|Emden, kreisfreie Stadt|weiblich|311.0
2022|03403|Oldenburg (Oldenburg), kreisfreie Stadt|Insgesamt|1896.0
2022|03403|Oldenburg (Oldenburg), kreisfreie Stadt|männlich|939.0
2022|03403|Oldenburg (Oldenburg), kreisfreie Stadt|weiblich|957.0
2022|03404|Osnabrück, kreisfreie Stadt|Insgesamt|1841.0
2022|03404|Osnabrück, kreisfreie Stadt|männlich|901.0
2022|03404|Osnabrück, kreisfreie Stadt|weiblich|940.0
2022|03405|Wilhelmshaven, kreisfreie Stadt|Insgesamt|1295.0
2022|03405|Wilhelmshaven, kreisfreie Stadt|männlich|645.0
2022|03405|Wilhelmshaven, kreisfreie Stadt|weiblich|650.0
2022|03451|Ammerland, Landkreis|Insgesamt|1590.0
2022|03451|Ammerland, Landkreis|männlich|808.0
2022|03451|Ammerland, Landkreis|weiblich|782.0
2022|03452|Aurich, Landkreis|Insgesamt|2915.0
2022|03452|Aurich, Landkreis|männlich|1474.0
2022|03452|Aurich, Landkreis|weiblich|1441.0
2022|03453|Cloppenburg, Landkreis|Insgesamt|1879.0
2022|03453|Cloppenburg, Landkreis|männlich|939.0
2022|03453|Cloppenburg, Landkreis|weiblich|940.0
2022|03454|Emsland, Landkreis|Insgesamt|3844.0
2022|03454|Emsland, Landkreis|männlich|1961.0
2022|03454|Emsland, Landkreis|weiblich|1883.0
2022|03455|Friesland, Landkreis|Insgesamt|1442.0
2022|03455|Friesland, Landkreis|männlich|738.0
2022|03455|Friesland, Landkreis|weiblich|704.0
2022|03456|Grafschaft Bentheim, Landkreis|Insgesamt|1628.0
2022|03456|Grafschaft Bentheim, Landkreis|männlich|836.0
2022|03456|Grafschaft Bentheim, Landkreis|weiblich|792.0
2022|03457|Leer, Landkreis|Insgesamt|2378.0
2022|03457|Leer, Landkreis|männlich|1238.0
2022|03457|Leer, Landkreis|weiblich|1140.0
2022|03458|Oldenburg, Landkreis|Insgesamt|1591.0
2022|03458|Oldenburg, Landkreis|männlich|820.0
2022|03458|Oldenburg, Landkreis|weiblich|771.0
2022|03459|Osnabrück, Landkreis|Insgesamt|4574.0
2022|03459|Osnabrück, Landkreis|männlich|2245.0
2022|03459|Osnabrück, Landkreis|weiblich|2329.0
2022|03460|Vechta, Landkreis|Insgesamt|1451.0
2022|03460|Vechta, Landkreis|männlich|694.0
2022|03460|Vechta, Landkreis|weiblich|757.0
2022|03461|Wesermarsch, Landkreis|Insgesamt|1327.0
2022|03461|Wesermarsch, Landkreis|männlich|658.0
2022|03461|Wesermarsch, Landkreis|weiblich|669.0
2022|03462|Wittmund, Landkreis|Insgesamt|901.0
2022|03462|Wittmund, Landkreis|männlich|475.0
2022|03462|Wittmund, Landkreis|weiblich|426.0
2022|04011|Bremen, kreisfreie Stadt|Insgesamt|7259.0
2022|04011|Bremen, kreisfreie Stadt|männlich|3605.0
2022|04011|Bremen, kreisfreie Stadt|weiblich|3654.0
2022|04012|Bremerhaven, kreisfreie Stadt|Insgesamt|1634.0
2022|04012|Bremerhaven, kreisfreie Stadt|männlich|818.0
2022|04012|Bremerhaven, kreisfreie Stadt|weiblich|816.0
2022|05111|Düsseldorf, kreisfreie Stadt|Insgesamt|6871.0
2022|05111|Düsseldorf, kreisfreie Stadt|männlich|3313.0
2022|05111|Düsseldorf, kreisfreie Stadt|weiblich|3558.0
2022|05112|Duisburg, kreisfreie Stadt|Insgesamt|7033.0
2022|05112|Duisburg, kreisfreie Stadt|männlich|3549.0
2022|05112|Duisburg, kreisfreie Stadt|weiblich|3484.0
2022|05113|Essen, kreisfreie Stadt|Insgesamt|8115.0
2022|05113|Essen, kreisfreie Stadt|männlich|3932.0
2022|05113|Essen, kreisfreie Stadt|weiblich|4183.0
2022|05114|Krefeld, kreisfreie Stadt|Insgesamt|3291.0
2022|05114|Krefeld, kreisfreie Stadt|männlich|1592.0
2022|05114|Krefeld, kreisfreie Stadt|weiblich|1699.0
2022|05116|Mönchengladbach, kreisfreie Stadt|Insgesamt|3669.0
2022|05116|Mönchengladbach, kreisfreie Stadt|männlich|1831.0
2022|05116|Mönchengladbach, kreisfreie Stadt|weiblich|1838.0
2022|05117|Mülheim an der Ruhr, kreisfreie Stadt|Insgesamt|2494.0
2022|05117|Mülheim an der Ruhr, kreisfreie Stadt|männlich|1243.0
2022|05117|Mülheim an der Ruhr, kreisfreie Stadt|weiblich|1251.0
2022|05119|Oberhausen, kreisfreie Stadt|Insgesamt|3208.0
2022|05119|Oberhausen, kreisfreie Stadt|männlich|1626.0
2022|05119|Oberhausen, kreisfreie Stadt|weiblich|1582.0
2022|05120|Remscheid, kreisfreie Stadt|Insgesamt|1498.0
2022|05120|Remscheid, kreisfreie Stadt|männlich|741.0
2022|05120|Remscheid, kreisfreie Stadt|weiblich|757.0
2022|05122|Solingen, kreisfreie Stadt|Insgesamt|2259.0
2022|05122|Solingen, kreisfreie Stadt|männlich|1119.0
2022|05122|Solingen, kreisfreie Stadt|weiblich|1140.0
2022|05124|Wuppertal, kreisfreie Stadt|Insgesamt|4856.0
2022|05124|Wuppertal, kreisfreie Stadt|männlich|2370.0
2022|05124|Wuppertal, kreisfreie Stadt|weiblich|2486.0
2022|05154|Kleve, Kreis|Insgesamt|4189.0
2022|05154|Kleve, Kreis|männlich|2071.0
2022|05154|Kleve, Kreis|weiblich|2118.0
2022|05158|Mettmann, Kreis|Insgesamt|6991.0
2022|05158|Mettmann, Kreis|männlich|3409.0
2022|05158|Mettmann, Kreis|weiblich|3582.0
2022|05162|Rhein-Kreis Neuss|Insgesamt|5753.0
2022|05162|Rhein-Kreis Neuss|männlich|2885.0
2022|05162|Rhein-Kreis Neuss|weiblich|2868.0
2022|05166|Viersen, Kreis|Insgesamt|4018.0
2022|05166|Viersen, Kreis|männlich|1945.0
2022|05166|Viersen, Kreis|weiblich|2073.0
2022|05170|Wesel, Kreis|Insgesamt|6564.0
2022|05170|Wesel, Kreis|männlich|3223.0
2022|05170|Wesel, Kreis|weiblich|3341.0
2022|05314|Bonn, kreisfreie Stadt|Insgesamt|3441.0
2022|05314|Bonn, kreisfreie Stadt|männlich|1638.0
2022|05314|Bonn, kreisfreie Stadt|weiblich|1803.0
2022|05315|Köln, kreisfreie Stadt|Insgesamt|10667.0
2022|05315|Köln, kreisfreie Stadt|männlich|5341.0
2022|05315|Köln, kreisfreie Stadt|weiblich|5326.0
2022|05316|Leverkusen, kreisfreie Stadt|Insgesamt|2023.0
2022|05316|Leverkusen, kreisfreie Stadt|männlich|1019.0
2022|05316|Leverkusen, kreisfreie Stadt|weiblich|1004.0
2022|05334|Städteregion Aachen, Kreis|Insgesamt|6918.0
2022|05334|Städteregion Aachen, Kreis|männlich|3381.0
2022|05334|Städteregion Aachen, Kreis|weiblich|3537.0
2022|05334002|Aachen, kreisfreie Stadt|Insgesamt|2701.0
2022|05334002|Aachen, kreisfreie Stadt|männlich|1297.0
2022|05334002|Aachen, kreisfreie Stadt|weiblich|1404.0
2022|05358|Düren, Kreis|Insgesamt|3657.0
2022|05358|Düren, Kreis|männlich|1795.0
2022|05358|Düren, Kreis|weiblich|1862.0
2022|05362|Rhein-Erft-Kreis|Insgesamt|5891.0
2022|05362|Rhein-Erft-Kreis|männlich|2985.0
2022|05362|Rhein-Erft-Kreis|weiblich|2906.0
2022|05366|Euskirchen, Kreis|Insgesamt|2486.0
2022|05366|Euskirchen, Kreis|männlich|1244.0
2022|05366|Euskirchen, Kreis|weiblich|1242.0
2022|05370|Heinsberg, Kreis|Insgesamt|3355.0
2022|05370|Heinsberg, Kreis|männlich|1666.0
2022|05370|Heinsberg, Kreis|weiblich|1689.0
2022|05374|Oberbergischer Kreis|Insgesamt|3770.0
2022|05374|Oberbergischer Kreis|männlich|1840.0
2022|05374|Oberbergischer Kreis|weiblich|1930.0
2022|05378|Rheinisch-Bergischer Kreis|Insgesamt|3767.0
2022|05378|Rheinisch-Bergischer Kreis|männlich|1880.0
2022|05378|Rheinisch-Bergischer Kreis|weiblich|1887.0
2022|05382|Rhein-Sieg-Kreis|Insgesamt|7333.0
2022|05382|Rhein-Sieg-Kreis|männlich|3656.0
2022|05382|Rhein-Sieg-Kreis|weiblich|3677.0
2022|05512|Bottrop, kreisfreie Stadt|Insgesamt|1670.0
2022|05512|Bottrop, kreisfreie Stadt|männlich|837.0
2022|05512|Bottrop, kreisfreie Stadt|weiblich|833.0
2022|05513|Gelsenkirchen, kreisfreie Stadt|Insgesamt|3664.0
2022|05513|Gelsenkirchen, kreisfreie Stadt|männlich|1827.0
2022|05513|Gelsenkirchen, kreisfreie Stadt|weiblich|1837.0
2022|05515|Münster, kreisfreie Stadt|Insgesamt|3074.0
2022|05515|Münster, kreisfreie Stadt|männlich|1485.0
2022|05515|Münster, kreisfreie Stadt|weiblich|1589.0
2022|05554|Borken, Kreis|Insgesamt|4502.0
2022|05554|Borken, Kreis|männlich|2226.0
2022|05554|Borken, Kreis|weiblich|2276.0
2022|05558|Coesfeld, Kreis|Insgesamt|2690.0
2022|05558|Coesfeld, Kreis|männlich|1297.0
2022|05558|Coesfeld, Kreis|weiblich|1393.0
2022|05562|Recklinghausen, Kreis|Insgesamt|9243.0
2022|05562|Recklinghausen, Kreis|männlich|4543.0
2022|05562|Recklinghausen, Kreis|weiblich|4700.0
2022|05566|Steinfurt, Kreis|Insgesamt|5371.0
2022|05566|Steinfurt, Kreis|männlich|2668.0
2022|05566|Steinfurt, Kreis|weiblich|2703.0
2022|05570|Warendorf, Kreis|Insgesamt|3443.0
2022|05570|Warendorf, Kreis|männlich|1633.0
2022|05570|Warendorf, Kreis|weiblich|1810.0
2022|05711|Bielefeld, kreisfreie Stadt|Insgesamt|4071.0
2022|05711|Bielefeld, kreisfreie Stadt|männlich|2017.0
2022|05711|Bielefeld, kreisfreie Stadt|weiblich|2054.0
2022|05754|Gütersloh, Kreis|Insgesamt|4290.0
2022|05754|Gütersloh, Kreis|männlich|2157.0
2022|05754|Gütersloh, Kreis|weiblich|2133.0
2022|05758|Herford, Kreis|Insgesamt|3554.0
2022|05758|Herford, Kreis|männlich|1730.0
2022|05758|Herford, Kreis|weiblich|1824.0
2022|05762|Höxter, Kreis|Insgesamt|1951.0
2022|05762|Höxter, Kreis|männlich|993.0
2022|05762|Höxter, Kreis|weiblich|958.0
2022|05766|Lippe, Kreis|Insgesamt|4830.0
2022|05766|Lippe, Kreis|männlich|2378.0
2022|05766|Lippe, Kreis|weiblich|2452.0
2022|05770|Minden-Lübbecke, Kreis|Insgesamt|4278.0
2022|05770|Minden-Lübbecke, Kreis|männlich|2075.0
2022|05770|Minden-Lübbecke, Kreis|weiblich|2203.0
2022|05774|Paderborn, Kreis|Insgesamt|3346.0
2022|05774|Paderborn, Kreis|männlich|1666.0
2022|05774|Paderborn, Kreis|weiblich|1680.0
2022|05911|Bochum, kreisfreie Stadt|Insgesamt|4893.0
2022|05911|Bochum, kreisfreie Stadt|männlich|2369.0
2022|05911|Bochum, kreisfreie Stadt|weiblich|2524.0
2022|05913|Dortmund, kreisfreie Stadt|Insgesamt|7923.0
2022|05913|Dortmund, kreisfreie Stadt|männlich|3894.0
2022|05913|Dortmund, kreisfreie Stadt|weiblich|4029.0
2022|05914|Hagen, kreisfreie Stadt|Insgesamt|2761.0
2022|05914|Hagen, kreisfreie Stadt|männlich|1304.0
2022|05914|Hagen, kreisfreie Stadt|weiblich|1457.0
2022|05915|Hamm, kreisfreie Stadt|Insgesamt|2459.0
2022|05915|Hamm, kreisfreie Stadt|männlich|1250.0
2022|05915|Hamm, kreisfreie Stadt|weiblich|1209.0
2022|05916|Herne, kreisfreie Stadt|Insgesamt|2371.0
2022|05916|Herne, kreisfreie Stadt|männlich|1148.0
2022|05916|Herne, kreisfreie Stadt|weiblich|1223.0
2022|05954|Ennepe-Ruhr-Kreis|Insgesamt|4812.0
2022|05954|Ennepe-Ruhr-Kreis|männlich|2326.0
2022|05954|Ennepe-Ruhr-Kreis|weiblich|2486.0
2022|05958|Hochsauerlandkreis|Insgesamt|3529.0
2022|05958|Hochsauerlandkreis|männlich|1739.0
2022|05958|Hochsauerlandkreis|weiblich|1790.0
2022|05962|Märkischer Kreis|Insgesamt|6092.0
2022|05962|Märkischer Kreis|männlich|3011.0
2022|05962|Märkischer Kreis|weiblich|3081.0
2022|05966|Olpe, Kreis|Insgesamt|1747.0
2022|05966|Olpe, Kreis|männlich|845.0
2022|05966|Olpe, Kreis|weiblich|902.0
2022|05970|Siegen-Wittgenstein, Kreis|Insgesamt|3690.0
2022|05970|Siegen-Wittgenstein, Kreis|männlich|1849.0
2022|05970|Siegen-Wittgenstein, Kreis|weiblich|1841.0
2022|05974|Soest, Kreis|Insgesamt|4112.0
2022|05974|Soest, Kreis|männlich|2016.0
2022|05974|Soest, Kreis|weiblich|2096.0
2022|05978|Unna, Kreis|Insgesamt|5693.0
2022|05978|Unna, Kreis|männlich|2807.0
2022|05978|Unna, Kreis|weiblich|2886.0
2022|06411|Darmstadt, kreisfreie Stadt, Wissenschaftsstadt|Insgesamt|1583.0
2022|06411|Darmstadt, kreisfreie Stadt, Wissenschaftsstadt|männlich|764.0
2022|06411|Darmstadt, kreisfreie Stadt, Wissenschaftsstadt|weiblich|819.0
2022|06412|Frankfurt am Main, kreisfreie Stadt|Insgesamt|6603.0
2022|06412|Frankfurt am Main, kreisfreie Stadt|männlich|3324.0
2022|06412|Frankfurt am Main, kreisfreie Stadt|weiblich|3279.0
2022|06413|Offenbach am Main, kreisfreie Stadt|Insgesamt|1258.0
2022|06413|Offenbach am Main, kreisfreie Stadt|männlich|630.0
2022|06413|Offenbach am Main, kreisfreie Stadt|weiblich|628.0
2022|06414|Wiesbaden, kreisfreie Stadt, Landeshauptstadt|Insgesamt|3219.0
2022|06414|Wiesbaden, kreisfreie Stadt, Landeshauptstadt|männlich|1553.0
2022|06414|Wiesbaden, kreisfreie Stadt, Landeshauptstadt|weiblich|1666.0
2022|06431|Bergstraße, Landkreis|Insgesamt|3490.0
2022|06431|Bergstraße, Landkreis|männlich|1711.0
2022|06431|Bergstraße, Landkreis|weiblich|1779.0
2022|06432|Darmstadt-Dieburg, Landkreis|Insgesamt|3426.0
2022|06432|Darmstadt-Dieburg, Landkreis|männlich|1741.0
2022|06432|Darmstadt-Dieburg, Landkreis|weiblich|1685.0
2022|06433|Groß-Gerau, Landkreis|Insgesamt|3076.0
2022|06433|Groß-Gerau, Landkreis|männlich|1571.0
2022|06433|Groß-Gerau, Landkreis|weiblich|1505.0
2022|06434|Hochtaunuskreis|Insgesamt|2864.0
2022|06434|Hochtaunuskreis|männlich|1397.0
2022|06434|Hochtaunuskreis|weiblich|1467.0
2022|06435|Main-Kinzig-Kreis|Insgesamt|5175.0
2022|06435|Main-Kinzig-Kreis|männlich|2546.0
2022|06435|Main-Kinzig-Kreis|weiblich|2629.0
2022|06436|Main-Taunus-Kreis|Insgesamt|2710.0
2022|06436|Main-Taunus-Kreis|männlich|1345.0
2022|06436|Main-Taunus-Kreis|weiblich|1365.0
2022|06437|Odenwaldkreis|Insgesamt|1343.0
2022|06437|Odenwaldkreis|männlich|654.0
2022|06437|Odenwaldkreis|weiblich|689.0
2022|06438|Offenbach, Landkreis|Insgesamt|4173.0
2022|06438|Offenbach, Landkreis|männlich|2056.0
2022|06438|Offenbach, Landkreis|weiblich|2117.0
2022|06439|Rheingau-Taunus-Kreis|Insgesamt|2351.0
2022|06439|Rheingau-Taunus-Kreis|männlich|1186.0
2022|06439|Rheingau-Taunus-Kreis|weiblich|1165.0
2022|06440|Wetteraukreis|Insgesamt|3810.0
2022|06440|Wetteraukreis|männlich|1876.0
2022|06440|Wetteraukreis|weiblich|1934.0
2022|06531|Gießen, Landkreis|Insgesamt|2947.0
2022|06531|Gießen, Landkreis|männlich|1475.0
2022|06531|Gießen, Landkreis|weiblich|1472.0
2022|06532|Lahn-Dill-Kreis|Insgesamt|3599.0
2022|06532|Lahn-Dill-Kreis|männlich|1785.0
2022|06532|Lahn-Dill-Kreis|weiblich|1814.0
2022|06533|Limburg-Weilburg, Landkreis|Insgesamt|2360.0
2022|06533|Limburg-Weilburg, Landkreis|männlich|1208.0
2022|06533|Limburg-Weilburg, Landkreis|weiblich|1152.0
2022|06534|Marburg-Biedenkopf, Landkreis|Insgesamt|2994.0
2022|06534|Marburg-Biedenkopf, Landkreis|männlich|1491.0
2022|06534|Marburg-Biedenkopf, Landkreis|weiblich|1503.0
2022|06535|Vogelsbergkreis|Insgesamt|1526.0
2022|06535|Vogelsbergkreis|männlich|791.0
2022|06535|Vogelsbergkreis|weiblich|735.0
2022|06611|Kassel, kreisfreie Stadt, documenta-Stadt|Insgesamt|2309.0
2022|06611|Kassel, kreisfreie Stadt, documenta-Stadt|männlich|1122.0
2022|06611|Kassel, kreisfreie Stadt, documenta-Stadt|weiblich|1187.0
2022|06631|Fulda, Landkreis|Insgesamt|2731.0
2022|06631|Fulda, Landkreis|männlich|1347.0
2022|06631|Fulda, Landkreis|weiblich|1384.0
2022|06632|Hersfeld-Rotenburg, Landkreis|Insgesamt|1678.0
2022|06632|Hersfeld-Rotenburg, Landkreis|männlich|843.0
2022|06632|Hersfeld-Rotenburg, Landkreis|weiblich|835.0
2022|06633|Kassel, Landkreis|Insgesamt|3455.0
2022|06633|Kassel, Landkreis|männlich|1706.0
2022|06633|Kassel, Landkreis|weiblich|1749.0
2022|06634|Schwalm-Eder-Kreis|Insgesamt|2591.0
2022|06634|Schwalm-Eder-Kreis|männlich|1303.0
2022|06634|Schwalm-Eder-Kreis|weiblich|1288.0
2022|06635|Waldeck-Frankenberg, Landkreis|Insgesamt|2348.0
2022|06635|Waldeck-Frankenberg, Landkreis|männlich|1144.0
2022|06635|Waldeck-Frankenberg, Landkreis|weiblich|1204.0
2022|06636|Werra-Meißner-Kreis|Insgesamt|1744.0
2022|06636|Werra-Meißner-Kreis|männlich|889.0
2022|06636|Werra-Meißner-Kreis|weiblich|855.0
2022|07111|Koblenz, kreisfreie Stadt|Insgesamt|1489.0
2022|07111|Koblenz, kreisfreie Stadt|männlich|701.0
2022|07111|Koblenz, kreisfreie Stadt|weiblich|788.0
2022|07131|Ahrweiler, Landkreis|Insgesamt|1686.0
2022|07131|Ahrweiler, Landkreis|männlich|848.0
2022|07131|Ahrweiler, Landkreis|weiblich|838.0
2022|07132|Altenkirchen (Westerwald), Landkreis|Insgesamt|1891.0
2022|07132|Altenkirchen (Westerwald), Landkreis|männlich|936.0
2022|07132|Altenkirchen (Westerwald), Landkreis|weiblich|955.0
2022|07133|Bad Kreuznach, Landkreis|Insgesamt|2300.0
2022|07133|Bad Kreuznach, Landkreis|männlich|1144.0
2022|07133|Bad Kreuznach, Landkreis|weiblich|1156.0
2022|07134|Birkenfeld, Landkreis|Insgesamt|1311.0
2022|07134|Birkenfeld, Landkreis|männlich|666.0
2022|07134|Birkenfeld, Landkreis|weiblich|645.0
2022|07135|Cochem-Zell, Landkreis|Insgesamt|991.0
2022|07135|Cochem-Zell, Landkreis|männlich|483.0
2022|07135|Cochem-Zell, Landkreis|weiblich|508.0
2022|07137|Mayen-Koblenz, Landkreis|Insgesamt|2880.0
2022|07137|Mayen-Koblenz, Landkreis|männlich|1456.0
2022|07137|Mayen-Koblenz, Landkreis|weiblich|1424.0
2022|07138|Neuwied, Landkreis|Insgesamt|2426.0
2022|07138|Neuwied, Landkreis|männlich|1213.0
2022|07138|Neuwied, Landkreis|weiblich|1213.0
2022|07140|Rhein-Hunsrück-Kreis|Insgesamt|1489.0
2022|07140|Rhein-Hunsrück-Kreis|männlich|727.0
2022|07140|Rhein-Hunsrück-Kreis|weiblich|762.0
2022|07141|Rhein-Lahn-Kreis|Insgesamt|1748.0
2022|07141|Rhein-Lahn-Kreis|männlich|903.0
2022|07141|Rhein-Lahn-Kreis|weiblich|845.0
2022|07143|Westerwaldkreis|Insgesamt|2658.0
2022|07143|Westerwaldkreis|männlich|1339.0
2022|07143|Westerwaldkreis|weiblich|1319.0
2022|07211|Trier, kreisfreie Stadt|Insgesamt|1261.0
2022|07211|Trier, kreisfreie Stadt|männlich|637.0
2022|07211|Trier, kreisfreie Stadt|weiblich|624.0
2022|07231|Bernkastel-Wittlich, Landkreis|Insgesamt|1554.0
2022|07231|Bernkastel-Wittlich, Landkreis|männlich|821.0
2022|07231|Bernkastel-Wittlich, Landkreis|weiblich|733.0
2022|07232|Eifelkreis Bitburg-Prüm|Insgesamt|1301.0
2022|07232|Eifelkreis Bitburg-Prüm|männlich|656.0
2022|07232|Eifelkreis Bitburg-Prüm|weiblich|645.0
2022|07233|Vulkaneifel, Landkreis|Insgesamt|889.0
2022|07233|Vulkaneifel, Landkreis|männlich|439.0
2022|07233|Vulkaneifel, Landkreis|weiblich|450.0
2022|07235|Trier-Saarburg, Landkreis|Insgesamt|1818.0
2022|07235|Trier-Saarburg, Landkreis|männlich|889.0
2022|07235|Trier-Saarburg, Landkreis|weiblich|929.0
2022|07311|Frankenthal (Pfalz), kreisfreie Stadt|Insgesamt|689.0
2022|07311|Frankenthal (Pfalz), kreisfreie Stadt|männlich|338.0
2022|07311|Frankenthal (Pfalz), kreisfreie Stadt|weiblich|351.0
2022|07312|Kaiserslautern, kreisfreie Stadt|Insgesamt|1377.0
2022|07312|Kaiserslautern, kreisfreie Stadt|männlich|692.0
2022|07312|Kaiserslautern, kreisfreie Stadt|weiblich|685.0
2022|07313|Landau in der Pfalz, kreisfreie Stadt|Insgesamt|535.0
2022|07313|Landau in der Pfalz, kreisfreie Stadt|männlich|285.0
2022|07313|Landau in der Pfalz, kreisfreie Stadt|weiblich|250.0
2022|07314|Ludwigshafen am Rhein, kreisfreie Stadt|Insgesamt|1964.0
2022|07314|Ludwigshafen am Rhein, kreisfreie Stadt|männlich|984.0
2022|07314|Ludwigshafen am Rhein, kreisfreie Stadt|weiblich|980.0
2022|07315|Mainz, kreisfreie Stadt|Insgesamt|2158.0
2022|07315|Mainz, kreisfreie Stadt|männlich|1047.0
2022|07315|Mainz, kreisfreie Stadt|weiblich|1111.0
2022|07316|Neustadt an der Weinstraße, kreisfreie Stadt|Insgesamt|821.0
2022|07316|Neustadt an der Weinstraße, kreisfreie Stadt|männlich|398.0
2022|07316|Neustadt an der Weinstraße, kreisfreie Stadt|weiblich|423.0
2022|07317|Pirmasens, kreisfreie Stadt|Insgesamt|762.0
2022|07317|Pirmasens, kreisfreie Stadt|männlich|396.0
2022|07317|Pirmasens, kreisfreie Stadt|weiblich|366.0
2022|07318|Speyer, kreisfreie Stadt|Insgesamt|742.0
2022|07318|Speyer, kreisfreie Stadt|männlich|327.0
2022|07318|Speyer, kreisfreie Stadt|weiblich|415.0
2022|07319|Worms, kreisfreie Stadt|Insgesamt|1048.0
2022|07319|Worms, kreisfreie Stadt|männlich|514.0
2022|07319|Worms, kreisfreie Stadt|weiblich|534.0
2022|07320|Zweibrücken, kreisfreie Stadt|Insgesamt|522.0
2022|07320|Zweibrücken, kreisfreie Stadt|männlich|242.0
2022|07320|Zweibrücken, kreisfreie Stadt|weiblich|280.0
2022|07331|Alzey-Worms, Landkreis|Insgesamt|1471.0
2022|07331|Alzey-Worms, Landkreis|männlich|750.0
2022|07331|Alzey-Worms, Landkreis|weiblich|721.0
2022|07332|Bad Dürkheim, Landkreis|Insgesamt|1895.0
2022|07332|Bad Dürkheim, Landkreis|männlich|955.0
2022|07332|Bad Dürkheim, Landkreis|weiblich|940.0
2022|07333|Donnersbergkreis|Insgesamt|1055.0
2022|07333|Donnersbergkreis|männlich|533.0
2022|07333|Donnersbergkreis|weiblich|522.0
2022|07334|Germersheim, Landkreis|Insgesamt|1491.0
2022|07334|Germersheim, Landkreis|männlich|751.0
2022|07334|Germersheim, Landkreis|weiblich|740.0
2022|07335|Kaiserslautern, Landkreis|Insgesamt|1395.0
2022|07335|Kaiserslautern, Landkreis|männlich|697.0
2022|07335|Kaiserslautern, Landkreis|weiblich|698.0
2022|07336|Kusel, Landkreis|Insgesamt|1100.0
2022|07336|Kusel, Landkreis|männlich|541.0
2022|07336|Kusel, Landkreis|weiblich|559.0
2022|07337|Südliche Weinstraße, Landkreis|Insgesamt|1379.0
2022|07337|Südliche Weinstraße, Landkreis|männlich|711.0
2022|07337|Südliche Weinstraße, Landkreis|weiblich|668.0
2022|07338|Rhein-Pfalz-Kreis|Insgesamt|2070.0
2022|07338|Rhein-Pfalz-Kreis|männlich|1028.0
2022|07338|Rhein-Pfalz-Kreis|weiblich|1042.0
2022|07339|Mainz-Bingen, Landkreis|Insgesamt|2345.0
2022|07339|Mainz-Bingen, Landkreis|männlich|1207.0
2022|07339|Mainz-Bingen, Landkreis|weiblich|1138.0
2022|07340|Südwestpfalz, Landkreis|Insgesamt|1425.0
2022|07340|Südwestpfalz, Landkreis|männlich|713.0
2022|07340|Südwestpfalz, Landkreis|weiblich|712.0
2022|08111|Stuttgart, Stadtkreis|Insgesamt|6046.0
2022|08111|Stuttgart, Stadtkreis|männlich|2945.0
2022|08111|Stuttgart, Stadtkreis|weiblich|3101.0
2022|08115|Böblingen, Landkreis|Insgesamt|4162.0
2022|08115|Böblingen, Landkreis|männlich|2089.0
2022|08115|Böblingen, Landkreis|weiblich|2073.0
2022|08116|Esslingen, Landkreis|Insgesamt|5890.0
2022|08116|Esslingen, Landkreis|männlich|2924.0
2022|08116|Esslingen, Landkreis|weiblich|2966.0
2022|08117|Göppingen, Landkreis|Insgesamt|3129.0
2022|08117|Göppingen, Landkreis|männlich|1559.0
2022|08117|Göppingen, Landkreis|weiblich|1570.0
2022|08118|Ludwigsburg, Landkreis|Insgesamt|5736.0
2022|08118|Ludwigsburg, Landkreis|männlich|2876.0
2022|08118|Ludwigsburg, Landkreis|weiblich|2860.0
2022|08119|Rems-Murr-Kreis, Landkreis|Insgesamt|4830.0
2022|08119|Rems-Murr-Kreis, Landkreis|männlich|2455.0
2022|08119|Rems-Murr-Kreis, Landkreis|weiblich|2375.0
2022|08121|Heilbronn, Stadtkreis|Insgesamt|1455.0
2022|08121|Heilbronn, Stadtkreis|männlich|705.0
2022|08121|Heilbronn, Stadtkreis|weiblich|750.0
2022|08125|Heilbronn, Landkreis|Insgesamt|3803.0
2022|08125|Heilbronn, Landkreis|männlich|1895.0
2022|08125|Heilbronn, Landkreis|weiblich|1908.0
2022|08126|Hohenlohekreis, Landkreis|Insgesamt|1349.0
2022|08126|Hohenlohekreis, Landkreis|männlich|697.0
2022|08126|Hohenlohekreis, Landkreis|weiblich|652.0
2022|08127|Schwäbisch Hall, Landkreis|Insgesamt|2298.0
2022|08127|Schwäbisch Hall, Landkreis|männlich|1187.0
2022|08127|Schwäbisch Hall, Landkreis|weiblich|1111.0
2022|08128|Main-Tauber-Kreis, Landkreis|Insgesamt|1780.0
2022|08128|Main-Tauber-Kreis, Landkreis|männlich|878.0
2022|08128|Main-Tauber-Kreis, Landkreis|weiblich|902.0
2022|08135|Heidenheim, Landkreis|Insgesamt|1777.0
2022|08135|Heidenheim, Landkreis|männlich|852.0
2022|08135|Heidenheim, Landkreis|weiblich|925.0
2022|08136|Ostalbkreis, Landkreis|Insgesamt|3615.0
2022|08136|Ostalbkreis, Landkreis|männlich|1791.0
2022|08136|Ostalbkreis, Landkreis|weiblich|1824.0
2022|08211|Baden-Baden, Stadtkreis|Insgesamt|811.0
2022|08211|Baden-Baden, Stadtkreis|männlich|399.0
2022|08211|Baden-Baden, Stadtkreis|weiblich|412.0
2022|08212|Karlsruhe, Stadtkreis|Insgesamt|3206.0
2022|08212|Karlsruhe, Stadtkreis|männlich|1561.0
2022|08212|Karlsruhe, Stadtkreis|weiblich|1645.0
2022|08215|Karlsruhe, Landkreis|Insgesamt|5232.0
2022|08215|Karlsruhe, Landkreis|männlich|2548.0
2022|08215|Karlsruhe, Landkreis|weiblich|2684.0
2022|08216|Rastatt, Landkreis|Insgesamt|2907.0
2022|08216|Rastatt, Landkreis|männlich|1422.0
2022|08216|Rastatt, Landkreis|weiblich|1485.0
2022|08221|Heidelberg, Stadtkreis|Insgesamt|1437.0
2022|08221|Heidelberg, Stadtkreis|männlich|674.0
2022|08221|Heidelberg, Stadtkreis|weiblich|763.0
2022|08222|Mannheim, Stadtkreis|Insgesamt|3396.0
2022|08222|Mannheim, Stadtkreis|männlich|1734.0
2022|08222|Mannheim, Stadtkreis|weiblich|1662.0
2022|08225|Neckar-Odenwald-Kreis, Landkreis|Insgesamt|1903.0
2022|08225|Neckar-Odenwald-Kreis, Landkreis|männlich|971.0
2022|08225|Neckar-Odenwald-Kreis, Landkreis|weiblich|932.0
2022|08226|Rhein-Neckar-Kreis, Landkreis|Insgesamt|6446.0
2022|08226|Rhein-Neckar-Kreis, Landkreis|männlich|3192.0
2022|08226|Rhein-Neckar-Kreis, Landkreis|weiblich|3254.0
2022|08231|Pforzheim, Stadtkreis|Insgesamt|1544.0
2022|08231|Pforzheim, Stadtkreis|männlich|754.0
2022|08231|Pforzheim, Stadtkreis|weiblich|790.0
2022|08235|Calw, Landkreis|Insgesamt|1882.0
2022|08235|Calw, Landkreis|männlich|930.0
2022|08235|Calw, Landkreis|weiblich|952.0
2022|08236|Enzkreis, Landkreis|Insgesamt|2256.0
2022|08236|Enzkreis, Landkreis|männlich|1143.0
2022|08236|Enzkreis, Landkreis|weiblich|1113.0
2022|08237|Freudenstadt, Landkreis|Insgesamt|1444.0
2022|08237|Freudenstadt, Landkreis|männlich|708.0
2022|08237|Freudenstadt, Landkreis|weiblich|736.0
2022|08311|Freiburg im Breisgau, Stadtkreis|Insgesamt|2058.0
2022|08311|Freiburg im Breisgau, Stadtkreis|männlich|959.0
2022|08311|Freiburg im Breisgau, Stadtkreis|weiblich|1099.0
2022|08315|Breisgau-Hochschwarzwald, Landkreis|Insgesamt|2975.0
2022|08315|Breisgau-Hochschwarzwald, Landkreis|männlich|1464.0
2022|08315|Breisgau-Hochschwarzwald, Landkreis|weiblich|1511.0
2022|08316|Emmendingen, Landkreis|Insgesamt|1873.0
2022|08316|Emmendingen, Landkreis|männlich|935.0
2022|08316|Emmendingen, Landkreis|weiblich|938.0
2022|08317|Ortenaukreis, Landkreis|Insgesamt|5286.0
2022|08317|Ortenaukreis, Landkreis|männlich|2716.0
2022|08317|Ortenaukreis, Landkreis|weiblich|2570.0
2022|08325|Rottweil, Landkreis|Insgesamt|1672.0
2022|08325|Rottweil, Landkreis|männlich|872.0
2022|08325|Rottweil, Landkreis|weiblich|800.0
2022|08326|Schwarzwald-Baar-Kreis, Landkreis|Insgesamt|2551.0
2022|08326|Schwarzwald-Baar-Kreis, Landkreis|männlich|1265.0
2022|08326|Schwarzwald-Baar-Kreis, Landkreis|weiblich|1286.0
2022|08327|Tuttlingen, Landkreis|Insgesamt|1519.0
2022|08327|Tuttlingen, Landkreis|männlich|783.0
2022|08327|Tuttlingen, Landkreis|weiblich|736.0
2022|08335|Konstanz, Landkreis|Insgesamt|3426.0
2022|08335|Konstanz, Landkreis|männlich|1700.0
2022|08335|Konstanz, Landkreis|weiblich|1726.0
2022|08336|Lörrach, Landkreis|Insgesamt|2556.0
2022|08336|Lörrach, Landkreis|männlich|1227.0
2022|08336|Lörrach, Landkreis|weiblich|1329.0
2022|08337|Waldshut, Landkreis|Insgesamt|2102.0
2022|08337|Waldshut, Landkreis|männlich|1079.0
2022|08337|Waldshut, Landkreis|weiblich|1023.0
2022|08415|Reutlingen, Landkreis|Insgesamt|3206.0
2022|08415|Reutlingen, Landkreis|männlich|1603.0
2022|08415|Reutlingen, Landkreis|weiblich|1603.0
2022|08416|Tübingen, Landkreis|Insgesamt|2043.0
2022|08416|Tübingen, Landkreis|männlich|1014.0
2022|08416|Tübingen, Landkreis|weiblich|1029.0
2022|08417|Zollernalbkreis, Landkreis|Insgesamt|2495.0
2022|08417|Zollernalbkreis, Landkreis|männlich|1205.0
2022|08417|Zollernalbkreis, Landkreis|weiblich|1290.0
2022|08421|Ulm, Stadtkreis|Insgesamt|1323.0
2022|08421|Ulm, Stadtkreis|männlich|636.0
2022|08421|Ulm, Stadtkreis|weiblich|687.0
2022|08425|Alb-Donau-Kreis, Landkreis|Insgesamt|2148.0
2022|08425|Alb-Donau-Kreis, Landkreis|männlich|1068.0
2022|08425|Alb-Donau-Kreis, Landkreis|weiblich|1080.0
2022|08426|Biberach, Landkreis|Insgesamt|2076.0
2022|08426|Biberach, Landkreis|männlich|1069.0
2022|08426|Biberach, Landkreis|weiblich|1007.0
2022|08435|Bodenseekreis, Landkreis|Insgesamt|2480.0
2022|08435|Bodenseekreis, Landkreis|männlich|1303.0
2022|08435|Bodenseekreis, Landkreis|weiblich|1177.0
2022|08436|Ravensburg, Landkreis|Insgesamt|3053.0
2022|08436|Ravensburg, Landkreis|männlich|1542.0
2022|08436|Ravensburg, Landkreis|weiblich|1511.0
2022|08437|Sigmaringen, Landkreis|Insgesamt|1497.0
2022|08437|Sigmaringen, Landkreis|männlich|744.0
2022|08437|Sigmaringen, Landkreis|weiblich|753.0
2022|09161|Ingolstadt, kreisfreie Stadt|Insgesamt|1465.0
2022|09161|Ingolstadt, kreisfreie Stadt|männlich|771.0
2022|09161|Ingolstadt, kreisfreie Stadt|weiblich|694.0
2022|09162|München, kreisfreie Stadt|Insgesamt|13057.0
2022|09162|München, kreisfreie Stadt|männlich|6460.0
2022|09162|München, kreisfreie Stadt|weiblich|6597.0
2022|09163|Rosenheim, kreisfreie Stadt|Insgesamt|634.0
2022|09163|Rosenheim, kreisfreie Stadt|männlich|323.0
2022|09163|Rosenheim, kreisfreie Stadt|weiblich|311.0
2022|09171|Altötting, Landkreis|Insgesamt|1487.0
2022|09171|Altötting, Landkreis|männlich|730.0
2022|09171|Altötting, Landkreis|weiblich|757.0
2022|09172|Berchtesgadener Land, Landkreis|Insgesamt|1337.0
2022|09172|Berchtesgadener Land, Landkreis|männlich|647.0
2022|09172|Berchtesgadener Land, Landkreis|weiblich|690.0
2022|09173|Bad Tölz-Wolfratshausen, Landkreis|Insgesamt|1434.0
2022|09173|Bad Tölz-Wolfratshausen, Landkreis|männlich|722.0
2022|09173|Bad Tölz-Wolfratshausen, Landkreis|weiblich|712.0
2022|09174|Dachau, Landkreis|Insgesamt|1634.0
2022|09174|Dachau, Landkreis|männlich|827.0
2022|09174|Dachau, Landkreis|weiblich|807.0
2022|09175|Ebersberg, Landkreis|Insgesamt|1425.0
2022|09175|Ebersberg, Landkreis|männlich|691.0
2022|09175|Ebersberg, Landkreis|weiblich|734.0
2022|09176|Eichstätt, Landkreis|Insgesamt|1263.0
2022|09176|Eichstätt, Landkreis|männlich|639.0
2022|09176|Eichstätt, Landkreis|weiblich|624.0
2022|09177|Erding, Landkreis|Insgesamt|1293.0
2022|09177|Erding, Landkreis|männlich|630.0
2022|09177|Erding, Landkreis|weiblich|663.0
2022|09178|Freising, Landkreis|Insgesamt|1578.0
2022|09178|Freising, Landkreis|männlich|814.0
2022|09178|Freising, Landkreis|weiblich|764.0
2022|09179|Fürstenfeldbruck, Landkreis|Insgesamt|2432.0
2022|09179|Fürstenfeldbruck, Landkreis|männlich|1210.0
2022|09179|Fürstenfeldbruck, Landkreis|weiblich|1222.0
2022|09180|Garmisch-Partenkirchen, Landkreis|Insgesamt|1164.0
2022|09180|Garmisch-Partenkirchen, Landkreis|männlich|568.0
2022|09180|Garmisch-Partenkirchen, Landkreis|weiblich|596.0
2022|09181|Landsberg am Lech, Landkreis|Insgesamt|1234.0
2022|09181|Landsberg am Lech, Landkreis|männlich|618.0
2022|09181|Landsberg am Lech, Landkreis|weiblich|616.0
2022|09182|Miesbach, Landkreis|Insgesamt|1105.0
2022|09182|Miesbach, Landkreis|männlich|534.0
2022|09182|Miesbach, Landkreis|weiblich|571.0
2022|09183|Mühldorf a.Inn, Landkreis|Insgesamt|1480.0
2022|09183|Mühldorf a.Inn, Landkreis|männlich|798.0
2022|09183|Mühldorf a.Inn, Landkreis|weiblich|682.0
2022|09184|München, Landkreis|Insgesamt|3650.0
2022|09184|München, Landkreis|männlich|1791.0
2022|09184|München, Landkreis|weiblich|1859.0
2022|09185|Neuburg-Schrobenhausen, Landkreis|Insgesamt|1147.0
2022|09185|Neuburg-Schrobenhausen, Landkreis|männlich|591.0
2022|09185|Neuburg-Schrobenhausen, Landkreis|weiblich|556.0
2022|09186|Pfaffenhofen a.d.Ilm, Landkreis|Insgesamt|1346.0
2022|09186|Pfaffenhofen a.d.Ilm, Landkreis|männlich|688.0
2022|09186|Pfaffenhofen a.d.Ilm, Landkreis|weiblich|658.0
2022|09187|Rosenheim, Landkreis|Insgesamt|2989.0
2022|09187|Rosenheim, Landkreis|männlich|1543.0
2022|09187|Rosenheim, Landkreis|weiblich|1446.0
2022|09188|Starnberg, Landkreis|Insgesamt|1607.0
2022|09188|Starnberg, Landkreis|männlich|792.0
2022|09188|Starnberg, Landkreis|weiblich|815.0
2022|09189|Traunstein, Landkreis|Insgesamt|2050.0
2022|09189|Traunstein, Landkreis|männlich|1008.0
2022|09189|Traunstein, Landkreis|weiblich|1042.0
2022|09190|Weilheim-Schongau, Landkreis|Insgesamt|1633.0
2022|09190|Weilheim-Schongau, Landkreis|männlich|826.0
2022|09190|Weilheim-Schongau, Landkreis|weiblich|807.0
2022|09261|Landshut, kreisfreie Stadt|Insgesamt|889.0
2022|09261|Landshut, kreisfreie Stadt|männlich|417.0
2022|09261|Landshut, kreisfreie Stadt|weiblich|472.0
2022|09262|Passau, kreisfreie Stadt|Insgesamt|623.0
2022|09262|Passau, kreisfreie Stadt|männlich|324.0
2022|09262|Passau, kreisfreie Stadt|weiblich|299.0
2022|09263|Straubing, kreisfreie Stadt|Insgesamt|636.0
2022|09263|Straubing, kreisfreie Stadt|männlich|336.0
2022|09263|Straubing, kreisfreie Stadt|weiblich|300.0
2022|09271|Deggendorf, Landkreis|Insgesamt|1537.0
2022|09271|Deggendorf, Landkreis|männlich|789.0
2022|09271|Deggendorf, Landkreis|weiblich|748.0
2022|09272|Freyung-Grafenau, Landkreis|Insgesamt|1070.0
2022|09272|Freyung-Grafenau, Landkreis|männlich|550.0
2022|09272|Freyung-Grafenau, Landkreis|weiblich|520.0
2022|09273|Kelheim, Landkreis|Insgesamt|1309.0
2022|09273|Kelheim, Landkreis|männlich|641.0
2022|09273|Kelheim, Landkreis|weiblich|668.0
2022|09274|Landshut, Landkreis|Insgesamt|1655.0
2022|09274|Landshut, Landkreis|männlich|861.0
2022|09274|Landshut, Landkreis|weiblich|794.0
2022|09275|Passau, Landkreis|Insgesamt|2380.0
2022|09275|Passau, Landkreis|männlich|1216.0
2022|09275|Passau, Landkreis|weiblich|1164.0
2022|09276|Regen, Landkreis|Insgesamt|1105.0
2022|09276|Regen, Landkreis|männlich|550.0
2022|09276|Regen, Landkreis|weiblich|555.0
2022|09277|Rottal-Inn, Landkreis|Insgesamt|1554.0
2022|09277|Rottal-Inn, Landkreis|männlich|771.0
2022|09277|Rottal-Inn, Landkreis|weiblich|783.0
2022|09278|Straubing-Bogen, Landkreis|Insgesamt|1049.0
2022|09278|Straubing-Bogen, Landkreis|männlich|543.0
2022|09278|Straubing-Bogen, Landkreis|weiblich|506.0
2022|09279|Dingolfing-Landau, Landkreis|Insgesamt|1113.0
2022|09279|Dingolfing-Landau, Landkreis|männlich|558.0
2022|09279|Dingolfing-Landau, Landkreis|weiblich|555.0
2022|09361|Amberg, kreisfreie Stadt|Insgesamt|671.0
2022|09361|Amberg, kreisfreie Stadt|männlich|302.0
2022|09361|Amberg, kreisfreie Stadt|weiblich|369.0
2022|09362|Regensburg, kreisfreie Stadt|Insgesamt|1483.0
2022|09362|Regensburg, kreisfreie Stadt|männlich|710.0
2022|09362|Regensburg, kreisfreie Stadt|weiblich|773.0
2022|09363|Weiden i.d.OPf., kreisfreie Stadt|Insgesamt|660.0
2022|09363|Weiden i.d.OPf., kreisfreie Stadt|männlich|329.0
2022|09363|Weiden i.d.OPf., kreisfreie Stadt|weiblich|331.0
2022|09371|Amberg-Sulzbach, Landkreis|Insgesamt|1414.0
2022|09371|Amberg-Sulzbach, Landkreis|männlich|728.0
2022|09371|Amberg-Sulzbach, Landkreis|weiblich|686.0
2022|09372|Cham, Landkreis|Insgesamt|1696.0
2022|09372|Cham, Landkreis|männlich|855.0
2022|09372|Cham, Landkreis|weiblich|841.0
2022|09373|Neumarkt i.d.OPf., Landkreis|Insgesamt|1540.0
2022|09373|Neumarkt i.d.OPf., Landkreis|männlich|796.0
2022|09373|Neumarkt i.d.OPf., Landkreis|weiblich|744.0
2022|09374|Neustadt a.d.Waldnaab, Landkreis|Insgesamt|1206.0
2022|09374|Neustadt a.d.Waldnaab, Landkreis|männlich|610.0
2022|09374|Neustadt a.d.Waldnaab, Landkreis|weiblich|596.0
2022|09375|Regensburg, Landkreis|Insgesamt|2124.0
2022|09375|Regensburg, Landkreis|männlich|1057.0
2022|09375|Regensburg, Landkreis|weiblich|1067.0
2022|09376|Schwandorf, Landkreis|Insgesamt|1856.0
2022|09376|Schwandorf, Landkreis|männlich|942.0
2022|09376|Schwandorf, Landkreis|weiblich|914.0
2022|09377|Tirschenreuth, Landkreis|Insgesamt|1082.0
2022|09377|Tirschenreuth, Landkreis|männlich|542.0
2022|09377|Tirschenreuth, Landkreis|weiblich|540.0
2022|09461|Bamberg, kreisfreie Stadt|Insgesamt|997.0
2022|09461|Bamberg, kreisfreie Stadt|männlich|493.0
2022|09461|Bamberg, kreisfreie Stadt|weiblich|504.0
2022|09462|Bayreuth, kreisfreie Stadt|Insgesamt|1000.0
2022|09462|Bayreuth, kreisfreie Stadt|männlich|480.0
2022|09462|Bayreuth, kreisfreie Stadt|weiblich|520.0
2022|09463|Coburg, kreisfreie Stadt|Insgesamt|571.0
2022|09463|Coburg, kreisfreie Stadt|männlich|277.0
2022|09463|Coburg, kreisfreie Stadt|weiblich|294.0
2022|09464|Hof, kreisfreie Stadt|Insgesamt|741.0
2022|09464|Hof, kreisfreie Stadt|männlich|360.0
2022|09464|Hof, kreisfreie Stadt|weiblich|381.0
2022|09471|Bamberg, Landkreis|Insgesamt|1726.0
2022|09471|Bamberg, Landkreis|männlich|872.0
2022|09471|Bamberg, Landkreis|weiblich|854.0
2022|09472|Bayreuth, Landkreis|Insgesamt|1355.0
2022|09472|Bayreuth, Landkreis|männlich|675.0
2022|09472|Bayreuth, Landkreis|weiblich|680.0
2022|09473|Coburg, Landkreis|Insgesamt|1291.0
2022|09473|Coburg, Landkreis|männlich|656.0
2022|09473|Coburg, Landkreis|weiblich|635.0
2022|09474|Forchheim, Landkreis|Insgesamt|1392.0
2022|09474|Forchheim, Landkreis|männlich|731.0
2022|09474|Forchheim, Landkreis|weiblich|661.0
2022|09475|Hof, Landkreis|Insgesamt|1688.0
2022|09475|Hof, Landkreis|männlich|856.0
2022|09475|Hof, Landkreis|weiblich|832.0
2022|09476|Kronach, Landkreis|Insgesamt|964.0
2022|09476|Kronach, Landkreis|männlich|473.0
2022|09476|Kronach, Landkreis|weiblich|491.0
2022|09477|Kulmbach, Landkreis|Insgesamt|1064.0
2022|09477|Kulmbach, Landkreis|männlich|542.0
2022|09477|Kulmbach, Landkreis|weiblich|522.0
2022|09478|Lichtenfels, Landkreis|Insgesamt|1038.0
2022|09478|Lichtenfels, Landkreis|männlich|526.0
2022|09478|Lichtenfels, Landkreis|weiblich|512.0
2022|09479|Wunsiedel i.Fichtelgebirge, Landkreis|Insgesamt|1278.0
2022|09479|Wunsiedel i.Fichtelgebirge, Landkreis|männlich|649.0
2022|09479|Wunsiedel i.Fichtelgebirge, Landkreis|weiblich|629.0
2022|09561|Ansbach, kreisfreie Stadt|Insgesamt|597.0
2022|09561|Ansbach, kreisfreie Stadt|männlich|299.0
2022|09561|Ansbach, kreisfreie Stadt|weiblich|298.0
2022|09562|Erlangen, kreisfreie Stadt|Insgesamt|1205.0
2022|09562|Erlangen, kreisfreie Stadt|männlich|591.0
2022|09562|Erlangen, kreisfreie Stadt|weiblich|614.0
2022|09563|Fürth, kreisfreie Stadt|Insgesamt|1406.0
2022|09563|Fürth, kreisfreie Stadt|männlich|651.0
2022|09563|Fürth, kreisfreie Stadt|weiblich|755.0
2022|09564|Nürnberg, kreisfreie Stadt|Insgesamt|6366.0
2022|09564|Nürnberg, kreisfreie Stadt|männlich|3059.0
2022|09564|Nürnberg, kreisfreie Stadt|weiblich|3307.0
2022|09565|Schwabach, kreisfreie Stadt|Insgesamt|481.0
2022|09565|Schwabach, kreisfreie Stadt|männlich|214.0
2022|09565|Schwabach, kreisfreie Stadt|weiblich|267.0
2022|09571|Ansbach, Landkreis|Insgesamt|2282.0
2022|09571|Ansbach, Landkreis|männlich|1172.0
2022|09571|Ansbach, Landkreis|weiblich|1110.0
2022|09572|Erlangen-Höchstadt, Landkreis|Insgesamt|1509.0
2022|09572|Erlangen-Höchstadt, Landkreis|männlich|804.0
2022|09572|Erlangen-Höchstadt, Landkreis|weiblich|705.0
2022|09573|Fürth, Landkreis|Insgesamt|1515.0
2022|09573|Fürth, Landkreis|männlich|720.0
2022|09573|Fürth, Landkreis|weiblich|795.0
2022|09574|Nürnberger Land, Landkreis|Insgesamt|2250.0
2022|09574|Nürnberger Land, Landkreis|männlich|1150.0
2022|09574|Nürnberger Land, Landkreis|weiblich|1100.0
2022|09575|Neustadt a.d.Aisch-Bad Windsheim, Landkreis|Insgesamt|1352.0
2022|09575|Neustadt a.d.Aisch-Bad Windsheim, Landkreis|männlich|639.0
2022|09575|Neustadt a.d.Aisch-Bad Windsheim, Landkreis|weiblich|713.0
2022|09576|Roth, Landkreis|Insgesamt|1511.0
2022|09576|Roth, Landkreis|männlich|746.0
2022|09576|Roth, Landkreis|weiblich|765.0
2022|09577|Weißenburg-Gunzenhausen, Landkreis|Insgesamt|1250.0
2022|09577|Weißenburg-Gunzenhausen, Landkreis|männlich|623.0
2022|09577|Weißenburg-Gunzenhausen, Landkreis|weiblich|627.0
2022|09661|Aschaffenburg, kreisfreie Stadt|Insgesamt|884.0
2022|09661|Aschaffenburg, kreisfreie Stadt|männlich|441.0
2022|09661|Aschaffenburg, kreisfreie Stadt|weiblich|443.0
2022|09662|Schweinfurt, kreisfreie Stadt|Insgesamt|796.0
2022|09662|Schweinfurt, kreisfreie Stadt|männlich|377.0
2022|09662|Schweinfurt, kreisfreie Stadt|weiblich|419.0
2022|09663|Würzburg, kreisfreie Stadt|Insgesamt|1580.0
2022|09663|Würzburg, kreisfreie Stadt|männlich|729.0
2022|09663|Würzburg, kreisfreie Stadt|weiblich|851.0
2022|09671|Aschaffenburg, Landkreis|Insgesamt|2056.0
2022|09671|Aschaffenburg, Landkreis|männlich|1073.0
2022|09671|Aschaffenburg, Landkreis|weiblich|983.0
2022|09672|Bad Kissingen, Landkreis|Insgesamt|1479.0
2022|09672|Bad Kissingen, Landkreis|männlich|728.0
2022|09672|Bad Kissingen, Landkreis|weiblich|751.0
2022|09673|Rhön-Grabfeld, Landkreis|Insgesamt|1063.0
2022|09673|Rhön-Grabfeld, Landkreis|männlich|569.0
2022|09673|Rhön-Grabfeld, Landkreis|weiblich|494.0
2022|09674|Haßberge, Landkreis|Insgesamt|1012.0
2022|09674|Haßberge, Landkreis|männlich|527.0
2022|09674|Haßberge, Landkreis|weiblich|485.0
2022|09675|Kitzingen, Landkreis|Insgesamt|1197.0
2022|09675|Kitzingen, Landkreis|männlich|586.0
2022|09675|Kitzingen, Landkreis|weiblich|611.0
2022|09676|Miltenberg, Landkreis|Insgesamt|1648.0
2022|09676|Miltenberg, Landkreis|männlich|845.0
2022|09676|Miltenberg, Landkreis|weiblich|803.0
2022|09677|Main-Spessart, Landkreis|Insgesamt|1652.0
2022|09677|Main-Spessart, Landkreis|männlich|810.0
2022|09677|Main-Spessart, Landkreis|weiblich|842.0
2022|09678|Schweinfurt, Landkreis|Insgesamt|1463.0
2022|09678|Schweinfurt, Landkreis|männlich|752.0
2022|09678|Schweinfurt, Landkreis|weiblich|711.0
2022|09679|Würzburg, Landkreis|Insgesamt|1740.0
2022|09679|Würzburg, Landkreis|männlich|929.0
2022|09679|Würzburg, Landkreis|weiblich|811.0
2022|09761|Augsburg, kreisfreie Stadt|Insgesamt|3449.0
2022|09761|Augsburg, kreisfreie Stadt|männlich|1676.0
2022|09761|Augsburg, kreisfreie Stadt|weiblich|1773.0
2022|09762|Kaufbeuren, kreisfreie Stadt|Insgesamt|622.0
2022|09762|Kaufbeuren, kreisfreie Stadt|männlich|303.0
2022|09762|Kaufbeuren, kreisfreie Stadt|weiblich|319.0
2022|09763|Kempten (Allgäu), kreisfreie Stadt|Insgesamt|804.0
2022|09763|Kempten (Allgäu), kreisfreie Stadt|männlich|403.0
2022|09763|Kempten (Allgäu), kreisfreie Stadt|weiblich|401.0
2022|09764|Memmingen, kreisfreie Stadt|Insgesamt|537.0
2022|09764|Memmingen, kreisfreie Stadt|männlich|273.0
2022|09764|Memmingen, kreisfreie Stadt|weiblich|264.0
2022|09771|Aichach-Friedberg, Landkreis|Insgesamt|1448.0
2022|09771|Aichach-Friedberg, Landkreis|männlich|719.0
2022|09771|Aichach-Friedberg, Landkreis|weiblich|729.0
2022|09772|Augsburg, Landkreis|Insgesamt|2868.0
2022|09772|Augsburg, Landkreis|männlich|1421.0
2022|09772|Augsburg, Landkreis|weiblich|1447.0
2022|09773|Dillingen a.d.Donau, Landkreis|Insgesamt|1101.0
2022|09773|Dillingen a.d.Donau, Landkreis|männlich|516.0
2022|09773|Dillingen a.d.Donau, Landkreis|weiblich|585.0
2022|09774|Günzburg, Landkreis|Insgesamt|1426.0
2022|09774|Günzburg, Landkreis|männlich|757.0
2022|09774|Günzburg, Landkreis|weiblich|669.0
2022|09775|Neu-Ulm, Landkreis|Insgesamt|2011.0
2022|09775|Neu-Ulm, Landkreis|männlich|1005.0
2022|09775|Neu-Ulm, Landkreis|weiblich|1006.0
2022|09776|Lindau (Bodensee), Landkreis|Insgesamt|1068.0
2022|09776|Lindau (Bodensee), Landkreis|männlich|541.0
2022|09776|Lindau (Bodensee), Landkreis|weiblich|527.0
2022|09777|Ostallgäu, Landkreis|Insgesamt|1567.0
2022|09777|Ostallgäu, Landkreis|männlich|791.0
2022|09777|Ostallgäu, Landkreis|weiblich|776.0
2022|09778|Unterallgäu, Landkreis|Insgesamt|1731.0
2022|09778|Unterallgäu, Landkreis|männlich|869.0
2022|09778|Unterallgäu, Landkreis|weiblich|862.0
2022|09779|Donau-Ries, Landkreis|Insgesamt|1536.0
2022|09779|Donau-Ries, Landkreis|männlich|777.0
2022|09779|Donau-Ries, Landkreis|weiblich|759.0
2022|09780|Oberallgäu, Landkreis|Insgesamt|1754.0
2022|09780|Oberallgäu, Landkreis|männlich|882.0
2022|09780|Oberallgäu, Landkreis|weiblich|872.0
2022|10041|Saarbrücken, Regionalverband|Insgesamt|4989.0
2022|10041|Saarbrücken, Regionalverband|männlich|2461.0
2022|10041|Saarbrücken, Regionalverband|weiblich|2528.0
2022|10041100|Saarbrücken, Landeshauptstadt|Insgesamt|2596.0
2022|10041100|Saarbrücken, Landeshauptstadt|männlich|1299.0
2022|10041100|Saarbrücken, Landeshauptstadt|weiblich|1297.0
2022|10042|Merzig-Wadern, Landkreis|Insgesamt|1655.0
2022|10042|Merzig-Wadern, Landkreis|männlich|825.0
2022|10042|Merzig-Wadern, Landkreis|weiblich|830.0
2022|10043|Neunkirchen, Landkreis|Insgesamt|2112.0
2022|10043|Neunkirchen, Landkreis|männlich|1063.0
2022|10043|Neunkirchen, Landkreis|weiblich|1049.0
2022|10044|Saarlouis, Landkreis|Insgesamt|3003.0
2022|10044|Saarlouis, Landkreis|männlich|1492.0
2022|10044|Saarlouis, Landkreis|weiblich|1511.0
2022|10045|Saarpfalz-Kreis|Insgesamt|2252.0
2022|10045|Saarpfalz-Kreis|männlich|1092.0
2022|10045|Saarpfalz-Kreis|weiblich|1160.0
2022|10046|St. Wendel, Landkreis|Insgesamt|1398.0
2022|10046|St. Wendel, Landkreis|männlich|701.0
2022|10046|St. Wendel, Landkreis|weiblich|697.0
2022|11000|Berlin, kreisfreie Stadt|Insgesamt|39572.0
2022|11000|Berlin, kreisfreie Stadt|männlich|20001.0
2022|11000|Berlin, kreisfreie Stadt|weiblich|19571.0
2022|11001001|Berlin-Mitte|Insgesamt|2877.0
2022|11001001|Berlin-Mitte|männlich|1570.0
2022|11001001|Berlin-Mitte|weiblich|1307.0
2022|11002002|Berlin-Friedrichshain-Kreuzberg|Insgesamt|1888.0
2022|11002002|Berlin-Friedrichshain-Kreuzberg|männlich|1026.0
2022|11002002|Berlin-Friedrichshain-Kreuzberg|weiblich|862.0
2022|11003003|Berlin-Pankow|Insgesamt|3751.0
2022|11003003|Berlin-Pankow|männlich|1895.0
2022|11003003|Berlin-Pankow|weiblich|1856.0
2022|11004004|Berlin-Charlottenburg-Wilmersdorf|Insgesamt|3680.0
2022|11004004|Berlin-Charlottenburg-Wilmersdorf|männlich|1776.0
2022|11004004|Berlin-Charlottenburg-Wilmersdorf|weiblich|1904.0
2022|11005005|Berlin-Spandau|Insgesamt|3164.0
2022|11005005|Berlin-Spandau|männlich|1602.0
2022|11005005|Berlin-Spandau|weiblich|1562.0
2022|11006006|Berlin-Steglitz-Zehlendorf|Insgesamt|3964.0
2022|11006006|Berlin-Steglitz-Zehlendorf|männlich|1869.0
2022|11006006|Berlin-Steglitz-Zehlendorf|weiblich|2095.0
2022|11007007|Berlin-Tempelhof-Schöneberg|Insgesamt|3683.0
2022|11007007|Berlin-Tempelhof-Schöneberg|männlich|1835.0
2022|11007007|Berlin-Tempelhof-Schöneberg|weiblich|1848.0
2022|11008008|Berlin-Neukölln|Insgesamt|3232.0
2022|11008008|Berlin-Neukölln|männlich|1660.0
2022|11008008|Berlin-Neukölln|weiblich|1572.0
2022|11009009|Berlin-Treptow-Köpenick|Insgesamt|3497.0
2022|11009009|Berlin-Treptow-Köpenick|männlich|1752.0
2022|11009009|Berlin-Treptow-Köpenick|weiblich|1745.0
2022|11010010|Berlin-Marzahn-Hellersdorf|Insgesamt|2977.0
2022|11010010|Berlin-Marzahn-Hellersdorf|männlich|1534.0
2022|11010010|Berlin-Marzahn-Hellersdorf|weiblich|1443.0
2022|11011011|Berlin-Lichtenberg|Insgesamt|3388.0
2022|11011011|Berlin-Lichtenberg|männlich|1715.0
2022|11011011|Berlin-Lichtenberg|weiblich|1673.0
2022|11012012|Berlin-Reinickendorf|Insgesamt|3471.0
2022|11012012|Berlin-Reinickendorf|männlich|1767.0
2022|11012012|Berlin-Reinickendorf|weiblich|1704.0
2022|12051|Brandenburg an der Havel, kreisfreie Stadt|Insgesamt|1267.0
2022|12051|Brandenburg an der Havel, kreisfreie Stadt|männlich|624.0
2022|12051|Brandenburg an der Havel, kreisfreie Stadt|weiblich|643.0
2022|12052|Cottbus, kreisfreie Stadt|Insgesamt|1549.0
2022|12052|Cottbus, kreisfreie Stadt|männlich|793.0
2022|12052|Cottbus, kreisfreie Stadt|weiblich|756.0
2022|12053|Frankfurt (Oder), kreisfreie Stadt|Insgesamt|925.0
2022|12053|Frankfurt (Oder), kreisfreie Stadt|männlich|463.0
2022|12053|Frankfurt (Oder), kreisfreie Stadt|weiblich|462.0
2022|12054|Potsdam, kreisfreie Stadt|Insgesamt|1989.0
2022|12054|Potsdam, kreisfreie Stadt|männlich|984.0
2022|12054|Potsdam, kreisfreie Stadt|weiblich|1005.0
2022|12060|Barnim, Landkreis|Insgesamt|2675.0
2022|12060|Barnim, Landkreis|männlich|1431.0
2022|12060|Barnim, Landkreis|weiblich|1244.0
2022|12061|Dahme-Spreewald, Landkreis|Insgesamt|2419.0
2022|12061|Dahme-Spreewald, Landkreis|männlich|1230.0
2022|12061|Dahme-Spreewald, Landkreis|weiblich|1189.0
2022|12062|Elbe-Elster, Landkreis|Insgesamt|1735.0
2022|12062|Elbe-Elster, Landkreis|männlich|904.0
2022|12062|Elbe-Elster, Landkreis|weiblich|831.0
2022|12063|Havelland, Landkreis|Insgesamt|2221.0
2022|12063|Havelland, Landkreis|männlich|1127.0
2022|12063|Havelland, Landkreis|weiblich|1094.0
2022|12064|Märkisch-Oderland, Landkreis|Insgesamt|2893.0
2022|12064|Märkisch-Oderland, Landkreis|männlich|1491.0
2022|12064|Märkisch-Oderland, Landkreis|weiblich|1402.0
2022|12065|Oberhavel, Landkreis|Insgesamt|2901.0
2022|12065|Oberhavel, Landkreis|männlich|1523.0
2022|12065|Oberhavel, Landkreis|weiblich|1378.0
2022|12066|Oberspreewald-Lausitz, Landkreis|Insgesamt|1933.0
2022|12066|Oberspreewald-Lausitz, Landkreis|männlich|998.0
2022|12066|Oberspreewald-Lausitz, Landkreis|weiblich|935.0
2022|12067|Oder-Spree, Landkreis|Insgesamt|2743.0
2022|12067|Oder-Spree, Landkreis|männlich|1398.0
2022|12067|Oder-Spree, Landkreis|weiblich|1345.0
2022|12068|Ostprignitz-Ruppin, Landkreis|Insgesamt|1622.0
2022|12068|Ostprignitz-Ruppin, Landkreis|männlich|847.0
2022|12068|Ostprignitz-Ruppin, Landkreis|weiblich|775.0
2022|12069|Potsdam-Mittelmark, Landkreis|Insgesamt|2773.0
2022|12069|Potsdam-Mittelmark, Landkreis|männlich|1453.0
2022|12069|Potsdam-Mittelmark, Landkreis|weiblich|1320.0
2022|12070|Prignitz, Landkreis|Insgesamt|1433.0
2022|12070|Prignitz, Landkreis|männlich|718.0
2022|12070|Prignitz, Landkreis|weiblich|715.0
2022|12071|Spree-Neiße, Landkreis|Insgesamt|1908.0
2022|12071|Spree-Neiße, Landkreis|männlich|979.0
2022|12071|Spree-Neiße, Landkreis|weiblich|929.0
2022|12072|Teltow-Fläming, Landkreis|Insgesamt|2323.0
2022|12072|Teltow-Fläming, Landkreis|männlich|1192.0
2022|12072|Teltow-Fläming, Landkreis|weiblich|1131.0
2022|12073|Uckermark, Landkreis|Insgesamt|2093.0
2022|12073|Uckermark, Landkreis|männlich|1106.0
2022|12073|Uckermark, Landkreis|weiblich|987.0
2022|13003|Rostock, kreisfreie Stadt|Insgesamt|2971.0
2022|13003|Rostock, kreisfreie Stadt|männlich|1556.0
2022|13003|Rostock, kreisfreie Stadt|weiblich|1415.0
2022|13004|Schwerin, kreisfreie Stadt|Insgesamt|1558.0
2022|13004|Schwerin, kreisfreie Stadt|männlich|736.0
2022|13004|Schwerin, kreisfreie Stadt|weiblich|822.0
2022|13071|Mecklenburgische Seenplatte, Landkreis|Insgesamt|4390.0
2022|13071|Mecklenburgische Seenplatte, Landkreis|männlich|2268.0
2022|13071|Mecklenburgische Seenplatte, Landkreis|weiblich|2122.0
2022|13072|Landkreis Rostock|Insgesamt|3149.0
2022|13072|Landkreis Rostock|männlich|1620.0
2022|13072|Landkreis Rostock|weiblich|1529.0
2022|13073|Vorpommern-Rügen, Landkreis|Insgesamt|3836.0
2022|13073|Vorpommern-Rügen, Landkreis|männlich|1987.0
2022|13073|Vorpommern-Rügen, Landkreis|weiblich|1849.0
2022|13074|Nordwestmecklenburg, Landkreis|Insgesamt|2364.0
2022|13074|Nordwestmecklenburg, Landkreis|männlich|1249.0
2022|13074|Nordwestmecklenburg, Landkreis|weiblich|1115.0
2022|13075|Vorpommern-Greifswald, Landkreis|Insgesamt|4015.0
2022|13075|Vorpommern-Greifswald, Landkreis|männlich|2036.0
2022|13075|Vorpommern-Greifswald, Landkreis|weiblich|1979.0
2022|13076|Ludwigslust-Parchim, Landkreis|Insgesamt|3094.0
2022|13076|Ludwigslust-Parchim, Landkreis|männlich|1570.0
2022|13076|Ludwigslust-Parchim, Landkreis|weiblich|1524.0
2022|14511|Chemnitz, kreisfreie Stadt|Insgesamt|3759.0
2022|14511|Chemnitz, kreisfreie Stadt|männlich|1885.0
2022|14511|Chemnitz, kreisfreie Stadt|weiblich|1874.0
2022|14521|Erzgebirgskreis|Insgesamt|5516.0
2022|14521|Erzgebirgskreis|männlich|2762.0
2022|14521|Erzgebirgskreis|weiblich|2754.0
2022|14522|Mittelsachsen, Landkreis|Insgesamt|4789.0
2022|14522|Mittelsachsen, Landkreis|männlich|2387.0
2022|14522|Mittelsachsen, Landkreis|weiblich|2402.0
2022|14523|Vogtlandkreis|Insgesamt|4038.0
2022|14523|Vogtlandkreis|männlich|1979.0
2022|14523|Vogtlandkreis|weiblich|2059.0
2022|14524|Zwickau, Landkreis|Insgesamt|5544.0
2022|14524|Zwickau, Landkreis|männlich|2708.0
2022|14524|Zwickau, Landkreis|weiblich|2836.0
2022|14612|Dresden, kreisfreie Stadt|Insgesamt|6082.0
2022|14612|Dresden, kreisfreie Stadt|männlich|3020.0
2022|14612|Dresden, kreisfreie Stadt|weiblich|3062.0
2022|14625|Bautzen, Landkreis|Insgesamt|4623.0
2022|14625|Bautzen, Landkreis|männlich|2333.0
2022|14625|Bautzen, Landkreis|weiblich|2290.0
2022|14626|Görlitz, Landkreis|Insgesamt|4273.0
2022|14626|Görlitz, Landkreis|männlich|2194.0
2022|14626|Görlitz, Landkreis|weiblich|2079.0
2022|14627|Meißen, Landkreis|Insgesamt|3685.0
2022|14627|Meißen, Landkreis|männlich|1796.0
2022|14627|Meißen, Landkreis|weiblich|1889.0
2022|14628|Sächsische Schweiz-Osterzgebirge, Landkreis|Insgesamt|3618.0
2022|14628|Sächsische Schweiz-Osterzgebirge, Landkreis|männlich|1791.0
2022|14628|Sächsische Schweiz-Osterzgebirge, Landkreis|weiblich|1827.0
2022|14713|Leipzig, kreisfreie Stadt|Insgesamt|7272.0
2022|14713|Leipzig, kreisfreie Stadt|männlich|3612.0
2022|14713|Leipzig, kreisfreie Stadt|weiblich|3660.0
2022|14729|Leipzig, Landkreis|Insgesamt|3886.0
2022|14729|Leipzig, Landkreis|männlich|2012.0
2022|14729|Leipzig, Landkreis|weiblich|1874.0
2022|14730|Nordsachsen, Landkreis|Insgesamt|2981.0
2022|14730|Nordsachsen, Landkreis|männlich|1534.0
2022|14730|Nordsachsen, Landkreis|weiblich|1447.0
2022|15001|Dessau-Roßlau, kreisfreie Stadt|Insgesamt|1545.0
2022|15001|Dessau-Roßlau, kreisfreie Stadt|männlich|763.0
2022|15001|Dessau-Roßlau, kreisfreie Stadt|weiblich|782.0
2022|15002|Halle (Saale), kreisfreie Stadt|Insgesamt|3387.0
2022|15002|Halle (Saale), kreisfreie Stadt|männlich|1690.0
2022|15002|Halle (Saale), kreisfreie Stadt|weiblich|1697.0
2022|15003|Magdeburg, kreisfreie Stadt, Landeshauptstadt|Insgesamt|3649.0
2022|15003|Magdeburg, kreisfreie Stadt, Landeshauptstadt|männlich|1829.0
2022|15003|Magdeburg, kreisfreie Stadt, Landeshauptstadt|weiblich|1820.0
2022|15081|Altmarkkreis Salzwedel|Insgesamt|1276.0
2022|15081|Altmarkkreis Salzwedel|männlich|661.0
2022|15081|Altmarkkreis Salzwedel|weiblich|615.0
2022|15082|Anhalt-Bitterfeld, Landkreis|Insgesamt|2969.0
2022|15082|Anhalt-Bitterfeld, Landkreis|männlich|1513.0
2022|15082|Anhalt-Bitterfeld, Landkreis|weiblich|1456.0
2022|15083|Börde, Landkreis|Insgesamt|2564.0
2022|15083|Börde, Landkreis|männlich|1323.0
2022|15083|Börde, Landkreis|weiblich|1241.0
2022|15084|Burgenlandkreis|Insgesamt|3106.0
2022|15084|Burgenlandkreis|männlich|1561.0
2022|15084|Burgenlandkreis|weiblich|1545.0
2022|15085|Harz, Landkreis|Insgesamt|4023.0
2022|15085|Harz, Landkreis|männlich|2023.0
2022|15085|Harz, Landkreis|weiblich|2000.0
2022|15086|Jerichower Land, Landkreis|Insgesamt|1511.0
2022|15086|Jerichower Land, Landkreis|männlich|766.0
2022|15086|Jerichower Land, Landkreis|weiblich|745.0
2022|15087|Mansfeld-Südharz, Landkreis|Insgesamt|2529.0
2022|15087|Mansfeld-Südharz, Landkreis|männlich|1303.0
2022|15087|Mansfeld-Südharz, Landkreis|weiblich|1226.0
2022|15088|Saalekreis|Insgesamt|2865.0
2022|15088|Saalekreis|männlich|1488.0
2022|15088|Saalekreis|weiblich|1377.0
2022|15089|Salzlandkreis|Insgesamt|3563.0
2022|15089|Salzlandkreis|männlich|1795.0
2022|15089|Salzlandkreis|weiblich|1768.0
2022|15090|Stendal, Landkreis|Insgesamt|2023.0
2022|15090|Stendal, Landkreis|männlich|1038.0
2022|15090|Stendal, Landkreis|weiblich|985.0
2022|15091|Wittenberg, Landkreis|Insgesamt|2271.0
2022|15091|Wittenberg, Landkreis|männlich|1211.0
2022|15091|Wittenberg, Landkreis|weiblich|1060.0
2022|16051|Erfurt, kreisfreie Stadt|Insgesamt|2721.0
2022|16051|Erfurt, kreisfreie Stadt|männlich|1386.0
2022|16051|Erfurt, kreisfreie Stadt|weiblich|1335.0
2022|16052|Gera, kreisfreie Stadt|Insgesamt|1608.0
2022|16052|Gera, kreisfreie Stadt|männlich|790.0
2022|16052|Gera, kreisfreie Stadt|weiblich|818.0
2022|16053|Jena, kreisfreie Stadt|Insgesamt|1280.0
2022|16053|Jena, kreisfreie Stadt|männlich|615.0
2022|16053|Jena, kreisfreie Stadt|weiblich|665.0
2022|16054|Suhl, kreisfreie Stadt|Insgesamt|708.0
2022|16054|Suhl, kreisfreie Stadt|männlich|372.0
2022|16054|Suhl, kreisfreie Stadt|weiblich|336.0
2022|16055|Weimar, kreisfreie Stadt|Insgesamt|941.0
2022|16055|Weimar, kreisfreie Stadt|männlich|447.0
2022|16055|Weimar, kreisfreie Stadt|weiblich|494.0
2022|16061|Eichsfeld, Landkreis|Insgesamt|1306.0
2022|16061|Eichsfeld, Landkreis|männlich|662.0
2022|16061|Eichsfeld, Landkreis|weiblich|644.0
2022|16062|Nordhausen, Landkreis|Insgesamt|1418.0
2022|16062|Nordhausen, Landkreis|männlich|728.0
2022|16062|Nordhausen, Landkreis|weiblich|690.0
2022|16063|Wartburgkreis|Insgesamt|2386.0
2022|16063|Wartburgkreis|männlich|1217.0
2022|16063|Wartburgkreis|weiblich|1169.0
2022|16064|Unstrut-Hainich-Kreis|Insgesamt|1631.0
2022|16064|Unstrut-Hainich-Kreis|männlich|816.0
2022|16064|Unstrut-Hainich-Kreis|weiblich|815.0
2022|16065|Kyffhäuserkreis|Insgesamt|1391.0
2022|16065|Kyffhäuserkreis|männlich|723.0
2022|16065|Kyffhäuserkreis|weiblich|668.0
2022|16066|Schmalkalden-Meiningen, Landkreis|Insgesamt|2064.0
2022|16066|Schmalkalden-Meiningen, Landkreis|männlich|1041.0
2022|16066|Schmalkalden-Meiningen, Landkreis|weiblich|1023.0
2022|16067|Gotha, Landkreis|Insgesamt|1942.0
2022|16067|Gotha, Landkreis|männlich|1001.0
2022|16067|Gotha, Landkreis|weiblich|941.0
2022|16068|Sömmerda, Landkreis|Insgesamt|1058.0
2022|16068|Sömmerda, Landkreis|männlich|547.0
2022|16068|Sömmerda, Landkreis|weiblich|511.0
2022|16069|Hildburghausen, Landkreis|Insgesamt|1056.0
2022|16069|Hildburghausen, Landkreis|männlich|529.0
2022|16069|Hildburghausen, Landkreis|weiblich|527.0
2022|16070|Ilm-Kreis|Insgesamt|1685.0
2022|16070|Ilm-Kreis|männlich|853.0
2022|16070|Ilm-Kreis|weiblich|832.0
2022|16071|Weimarer Land, Landkreis|Insgesamt|1102.0
2022|16071|Weimarer Land, Landkreis|männlich|543.0
2022|16071|Weimarer Land, Landkreis|weiblich|559.0
2022|16072|Sonneberg, Landkreis|Insgesamt|974.0
2022|16072|Sonneberg, Landkreis|männlich|501.0
2022|16072|Sonneberg, Landkreis|weiblich|473.0
2022|16073|Saalfeld-Rudolstadt, Landkreis|Insgesamt|1829.0
2022|16073|Saalfeld-Rudolstadt, Landkreis|männlich|934.0
2022|16073|Saalfeld-Rudolstadt, Landkreis|weiblich|895.0
2022|16074|Saale-Holzland-Kreis|Insgesamt|1153.0
2022|16074|Saale-Holzland-Kreis|männlich|622.0
2022|16074|Saale-Holzland-Kreis|weiblich|531.0
2022|16075|Saale-Orla-Kreis|Insgesamt|1322.0
2022|16075|Saale-Orla-Kreis|männlich|663.0
2022|16075|Saale-Orla-Kreis|weiblich|659.0
2022|16076|Greiz, Landkreis|Insgesamt|1753.0
2022|16076|Greiz, Landkreis|männlich|894.0
2022|16076|Greiz, Landkreis|weiblich|859.0
2022|16077|Altenburger Land, Landkreis|Insgesamt|1467.0
2022|16077|Altenburger Land, Landkreis|männlich|778.0
2022|16077|Altenburger Land, Landkreis|weiblich|689.0
2022|010|Schleswig-Holstein|Insgesamt|40697.0
2022|010|Schleswig-Holstein|männlich|20321.0
2022|010|Schleswig-Holstein|weiblich|20376.0
2022|020|Hamburg|Insgesamt|19877.0
2022|020|Hamburg|männlich|9723.0
2022|020|Hamburg|weiblich|10154.0
2022|031|Braunschweig, Statistische Region|Insgesamt|22664.0
2022|031|Braunschweig, Statistische Region|männlich|11226.0
2022|031|Braunschweig, Statistische Region|weiblich|11438.0
2022|032|Hannover, Statistische Region|Insgesamt|29667.0
2022|032|Hannover, Statistische Region|männlich|14699.0
2022|032|Hannover, Statistische Region|weiblich|14968.0
2022|033|Lüneburg, Statistische Region|Insgesamt|23836.0
2022|033|Lüneburg, Statistische Region|männlich|12029.0
2022|033|Lüneburg, Statistische Region|weiblich|11807.0
2022|034|Weser-Ems, Statistische Region|Insgesamt|32240.0
2022|034|Weser-Ems, Statistische Region|männlich|16268.0
2022|034|Weser-Ems, Statistische Region|weiblich|15972.0
2022|040|Bremen|Insgesamt|8893.0
2022|040|Bremen|männlich|4423.0
2022|040|Bremen|weiblich|4470.0
2022|051|Düsseldorf, Regierungsbezirk|Insgesamt|70809.0
2022|051|Düsseldorf, Regierungsbezirk|männlich|34849.0
2022|051|Düsseldorf, Regierungsbezirk|weiblich|35960.0
2022|053|Köln, Regierungsbezirk|Insgesamt|53308.0
2022|053|Köln, Regierungsbezirk|männlich|26445.0
2022|053|Köln, Regierungsbezirk|weiblich|26863.0
2022|055|Münster, Regierungsbezirk|Insgesamt|33657.0
2022|055|Münster, Regierungsbezirk|männlich|16516.0
2022|055|Münster, Regierungsbezirk|weiblich|17141.0
2022|057|Detmold, Regierungsbezirk|Insgesamt|26320.0
2022|057|Detmold, Regierungsbezirk|männlich|13016.0
2022|057|Detmold, Regierungsbezirk|weiblich|13304.0
2022|059|Arnsberg, Regierungsbezirk|Insgesamt|50082.0
2022|059|Arnsberg, Regierungsbezirk|männlich|24558.0
2022|059|Arnsberg, Regierungsbezirk|weiblich|25524.0
2022|064|Darmstadt, Regierungsbezirk|Insgesamt|45081.0
2022|064|Darmstadt, Regierungsbezirk|männlich|22354.0
2022|064|Darmstadt, Regierungsbezirk|weiblich|22727.0
2022|065|Gießen, Regierungsbezirk|Insgesamt|13426.0
2022|065|Gießen, Regierungsbezirk|männlich|6750.0
2022|065|Gießen, Regierungsbezirk|weiblich|6676.0
2022|066|Kassel, Regierungsbezirk|Insgesamt|16856.0
2022|066|Kassel, Regierungsbezirk|männlich|8354.0
2022|066|Kassel, Regierungsbezirk|weiblich|8502.0
2022|071|Koblenz, Statistische Region|Insgesamt|20869.0
2022|071|Koblenz, Statistische Region|männlich|10416.0
2022|071|Koblenz, Statistische Region|weiblich|10453.0
2022|072|Trier, Statistische Region|Insgesamt|6823.0
2022|072|Trier, Statistische Region|männlich|3442.0
2022|072|Trier, Statistische Region|weiblich|3381.0
2022|073|Rheinhessen-Pfalz, Statistische Region|Insgesamt|26244.0
2022|073|Rheinhessen-Pfalz, Statistische Region|männlich|13109.0
2022|073|Rheinhessen-Pfalz, Statistische Region|weiblich|13135.0
2022|081|Stuttgart, Regierungsbezirk|Insgesamt|45870.0
2022|081|Stuttgart, Regierungsbezirk|männlich|22853.0
2022|081|Stuttgart, Regierungsbezirk|weiblich|23017.0
2022|082|Karlsruhe, Regierungsbezirk|Insgesamt|32464.0
2022|082|Karlsruhe, Regierungsbezirk|männlich|16036.0
2022|082|Karlsruhe, Regierungsbezirk|weiblich|16428.0
2022|083|Freiburg, Regierungsbezirk|Insgesamt|26018.0
2022|083|Freiburg, Regierungsbezirk|männlich|13000.0
2022|083|Freiburg, Regierungsbezirk|weiblich|13018.0
2022|084|Tübingen, Regierungsbezirk|Insgesamt|20321.0
2022|084|Tübingen, Regierungsbezirk|männlich|10184.0
2022|084|Tübingen, Regierungsbezirk|weiblich|10137.0
2022|091|Oberbayern, Regierungsbezirk|Insgesamt|48444.0
2022|091|Oberbayern, Regierungsbezirk|männlich|24221.0
2022|091|Oberbayern, Regierungsbezirk|weiblich|24223.0
2022|092|Niederbayern, Regierungsbezirk|Insgesamt|14920.0
2022|092|Niederbayern, Regierungsbezirk|männlich|7556.0
2022|092|Niederbayern, Regierungsbezirk|weiblich|7364.0
2022|093|Oberpfalz, Regierungsbezirk|Insgesamt|13732.0
2022|093|Oberpfalz, Regierungsbezirk|männlich|6871.0
2022|093|Oberpfalz, Regierungsbezirk|weiblich|6861.0
2022|094|Oberfranken, Regierungsbezirk|Insgesamt|15105.0
2022|094|Oberfranken, Regierungsbezirk|männlich|7590.0
2022|094|Oberfranken, Regierungsbezirk|weiblich|7515.0
2022|095|Mittelfranken, Regierungsbezirk|Insgesamt|21724.0
2022|095|Mittelfranken, Regierungsbezirk|männlich|10668.0
2022|095|Mittelfranken, Regierungsbezirk|weiblich|11056.0
2022|096|Unterfranken, Regierungsbezirk|Insgesamt|16570.0
2022|096|Unterfranken, Regierungsbezirk|männlich|8366.0
2022|096|Unterfranken, Regierungsbezirk|weiblich|8204.0
2022|097|Schwaben, Regierungsbezirk|Insgesamt|21922.0
2022|097|Schwaben, Regierungsbezirk|männlich|10933.0
2022|097|Schwaben, Regierungsbezirk|weiblich|10989.0
2022|100|Saarland, Regierungsbezirk|Insgesamt|15409.0
2022|100|Saarland, Regierungsbezirk|männlich|7634.0
2022|100|Saarland, Regierungsbezirk|weiblich|7775.0
2022|110|Berlin|Insgesamt|39572.0
2022|110|Berlin|männlich|20001.0
2022|110|Berlin|weiblich|19571.0
2022|120|Brandenburg|Insgesamt|37402.0
2022|120|Brandenburg|männlich|19261.0
2022|120|Brandenburg|weiblich|18141.0
2022|130|Mecklenburg-Vorpommern, Statistische Region|Insgesamt|25377.0
2022|130|Mecklenburg-Vorpommern, Statistische Region|männlich|13022.0
2022|130|Mecklenburg-Vorpommern, Statistische Region|weiblich|12355.0
2022|145|Chemnitz, Statistische Region|Insgesamt|23646.0
2022|145|Chemnitz, Statistische Region|männlich|11721.0
2022|145|Chemnitz, Statistische Region|weiblich|11925.0
2022|146|Dresden, Statistische Region|Insgesamt|22281.0
2022|146|Dresden, Statistische Region|männlich|11134.0
2022|146|Dresden, Statistische Region|weiblich|11147.0
2022|147|Leipzig, Statistische Region|Insgesamt|14139.0
2022|147|Leipzig, Statistische Region|männlich|7158.0
2022|147|Leipzig, Statistische Region|weiblich|6981.0
2022|150|Sachsen-Anhalt|Insgesamt|37281.0
2022|150|Sachsen-Anhalt|männlich|18964.0
2022|150|Sachsen-Anhalt|weiblich|18317.0
2022|160|Thüringen|Insgesamt|32795.0
2022|160|Thüringen|männlich|16662.0
2022|160|Thüringen|weiblich|16133.0
2023|DG|Deutschland|Insgesamt|1028206.0
2023|DG|Deutschland|männlich|514230.0
2023|DG|Deutschland|weiblich|513976.0
2023|01|Schleswig-Holstein|Insgesamt|39621.0
2023|01|Schleswig-Holstein|männlich|19869.0
2023|01|Schleswig-Holstein|weiblich|19752.0
2023|02|Hamburg|Insgesamt|19469.0
2023|02|Hamburg|männlich|9551.0
2023|02|Hamburg|weiblich|9918.0
2023|03|Niedersachsen|Insgesamt|105071.0
2023|03|Niedersachsen|männlich|52857.0
2023|03|Niedersachsen|weiblich|52214.0
2023|04|Bremen|Insgesamt|8528.0
2023|04|Bremen|männlich|4335.0
2023|04|Bremen|weiblich|4193.0
2023|05|Nordrhein-Westfalen|Insgesamt|226034.0
2023|05|Nordrhein-Westfalen|männlich|111625.0
2023|05|Nordrhein-Westfalen|weiblich|114409.0
2023|06|Hessen|Insgesamt|73058.0
2023|06|Hessen|männlich|36433.0
2023|06|Hessen|weiblich|36625.0
2023|07|Rheinland-Pfalz|Insgesamt|51267.0
2023|07|Rheinland-Pfalz|männlich|25864.0
2023|07|Rheinland-Pfalz|weiblich|25403.0
2023|08|Baden-Württemberg|Insgesamt|120208.0
2023|08|Baden-Württemberg|männlich|59693.0
2023|08|Baden-Württemberg|weiblich|60515.0
2023|09|Bayern|Insgesamt|146475.0
2023|09|Bayern|männlich|73052.0
2023|09|Bayern|weiblich|73423.0
2023|10|Saarland|Insgesamt|14560.0
2023|10|Saarland|männlich|7203.0
2023|10|Saarland|weiblich|7357.0
2023|11|Berlin|Insgesamt|38473.0
2023|11|Berlin|männlich|19299.0
2023|11|Berlin|weiblich|19174.0
2023|12|Brandenburg|Insgesamt|36622.0
2023|12|Brandenburg|männlich|18710.0
2023|12|Brandenburg|weiblich|17912.0
2023|13|Mecklenburg-Vorpommern|Insgesamt|24005.0
2023|13|Mecklenburg-Vorpommern|männlich|12405.0
2023|13|Mecklenburg-Vorpommern|weiblich|11600.0
2023|14|Sachsen|Insgesamt|58101.0
2023|14|Sachsen|männlich|29321.0
2023|14|Sachsen|weiblich|28780.0
2023|15|Sachsen-Anhalt|Insgesamt|35577.0
2023|15|Sachsen-Anhalt|männlich|18168.0
2023|15|Sachsen-Anhalt|weiblich|17409.0
2023|16|Thüringen|Insgesamt|31137.0
2023|16|Thüringen|männlich|15845.0
2023|16|Thüringen|weiblich|15292.0
2023|01001|Flensburg, kreisfreie Stadt|Insgesamt|1165.0
2023|01001|Flensburg, kreisfreie Stadt|männlich|609.0
2023|01001|Flensburg, kreisfreie Stadt|weiblich|556.0
2023|01002|Kiel, kreisfreie Stadt|Insgesamt|2758.0
2023|01002|Kiel, kreisfreie Stadt|männlich|1364.0
2023|01002|Kiel, kreisfreie Stadt|weiblich|1394.0
2023|01003|Lübeck, kreisfreie Stadt, Hansestadt|Insgesamt|3166.0
2023|01003|Lübeck, kreisfreie Stadt, Hansestadt|männlich|1554.0
2023|01003|Lübeck, kreisfreie Stadt, Hansestadt|weiblich|1612.0
2023|01004|Neumünster, kreisfreie Stadt|Insgesamt|1213.0
2023|01004|Neumünster, kreisfreie Stadt|männlich|578.0
2023|01004|Neumünster, kreisfreie Stadt|weiblich|635.0
2023|01051|Dithmarschen, Kreis|Insgesamt|2072.0
2023|01051|Dithmarschen, Kreis|männlich|1028.0
2023|01051|Dithmarschen, Kreis|weiblich|1044.0
2023|01053|Herzogtum Lauenburg, Kreis|Insgesamt|2563.0
2023|01053|Herzogtum Lauenburg, Kreis|männlich|1236.0
2023|01053|Herzogtum Lauenburg, Kreis|weiblich|1327.0
2023|01054|Nordfriesland, Kreis|Insgesamt|2354.0
2023|01054|Nordfriesland, Kreis|männlich|1208.0
2023|01054|Nordfriesland, Kreis|weiblich|1146.0
2023|01055|Ostholstein, Kreis|Insgesamt|3171.0
2023|01055|Ostholstein, Kreis|männlich|1599.0
2023|01055|Ostholstein, Kreis|weiblich|1572.0
2023|01056|Pinneberg, Kreis|Insgesamt|3945.0
2023|01056|Pinneberg, Kreis|männlich|1954.0
2023|01056|Pinneberg, Kreis|weiblich|1991.0
2023|01057|Plön, Kreis|Insgesamt|1854.0
2023|01057|Plön, Kreis|männlich|936.0
2023|01057|Plön, Kreis|weiblich|918.0
2023|01058|Rendsburg-Eckernförde, Kreis|Insgesamt|3702.0
2023|01058|Rendsburg-Eckernförde, Kreis|männlich|1881.0
2023|01058|Rendsburg-Eckernförde, Kreis|weiblich|1821.0
2023|01059|Schleswig-Flensburg, Kreis|Insgesamt|3098.0
2023|01059|Schleswig-Flensburg, Kreis|männlich|1590.0
2023|01059|Schleswig-Flensburg, Kreis|weiblich|1508.0
2023|01060|Segeberg, Kreis|Insgesamt|3452.0
2023|01060|Segeberg, Kreis|männlich|1750.0
2023|01060|Segeberg, Kreis|weiblich|1702.0
2023|01061|Steinburg, Kreis|Insgesamt|1802.0
2023|01061|Steinburg, Kreis|männlich|912.0
2023|01061|Steinburg, Kreis|weiblich|890.0
2023|01062|Stormarn, Kreis|Insgesamt|3306.0
2023|01062|Stormarn, Kreis|männlich|1670.0
2023|01062|Stormarn, Kreis|weiblich|1636.0
2023|02000|Hamburg, kreisfreie Stadt, Freie und Hansestadt|Insgesamt|19469.0
2023|02000|Hamburg, kreisfreie Stadt, Freie und Hansestadt|männlich|9551.0
2023|02000|Hamburg, kreisfreie Stadt, Freie und Hansestadt|weiblich|9918.0
2023|03101|Braunschweig, kreisfreie Stadt|Insgesamt|3158.0
2023|03101|Braunschweig, kreisfreie Stadt|männlich|1536.0
2023|03101|Braunschweig, kreisfreie Stadt|weiblich|1622.0
2023|03102|Salzgitter, kreisfreie Stadt|Insgesamt|1523.0
2023|03102|Salzgitter, kreisfreie Stadt|männlich|777.0
2023|03102|Salzgitter, kreisfreie Stadt|weiblich|746.0
2023|03103|Wolfsburg, kreisfreie Stadt|Insgesamt|1617.0
2023|03103|Wolfsburg, kreisfreie Stadt|männlich|817.0
2023|03103|Wolfsburg, kreisfreie Stadt|weiblich|800.0
2023|03151|Gifhorn, Landkreis|Insgesamt|2095.0
2023|03151|Gifhorn, Landkreis|männlich|1099.0
2023|03151|Gifhorn, Landkreis|weiblich|996.0
2023|03153|Goslar, Landkreis|Insgesamt|2411.0
2023|03153|Goslar, Landkreis|männlich|1207.0
2023|03153|Goslar, Landkreis|weiblich|1204.0
2023|03154|Helmstedt, Landkreis|Insgesamt|1346.0
2023|03154|Helmstedt, Landkreis|männlich|675.0
2023|03154|Helmstedt, Landkreis|weiblich|671.0
2023|03155|Northeim, Landkreis|Insgesamt|2126.0
2023|03155|Northeim, Landkreis|männlich|1050.0
2023|03155|Northeim, Landkreis|weiblich|1076.0
2023|03157|Peine, Landkreis|Insgesamt|1760.0
2023|03157|Peine, Landkreis|männlich|860.0
2023|03157|Peine, Landkreis|weiblich|900.0
2023|03158|Wolfenbüttel, Landkreis|Insgesamt|1734.0
2023|03158|Wolfenbüttel, Landkreis|männlich|858.0
2023|03158|Wolfenbüttel, Landkreis|weiblich|876.0
2023|03159|Göttingen, Landkreis|Insgesamt|4304.0
2023|03159|Göttingen, Landkreis|männlich|2213.0
2023|03159|Göttingen, Landkreis|weiblich|2091.0
2023|03241|Region Hannover, Landkreis|Insgesamt|14053.0
2023|03241|Region Hannover, Landkreis|männlich|7003.0
2023|03241|Region Hannover, Landkreis|weiblich|7050.0
2023|03241001|Hannover, Landeshauptstadt|Insgesamt|5928.0
2023|03241001|Hannover, Landeshauptstadt|männlich|2910.0
2023|03241001|Hannover, Landeshauptstadt|weiblich|3018.0
2023|03251|Diepholz, Landkreis|Insgesamt|2758.0
2023|03251|Diepholz, Landkreis|männlich|1424.0
2023|03251|Diepholz, Landkreis|weiblich|1334.0
2023|03252|Hameln-Pyrmont, Landkreis|Insgesamt|2396.0
2023|03252|Hameln-Pyrmont, Landkreis|männlich|1134.0
2023|03252|Hameln-Pyrmont, Landkreis|weiblich|1262.0
2023|03254|Hildesheim, Landkreis|Insgesamt|3994.0
2023|03254|Hildesheim, Landkreis|männlich|1970.0
2023|03254|Hildesheim, Landkreis|weiblich|2024.0
2023|03255|Holzminden, Landkreis|Insgesamt|1152.0
2023|03255|Holzminden, Landkreis|männlich|542.0
2023|03255|Holzminden, Landkreis|weiblich|610.0
2023|03256|Nienburg (Weser), Landkreis|Insgesamt|1721.0
2023|03256|Nienburg (Weser), Landkreis|männlich|869.0
2023|03256|Nienburg (Weser), Landkreis|weiblich|852.0
2023|03257|Schaumburg, Landkreis|Insgesamt|2507.0
2023|03257|Schaumburg, Landkreis|männlich|1241.0
2023|03257|Schaumburg, Landkreis|weiblich|1266.0
2023|03351|Celle, Landkreis|Insgesamt|2563.0
2023|03351|Celle, Landkreis|männlich|1307.0
2023|03351|Celle, Landkreis|weiblich|1256.0
2023|03352|Cuxhaven, Landkreis|Insgesamt|3097.0
2023|03352|Cuxhaven, Landkreis|männlich|1578.0
2023|03352|Cuxhaven, Landkreis|weiblich|1519.0
2023|03353|Harburg, Landkreis|Insgesamt|3010.0
2023|03353|Harburg, Landkreis|männlich|1545.0
2023|03353|Harburg, Landkreis|weiblich|1465.0
2023|03354|Lüchow-Dannenberg, Landkreis|Insgesamt|754.0
2023|03354|Lüchow-Dannenberg, Landkreis|männlich|372.0
2023|03354|Lüchow-Dannenberg, Landkreis|weiblich|382.0
2023|03355|Lüneburg, Landkreis|Insgesamt|2158.0
2023|03355|Lüneburg, Landkreis|männlich|1089.0
2023|03355|Lüneburg, Landkreis|weiblich|1069.0
2023|03356|Osterholz, Landkreis|Insgesamt|1534.0
2023|03356|Osterholz, Landkreis|männlich|768.0
2023|03356|Osterholz, Landkreis|weiblich|766.0
2023|03357|Rotenburg (Wümme), Landkreis|Insgesamt|2075.0
2023|03357|Rotenburg (Wümme), Landkreis|männlich|1074.0
2023|03357|Rotenburg (Wümme), Landkreis|weiblich|1001.0
2023|03358|Heidekreis|Insgesamt|1931.0
2023|03358|Heidekreis|männlich|967.0
2023|03358|Heidekreis|weiblich|964.0
2023|03359|Stade, Landkreis|Insgesamt|2621.0
2023|03359|Stade, Landkreis|männlich|1356.0
2023|03359|Stade, Landkreis|weiblich|1265.0
2023|03360|Uelzen, Landkreis|Insgesamt|1529.0
2023|03360|Uelzen, Landkreis|männlich|777.0
2023|03360|Uelzen, Landkreis|weiblich|752.0
2023|03361|Verden, Landkreis|Insgesamt|1751.0
2023|03361|Verden, Landkreis|männlich|883.0
2023|03361|Verden, Landkreis|weiblich|868.0
2023|03401|Delmenhorst, kreisfreie Stadt|Insgesamt|979.0
2023|03401|Delmenhorst, kreisfreie Stadt|männlich|508.0
2023|03401|Delmenhorst, kreisfreie Stadt|weiblich|471.0
2023|03402|Emden, kreisfreie Stadt|Insgesamt|685.0
2023|03402|Emden, kreisfreie Stadt|männlich|347.0
2023|03402|Emden, kreisfreie Stadt|weiblich|338.0
2023|03403|Oldenburg (Oldenburg), kreisfreie Stadt|Insgesamt|1854.0
2023|03403|Oldenburg (Oldenburg), kreisfreie Stadt|männlich|933.0
2023|03403|Oldenburg (Oldenburg), kreisfreie Stadt|weiblich|921.0
2023|03404|Osnabrück, kreisfreie Stadt|Insgesamt|1780.0
2023|03404|Osnabrück, kreisfreie Stadt|männlich|861.0
2023|03404|Osnabrück, kreisfreie Stadt|weiblich|919.0
2023|03405|Wilhelmshaven, kreisfreie Stadt|Insgesamt|1291.0
2023|03405|Wilhelmshaven, kreisfreie Stadt|männlich|671.0
2023|03405|Wilhelmshaven, kreisfreie Stadt|weiblich|620.0
2023|03451|Ammerland, Landkreis|Insgesamt|1574.0
2023|03451|Ammerland, Landkreis|männlich|785.0
2023|03451|Ammerland, Landkreis|weiblich|789.0
2023|03452|Aurich, Landkreis|Insgesamt|2680.0
2023|03452|Aurich, Landkreis|männlich|1328.0
2023|03452|Aurich, Landkreis|weiblich|1352.0
2023|03453|Cloppenburg, Landkreis|Insgesamt|1805.0
2023|03453|Cloppenburg, Landkreis|männlich|948.0
2023|03453|Cloppenburg, Landkreis|weiblich|857.0
2023|03454|Emsland, Landkreis|Insgesamt|3743.0
2023|03454|Emsland, Landkreis|männlich|1922.0
2023|03454|Emsland, Landkreis|weiblich|1821.0
2023|03455|Friesland, Landkreis|Insgesamt|1511.0
2023|03455|Friesland, Landkreis|männlich|750.0
2023|03455|Friesland, Landkreis|weiblich|761.0
2023|03456|Grafschaft Bentheim, Landkreis|Insgesamt|1710.0
2023|03456|Grafschaft Bentheim, Landkreis|männlich|864.0
2023|03456|Grafschaft Bentheim, Landkreis|weiblich|846.0
2023|03457|Leer, Landkreis|Insgesamt|2240.0
2023|03457|Leer, Landkreis|männlich|1151.0
2023|03457|Leer, Landkreis|weiblich|1089.0
2023|03458|Oldenburg, Landkreis|Insgesamt|1660.0
2023|03458|Oldenburg, Landkreis|männlich|805.0
2023|03458|Oldenburg, Landkreis|weiblich|855.0
2023|03459|Osnabrück, Landkreis|Insgesamt|4460.0
2023|03459|Osnabrück, Landkreis|männlich|2259.0
2023|03459|Osnabrück, Landkreis|weiblich|2201.0
2023|03460|Vechta, Landkreis|Insgesamt|1364.0
2023|03460|Vechta, Landkreis|männlich|664.0
2023|03460|Vechta, Landkreis|weiblich|700.0
2023|03461|Wesermarsch, Landkreis|Insgesamt|1237.0
2023|03461|Wesermarsch, Landkreis|männlich|649.0
2023|03461|Wesermarsch, Landkreis|weiblich|588.0
2023|03462|Wittmund, Landkreis|Insgesamt|820.0
2023|03462|Wittmund, Landkreis|männlich|421.0
2023|03462|Wittmund, Landkreis|weiblich|399.0
2023|04011|Bremen, kreisfreie Stadt|Insgesamt|6909.0
2023|04011|Bremen, kreisfreie Stadt|männlich|3420.0
2023|04011|Bremen, kreisfreie Stadt|weiblich|3489.0
2023|04012|Bremerhaven, kreisfreie Stadt|Insgesamt|1619.0
2023|04012|Bremerhaven, kreisfreie Stadt|männlich|915.0
2023|04012|Bremerhaven, kreisfreie Stadt|weiblich|704.0
2023|05111|Düsseldorf, kreisfreie Stadt|Insgesamt|6711.0
2023|05111|Düsseldorf, kreisfreie Stadt|männlich|3354.0
2023|05111|Düsseldorf, kreisfreie Stadt|weiblich|3357.0
2023|05112|Duisburg, kreisfreie Stadt|Insgesamt|6723.0
2023|05112|Duisburg, kreisfreie Stadt|männlich|3317.0
2023|05112|Duisburg, kreisfreie Stadt|weiblich|3406.0
2023|05113|Essen, kreisfreie Stadt|Insgesamt|7873.0
2023|05113|Essen, kreisfreie Stadt|männlich|3732.0
2023|05113|Essen, kreisfreie Stadt|weiblich|4141.0
2023|05114|Krefeld, kreisfreie Stadt|Insgesamt|3126.0
2023|05114|Krefeld, kreisfreie Stadt|männlich|1546.0
2023|05114|Krefeld, kreisfreie Stadt|weiblich|1580.0
2023|05116|Mönchengladbach, kreisfreie Stadt|Insgesamt|3545.0
2023|05116|Mönchengladbach, kreisfreie Stadt|männlich|1755.0
2023|05116|Mönchengladbach, kreisfreie Stadt|weiblich|1790.0
2023|05117|Mülheim an der Ruhr, kreisfreie Stadt|Insgesamt|2331.0
2023|05117|Mülheim an der Ruhr, kreisfreie Stadt|männlich|1132.0
2023|05117|Mülheim an der Ruhr, kreisfreie Stadt|weiblich|1199.0
2023|05119|Oberhausen, kreisfreie Stadt|Insgesamt|2899.0
2023|05119|Oberhausen, kreisfreie Stadt|männlich|1411.0
2023|05119|Oberhausen, kreisfreie Stadt|weiblich|1488.0
2023|05120|Remscheid, kreisfreie Stadt|Insgesamt|1449.0
2023|05120|Remscheid, kreisfreie Stadt|männlich|682.0
2023|05120|Remscheid, kreisfreie Stadt|weiblich|767.0
2023|05122|Solingen, kreisfreie Stadt|Insgesamt|2164.0
2023|05122|Solingen, kreisfreie Stadt|männlich|1051.0
2023|05122|Solingen, kreisfreie Stadt|weiblich|1113.0
2023|05124|Wuppertal, kreisfreie Stadt|Insgesamt|4618.0
2023|05124|Wuppertal, kreisfreie Stadt|männlich|2226.0
2023|05124|Wuppertal, kreisfreie Stadt|weiblich|2392.0
2023|05154|Kleve, Kreis|Insgesamt|4110.0
2023|05154|Kleve, Kreis|männlich|2040.0
2023|05154|Kleve, Kreis|weiblich|2070.0
2023|05158|Mettmann, Kreis|Insgesamt|6809.0
2023|05158|Mettmann, Kreis|männlich|3365.0
2023|05158|Mettmann, Kreis|weiblich|3444.0
2023|05162|Rhein-Kreis Neuss|Insgesamt|5729.0
2023|05162|Rhein-Kreis Neuss|männlich|2876.0
2023|05162|Rhein-Kreis Neuss|weiblich|2853.0
2023|05166|Viersen, Kreis|Insgesamt|3925.0
2023|05166|Viersen, Kreis|männlich|1929.0
2023|05166|Viersen, Kreis|weiblich|1996.0
2023|05170|Wesel, Kreis|Insgesamt|6360.0
2023|05170|Wesel, Kreis|männlich|3110.0
2023|05170|Wesel, Kreis|weiblich|3250.0
2023|05314|Bonn, kreisfreie Stadt|Insgesamt|3351.0
2023|05314|Bonn, kreisfreie Stadt|männlich|1606.0
2023|05314|Bonn, kreisfreie Stadt|weiblich|1745.0
2023|05315|Köln, kreisfreie Stadt|Insgesamt|10798.0
2023|05315|Köln, kreisfreie Stadt|männlich|5406.0
2023|05315|Köln, kreisfreie Stadt|weiblich|5392.0
2023|05316|Leverkusen, kreisfreie Stadt|Insgesamt|2032.0
2023|05316|Leverkusen, kreisfreie Stadt|männlich|1021.0
2023|05316|Leverkusen, kreisfreie Stadt|weiblich|1011.0
2023|05334|Städteregion Aachen, Kreis|Insgesamt|6589.0
2023|05334|Städteregion Aachen, Kreis|männlich|3250.0
2023|05334|Städteregion Aachen, Kreis|weiblich|3339.0
2023|05334002|Aachen, kreisfreie Stadt|Insgesamt|2572.0
2023|05334002|Aachen, kreisfreie Stadt|männlich|1275.0
2023|05334002|Aachen, kreisfreie Stadt|weiblich|1297.0
2023|05358|Düren, Kreis|Insgesamt|3585.0
2023|05358|Düren, Kreis|männlich|1739.0
2023|05358|Düren, Kreis|weiblich|1846.0
2023|05362|Rhein-Erft-Kreis|Insgesamt|5693.0
2023|05362|Rhein-Erft-Kreis|männlich|2868.0
2023|05362|Rhein-Erft-Kreis|weiblich|2825.0
2023|05366|Euskirchen, Kreis|Insgesamt|2424.0
2023|05366|Euskirchen, Kreis|männlich|1240.0
2023|05366|Euskirchen, Kreis|weiblich|1184.0
2023|05370|Heinsberg, Kreis|Insgesamt|3187.0
2023|05370|Heinsberg, Kreis|männlich|1598.0
2023|05370|Heinsberg, Kreis|weiblich|1589.0
2023|05374|Oberbergischer Kreis|Insgesamt|3666.0
2023|05374|Oberbergischer Kreis|männlich|1828.0
2023|05374|Oberbergischer Kreis|weiblich|1838.0
2023|05378|Rheinisch-Bergischer Kreis|Insgesamt|3710.0
2023|05378|Rheinisch-Bergischer Kreis|männlich|1820.0
2023|05378|Rheinisch-Bergischer Kreis|weiblich|1890.0
2023|05382|Rhein-Sieg-Kreis|Insgesamt|6868.0
2023|05382|Rhein-Sieg-Kreis|männlich|3466.0
2023|05382|Rhein-Sieg-Kreis|weiblich|3402.0
2023|05512|Bottrop, kreisfreie Stadt|Insgesamt|1527.0
2023|05512|Bottrop, kreisfreie Stadt|männlich|701.0
2023|05512|Bottrop, kreisfreie Stadt|weiblich|826.0
2023|05513|Gelsenkirchen, kreisfreie Stadt|Insgesamt|3590.0
2023|05513|Gelsenkirchen, kreisfreie Stadt|männlich|1750.0
2023|05513|Gelsenkirchen, kreisfreie Stadt|weiblich|1840.0
2023|05515|Münster, kreisfreie Stadt|Insgesamt|2889.0
2023|05515|Münster, kreisfreie Stadt|männlich|1403.0
2023|05515|Münster, kreisfreie Stadt|weiblich|1486.0
2023|05554|Borken, Kreis|Insgesamt|4335.0
2023|05554|Borken, Kreis|männlich|2193.0
2023|05554|Borken, Kreis|weiblich|2142.0
2023|05558|Coesfeld, Kreis|Insgesamt|2656.0
2023|05558|Coesfeld, Kreis|männlich|1296.0
2023|05558|Coesfeld, Kreis|weiblich|1360.0
2023|05562|Recklinghausen, Kreis|Insgesamt|8633.0
2023|05562|Recklinghausen, Kreis|männlich|4205.0
2023|05562|Recklinghausen, Kreis|weiblich|4428.0
2023|05566|Steinfurt, Kreis|Insgesamt|5152.0
2023|05566|Steinfurt, Kreis|männlich|2567.0
2023|05566|Steinfurt, Kreis|weiblich|2585.0
2023|05570|Warendorf, Kreis|Insgesamt|3413.0
2023|05570|Warendorf, Kreis|männlich|1718.0
2023|05570|Warendorf, Kreis|weiblich|1695.0
2023|05711|Bielefeld, kreisfreie Stadt|Insgesamt|3858.0
2023|05711|Bielefeld, kreisfreie Stadt|männlich|1900.0
2023|05711|Bielefeld, kreisfreie Stadt|weiblich|1958.0
2023|05754|Gütersloh, Kreis|Insgesamt|4123.0
2023|05754|Gütersloh, Kreis|männlich|2032.0
2023|05754|Gütersloh, Kreis|weiblich|2091.0
2023|05758|Herford, Kreis|Insgesamt|3370.0
2023|05758|Herford, Kreis|männlich|1605.0
2023|05758|Herford, Kreis|weiblich|1765.0
2023|05762|Höxter, Kreis|Insgesamt|1922.0
2023|05762|Höxter, Kreis|männlich|949.0
2023|05762|Höxter, Kreis|weiblich|973.0
2023|05766|Lippe, Kreis|Insgesamt|4709.0
2023|05766|Lippe, Kreis|männlich|2367.0
2023|05766|Lippe, Kreis|weiblich|2342.0
2023|05770|Minden-Lübbecke, Kreis|Insgesamt|4078.0
2023|05770|Minden-Lübbecke, Kreis|männlich|2044.0
2023|05770|Minden-Lübbecke, Kreis|weiblich|2034.0
2023|05774|Paderborn, Kreis|Insgesamt|3205.0
2023|05774|Paderborn, Kreis|männlich|1627.0
2023|05774|Paderborn, Kreis|weiblich|1578.0
2023|05911|Bochum, kreisfreie Stadt|Insgesamt|4913.0
2023|05911|Bochum, kreisfreie Stadt|männlich|2346.0
2023|05911|Bochum, kreisfreie Stadt|weiblich|2567.0
2023|05913|Dortmund, kreisfreie Stadt|Insgesamt|7603.0
2023|05913|Dortmund, kreisfreie Stadt|männlich|3811.0
2023|05913|Dortmund, kreisfreie Stadt|weiblich|3792.0
2023|05914|Hagen, kreisfreie Stadt|Insgesamt|2643.0
2023|05914|Hagen, kreisfreie Stadt|männlich|1321.0
2023|05914|Hagen, kreisfreie Stadt|weiblich|1322.0
2023|05915|Hamm, kreisfreie Stadt|Insgesamt|2323.0
2023|05915|Hamm, kreisfreie Stadt|männlich|1132.0
2023|05915|Hamm, kreisfreie Stadt|weiblich|1191.0
2023|05916|Herne, kreisfreie Stadt|Insgesamt|2311.0
2023|05916|Herne, kreisfreie Stadt|männlich|1097.0
2023|05916|Herne, kreisfreie Stadt|weiblich|1214.0
2023|05954|Ennepe-Ruhr-Kreis|Insgesamt|4680.0
2023|05954|Ennepe-Ruhr-Kreis|männlich|2297.0
2023|05954|Ennepe-Ruhr-Kreis|weiblich|2383.0
2023|05958|Hochsauerlandkreis|Insgesamt|3429.0
2023|05958|Hochsauerlandkreis|männlich|1737.0
2023|05958|Hochsauerlandkreis|weiblich|1692.0
2023|05962|Märkischer Kreis|Insgesamt|5587.0
2023|05962|Märkischer Kreis|männlich|2816.0
2023|05962|Märkischer Kreis|weiblich|2771.0
2023|05966|Olpe, Kreis|Insgesamt|1715.0
2023|05966|Olpe, Kreis|männlich|847.0
2023|05966|Olpe, Kreis|weiblich|868.0
2023|05970|Siegen-Wittgenstein, Kreis|Insgesamt|3529.0
2023|05970|Siegen-Wittgenstein, Kreis|männlich|1739.0
2023|05970|Siegen-Wittgenstein, Kreis|weiblich|1790.0
2023|05974|Soest, Kreis|Insgesamt|3907.0
2023|05974|Soest, Kreis|männlich|1988.0
2023|05974|Soest, Kreis|weiblich|1919.0
2023|05978|Unna, Kreis|Insgesamt|5659.0
2023|05978|Unna, Kreis|männlich|2769.0
2023|05978|Unna, Kreis|weiblich|2890.0
2023|06411|Darmstadt, kreisfreie Stadt, Wissenschaftsstadt|Insgesamt|1480.0
2023|06411|Darmstadt, kreisfreie Stadt, Wissenschaftsstadt|männlich|699.0
2023|06411|Darmstadt, kreisfreie Stadt, Wissenschaftsstadt|weiblich|781.0
2023|06412|Frankfurt am Main, kreisfreie Stadt|Insgesamt|6364.0
2023|06412|Frankfurt am Main, kreisfreie Stadt|männlich|3149.0
2023|06412|Frankfurt am Main, kreisfreie Stadt|weiblich|3215.0
2023|06413|Offenbach am Main, kreisfreie Stadt|Insgesamt|1256.0
2023|06413|Offenbach am Main, kreisfreie Stadt|männlich|662.0
2023|06413|Offenbach am Main, kreisfreie Stadt|weiblich|594.0
2023|06414|Wiesbaden, kreisfreie Stadt, Landeshauptstadt|Insgesamt|3127.0
2023|06414|Wiesbaden, kreisfreie Stadt, Landeshauptstadt|männlich|1513.0
2023|06414|Wiesbaden, kreisfreie Stadt, Landeshauptstadt|weiblich|1614.0
2023|06431|Bergstraße, Landkreis|Insgesamt|3331.0
2023|06431|Bergstraße, Landkreis|männlich|1675.0
2023|06431|Bergstraße, Landkreis|weiblich|1656.0
2023|06432|Darmstadt-Dieburg, Landkreis|Insgesamt|3304.0
2023|06432|Darmstadt-Dieburg, Landkreis|männlich|1627.0
2023|06432|Darmstadt-Dieburg, Landkreis|weiblich|1677.0
2023|06433|Groß-Gerau, Landkreis|Insgesamt|2995.0
2023|06433|Groß-Gerau, Landkreis|männlich|1506.0
2023|06433|Groß-Gerau, Landkreis|weiblich|1489.0
2023|06434|Hochtaunuskreis|Insgesamt|2734.0
2023|06434|Hochtaunuskreis|männlich|1339.0
2023|06434|Hochtaunuskreis|weiblich|1395.0
2023|06435|Main-Kinzig-Kreis|Insgesamt|5213.0
2023|06435|Main-Kinzig-Kreis|männlich|2593.0
2023|06435|Main-Kinzig-Kreis|weiblich|2620.0
2023|06436|Main-Taunus-Kreis|Insgesamt|2523.0
2023|06436|Main-Taunus-Kreis|männlich|1247.0
2023|06436|Main-Taunus-Kreis|weiblich|1276.0
2023|06437|Odenwaldkreis|Insgesamt|1302.0
2023|06437|Odenwaldkreis|männlich|637.0
2023|06437|Odenwaldkreis|weiblich|665.0
2023|06438|Offenbach, Landkreis|Insgesamt|3895.0
2023|06438|Offenbach, Landkreis|männlich|1990.0
2023|06438|Offenbach, Landkreis|weiblich|1905.0
2023|06439|Rheingau-Taunus-Kreis|Insgesamt|2343.0
2023|06439|Rheingau-Taunus-Kreis|männlich|1173.0
2023|06439|Rheingau-Taunus-Kreis|weiblich|1170.0
2023|06440|Wetteraukreis|Insgesamt|3783.0
2023|06440|Wetteraukreis|männlich|1866.0
2023|06440|Wetteraukreis|weiblich|1917.0
2023|06531|Gießen, Landkreis|Insgesamt|3037.0
2023|06531|Gießen, Landkreis|männlich|1487.0
2023|06531|Gießen, Landkreis|weiblich|1550.0
2023|06532|Lahn-Dill-Kreis|Insgesamt|3219.0
2023|06532|Lahn-Dill-Kreis|männlich|1595.0
2023|06532|Lahn-Dill-Kreis|weiblich|1624.0
2023|06533|Limburg-Weilburg, Landkreis|Insgesamt|2339.0
2023|06533|Limburg-Weilburg, Landkreis|männlich|1134.0
2023|06533|Limburg-Weilburg, Landkreis|weiblich|1205.0
2023|06534|Marburg-Biedenkopf, Landkreis|Insgesamt|2775.0
2023|06534|Marburg-Biedenkopf, Landkreis|männlich|1386.0
2023|06534|Marburg-Biedenkopf, Landkreis|weiblich|1389.0
2023|06535|Vogelsbergkreis|Insgesamt|1531.0
2023|06535|Vogelsbergkreis|männlich|801.0
2023|06535|Vogelsbergkreis|weiblich|730.0
2023|06611|Kassel, kreisfreie Stadt, documenta-Stadt|Insgesamt|2320.0
2023|06611|Kassel, kreisfreie Stadt, documenta-Stadt|männlich|1161.0
2023|06611|Kassel, kreisfreie Stadt, documenta-Stadt|weiblich|1159.0
2023|06631|Fulda, Landkreis|Insgesamt|2501.0
2023|06631|Fulda, Landkreis|männlich|1262.0
2023|06631|Fulda, Landkreis|weiblich|1239.0
2023|06632|Hersfeld-Rotenburg, Landkreis|Insgesamt|1671.0
2023|06632|Hersfeld-Rotenburg, Landkreis|männlich|868.0
2023|06632|Hersfeld-Rotenburg, Landkreis|weiblich|803.0
2023|06633|Kassel, Landkreis|Insgesamt|3413.0
2023|06633|Kassel, Landkreis|männlich|1716.0
2023|06633|Kassel, Landkreis|weiblich|1697.0
2023|06634|Schwalm-Eder-Kreis|Insgesamt|2532.0
2023|06634|Schwalm-Eder-Kreis|männlich|1258.0
2023|06634|Schwalm-Eder-Kreis|weiblich|1274.0
2023|06635|Waldeck-Frankenberg, Landkreis|Insgesamt|2376.0
2023|06635|Waldeck-Frankenberg, Landkreis|männlich|1235.0
2023|06635|Waldeck-Frankenberg, Landkreis|weiblich|1141.0
2023|06636|Werra-Meißner-Kreis|Insgesamt|1694.0
2023|06636|Werra-Meißner-Kreis|männlich|854.0
2023|06636|Werra-Meißner-Kreis|weiblich|840.0
2023|07111|Koblenz, kreisfreie Stadt|Insgesamt|1436.0
2023|07111|Koblenz, kreisfreie Stadt|männlich|678.0
2023|07111|Koblenz, kreisfreie Stadt|weiblich|758.0
2023|07131|Ahrweiler, Landkreis|Insgesamt|1648.0
2023|07131|Ahrweiler, Landkreis|männlich|831.0
2023|07131|Ahrweiler, Landkreis|weiblich|817.0
2023|07132|Altenkirchen (Westerwald), Landkreis|Insgesamt|1794.0
2023|07132|Altenkirchen (Westerwald), Landkreis|männlich|881.0
2023|07132|Altenkirchen (Westerwald), Landkreis|weiblich|913.0
2023|07133|Bad Kreuznach, Landkreis|Insgesamt|2088.0
2023|07133|Bad Kreuznach, Landkreis|männlich|1048.0
2023|07133|Bad Kreuznach, Landkreis|weiblich|1040.0
2023|07134|Birkenfeld, Landkreis|Insgesamt|1218.0
2023|07134|Birkenfeld, Landkreis|männlich|601.0
2023|07134|Birkenfeld, Landkreis|weiblich|617.0
2023|07135|Cochem-Zell, Landkreis|Insgesamt|890.0
2023|07135|Cochem-Zell, Landkreis|männlich|452.0
2023|07135|Cochem-Zell, Landkreis|weiblich|438.0
2023|07137|Mayen-Koblenz, Landkreis|Insgesamt|2839.0
2023|07137|Mayen-Koblenz, Landkreis|männlich|1461.0
2023|07137|Mayen-Koblenz, Landkreis|weiblich|1378.0
2023|07138|Neuwied, Landkreis|Insgesamt|2301.0
2023|07138|Neuwied, Landkreis|männlich|1174.0
2023|07138|Neuwied, Landkreis|weiblich|1127.0
2023|07140|Rhein-Hunsrück-Kreis|Insgesamt|1413.0
2023|07140|Rhein-Hunsrück-Kreis|männlich|719.0
2023|07140|Rhein-Hunsrück-Kreis|weiblich|694.0
2023|07141|Rhein-Lahn-Kreis|Insgesamt|1652.0
2023|07141|Rhein-Lahn-Kreis|männlich|852.0
2023|07141|Rhein-Lahn-Kreis|weiblich|800.0
2023|07143|Westerwaldkreis|Insgesamt|2670.0
2023|07143|Westerwaldkreis|männlich|1367.0
2023|07143|Westerwaldkreis|weiblich|1303.0
2023|07211|Trier, kreisfreie Stadt|Insgesamt|1186.0
2023|07211|Trier, kreisfreie Stadt|männlich|598.0
2023|07211|Trier, kreisfreie Stadt|weiblich|588.0
2023|07231|Bernkastel-Wittlich, Landkreis|Insgesamt|1547.0
2023|07231|Bernkastel-Wittlich, Landkreis|männlich|791.0
2023|07231|Bernkastel-Wittlich, Landkreis|weiblich|756.0
2023|07232|Eifelkreis Bitburg-Prüm|Insgesamt|1242.0
2023|07232|Eifelkreis Bitburg-Prüm|männlich|619.0
2023|07232|Eifelkreis Bitburg-Prüm|weiblich|623.0
2023|07233|Vulkaneifel, Landkreis|Insgesamt|861.0
2023|07233|Vulkaneifel, Landkreis|männlich|452.0
2023|07233|Vulkaneifel, Landkreis|weiblich|409.0
2023|07235|Trier-Saarburg, Landkreis|Insgesamt|1704.0
2023|07235|Trier-Saarburg, Landkreis|männlich|812.0
2023|07235|Trier-Saarburg, Landkreis|weiblich|892.0
2023|07311|Frankenthal (Pfalz), kreisfreie Stadt|Insgesamt|598.0
2023|07311|Frankenthal (Pfalz), kreisfreie Stadt|männlich|307.0
2023|07311|Frankenthal (Pfalz), kreisfreie Stadt|weiblich|291.0
2023|07312|Kaiserslautern, kreisfreie Stadt|Insgesamt|1249.0
2023|07312|Kaiserslautern, kreisfreie Stadt|männlich|629.0
2023|07312|Kaiserslautern, kreisfreie Stadt|weiblich|620.0
2023|07313|Landau in der Pfalz, kreisfreie Stadt|Insgesamt|558.0
2023|07313|Landau in der Pfalz, kreisfreie Stadt|männlich|267.0
2023|07313|Landau in der Pfalz, kreisfreie Stadt|weiblich|291.0
2023|07314|Ludwigshafen am Rhein, kreisfreie Stadt|Insgesamt|1903.0
2023|07314|Ludwigshafen am Rhein, kreisfreie Stadt|männlich|948.0
2023|07314|Ludwigshafen am Rhein, kreisfreie Stadt|weiblich|955.0
2023|07315|Mainz, kreisfreie Stadt|Insgesamt|2036.0
2023|07315|Mainz, kreisfreie Stadt|männlich|1005.0
2023|07315|Mainz, kreisfreie Stadt|weiblich|1031.0
2023|07316|Neustadt an der Weinstraße, kreisfreie Stadt|Insgesamt|769.0
2023|07316|Neustadt an der Weinstraße, kreisfreie Stadt|männlich|378.0
2023|07316|Neustadt an der Weinstraße, kreisfreie Stadt|weiblich|391.0
2023|07317|Pirmasens, kreisfreie Stadt|Insgesamt|683.0
2023|07317|Pirmasens, kreisfreie Stadt|männlich|321.0
2023|07317|Pirmasens, kreisfreie Stadt|weiblich|362.0
2023|07318|Speyer, kreisfreie Stadt|Insgesamt|670.0
2023|07318|Speyer, kreisfreie Stadt|männlich|316.0
2023|07318|Speyer, kreisfreie Stadt|weiblich|354.0
2023|07319|Worms, kreisfreie Stadt|Insgesamt|927.0
2023|07319|Worms, kreisfreie Stadt|männlich|439.0
2023|07319|Worms, kreisfreie Stadt|weiblich|488.0
2023|07320|Zweibrücken, kreisfreie Stadt|Insgesamt|465.0
2023|07320|Zweibrücken, kreisfreie Stadt|männlich|240.0
2023|07320|Zweibrücken, kreisfreie Stadt|weiblich|225.0
2023|07331|Alzey-Worms, Landkreis|Insgesamt|1432.0
2023|07331|Alzey-Worms, Landkreis|männlich|741.0
2023|07331|Alzey-Worms, Landkreis|weiblich|691.0
2023|07332|Bad Dürkheim, Landkreis|Insgesamt|1805.0
2023|07332|Bad Dürkheim, Landkreis|männlich|905.0
2023|07332|Bad Dürkheim, Landkreis|weiblich|900.0
2023|07333|Donnersbergkreis|Insgesamt|955.0
2023|07333|Donnersbergkreis|männlich|496.0
2023|07333|Donnersbergkreis|weiblich|459.0
2023|07334|Germersheim, Landkreis|Insgesamt|1423.0
2023|07334|Germersheim, Landkreis|männlich|707.0
2023|07334|Germersheim, Landkreis|weiblich|716.0
2023|07335|Kaiserslautern, Landkreis|Insgesamt|1295.0
2023|07335|Kaiserslautern, Landkreis|männlich|683.0
2023|07335|Kaiserslautern, Landkreis|weiblich|612.0
2023|07336|Kusel, Landkreis|Insgesamt|994.0
2023|07336|Kusel, Landkreis|männlich|506.0
2023|07336|Kusel, Landkreis|weiblich|488.0
2023|07337|Südliche Weinstraße, Landkreis|Insgesamt|1346.0
2023|07337|Südliche Weinstraße, Landkreis|männlich|698.0
2023|07337|Südliche Weinstraße, Landkreis|weiblich|648.0
2023|07338|Rhein-Pfalz-Kreis|Insgesamt|1934.0
2023|07338|Rhein-Pfalz-Kreis|männlich|1001.0
2023|07338|Rhein-Pfalz-Kreis|weiblich|933.0
2023|07339|Mainz-Bingen, Landkreis|Insgesamt|2393.0
2023|07339|Mainz-Bingen, Landkreis|männlich|1214.0
2023|07339|Mainz-Bingen, Landkreis|weiblich|1179.0
2023|07340|Südwestpfalz, Landkreis|Insgesamt|1343.0
2023|07340|Südwestpfalz, Landkreis|männlich|727.0
2023|07340|Südwestpfalz, Landkreis|weiblich|616.0
2023|08111|Stuttgart, Stadtkreis|Insgesamt|5790.0
2023|08111|Stuttgart, Stadtkreis|männlich|2836.0
2023|08111|Stuttgart, Stadtkreis|weiblich|2954.0
2023|08115|Böblingen, Landkreis|Insgesamt|3866.0
2023|08115|Böblingen, Landkreis|männlich|1922.0
2023|08115|Böblingen, Landkreis|weiblich|1944.0
2023|08116|Esslingen, Landkreis|Insgesamt|5649.0
2023|08116|Esslingen, Landkreis|männlich|2808.0
2023|08116|Esslingen, Landkreis|weiblich|2841.0
2023|08117|Göppingen, Landkreis|Insgesamt|2963.0
2023|08117|Göppingen, Landkreis|männlich|1507.0
2023|08117|Göppingen, Landkreis|weiblich|1456.0
2023|08118|Ludwigsburg, Landkreis|Insgesamt|5422.0
2023|08118|Ludwigsburg, Landkreis|männlich|2713.0
2023|08118|Ludwigsburg, Landkreis|weiblich|2709.0
2023|08119|Rems-Murr-Kreis, Landkreis|Insgesamt|4784.0
2023|08119|Rems-Murr-Kreis, Landkreis|männlich|2399.0
2023|08119|Rems-Murr-Kreis, Landkreis|weiblich|2385.0
2023|08121|Heilbronn, Stadtkreis|Insgesamt|1332.0
2023|08121|Heilbronn, Stadtkreis|männlich|651.0
2023|08121|Heilbronn, Stadtkreis|weiblich|681.0
2023|08125|Heilbronn, Landkreis|Insgesamt|3708.0
2023|08125|Heilbronn, Landkreis|männlich|1907.0
2023|08125|Heilbronn, Landkreis|weiblich|1801.0
2023|08126|Hohenlohekreis, Landkreis|Insgesamt|1222.0
2023|08126|Hohenlohekreis, Landkreis|männlich|613.0
2023|08126|Hohenlohekreis, Landkreis|weiblich|609.0
2023|08127|Schwäbisch Hall, Landkreis|Insgesamt|2160.0
2023|08127|Schwäbisch Hall, Landkreis|männlich|1099.0
2023|08127|Schwäbisch Hall, Landkreis|weiblich|1061.0
2023|08128|Main-Tauber-Kreis, Landkreis|Insgesamt|1675.0
2023|08128|Main-Tauber-Kreis, Landkreis|männlich|799.0
2023|08128|Main-Tauber-Kreis, Landkreis|weiblich|876.0
2023|08135|Heidenheim, Landkreis|Insgesamt|1580.0
2023|08135|Heidenheim, Landkreis|männlich|774.0
2023|08135|Heidenheim, Landkreis|weiblich|806.0
2023|08136|Ostalbkreis, Landkreis|Insgesamt|3476.0
2023|08136|Ostalbkreis, Landkreis|männlich|1709.0
2023|08136|Ostalbkreis, Landkreis|weiblich|1767.0
2023|08211|Baden-Baden, Stadtkreis|Insgesamt|841.0
2023|08211|Baden-Baden, Stadtkreis|männlich|419.0
2023|08211|Baden-Baden, Stadtkreis|weiblich|422.0
2023|08212|Karlsruhe, Stadtkreis|Insgesamt|3089.0
2023|08212|Karlsruhe, Stadtkreis|männlich|1451.0
2023|08212|Karlsruhe, Stadtkreis|weiblich|1638.0
2023|08215|Karlsruhe, Landkreis|Insgesamt|5123.0
2023|08215|Karlsruhe, Landkreis|männlich|2542.0
2023|08215|Karlsruhe, Landkreis|weiblich|2581.0
2023|08216|Rastatt, Landkreis|Insgesamt|2797.0
2023|08216|Rastatt, Landkreis|männlich|1395.0
2023|08216|Rastatt, Landkreis|weiblich|1402.0
2023|08221|Heidelberg, Stadtkreis|Insgesamt|1358.0
2023|08221|Heidelberg, Stadtkreis|männlich|651.0
2023|08221|Heidelberg, Stadtkreis|weiblich|707.0
2023|08222|Mannheim, Stadtkreis|Insgesamt|3334.0
2023|08222|Mannheim, Stadtkreis|männlich|1673.0
2023|08222|Mannheim, Stadtkreis|weiblich|1661.0
2023|08225|Neckar-Odenwald-Kreis, Landkreis|Insgesamt|1744.0
2023|08225|Neckar-Odenwald-Kreis, Landkreis|männlich|878.0
2023|08225|Neckar-Odenwald-Kreis, Landkreis|weiblich|866.0
2023|08226|Rhein-Neckar-Kreis, Landkreis|Insgesamt|6374.0
2023|08226|Rhein-Neckar-Kreis, Landkreis|männlich|3169.0
2023|08226|Rhein-Neckar-Kreis, Landkreis|weiblich|3205.0
2023|08231|Pforzheim, Stadtkreis|Insgesamt|1505.0
2023|08231|Pforzheim, Stadtkreis|männlich|742.0
2023|08231|Pforzheim, Stadtkreis|weiblich|763.0
2023|08235|Calw, Landkreis|Insgesamt|1827.0
2023|08235|Calw, Landkreis|männlich|938.0
2023|08235|Calw, Landkreis|weiblich|889.0
2023|08236|Enzkreis, Landkreis|Insgesamt|2311.0
2023|08236|Enzkreis, Landkreis|männlich|1160.0
2023|08236|Enzkreis, Landkreis|weiblich|1151.0
2023|08237|Freudenstadt, Landkreis|Insgesamt|1407.0
2023|08237|Freudenstadt, Landkreis|männlich|718.0
2023|08237|Freudenstadt, Landkreis|weiblich|689.0
2023|08311|Freiburg im Breisgau, Stadtkreis|Insgesamt|2067.0
2023|08311|Freiburg im Breisgau, Stadtkreis|männlich|973.0
2023|08311|Freiburg im Breisgau, Stadtkreis|weiblich|1094.0
2023|08315|Breisgau-Hochschwarzwald, Landkreis|Insgesamt|2935.0
2023|08315|Breisgau-Hochschwarzwald, Landkreis|männlich|1438.0
2023|08315|Breisgau-Hochschwarzwald, Landkreis|weiblich|1497.0
2023|08316|Emmendingen, Landkreis|Insgesamt|1832.0
2023|08316|Emmendingen, Landkreis|männlich|917.0
2023|08316|Emmendingen, Landkreis|weiblich|915.0
2023|08317|Ortenaukreis, Landkreis|Insgesamt|4996.0
2023|08317|Ortenaukreis, Landkreis|männlich|2518.0
2023|08317|Ortenaukreis, Landkreis|weiblich|2478.0
2023|08325|Rottweil, Landkreis|Insgesamt|1661.0
2023|08325|Rottweil, Landkreis|männlich|841.0
2023|08325|Rottweil, Landkreis|weiblich|820.0
2023|08326|Schwarzwald-Baar-Kreis, Landkreis|Insgesamt|2613.0
2023|08326|Schwarzwald-Baar-Kreis, Landkreis|männlich|1276.0
2023|08326|Schwarzwald-Baar-Kreis, Landkreis|weiblich|1337.0
2023|08327|Tuttlingen, Landkreis|Insgesamt|1481.0
2023|08327|Tuttlingen, Landkreis|männlich|742.0
2023|08327|Tuttlingen, Landkreis|weiblich|739.0
2023|08335|Konstanz, Landkreis|Insgesamt|3264.0
2023|08335|Konstanz, Landkreis|männlich|1528.0
2023|08335|Konstanz, Landkreis|weiblich|1736.0
2023|08336|Lörrach, Landkreis|Insgesamt|2576.0
2023|08336|Lörrach, Landkreis|männlich|1264.0
2023|08336|Lörrach, Landkreis|weiblich|1312.0
2023|08337|Waldshut, Landkreis|Insgesamt|1956.0
2023|08337|Waldshut, Landkreis|männlich|972.0
2023|08337|Waldshut, Landkreis|weiblich|984.0
2023|08415|Reutlingen, Landkreis|Insgesamt|3155.0
2023|08415|Reutlingen, Landkreis|männlich|1557.0
2023|08415|Reutlingen, Landkreis|weiblich|1598.0
2023|08416|Tübingen, Landkreis|Insgesamt|1933.0
2023|08416|Tübingen, Landkreis|männlich|972.0
2023|08416|Tübingen, Landkreis|weiblich|961.0
2023|08417|Zollernalbkreis, Landkreis|Insgesamt|2360.0
2023|08417|Zollernalbkreis, Landkreis|männlich|1166.0
2023|08417|Zollernalbkreis, Landkreis|weiblich|1194.0
2023|08421|Ulm, Stadtkreis|Insgesamt|1164.0
2023|08421|Ulm, Stadtkreis|männlich|561.0
2023|08421|Ulm, Stadtkreis|weiblich|603.0
2023|08425|Alb-Donau-Kreis, Landkreis|Insgesamt|2020.0
2023|08425|Alb-Donau-Kreis, Landkreis|männlich|1022.0
2023|08425|Alb-Donau-Kreis, Landkreis|weiblich|998.0
2023|08426|Biberach, Landkreis|Insgesamt|2026.0
2023|08426|Biberach, Landkreis|männlich|1031.0
2023|08426|Biberach, Landkreis|weiblich|995.0
2023|08435|Bodenseekreis, Landkreis|Insgesamt|2433.0
2023|08435|Bodenseekreis, Landkreis|männlich|1213.0
2023|08435|Bodenseekreis, Landkreis|weiblich|1220.0
2023|08436|Ravensburg, Landkreis|Insgesamt|3024.0
2023|08436|Ravensburg, Landkreis|männlich|1546.0
2023|08436|Ravensburg, Landkreis|weiblich|1478.0
2023|08437|Sigmaringen, Landkreis|Insgesamt|1375.0
2023|08437|Sigmaringen, Landkreis|männlich|683.0
2023|08437|Sigmaringen, Landkreis|weiblich|692.0
2023|09161|Ingolstadt, kreisfreie Stadt|Insgesamt|1396.0
2023|09161|Ingolstadt, kreisfreie Stadt|männlich|678.0
2023|09161|Ingolstadt, kreisfreie Stadt|weiblich|718.0
2023|09162|München, kreisfreie Stadt|Insgesamt|12685.0
2023|09162|München, kreisfreie Stadt|männlich|6279.0
2023|09162|München, kreisfreie Stadt|weiblich|6406.0
2023|09163|Rosenheim, kreisfreie Stadt|Insgesamt|631.0
2023|09163|Rosenheim, kreisfreie Stadt|männlich|319.0
2023|09163|Rosenheim, kreisfreie Stadt|weiblich|312.0
2023|09171|Altötting, Landkreis|Insgesamt|1432.0
2023|09171|Altötting, Landkreis|männlich|702.0
2023|09171|Altötting, Landkreis|weiblich|730.0
2023|09172|Berchtesgadener Land, Landkreis|Insgesamt|1332.0
2023|09172|Berchtesgadener Land, Landkreis|männlich|652.0
2023|09172|Berchtesgadener Land, Landkreis|weiblich|680.0
2023|09173|Bad Tölz-Wolfratshausen, Landkreis|Insgesamt|1417.0
2023|09173|Bad Tölz-Wolfratshausen, Landkreis|männlich|676.0
2023|09173|Bad Tölz-Wolfratshausen, Landkreis|weiblich|741.0
2023|09174|Dachau, Landkreis|Insgesamt|1570.0
2023|09174|Dachau, Landkreis|männlich|752.0
2023|09174|Dachau, Landkreis|weiblich|818.0
2023|09175|Ebersberg, Landkreis|Insgesamt|1392.0
2023|09175|Ebersberg, Landkreis|männlich|695.0
2023|09175|Ebersberg, Landkreis|weiblich|697.0
2023|09176|Eichstätt, Landkreis|Insgesamt|1245.0
2023|09176|Eichstätt, Landkreis|männlich|652.0
2023|09176|Eichstätt, Landkreis|weiblich|593.0
2023|09177|Erding, Landkreis|Insgesamt|1301.0
2023|09177|Erding, Landkreis|männlich|682.0
2023|09177|Erding, Landkreis|weiblich|619.0
2023|09178|Freising, Landkreis|Insgesamt|1530.0
2023|09178|Freising, Landkreis|männlich|783.0
2023|09178|Freising, Landkreis|weiblich|747.0
2023|09179|Fürstenfeldbruck, Landkreis|Insgesamt|2406.0
2023|09179|Fürstenfeldbruck, Landkreis|männlich|1170.0
2023|09179|Fürstenfeldbruck, Landkreis|weiblich|1236.0
2023|09180|Garmisch-Partenkirchen, Landkreis|Insgesamt|1085.0
2023|09180|Garmisch-Partenkirchen, Landkreis|männlich|522.0
2023|09180|Garmisch-Partenkirchen, Landkreis|weiblich|563.0
2023|09181|Landsberg am Lech, Landkreis|Insgesamt|1141.0
2023|09181|Landsberg am Lech, Landkreis|männlich|604.0
2023|09181|Landsberg am Lech, Landkreis|weiblich|537.0
2023|09182|Miesbach, Landkreis|Insgesamt|1093.0
2023|09182|Miesbach, Landkreis|männlich|573.0
2023|09182|Miesbach, Landkreis|weiblich|520.0
2023|09183|Mühldorf a.Inn, Landkreis|Insgesamt|1353.0
2023|09183|Mühldorf a.Inn, Landkreis|männlich|711.0
2023|09183|Mühldorf a.Inn, Landkreis|weiblich|642.0
2023|09184|München, Landkreis|Insgesamt|3434.0
2023|09184|München, Landkreis|männlich|1676.0
2023|09184|München, Landkreis|weiblich|1758.0
2023|09185|Neuburg-Schrobenhausen, Landkreis|Insgesamt|1101.0
2023|09185|Neuburg-Schrobenhausen, Landkreis|männlich|529.0
2023|09185|Neuburg-Schrobenhausen, Landkreis|weiblich|572.0
2023|09186|Pfaffenhofen a.d.Ilm, Landkreis|Insgesamt|1287.0
2023|09186|Pfaffenhofen a.d.Ilm, Landkreis|männlich|654.0
2023|09186|Pfaffenhofen a.d.Ilm, Landkreis|weiblich|633.0
2023|09187|Rosenheim, Landkreis|Insgesamt|2987.0
2023|09187|Rosenheim, Landkreis|männlich|1489.0
2023|09187|Rosenheim, Landkreis|weiblich|1498.0
2023|09188|Starnberg, Landkreis|Insgesamt|1524.0
2023|09188|Starnberg, Landkreis|männlich|758.0
2023|09188|Starnberg, Landkreis|weiblich|766.0
2023|09189|Traunstein, Landkreis|Insgesamt|1976.0
2023|09189|Traunstein, Landkreis|männlich|995.0
2023|09189|Traunstein, Landkreis|weiblich|981.0
2023|09190|Weilheim-Schongau, Landkreis|Insgesamt|1554.0
2023|09190|Weilheim-Schongau, Landkreis|männlich|804.0
2023|09190|Weilheim-Schongau, Landkreis|weiblich|750.0
2023|09261|Landshut, kreisfreie Stadt|Insgesamt|894.0
2023|09261|Landshut, kreisfreie Stadt|männlich|420.0
2023|09261|Landshut, kreisfreie Stadt|weiblich|474.0
2023|09262|Passau, kreisfreie Stadt|Insgesamt|606.0
2023|09262|Passau, kreisfreie Stadt|männlich|274.0
2023|09262|Passau, kreisfreie Stadt|weiblich|332.0
2023|09263|Straubing, kreisfreie Stadt|Insgesamt|596.0
2023|09263|Straubing, kreisfreie Stadt|männlich|301.0
2023|09263|Straubing, kreisfreie Stadt|weiblich|295.0
2023|09271|Deggendorf, Landkreis|Insgesamt|1420.0
2023|09271|Deggendorf, Landkreis|männlich|753.0
2023|09271|Deggendorf, Landkreis|weiblich|667.0
2023|09272|Freyung-Grafenau, Landkreis|Insgesamt|1053.0
2023|09272|Freyung-Grafenau, Landkreis|männlich|529.0
2023|09272|Freyung-Grafenau, Landkreis|weiblich|524.0
2023|09273|Kelheim, Landkreis|Insgesamt|1291.0
2023|09273|Kelheim, Landkreis|männlich|627.0
2023|09273|Kelheim, Landkreis|weiblich|664.0
2023|09274|Landshut, Landkreis|Insgesamt|1601.0
2023|09274|Landshut, Landkreis|männlich|849.0
2023|09274|Landshut, Landkreis|weiblich|752.0
2023|09275|Passau, Landkreis|Insgesamt|2325.0
2023|09275|Passau, Landkreis|männlich|1185.0
2023|09275|Passau, Landkreis|weiblich|1140.0
2023|09276|Regen, Landkreis|Insgesamt|1014.0
2023|09276|Regen, Landkreis|männlich|535.0
2023|09276|Regen, Landkreis|weiblich|479.0
2023|09277|Rottal-Inn, Landkreis|Insgesamt|1549.0
2023|09277|Rottal-Inn, Landkreis|männlich|756.0
2023|09277|Rottal-Inn, Landkreis|weiblich|793.0
2023|09278|Straubing-Bogen, Landkreis|Insgesamt|1106.0
2023|09278|Straubing-Bogen, Landkreis|männlich|545.0
2023|09278|Straubing-Bogen, Landkreis|weiblich|561.0
2023|09279|Dingolfing-Landau, Landkreis|Insgesamt|1060.0
2023|09279|Dingolfing-Landau, Landkreis|männlich|553.0
2023|09279|Dingolfing-Landau, Landkreis|weiblich|507.0
2023|09361|Amberg, kreisfreie Stadt|Insgesamt|587.0
2023|09361|Amberg, kreisfreie Stadt|männlich|275.0
2023|09361|Amberg, kreisfreie Stadt|weiblich|312.0
2023|09362|Regensburg, kreisfreie Stadt|Insgesamt|1571.0
2023|09362|Regensburg, kreisfreie Stadt|männlich|736.0
2023|09362|Regensburg, kreisfreie Stadt|weiblich|835.0
2023|09363|Weiden i.d.OPf., kreisfreie Stadt|Insgesamt|587.0
2023|09363|Weiden i.d.OPf., kreisfreie Stadt|männlich|267.0
2023|09363|Weiden i.d.OPf., kreisfreie Stadt|weiblich|320.0
2023|09371|Amberg-Sulzbach, Landkreis|Insgesamt|1312.0
2023|09371|Amberg-Sulzbach, Landkreis|männlich|678.0
2023|09371|Amberg-Sulzbach, Landkreis|weiblich|634.0
2023|09372|Cham, Landkreis|Insgesamt|1644.0
2023|09372|Cham, Landkreis|männlich|858.0
2023|09372|Cham, Landkreis|weiblich|786.0
2023|09373|Neumarkt i.d.OPf., Landkreis|Insgesamt|1430.0
2023|09373|Neumarkt i.d.OPf., Landkreis|männlich|697.0
2023|09373|Neumarkt i.d.OPf., Landkreis|weiblich|733.0
2023|09374|Neustadt a.d.Waldnaab, Landkreis|Insgesamt|1133.0
2023|09374|Neustadt a.d.Waldnaab, Landkreis|männlich|585.0
2023|09374|Neustadt a.d.Waldnaab, Landkreis|weiblich|548.0
2023|09375|Regensburg, Landkreis|Insgesamt|2055.0
2023|09375|Regensburg, Landkreis|männlich|1046.0
2023|09375|Regensburg, Landkreis|weiblich|1009.0
2023|09376|Schwandorf, Landkreis|Insgesamt|1880.0
2023|09376|Schwandorf, Landkreis|männlich|964.0
2023|09376|Schwandorf, Landkreis|weiblich|916.0
2023|09377|Tirschenreuth, Landkreis|Insgesamt|1093.0
2023|09377|Tirschenreuth, Landkreis|männlich|528.0
2023|09377|Tirschenreuth, Landkreis|weiblich|565.0
2023|09461|Bamberg, kreisfreie Stadt|Insgesamt|904.0
2023|09461|Bamberg, kreisfreie Stadt|männlich|447.0
2023|09461|Bamberg, kreisfreie Stadt|weiblich|457.0
2023|09462|Bayreuth, kreisfreie Stadt|Insgesamt|858.0
2023|09462|Bayreuth, kreisfreie Stadt|männlich|418.0
2023|09462|Bayreuth, kreisfreie Stadt|weiblich|440.0
2023|09463|Coburg, kreisfreie Stadt|Insgesamt|581.0
2023|09463|Coburg, kreisfreie Stadt|männlich|290.0
2023|09463|Coburg, kreisfreie Stadt|weiblich|291.0
2023|09464|Hof, kreisfreie Stadt|Insgesamt|695.0
2023|09464|Hof, kreisfreie Stadt|männlich|337.0
2023|09464|Hof, kreisfreie Stadt|weiblich|358.0
2023|09471|Bamberg, Landkreis|Insgesamt|1641.0
2023|09471|Bamberg, Landkreis|männlich|827.0
2023|09471|Bamberg, Landkreis|weiblich|814.0
2023|09472|Bayreuth, Landkreis|Insgesamt|1353.0
2023|09472|Bayreuth, Landkreis|männlich|681.0
2023|09472|Bayreuth, Landkreis|weiblich|672.0
2023|09473|Coburg, Landkreis|Insgesamt|1182.0
2023|09473|Coburg, Landkreis|männlich|607.0
2023|09473|Coburg, Landkreis|weiblich|575.0
2023|09474|Forchheim, Landkreis|Insgesamt|1339.0
2023|09474|Forchheim, Landkreis|männlich|706.0
2023|09474|Forchheim, Landkreis|weiblich|633.0
2023|09475|Hof, Landkreis|Insgesamt|1545.0
2023|09475|Hof, Landkreis|männlich|731.0
2023|09475|Hof, Landkreis|weiblich|814.0
2023|09476|Kronach, Landkreis|Insgesamt|944.0
2023|09476|Kronach, Landkreis|männlich|468.0
2023|09476|Kronach, Landkreis|weiblich|476.0
2023|09477|Kulmbach, Landkreis|Insgesamt|1019.0
2023|09477|Kulmbach, Landkreis|männlich|496.0
2023|09477|Kulmbach, Landkreis|weiblich|523.0
2023|09478|Lichtenfels, Landkreis|Insgesamt|957.0
2023|09478|Lichtenfels, Landkreis|männlich|473.0
2023|09478|Lichtenfels, Landkreis|weiblich|484.0
2023|09479|Wunsiedel i.Fichtelgebirge, Landkreis|Insgesamt|1158.0
2023|09479|Wunsiedel i.Fichtelgebirge, Landkreis|männlich|561.0
2023|09479|Wunsiedel i.Fichtelgebirge, Landkreis|weiblich|597.0
2023|09561|Ansbach, kreisfreie Stadt|Insgesamt|562.0
2023|09561|Ansbach, kreisfreie Stadt|männlich|270.0
2023|09561|Ansbach, kreisfreie Stadt|weiblich|292.0
2023|09562|Erlangen, kreisfreie Stadt|Insgesamt|1194.0
2023|09562|Erlangen, kreisfreie Stadt|männlich|607.0
2023|09562|Erlangen, kreisfreie Stadt|weiblich|587.0
2023|09563|Fürth, kreisfreie Stadt|Insgesamt|1393.0
2023|09563|Fürth, kreisfreie Stadt|männlich|677.0
2023|09563|Fürth, kreisfreie Stadt|weiblich|716.0
2023|09564|Nürnberg, kreisfreie Stadt|Insgesamt|5981.0
2023|09564|Nürnberg, kreisfreie Stadt|männlich|2946.0
2023|09564|Nürnberg, kreisfreie Stadt|weiblich|3035.0
2023|09565|Schwabach, kreisfreie Stadt|Insgesamt|526.0
2023|09565|Schwabach, kreisfreie Stadt|männlich|235.0
2023|09565|Schwabach, kreisfreie Stadt|weiblich|291.0
2023|09571|Ansbach, Landkreis|Insgesamt|2098.0
2023|09571|Ansbach, Landkreis|männlich|1053.0
2023|09571|Ansbach, Landkreis|weiblich|1045.0
2023|09572|Erlangen-Höchstadt, Landkreis|Insgesamt|1493.0
2023|09572|Erlangen-Höchstadt, Landkreis|männlich|764.0
2023|09572|Erlangen-Höchstadt, Landkreis|weiblich|729.0
2023|09573|Fürth, Landkreis|Insgesamt|1468.0
2023|09573|Fürth, Landkreis|männlich|708.0
2023|09573|Fürth, Landkreis|weiblich|760.0
2023|09574|Nürnberger Land, Landkreis|Insgesamt|2111.0
2023|09574|Nürnberger Land, Landkreis|männlich|1043.0
2023|09574|Nürnberger Land, Landkreis|weiblich|1068.0
2023|09575|Neustadt a.d.Aisch-Bad Windsheim, Landkreis|Insgesamt|1261.0
2023|09575|Neustadt a.d.Aisch-Bad Windsheim, Landkreis|männlich|640.0
2023|09575|Neustadt a.d.Aisch-Bad Windsheim, Landkreis|weiblich|621.0
2023|09576|Roth, Landkreis|Insgesamt|1493.0
2023|09576|Roth, Landkreis|männlich|759.0
2023|09576|Roth, Landkreis|weiblich|734.0
2023|09577|Weißenburg-Gunzenhausen, Landkreis|Insgesamt|1160.0
2023|09577|Weißenburg-Gunzenhausen, Landkreis|männlich|572.0
2023|09577|Weißenburg-Gunzenhausen, Landkreis|weiblich|588.0
2023|09661|Aschaffenburg, kreisfreie Stadt|Insgesamt|844.0
2023|09661|Aschaffenburg, kreisfreie Stadt|männlich|397.0
2023|09661|Aschaffenburg, kreisfreie Stadt|weiblich|447.0
2023|09662|Schweinfurt, kreisfreie Stadt|Insgesamt|855.0
2023|09662|Schweinfurt, kreisfreie Stadt|männlich|400.0
2023|09662|Schweinfurt, kreisfreie Stadt|weiblich|455.0
2023|09663|Würzburg, kreisfreie Stadt|Insgesamt|1527.0
2023|09663|Würzburg, kreisfreie Stadt|männlich|694.0
2023|09663|Würzburg, kreisfreie Stadt|weiblich|833.0
2023|09671|Aschaffenburg, Landkreis|Insgesamt|1972.0
2023|09671|Aschaffenburg, Landkreis|männlich|1030.0
2023|09671|Aschaffenburg, Landkreis|weiblich|942.0
2023|09672|Bad Kissingen, Landkreis|Insgesamt|1380.0
2023|09672|Bad Kissingen, Landkreis|männlich|659.0
2023|09672|Bad Kissingen, Landkreis|weiblich|721.0
2023|09673|Rhön-Grabfeld, Landkreis|Insgesamt|974.0
2023|09673|Rhön-Grabfeld, Landkreis|männlich|502.0
2023|09673|Rhön-Grabfeld, Landkreis|weiblich|472.0
2023|09674|Haßberge, Landkreis|Insgesamt|998.0
2023|09674|Haßberge, Landkreis|männlich|507.0
2023|09674|Haßberge, Landkreis|weiblich|491.0
2023|09675|Kitzingen, Landkreis|Insgesamt|1049.0
2023|09675|Kitzingen, Landkreis|männlich|533.0
2023|09675|Kitzingen, Landkreis|weiblich|516.0
2023|09676|Miltenberg, Landkreis|Insgesamt|1598.0
2023|09676|Miltenberg, Landkreis|männlich|792.0
2023|09676|Miltenberg, Landkreis|weiblich|806.0
2023|09677|Main-Spessart, Landkreis|Insgesamt|1643.0
2023|09677|Main-Spessart, Landkreis|männlich|848.0
2023|09677|Main-Spessart, Landkreis|weiblich|795.0
2023|09678|Schweinfurt, Landkreis|Insgesamt|1413.0
2023|09678|Schweinfurt, Landkreis|männlich|685.0
2023|09678|Schweinfurt, Landkreis|weiblich|728.0
2023|09679|Würzburg, Landkreis|Insgesamt|1697.0
2023|09679|Würzburg, Landkreis|männlich|880.0
2023|09679|Würzburg, Landkreis|weiblich|817.0
2023|09761|Augsburg, kreisfreie Stadt|Insgesamt|3123.0
2023|09761|Augsburg, kreisfreie Stadt|männlich|1467.0
2023|09761|Augsburg, kreisfreie Stadt|weiblich|1656.0
2023|09762|Kaufbeuren, kreisfreie Stadt|Insgesamt|591.0
2023|09762|Kaufbeuren, kreisfreie Stadt|männlich|293.0
2023|09762|Kaufbeuren, kreisfreie Stadt|weiblich|298.0
2023|09763|Kempten (Allgäu), kreisfreie Stadt|Insgesamt|794.0
2023|09763|Kempten (Allgäu), kreisfreie Stadt|männlich|403.0
2023|09763|Kempten (Allgäu), kreisfreie Stadt|weiblich|391.0
2023|09764|Memmingen, kreisfreie Stadt|Insgesamt|466.0
2023|09764|Memmingen, kreisfreie Stadt|männlich|232.0
2023|09764|Memmingen, kreisfreie Stadt|weiblich|234.0
2023|09771|Aichach-Friedberg, Landkreis|Insgesamt|1378.0
2023|09771|Aichach-Friedberg, Landkreis|männlich|709.0
2023|09771|Aichach-Friedberg, Landkreis|weiblich|669.0
2023|09772|Augsburg, Landkreis|Insgesamt|2692.0
2023|09772|Augsburg, Landkreis|männlich|1377.0
2023|09772|Augsburg, Landkreis|weiblich|1315.0
2023|09773|Dillingen a.d.Donau, Landkreis|Insgesamt|1037.0
2023|09773|Dillingen a.d.Donau, Landkreis|männlich|522.0
2023|09773|Dillingen a.d.Donau, Landkreis|weiblich|515.0
2023|09774|Günzburg, Landkreis|Insgesamt|1346.0
2023|09774|Günzburg, Landkreis|männlich|704.0
2023|09774|Günzburg, Landkreis|weiblich|642.0
2023|09775|Neu-Ulm, Landkreis|Insgesamt|1923.0
2023|09775|Neu-Ulm, Landkreis|männlich|941.0
2023|09775|Neu-Ulm, Landkreis|weiblich|982.0
2023|09776|Lindau (Bodensee), Landkreis|Insgesamt|984.0
2023|09776|Lindau (Bodensee), Landkreis|männlich|484.0
2023|09776|Lindau (Bodensee), Landkreis|weiblich|500.0
2023|09777|Ostallgäu, Landkreis|Insgesamt|1560.0
2023|09777|Ostallgäu, Landkreis|männlich|801.0
2023|09777|Ostallgäu, Landkreis|weiblich|759.0
2023|09778|Unterallgäu, Landkreis|Insgesamt|1751.0
2023|09778|Unterallgäu, Landkreis|männlich|879.0
2023|09778|Unterallgäu, Landkreis|weiblich|872.0
2023|09779|Donau-Ries, Landkreis|Insgesamt|1481.0
2023|09779|Donau-Ries, Landkreis|männlich|781.0
2023|09779|Donau-Ries, Landkreis|weiblich|700.0
2023|09780|Oberallgäu, Landkreis|Insgesamt|1804.0
2023|09780|Oberallgäu, Landkreis|männlich|900.0
2023|09780|Oberallgäu, Landkreis|weiblich|904.0
2023|10041|Saarbrücken, Regionalverband|Insgesamt|4796.0
2023|10041|Saarbrücken, Regionalverband|männlich|2380.0
2023|10041|Saarbrücken, Regionalverband|weiblich|2416.0
2023|10041100|Saarbrücken, Landeshauptstadt|Insgesamt|2452.0
2023|10041100|Saarbrücken, Landeshauptstadt|männlich|1218.0
2023|10041100|Saarbrücken, Landeshauptstadt|weiblich|1234.0
2023|10042|Merzig-Wadern, Landkreis|Insgesamt|1496.0
2023|10042|Merzig-Wadern, Landkreis|männlich|712.0
2023|10042|Merzig-Wadern, Landkreis|weiblich|784.0
2023|10043|Neunkirchen, Landkreis|Insgesamt|2028.0
2023|10043|Neunkirchen, Landkreis|männlich|1023.0
2023|10043|Neunkirchen, Landkreis|weiblich|1005.0
2023|10044|Saarlouis, Landkreis|Insgesamt|2814.0
2023|10044|Saarlouis, Landkreis|männlich|1384.0
2023|10044|Saarlouis, Landkreis|weiblich|1430.0
2023|10045|Saarpfalz-Kreis|Insgesamt|2130.0
2023|10045|Saarpfalz-Kreis|männlich|1033.0
2023|10045|Saarpfalz-Kreis|weiblich|1097.0
2023|10046|St. Wendel, Landkreis|Insgesamt|1296.0
2023|10046|St. Wendel, Landkreis|männlich|671.0
2023|10046|St. Wendel, Landkreis|weiblich|625.0
2023|11000|Berlin, kreisfreie Stadt|Insgesamt|38473.0
2023|11000|Berlin, kreisfreie Stadt|männlich|19299.0
2023|11000|Berlin, kreisfreie Stadt|weiblich|19174.0
2023|11001001|Berlin-Mitte|Insgesamt|2702.0
2023|11001001|Berlin-Mitte|männlich|1443.0
2023|11001001|Berlin-Mitte|weiblich|1259.0
2023|11002002|Berlin-Friedrichshain-Kreuzberg|Insgesamt|1769.0
2023|11002002|Berlin-Friedrichshain-Kreuzberg|männlich|956.0
2023|11002002|Berlin-Friedrichshain-Kreuzberg|weiblich|813.0
2023|11003003|Berlin-Pankow|Insgesamt|3575.0
2023|11003003|Berlin-Pankow|männlich|1855.0
2023|11003003|Berlin-Pankow|weiblich|1720.0
2023|11004004|Berlin-Charlottenburg-Wilmersdorf|Insgesamt|3548.0
2023|11004004|Berlin-Charlottenburg-Wilmersdorf|männlich|1682.0
2023|11004004|Berlin-Charlottenburg-Wilmersdorf|weiblich|1866.0
2023|11005005|Berlin-Spandau|Insgesamt|3058.0
2023|11005005|Berlin-Spandau|männlich|1543.0
2023|11005005|Berlin-Spandau|weiblich|1515.0
2023|11006006|Berlin-Steglitz-Zehlendorf|Insgesamt|3822.0
2023|11006006|Berlin-Steglitz-Zehlendorf|männlich|1721.0
2023|11006006|Berlin-Steglitz-Zehlendorf|weiblich|2101.0
2023|11007007|Berlin-Tempelhof-Schöneberg|Insgesamt|3550.0
2023|11007007|Berlin-Tempelhof-Schöneberg|männlich|1781.0
2023|11007007|Berlin-Tempelhof-Schöneberg|weiblich|1769.0
2023|11008008|Berlin-Neukölln|Insgesamt|3374.0
2023|11008008|Berlin-Neukölln|männlich|1741.0
2023|11008008|Berlin-Neukölln|weiblich|1633.0
2023|11009009|Berlin-Treptow-Köpenick|Insgesamt|3409.0
2023|11009009|Berlin-Treptow-Köpenick|männlich|1689.0
2023|11009009|Berlin-Treptow-Köpenick|weiblich|1720.0
2023|11010010|Berlin-Marzahn-Hellersdorf|Insgesamt|3030.0
2023|11010010|Berlin-Marzahn-Hellersdorf|männlich|1572.0
2023|11010010|Berlin-Marzahn-Hellersdorf|weiblich|1458.0
2023|11011011|Berlin-Lichtenberg|Insgesamt|3215.0
2023|11011011|Berlin-Lichtenberg|männlich|1598.0
2023|11011011|Berlin-Lichtenberg|weiblich|1617.0
2023|11012012|Berlin-Reinickendorf|Insgesamt|3421.0
2023|11012012|Berlin-Reinickendorf|männlich|1718.0
2023|11012012|Berlin-Reinickendorf|weiblich|1703.0
2023|12051|Brandenburg an der Havel, kreisfreie Stadt|Insgesamt|1249.0
2023|12051|Brandenburg an der Havel, kreisfreie Stadt|männlich|642.0
2023|12051|Brandenburg an der Havel, kreisfreie Stadt|weiblich|607.0
2023|12052|Cottbus, kreisfreie Stadt|Insgesamt|1463.0
2023|12052|Cottbus, kreisfreie Stadt|männlich|734.0
2023|12052|Cottbus, kreisfreie Stadt|weiblich|729.0
2023|12053|Frankfurt (Oder), kreisfreie Stadt|Insgesamt|932.0
2023|12053|Frankfurt (Oder), kreisfreie Stadt|männlich|435.0
2023|12053|Frankfurt (Oder), kreisfreie Stadt|weiblich|497.0
2023|12054|Potsdam, kreisfreie Stadt|Insgesamt|1968.0
2023|12054|Potsdam, kreisfreie Stadt|männlich|980.0
2023|12054|Potsdam, kreisfreie Stadt|weiblich|988.0
2023|12060|Barnim, Landkreis|Insgesamt|2591.0
2023|12060|Barnim, Landkreis|männlich|1323.0
2023|12060|Barnim, Landkreis|weiblich|1268.0
2023|12061|Dahme-Spreewald, Landkreis|Insgesamt|2425.0
2023|12061|Dahme-Spreewald, Landkreis|männlich|1272.0
2023|12061|Dahme-Spreewald, Landkreis|weiblich|1153.0
2023|12062|Elbe-Elster, Landkreis|Insgesamt|1686.0
2023|12062|Elbe-Elster, Landkreis|männlich|843.0
2023|12062|Elbe-Elster, Landkreis|weiblich|843.0
2023|12063|Havelland, Landkreis|Insgesamt|2239.0
2023|12063|Havelland, Landkreis|männlich|1132.0
2023|12063|Havelland, Landkreis|weiblich|1107.0
2023|12064|Märkisch-Oderland, Landkreis|Insgesamt|2771.0
2023|12064|Märkisch-Oderland, Landkreis|männlich|1401.0
2023|12064|Märkisch-Oderland, Landkreis|weiblich|1370.0
2023|12065|Oberhavel, Landkreis|Insgesamt|2999.0
2023|12065|Oberhavel, Landkreis|männlich|1572.0
2023|12065|Oberhavel, Landkreis|weiblich|1427.0
2023|12066|Oberspreewald-Lausitz, Landkreis|Insgesamt|1808.0
2023|12066|Oberspreewald-Lausitz, Landkreis|männlich|954.0
2023|12066|Oberspreewald-Lausitz, Landkreis|weiblich|854.0
2023|12067|Oder-Spree, Landkreis|Insgesamt|2813.0
2023|12067|Oder-Spree, Landkreis|männlich|1467.0
2023|12067|Oder-Spree, Landkreis|weiblich|1346.0
2023|12068|Ostprignitz-Ruppin, Landkreis|Insgesamt|1515.0
2023|12068|Ostprignitz-Ruppin, Landkreis|männlich|756.0
2023|12068|Ostprignitz-Ruppin, Landkreis|weiblich|759.0
2023|12069|Potsdam-Mittelmark, Landkreis|Insgesamt|2697.0
2023|12069|Potsdam-Mittelmark, Landkreis|männlich|1360.0
2023|12069|Potsdam-Mittelmark, Landkreis|weiblich|1337.0
2023|12070|Prignitz, Landkreis|Insgesamt|1353.0
2023|12070|Prignitz, Landkreis|männlich|697.0
2023|12070|Prignitz, Landkreis|weiblich|656.0
2023|12071|Spree-Neiße, Landkreis|Insgesamt|1822.0
2023|12071|Spree-Neiße, Landkreis|männlich|950.0
2023|12071|Spree-Neiße, Landkreis|weiblich|872.0
2023|12072|Teltow-Fläming, Landkreis|Insgesamt|2298.0
2023|12072|Teltow-Fläming, Landkreis|männlich|1181.0
2023|12072|Teltow-Fläming, Landkreis|weiblich|1117.0
2023|12073|Uckermark, Landkreis|Insgesamt|1993.0
2023|12073|Uckermark, Landkreis|männlich|1011.0
2023|12073|Uckermark, Landkreis|weiblich|982.0
2023|13003|Rostock, kreisfreie Stadt|Insgesamt|2842.0
2023|13003|Rostock, kreisfreie Stadt|männlich|1438.0
2023|13003|Rostock, kreisfreie Stadt|weiblich|1404.0
2023|13004|Schwerin, kreisfreie Stadt|Insgesamt|1483.0
2023|13004|Schwerin, kreisfreie Stadt|männlich|739.0
2023|13004|Schwerin, kreisfreie Stadt|weiblich|744.0
2023|13071|Mecklenburgische Seenplatte, Landkreis|Insgesamt|4131.0
2023|13071|Mecklenburgische Seenplatte, Landkreis|männlich|2133.0
2023|13071|Mecklenburgische Seenplatte, Landkreis|weiblich|1998.0
2023|13072|Landkreis Rostock|Insgesamt|3041.0
2023|13072|Landkreis Rostock|männlich|1572.0
2023|13072|Landkreis Rostock|weiblich|1469.0
2023|13073|Vorpommern-Rügen, Landkreis|Insgesamt|3558.0
2023|13073|Vorpommern-Rügen, Landkreis|männlich|1882.0
2023|13073|Vorpommern-Rügen, Landkreis|weiblich|1676.0
2023|13074|Nordwestmecklenburg, Landkreis|Insgesamt|2167.0
2023|13074|Nordwestmecklenburg, Landkreis|männlich|1152.0
2023|13074|Nordwestmecklenburg, Landkreis|weiblich|1015.0
2023|13075|Vorpommern-Greifswald, Landkreis|Insgesamt|3761.0
2023|13075|Vorpommern-Greifswald, Landkreis|männlich|1958.0
2023|13075|Vorpommern-Greifswald, Landkreis|weiblich|1803.0
2023|13076|Ludwigslust-Parchim, Landkreis|Insgesamt|3022.0
2023|13076|Ludwigslust-Parchim, Landkreis|männlich|1531.0
2023|13076|Ludwigslust-Parchim, Landkreis|weiblich|1491.0
2023|14511|Chemnitz, kreisfreie Stadt|Insgesamt|3729.0
2023|14511|Chemnitz, kreisfreie Stadt|männlich|1878.0
2023|14511|Chemnitz, kreisfreie Stadt|weiblich|1851.0
2023|14521|Erzgebirgskreis|Insgesamt|5300.0
2023|14521|Erzgebirgskreis|männlich|2686.0
2023|14521|Erzgebirgskreis|weiblich|2614.0
2023|14522|Mittelsachsen, Landkreis|Insgesamt|4685.0
2023|14522|Mittelsachsen, Landkreis|männlich|2405.0
2023|14522|Mittelsachsen, Landkreis|weiblich|2280.0
2023|14523|Vogtlandkreis|Insgesamt|3871.0
2023|14523|Vogtlandkreis|männlich|1929.0
2023|14523|Vogtlandkreis|weiblich|1942.0
2023|14524|Zwickau, Landkreis|Insgesamt|5292.0
2023|14524|Zwickau, Landkreis|männlich|2652.0
2023|14524|Zwickau, Landkreis|weiblich|2640.0
2023|14612|Dresden, kreisfreie Stadt|Insgesamt|6028.0
2023|14612|Dresden, kreisfreie Stadt|männlich|3054.0
2023|14612|Dresden, kreisfreie Stadt|weiblich|2974.0
2023|14625|Bautzen, Landkreis|Insgesamt|4469.0
2023|14625|Bautzen, Landkreis|männlich|2289.0
2023|14625|Bautzen, Landkreis|weiblich|2180.0
2023|14626|Görlitz, Landkreis|Insgesamt|4168.0
2023|14626|Görlitz, Landkreis|männlich|2143.0
2023|14626|Görlitz, Landkreis|weiblich|2025.0
2023|14627|Meißen, Landkreis|Insgesamt|3555.0
2023|14627|Meißen, Landkreis|männlich|1791.0
2023|14627|Meißen, Landkreis|weiblich|1764.0
2023|14628|Sächsische Schweiz-Osterzgebirge, Landkreis|Insgesamt|3530.0
2023|14628|Sächsische Schweiz-Osterzgebirge, Landkreis|männlich|1781.0
2023|14628|Sächsische Schweiz-Osterzgebirge, Landkreis|weiblich|1749.0
2023|14713|Leipzig, kreisfreie Stadt|Insgesamt|6891.0
2023|14713|Leipzig, kreisfreie Stadt|männlich|3348.0
2023|14713|Leipzig, kreisfreie Stadt|weiblich|3543.0
2023|14729|Leipzig, Landkreis|Insgesamt|3724.0
2023|14729|Leipzig, Landkreis|männlich|1903.0
2023|14729|Leipzig, Landkreis|weiblich|1821.0
2023|14730|Nordsachsen, Landkreis|Insgesamt|2859.0
2023|14730|Nordsachsen, Landkreis|männlich|1462.0
2023|14730|Nordsachsen, Landkreis|weiblich|1397.0
2023|15001|Dessau-Roßlau, kreisfreie Stadt|Insgesamt|1479.0
2023|15001|Dessau-Roßlau, kreisfreie Stadt|männlich|760.0
2023|15001|Dessau-Roßlau, kreisfreie Stadt|weiblich|719.0
2023|15002|Halle (Saale), kreisfreie Stadt|Insgesamt|3278.0
2023|15002|Halle (Saale), kreisfreie Stadt|männlich|1646.0
2023|15002|Halle (Saale), kreisfreie Stadt|weiblich|1632.0
2023|15003|Magdeburg, kreisfreie Stadt, Landeshauptstadt|Insgesamt|3510.0
2023|15003|Magdeburg, kreisfreie Stadt, Landeshauptstadt|männlich|1758.0
2023|15003|Magdeburg, kreisfreie Stadt, Landeshauptstadt|weiblich|1752.0
2023|15081|Altmarkkreis Salzwedel|Insgesamt|1322.0
2023|15081|Altmarkkreis Salzwedel|männlich|687.0
2023|15081|Altmarkkreis Salzwedel|weiblich|635.0
2023|15082|Anhalt-Bitterfeld, Landkreis|Insgesamt|2681.0
2023|15082|Anhalt-Bitterfeld, Landkreis|männlich|1372.0
2023|15082|Anhalt-Bitterfeld, Landkreis|weiblich|1309.0
2023|15083|Börde, Landkreis|Insgesamt|2566.0
2023|15083|Börde, Landkreis|männlich|1306.0
2023|15083|Börde, Landkreis|weiblich|1260.0
2023|15084|Burgenlandkreis|Insgesamt|3107.0
2023|15084|Burgenlandkreis|männlich|1560.0
2023|15084|Burgenlandkreis|weiblich|1547.0
2023|15085|Harz, Landkreis|Insgesamt|3761.0
2023|15085|Harz, Landkreis|männlich|1873.0
2023|15085|Harz, Landkreis|weiblich|1888.0
2023|15086|Jerichower Land, Landkreis|Insgesamt|1419.0
2023|15086|Jerichower Land, Landkreis|männlich|737.0
2023|15086|Jerichower Land, Landkreis|weiblich|682.0
2023|15087|Mansfeld-Südharz, Landkreis|Insgesamt|2373.0
2023|15087|Mansfeld-Südharz, Landkreis|männlich|1241.0
2023|15087|Mansfeld-Südharz, Landkreis|weiblich|1132.0
2023|15088|Saalekreis|Insgesamt|2769.0
2023|15088|Saalekreis|männlich|1407.0
2023|15088|Saalekreis|weiblich|1362.0
2023|15089|Salzlandkreis|Insgesamt|3367.0
2023|15089|Salzlandkreis|männlich|1739.0
2023|15089|Salzlandkreis|weiblich|1628.0
2023|15090|Stendal, Landkreis|Insgesamt|1817.0
2023|15090|Stendal, Landkreis|männlich|966.0
2023|15090|Stendal, Landkreis|weiblich|851.0
2023|15091|Wittenberg, Landkreis|Insgesamt|2128.0
2023|15091|Wittenberg, Landkreis|männlich|1116.0
2023|15091|Wittenberg, Landkreis|weiblich|1012.0
2023|16051|Erfurt, kreisfreie Stadt|Insgesamt|2631.0
2023|16051|Erfurt, kreisfreie Stadt|männlich|1378.0
2023|16051|Erfurt, kreisfreie Stadt|weiblich|1253.0
2023|16052|Gera, kreisfreie Stadt|Insgesamt|1514.0
2023|16052|Gera, kreisfreie Stadt|männlich|722.0
2023|16052|Gera, kreisfreie Stadt|weiblich|792.0
2023|16053|Jena, kreisfreie Stadt|Insgesamt|1142.0
2023|16053|Jena, kreisfreie Stadt|männlich|549.0
2023|16053|Jena, kreisfreie Stadt|weiblich|593.0
2023|16054|Suhl, kreisfreie Stadt|Insgesamt|605.0
2023|16054|Suhl, kreisfreie Stadt|männlich|313.0
2023|16054|Suhl, kreisfreie Stadt|weiblich|292.0
2023|16055|Weimar, kreisfreie Stadt|Insgesamt|897.0
2023|16055|Weimar, kreisfreie Stadt|männlich|427.0
2023|16055|Weimar, kreisfreie Stadt|weiblich|470.0
2023|16061|Eichsfeld, Landkreis|Insgesamt|1333.0
2023|16061|Eichsfeld, Landkreis|männlich|711.0
2023|16061|Eichsfeld, Landkreis|weiblich|622.0
2023|16062|Nordhausen, Landkreis|Insgesamt|1417.0
2023|16062|Nordhausen, Landkreis|männlich|725.0
2023|16062|Nordhausen, Landkreis|weiblich|692.0
2023|16063|Wartburgkreis|Insgesamt|2315.0
2023|16063|Wartburgkreis|männlich|1226.0
2023|16063|Wartburgkreis|weiblich|1089.0
2023|16064|Unstrut-Hainich-Kreis|Insgesamt|1552.0
2023|16064|Unstrut-Hainich-Kreis|männlich|773.0
2023|16064|Unstrut-Hainich-Kreis|weiblich|779.0
2023|16065|Kyffhäuserkreis|Insgesamt|1307.0
2023|16065|Kyffhäuserkreis|männlich|642.0
2023|16065|Kyffhäuserkreis|weiblich|665.0
2023|16066|Schmalkalden-Meiningen, Landkreis|Insgesamt|1890.0
2023|16066|Schmalkalden-Meiningen, Landkreis|männlich|939.0
2023|16066|Schmalkalden-Meiningen, Landkreis|weiblich|951.0
2023|16067|Gotha, Landkreis|Insgesamt|2038.0
2023|16067|Gotha, Landkreis|männlich|1070.0
2023|16067|Gotha, Landkreis|weiblich|968.0
2023|16068|Sömmerda, Landkreis|Insgesamt|937.0
2023|16068|Sömmerda, Landkreis|männlich|466.0
2023|16068|Sömmerda, Landkreis|weiblich|471.0
2023|16069|Hildburghausen, Landkreis|Insgesamt|949.0
2023|16069|Hildburghausen, Landkreis|männlich|467.0
2023|16069|Hildburghausen, Landkreis|weiblich|482.0
2023|16070|Ilm-Kreis|Insgesamt|1482.0
2023|16070|Ilm-Kreis|männlich|727.0
2023|16070|Ilm-Kreis|weiblich|755.0
2023|16071|Weimarer Land, Landkreis|Insgesamt|1086.0
2023|16071|Weimarer Land, Landkreis|männlich|592.0
2023|16071|Weimarer Land, Landkreis|weiblich|494.0
2023|16072|Sonneberg, Landkreis|Insgesamt|946.0
2023|16072|Sonneberg, Landkreis|männlich|437.0
2023|16072|Sonneberg, Landkreis|weiblich|509.0
2023|16073|Saalfeld-Rudolstadt, Landkreis|Insgesamt|1689.0
2023|16073|Saalfeld-Rudolstadt, Landkreis|männlich|877.0
2023|16073|Saalfeld-Rudolstadt, Landkreis|weiblich|812.0
2023|16074|Saale-Holzland-Kreis|Insgesamt|1112.0
2023|16074|Saale-Holzland-Kreis|männlich|591.0
2023|16074|Saale-Holzland-Kreis|weiblich|521.0
2023|16075|Saale-Orla-Kreis|Insgesamt|1237.0
2023|16075|Saale-Orla-Kreis|männlich|631.0
2023|16075|Saale-Orla-Kreis|weiblich|606.0
2023|16076|Greiz, Landkreis|Insgesamt|1612.0
2023|16076|Greiz, Landkreis|männlich|843.0
2023|16076|Greiz, Landkreis|weiblich|769.0
2023|16077|Altenburger Land, Landkreis|Insgesamt|1446.0
2023|16077|Altenburger Land, Landkreis|männlich|739.0
2023|16077|Altenburger Land, Landkreis|weiblich|707.0
2023|010|Schleswig-Holstein|Insgesamt|39621.0
2023|010|Schleswig-Holstein|männlich|19869.0
2023|010|Schleswig-Holstein|weiblich|19752.0
2023|020|Hamburg|Insgesamt|19469.0
2023|020|Hamburg|männlich|9551.0
2023|020|Hamburg|weiblich|9918.0
2023|031|Braunschweig, Statistische Region|Insgesamt|22074.0
2023|031|Braunschweig, Statistische Region|männlich|11092.0
2023|031|Braunschweig, Statistische Region|weiblich|10982.0
2023|032|Hannover, Statistische Region|Insgesamt|28581.0
2023|032|Hannover, Statistische Region|männlich|14183.0
2023|032|Hannover, Statistische Region|weiblich|14398.0
2023|033|Lüneburg, Statistische Region|Insgesamt|23023.0
2023|033|Lüneburg, Statistische Region|männlich|11716.0
2023|033|Lüneburg, Statistische Region|weiblich|11307.0
2023|034|Weser-Ems, Statistische Region|Insgesamt|31393.0
2023|034|Weser-Ems, Statistische Region|männlich|15866.0
2023|034|Weser-Ems, Statistische Region|weiblich|15527.0
2023|040|Bremen|Insgesamt|8528.0
2023|040|Bremen|männlich|4335.0
2023|040|Bremen|weiblich|4193.0
2023|051|Düsseldorf, Regierungsbezirk|Insgesamt|68372.0
2023|051|Düsseldorf, Regierungsbezirk|männlich|33526.0
2023|051|Düsseldorf, Regierungsbezirk|weiblich|34846.0
2023|053|Köln, Regierungsbezirk|Insgesamt|51903.0
2023|053|Köln, Regierungsbezirk|männlich|25842.0
2023|053|Köln, Regierungsbezirk|weiblich|26061.0
2023|055|Münster, Regierungsbezirk|Insgesamt|32195.0
2023|055|Münster, Regierungsbezirk|männlich|15833.0
2023|055|Münster, Regierungsbezirk|weiblich|16362.0
2023|057|Detmold, Regierungsbezirk|Insgesamt|25265.0
2023|057|Detmold, Regierungsbezirk|männlich|12524.0
2023|057|Detmold, Regierungsbezirk|weiblich|12741.0
2023|059|Arnsberg, Regierungsbezirk|Insgesamt|48299.0
2023|059|Arnsberg, Regierungsbezirk|männlich|23900.0
2023|059|Arnsberg, Regierungsbezirk|weiblich|24399.0
2023|064|Darmstadt, Regierungsbezirk|Insgesamt|43650.0
2023|064|Darmstadt, Regierungsbezirk|männlich|21676.0
2023|064|Darmstadt, Regierungsbezirk|weiblich|21974.0
2023|065|Gießen, Regierungsbezirk|Insgesamt|12901.0
2023|065|Gießen, Regierungsbezirk|männlich|6403.0
2023|065|Gießen, Regierungsbezirk|weiblich|6498.0
2023|066|Kassel, Regierungsbezirk|Insgesamt|16507.0
2023|066|Kassel, Regierungsbezirk|männlich|8354.0
2023|066|Kassel, Regierungsbezirk|weiblich|8153.0
2023|071|Koblenz, Statistische Region|Insgesamt|19949.0
2023|071|Koblenz, Statistische Region|männlich|10064.0
2023|071|Koblenz, Statistische Region|weiblich|9885.0
2023|072|Trier, Statistische Region|Insgesamt|6540.0
2023|072|Trier, Statistische Region|männlich|3272.0
2023|072|Trier, Statistische Region|weiblich|3268.0
2023|073|Rheinhessen-Pfalz, Statistische Region|Insgesamt|24778.0
2023|073|Rheinhessen-Pfalz, Statistische Region|männlich|12528.0
2023|073|Rheinhessen-Pfalz, Statistische Region|weiblich|12250.0
2023|081|Stuttgart, Regierungsbezirk|Insgesamt|43627.0
2023|081|Stuttgart, Regierungsbezirk|männlich|21737.0
2023|081|Stuttgart, Regierungsbezirk|weiblich|21890.0
2023|082|Karlsruhe, Regierungsbezirk|Insgesamt|31710.0
2023|082|Karlsruhe, Regierungsbezirk|männlich|15736.0
2023|082|Karlsruhe, Regierungsbezirk|weiblich|15974.0
2023|083|Freiburg, Regierungsbezirk|Insgesamt|25381.0
2023|083|Freiburg, Regierungsbezirk|männlich|12469.0
2023|083|Freiburg, Regierungsbezirk|weiblich|12912.0
2023|084|Tübingen, Regierungsbezirk|Insgesamt|19490.0
2023|084|Tübingen, Regierungsbezirk|männlich|9751.0
2023|084|Tübingen, Regierungsbezirk|weiblich|9739.0
2023|091|Oberbayern, Regierungsbezirk|Insgesamt|46872.0
2023|091|Oberbayern, Regierungsbezirk|männlich|23355.0
2023|091|Oberbayern, Regierungsbezirk|weiblich|23517.0
2023|092|Niederbayern, Regierungsbezirk|Insgesamt|14515.0
2023|092|Niederbayern, Regierungsbezirk|männlich|7327.0
2023|092|Niederbayern, Regierungsbezirk|weiblich|7188.0
2023|093|Oberpfalz, Regierungsbezirk|Insgesamt|13292.0
2023|093|Oberpfalz, Regierungsbezirk|männlich|6634.0
2023|093|Oberpfalz, Regierungsbezirk|weiblich|6658.0
2023|094|Oberfranken, Regierungsbezirk|Insgesamt|14176.0
2023|094|Oberfranken, Regierungsbezirk|männlich|7042.0
2023|094|Oberfranken, Regierungsbezirk|weiblich|7134.0
2023|095|Mittelfranken, Regierungsbezirk|Insgesamt|20740.0
2023|095|Mittelfranken, Regierungsbezirk|männlich|10274.0
2023|095|Mittelfranken, Regierungsbezirk|weiblich|10466.0
2023|096|Unterfranken, Regierungsbezirk|Insgesamt|15950.0
2023|096|Unterfranken, Regierungsbezirk|männlich|7927.0
2023|096|Unterfranken, Regierungsbezirk|weiblich|8023.0
2023|097|Schwaben, Regierungsbezirk|Insgesamt|20930.0
2023|097|Schwaben, Regierungsbezirk|männlich|10493.0
2023|097|Schwaben, Regierungsbezirk|weiblich|10437.0
2023|100|Saarland, Regierungsbezirk|Insgesamt|14560.0
2023|100|Saarland, Regierungsbezirk|männlich|7203.0
2023|100|Saarland, Regierungsbezirk|weiblich|7357.0
2023|110|Berlin|Insgesamt|38473.0
2023|110|Berlin|männlich|19299.0
2023|110|Berlin|weiblich|19174.0
2023|120|Brandenburg|Insgesamt|36622.0
2023|120|Brandenburg|männlich|18710.0
2023|120|Brandenburg|weiblich|17912.0
2023|130|Mecklenburg-Vorpommern, Statistische Region|Insgesamt|24005.0
2023|130|Mecklenburg-Vorpommern, Statistische Region|männlich|12405.0
2023|130|Mecklenburg-Vorpommern, Statistische Region|weiblich|11600.0
2023|145|Chemnitz, Statistische Region|Insgesamt|22877.0
2023|145|Chemnitz, Statistische Region|männlich|11550.0
2023|145|Chemnitz, Statistische Region|weiblich|11327.0
2023|146|Dresden, Statistische Region|Insgesamt|21750.0
2023|146|Dresden, Statistische Region|männlich|11058.0
2023|146|Dresden, Statistische Region|weiblich|10692.0
2023|147|Leipzig, Statistische Region|Insgesamt|13474.0
2023|147|Leipzig, Statistische Region|männlich|6713.0
2023|147|Leipzig, Statistische Region|weiblich|6761.0
2023|150|Sachsen-Anhalt|Insgesamt|35577.0
2023|150|Sachsen-Anhalt|männlich|18168.0
2023|150|Sachsen-Anhalt|weiblich|17409.0
2023|160|Thüringen|Insgesamt|31137.0
2023|160|Thüringen|männlich|15845.0
2023|160|Thüringen|weiblich|15292.0
2024|DG|Deutschland|Insgesamt|1007758.0
2024|01|Schleswig-Holstein|Insgesamt|38843.0
2024|02|Hamburg|Insgesamt|18591.0
2024|03|Niedersachsen|Insgesamt|103134.0
2024|04|Bremen|Insgesamt|8395.0
2024|05|Nordrhein-Westfalen|Insgesamt|220432.0
2024|06|Hessen|Insgesamt|71547.0
2024|07|Rheinland-Pfalz|Insgesamt|51157.0
2024|08|Baden-Württemberg|Insgesamt|118583.0
2024|09|Bayern|Insgesamt|144061.0
2024|10|Saarland|Insgesamt|14521.0
2024|11|Berlin|Insgesamt|37686.0
2024|12|Brandenburg|Insgesamt|35254.0
2024|13|Mecklenburg-Vorpommern|Insgesamt|23927.0
2024|14|Sachsen|Insgesamt|56968.0
2024|15|Sachsen-Anhalt|Insgesamt|34205.0
2024|16|Thüringen|Insgesamt|30454.0
2024|01001|Flensburg, kreisfreie Stadt|Insgesamt|1145.0
2024|01001|Flensburg, kreisfreie Stadt|männlich|568.0
2024|01001|Flensburg, kreisfreie Stadt|weiblich|577.0
2024|01002|Kiel, kreisfreie Stadt|Insgesamt|2772.0
2024|01002|Kiel, kreisfreie Stadt|männlich|1389.0
2024|01002|Kiel, kreisfreie Stadt|weiblich|1383.0
2024|01003|Lübeck, kreisfreie Stadt, Hansestadt|Insgesamt|3008.0
2024|01003|Lübeck, kreisfreie Stadt, Hansestadt|männlich|1430.0
2024|01003|Lübeck, kreisfreie Stadt, Hansestadt|weiblich|1578.0
2024|01004|Neumünster, kreisfreie Stadt|Insgesamt|1123.0
2024|01004|Neumünster, kreisfreie Stadt|männlich|572.0
2024|01004|Neumünster, kreisfreie Stadt|weiblich|551.0
2024|01051|Dithmarschen, Kreis|Insgesamt|1925.0
2024|01051|Dithmarschen, Kreis|männlich|971.0
2024|01051|Dithmarschen, Kreis|weiblich|954.0
2024|01053|Herzogtum Lauenburg, Kreis|Insgesamt|2640.0
2024|01053|Herzogtum Lauenburg, Kreis|männlich|1324.0
2024|01053|Herzogtum Lauenburg, Kreis|weiblich|1316.0
2024|01054|Nordfriesland, Kreis|Insgesamt|2285.0
2024|01054|Nordfriesland, Kreis|männlich|1129.0
2024|01054|Nordfriesland, Kreis|weiblich|1156.0
2024|01055|Ostholstein, Kreis|Insgesamt|3173.0
2024|01055|Ostholstein, Kreis|männlich|1627.0
2024|01055|Ostholstein, Kreis|weiblich|1546.0
2024|01056|Pinneberg, Kreis|Insgesamt|3977.0
2024|01056|Pinneberg, Kreis|männlich|1958.0
2024|01056|Pinneberg, Kreis|weiblich|2019.0
2024|01057|Plön, Kreis|Insgesamt|1871.0
2024|01057|Plön, Kreis|männlich|908.0
2024|01057|Plön, Kreis|weiblich|963.0
2024|01058|Rendsburg-Eckernförde, Kreis|Insgesamt|3587.0
2024|01058|Rendsburg-Eckernförde, Kreis|männlich|1859.0
2024|01058|Rendsburg-Eckernförde, Kreis|weiblich|1728.0
2024|01059|Schleswig-Flensburg, Kreis|Insgesamt|2886.0
2024|01059|Schleswig-Flensburg, Kreis|männlich|1491.0
2024|01059|Schleswig-Flensburg, Kreis|weiblich|1395.0
2024|01060|Segeberg, Kreis|Insgesamt|3496.0
2024|01060|Segeberg, Kreis|männlich|1789.0
2024|01060|Segeberg, Kreis|weiblich|1707.0
2024|01061|Steinburg, Kreis|Insgesamt|1867.0
2024|01061|Steinburg, Kreis|männlich|941.0
2024|01061|Steinburg, Kreis|weiblich|926.0
2024|01062|Stormarn, Kreis|Insgesamt|3088.0
2024|01062|Stormarn, Kreis|männlich|1479.0
2024|01062|Stormarn, Kreis|weiblich|1609.0
2024|02000|Hamburg, kreisfreie Stadt, Freie und Hansestadt|Insgesamt|18591.0
2024|02000|Hamburg, kreisfreie Stadt, Freie und Hansestadt|männlich|9119.0
2024|02000|Hamburg, kreisfreie Stadt, Freie und Hansestadt|weiblich|9472.0
2024|03101|Braunschweig, kreisfreie Stadt|Insgesamt|2982.0
2024|03101|Braunschweig, kreisfreie Stadt|männlich|1480.0
2024|03101|Braunschweig, kreisfreie Stadt|weiblich|1502.0
2024|03102|Salzgitter, kreisfreie Stadt|Insgesamt|1434.0
2024|03102|Salzgitter, kreisfreie Stadt|männlich|704.0
2024|03102|Salzgitter, kreisfreie Stadt|weiblich|730.0
2024|03103|Wolfsburg, kreisfreie Stadt|Insgesamt|1612.0
2024|03103|Wolfsburg, kreisfreie Stadt|männlich|819.0
2024|03103|Wolfsburg, kreisfreie Stadt|weiblich|793.0
2024|03151|Gifhorn, Landkreis|Insgesamt|2049.0
2024|03151|Gifhorn, Landkreis|männlich|1050.0
2024|03151|Gifhorn, Landkreis|weiblich|999.0
2024|03153|Goslar, Landkreis|Insgesamt|2202.0
2024|03153|Goslar, Landkreis|männlich|1138.0
2024|03153|Goslar, Landkreis|weiblich|1064.0
2024|03154|Helmstedt, Landkreis|Insgesamt|1352.0
2024|03154|Helmstedt, Landkreis|männlich|665.0
2024|03154|Helmstedt, Landkreis|weiblich|687.0
2024|03155|Northeim, Landkreis|Insgesamt|2000.0
2024|03155|Northeim, Landkreis|männlich|1027.0
2024|03155|Northeim, Landkreis|weiblich|973.0
2024|03157|Peine, Landkreis|Insgesamt|1761.0
2024|03157|Peine, Landkreis|männlich|829.0
2024|03157|Peine, Landkreis|weiblich|932.0
2024|03158|Wolfenbüttel, Landkreis|Insgesamt|1588.0
2024|03158|Wolfenbüttel, Landkreis|männlich|831.0
2024|03158|Wolfenbüttel, Landkreis|weiblich|757.0
2024|03159|Göttingen, Landkreis|Insgesamt|4283.0
2024|03159|Göttingen, Landkreis|männlich|2095.0
2024|03159|Göttingen, Landkreis|weiblich|2188.0
2024|03241|Region Hannover, Landkreis|Insgesamt|13754.0
2024|03241|Region Hannover, Landkreis|männlich|6813.0
2024|03241|Region Hannover, Landkreis|weiblich|6941.0
2024|03241001|Hannover, Landeshauptstadt|Insgesamt|5805.0
2024|03241001|Hannover, Landeshauptstadt|männlich|2856.0
2024|03241001|Hannover, Landeshauptstadt|weiblich|2949.0
2024|03251|Diepholz, Landkreis|Insgesamt|2824.0
2024|03251|Diepholz, Landkreis|männlich|1463.0
2024|03251|Diepholz, Landkreis|weiblich|1361.0
2024|03252|Hameln-Pyrmont, Landkreis|Insgesamt|2350.0
2024|03252|Hameln-Pyrmont, Landkreis|männlich|1161.0
2024|03252|Hameln-Pyrmont, Landkreis|weiblich|1189.0
2024|03254|Hildesheim, Landkreis|Insgesamt|3928.0
2024|03254|Hildesheim, Landkreis|männlich|1897.0
2024|03254|Hildesheim, Landkreis|weiblich|2031.0
2024|03255|Holzminden, Landkreis|Insgesamt|1126.0
2024|03255|Holzminden, Landkreis|männlich|586.0
2024|03255|Holzminden, Landkreis|weiblich|540.0
2024|03256|Nienburg (Weser), Landkreis|Insgesamt|1694.0
2024|03256|Nienburg (Weser), Landkreis|männlich|882.0
2024|03256|Nienburg (Weser), Landkreis|weiblich|812.0
2024|03257|Schaumburg, Landkreis|Insgesamt|2360.0
2024|03257|Schaumburg, Landkreis|männlich|1139.0
2024|03257|Schaumburg, Landkreis|weiblich|1221.0
2024|03351|Celle, Landkreis|Insgesamt|2454.0
2024|03351|Celle, Landkreis|männlich|1246.0
2024|03351|Celle, Landkreis|weiblich|1208.0
2024|03352|Cuxhaven, Landkreis|Insgesamt|2990.0
2024|03352|Cuxhaven, Landkreis|männlich|1498.0
2024|03352|Cuxhaven, Landkreis|weiblich|1492.0
2024|03353|Harburg, Landkreis|Insgesamt|3028.0
2024|03353|Harburg, Landkreis|männlich|1514.0
2024|03353|Harburg, Landkreis|weiblich|1514.0
2024|03354|Lüchow-Dannenberg, Landkreis|Insgesamt|844.0
2024|03354|Lüchow-Dannenberg, Landkreis|männlich|404.0
2024|03354|Lüchow-Dannenberg, Landkreis|weiblich|440.0
2024|03355|Lüneburg, Landkreis|Insgesamt|2180.0
2024|03355|Lüneburg, Landkreis|männlich|1126.0
2024|03355|Lüneburg, Landkreis|weiblich|1054.0
2024|03356|Osterholz, Landkreis|Insgesamt|1439.0
2024|03356|Osterholz, Landkreis|männlich|699.0
2024|03356|Osterholz, Landkreis|weiblich|740.0
2024|03357|Rotenburg (Wümme), Landkreis|Insgesamt|1987.0
2024|03357|Rotenburg (Wümme), Landkreis|männlich|1039.0
2024|03357|Rotenburg (Wümme), Landkreis|weiblich|948.0
2024|03358|Heidekreis|Insgesamt|1979.0
2024|03358|Heidekreis|männlich|983.0
2024|03358|Heidekreis|weiblich|996.0
2024|03359|Stade, Landkreis|Insgesamt|2476.0
2024|03359|Stade, Landkreis|männlich|1215.0
2024|03359|Stade, Landkreis|weiblich|1261.0
2024|03360|Uelzen, Landkreis|Insgesamt|1466.0
2024|03360|Uelzen, Landkreis|männlich|709.0
2024|03360|Uelzen, Landkreis|weiblich|757.0
2024|03361|Verden, Landkreis|Insgesamt|1715.0
2024|03361|Verden, Landkreis|männlich|858.0
2024|03361|Verden, Landkreis|weiblich|857.0
2024|03401|Delmenhorst, kreisfreie Stadt|Insgesamt|1002.0
2024|03401|Delmenhorst, kreisfreie Stadt|männlich|510.0
2024|03401|Delmenhorst, kreisfreie Stadt|weiblich|492.0
2024|03402|Emden, kreisfreie Stadt|Insgesamt|662.0
2024|03402|Emden, kreisfreie Stadt|männlich|343.0
2024|03402|Emden, kreisfreie Stadt|weiblich|319.0
2024|03403|Oldenburg (Oldenburg), kreisfreie Stadt|Insgesamt|1866.0
2024|03403|Oldenburg (Oldenburg), kreisfreie Stadt|männlich|918.0
2024|03403|Oldenburg (Oldenburg), kreisfreie Stadt|weiblich|948.0
2024|03404|Osnabrück, kreisfreie Stadt|Insgesamt|1749.0
2024|03404|Osnabrück, kreisfreie Stadt|männlich|852.0
2024|03404|Osnabrück, kreisfreie Stadt|weiblich|897.0
2024|03405|Wilhelmshaven, kreisfreie Stadt|Insgesamt|1232.0
2024|03405|Wilhelmshaven, kreisfreie Stadt|männlich|625.0
2024|03405|Wilhelmshaven, kreisfreie Stadt|weiblich|607.0
2024|03451|Ammerland, Landkreis|Insgesamt|1562.0
2024|03451|Ammerland, Landkreis|männlich|794.0
2024|03451|Ammerland, Landkreis|weiblich|768.0
2024|03452|Aurich, Landkreis|Insgesamt|2718.0
2024|03452|Aurich, Landkreis|männlich|1362.0
2024|03452|Aurich, Landkreis|weiblich|1356.0
2024|03453|Cloppenburg, Landkreis|Insgesamt|1746.0
2024|03453|Cloppenburg, Landkreis|männlich|896.0
2024|03453|Cloppenburg, Landkreis|weiblich|850.0
2024|03454|Emsland, Landkreis|Insgesamt|3732.0
2024|03454|Emsland, Landkreis|männlich|1879.0
2024|03454|Emsland, Landkreis|weiblich|1853.0
2024|03455|Friesland, Landkreis|Insgesamt|1508.0
2024|03455|Friesland, Landkreis|männlich|743.0
2024|03455|Friesland, Landkreis|weiblich|765.0
2024|03456|Grafschaft Bentheim, Landkreis|Insgesamt|1583.0
2024|03456|Grafschaft Bentheim, Landkreis|männlich|799.0
2024|03456|Grafschaft Bentheim, Landkreis|weiblich|784.0
2024|03457|Leer, Landkreis|Insgesamt|2244.0
2024|03457|Leer, Landkreis|männlich|1160.0
2024|03457|Leer, Landkreis|weiblich|1084.0
2024|03458|Oldenburg, Landkreis|Insgesamt|1722.0
2024|03458|Oldenburg, Landkreis|männlich|860.0
2024|03458|Oldenburg, Landkreis|weiblich|862.0
2024|03459|Osnabrück, Landkreis|Insgesamt|4395.0
2024|03459|Osnabrück, Landkreis|männlich|2185.0
2024|03459|Osnabrück, Landkreis|weiblich|2210.0
2024|03460|Vechta, Landkreis|Insgesamt|1381.0
2024|03460|Vechta, Landkreis|männlich|701.0
2024|03460|Vechta, Landkreis|weiblich|680.0
2024|03461|Wesermarsch, Landkreis|Insgesamt|1367.0
2024|03461|Wesermarsch, Landkreis|männlich|707.0
2024|03461|Wesermarsch, Landkreis|weiblich|660.0
2024|03462|Wittmund, Landkreis|Insgesamt|808.0
2024|03462|Wittmund, Landkreis|männlich|393.0
2024|03462|Wittmund, Landkreis|weiblich|415.0
2024|04011|Bremen, kreisfreie Stadt|Insgesamt|6845.0
2024|04011|Bremen, kreisfreie Stadt|männlich|3417.0
2024|04011|Bremen, kreisfreie Stadt|weiblich|3428.0
2024|04012|Bremerhaven, kreisfreie Stadt|Insgesamt|1550.0
2024|04012|Bremerhaven, kreisfreie Stadt|männlich|838.0
2024|04012|Bremerhaven, kreisfreie Stadt|weiblich|712.0
2024|05111|Düsseldorf, kreisfreie Stadt|Insgesamt|6575.0
2024|05111|Düsseldorf, kreisfreie Stadt|männlich|3157.0
2024|05111|Düsseldorf, kreisfreie Stadt|weiblich|3418.0
2024|05112|Duisburg, kreisfreie Stadt|Insgesamt|6563.0
2024|05112|Duisburg, kreisfreie Stadt|männlich|3136.0
2024|05112|Duisburg, kreisfreie Stadt|weiblich|3427.0
2024|05113|Essen, kreisfreie Stadt|Insgesamt|7621.0
2024|05113|Essen, kreisfreie Stadt|männlich|3743.0
2024|05113|Essen, kreisfreie Stadt|weiblich|3878.0
2024|05114|Krefeld, kreisfreie Stadt|Insgesamt|2987.0
2024|05114|Krefeld, kreisfreie Stadt|männlich|1510.0
2024|05114|Krefeld, kreisfreie Stadt|weiblich|1477.0
2024|05116|Mönchengladbach, kreisfreie Stadt|Insgesamt|3433.0
2024|05116|Mönchengladbach, kreisfreie Stadt|männlich|1711.0
2024|05116|Mönchengladbach, kreisfreie Stadt|weiblich|1722.0
2024|05117|Mülheim an der Ruhr, kreisfreie Stadt|Insgesamt|2339.0
2024|05117|Mülheim an der Ruhr, kreisfreie Stadt|männlich|1141.0
2024|05117|Mülheim an der Ruhr, kreisfreie Stadt|weiblich|1198.0
2024|05119|Oberhausen, kreisfreie Stadt|Insgesamt|2845.0
2024|05119|Oberhausen, kreisfreie Stadt|männlich|1375.0
2024|05119|Oberhausen, kreisfreie Stadt|weiblich|1470.0
2024|05120|Remscheid, kreisfreie Stadt|Insgesamt|1416.0
2024|05120|Remscheid, kreisfreie Stadt|männlich|692.0
2024|05120|Remscheid, kreisfreie Stadt|weiblich|724.0
2024|05122|Solingen, kreisfreie Stadt|Insgesamt|2139.0
2024|05122|Solingen, kreisfreie Stadt|männlich|1037.0
2024|05122|Solingen, kreisfreie Stadt|weiblich|1102.0
2024|05124|Wuppertal, kreisfreie Stadt|Insgesamt|4323.0
2024|05124|Wuppertal, kreisfreie Stadt|männlich|2078.0
2024|05124|Wuppertal, kreisfreie Stadt|weiblich|2245.0
2024|05154|Kleve, Kreis|Insgesamt|3848.0
2024|05154|Kleve, Kreis|männlich|1918.0
2024|05154|Kleve, Kreis|weiblich|1930.0
2024|05158|Mettmann, Kreis|Insgesamt|6523.0
2024|05158|Mettmann, Kreis|männlich|3219.0
2024|05158|Mettmann, Kreis|weiblich|3304.0
2024|05162|Rhein-Kreis Neuss|Insgesamt|5434.0
2024|05162|Rhein-Kreis Neuss|männlich|2701.0
2024|05162|Rhein-Kreis Neuss|weiblich|2733.0
2024|05166|Viersen, Kreis|Insgesamt|3940.0
2024|05166|Viersen, Kreis|männlich|1950.0
2024|05166|Viersen, Kreis|weiblich|1990.0
2024|05170|Wesel, Kreis|Insgesamt|6235.0
2024|05170|Wesel, Kreis|männlich|3017.0
2024|05170|Wesel, Kreis|weiblich|3218.0
2024|05314|Bonn, kreisfreie Stadt|Insgesamt|3179.0
2024|05314|Bonn, kreisfreie Stadt|männlich|1498.0
2024|05314|Bonn, kreisfreie Stadt|weiblich|1681.0
2024|05315|Köln, kreisfreie Stadt|Insgesamt|10558.0
2024|05315|Köln, kreisfreie Stadt|männlich|5235.0
2024|05315|Köln, kreisfreie Stadt|weiblich|5323.0
2024|05316|Leverkusen, kreisfreie Stadt|Insgesamt|1928.0
2024|05316|Leverkusen, kreisfreie Stadt|männlich|919.0
2024|05316|Leverkusen, kreisfreie Stadt|weiblich|1009.0
2024|05334|Städteregion Aachen, Kreis|Insgesamt|6445.0
2024|05334|Städteregion Aachen, Kreis|männlich|3131.0
2024|05334|Städteregion Aachen, Kreis|weiblich|3314.0
2024|05334002|Aachen, kreisfreie Stadt|Insgesamt|2447.0
2024|05334002|Aachen, kreisfreie Stadt|männlich|1194.0
2024|05334002|Aachen, kreisfreie Stadt|weiblich|1253.0
2024|05358|Düren, Kreis|Insgesamt|3474.0
2024|05358|Düren, Kreis|männlich|1710.0
2024|05358|Düren, Kreis|weiblich|1764.0
2024|05362|Rhein-Erft-Kreis|Insgesamt|5809.0
2024|05362|Rhein-Erft-Kreis|männlich|2887.0
2024|05362|Rhein-Erft-Kreis|weiblich|2922.0
2024|05366|Euskirchen, Kreis|Insgesamt|2514.0
2024|05366|Euskirchen, Kreis|männlich|1288.0
2024|05366|Euskirchen, Kreis|weiblich|1226.0
2024|05370|Heinsberg, Kreis|Insgesamt|3257.0
2024|05370|Heinsberg, Kreis|männlich|1587.0
2024|05370|Heinsberg, Kreis|weiblich|1670.0
2024|05374|Oberbergischer Kreis|Insgesamt|3460.0
2024|05374|Oberbergischer Kreis|männlich|1685.0
2024|05374|Oberbergischer Kreis|weiblich|1775.0
2024|05378|Rheinisch-Bergischer Kreis|Insgesamt|3579.0
2024|05378|Rheinisch-Bergischer Kreis|männlich|1751.0
2024|05378|Rheinisch-Bergischer Kreis|weiblich|1828.0
2024|05382|Rhein-Sieg-Kreis|Insgesamt|6826.0
2024|05382|Rhein-Sieg-Kreis|männlich|3384.0
2024|05382|Rhein-Sieg-Kreis|weiblich|3442.0
2024|05512|Bottrop, kreisfreie Stadt|Insgesamt|1552.0
2024|05512|Bottrop, kreisfreie Stadt|männlich|764.0
2024|05512|Bottrop, kreisfreie Stadt|weiblich|788.0
2024|05513|Gelsenkirchen, kreisfreie Stadt|Insgesamt|3379.0
2024|05513|Gelsenkirchen, kreisfreie Stadt|männlich|1657.0
2024|05513|Gelsenkirchen, kreisfreie Stadt|weiblich|1722.0
2024|05515|Münster, kreisfreie Stadt|Insgesamt|2815.0
2024|05515|Münster, kreisfreie Stadt|männlich|1349.0
2024|05515|Münster, kreisfreie Stadt|weiblich|1466.0
2024|05554|Borken, Kreis|Insgesamt|4203.0
2024|05554|Borken, Kreis|männlich|2115.0
2024|05554|Borken, Kreis|weiblich|2088.0
2024|05558|Coesfeld, Kreis|Insgesamt|2591.0
2024|05558|Coesfeld, Kreis|männlich|1248.0
2024|05558|Coesfeld, Kreis|weiblich|1343.0
2024|05562|Recklinghausen, Kreis|Insgesamt|8731.0
2024|05562|Recklinghausen, Kreis|männlich|4266.0
2024|05562|Recklinghausen, Kreis|weiblich|4465.0
2024|05566|Steinfurt, Kreis|Insgesamt|5055.0
2024|05566|Steinfurt, Kreis|männlich|2469.0
2024|05566|Steinfurt, Kreis|weiblich|2586.0
2024|05570|Warendorf, Kreis|Insgesamt|3146.0
2024|05570|Warendorf, Kreis|männlich|1556.0
2024|05570|Warendorf, Kreis|weiblich|1590.0
2024|05711|Bielefeld, kreisfreie Stadt|Insgesamt|3761.0
2024|05711|Bielefeld, kreisfreie Stadt|männlich|1839.0
2024|05711|Bielefeld, kreisfreie Stadt|weiblich|1922.0
2024|05754|Gütersloh, Kreis|Insgesamt|4158.0
2024|05754|Gütersloh, Kreis|männlich|2088.0
2024|05754|Gütersloh, Kreis|weiblich|2070.0
2024|05758|Herford, Kreis|Insgesamt|3168.0
2024|05758|Herford, Kreis|männlich|1506.0
2024|05758|Herford, Kreis|weiblich|1662.0
2024|05762|Höxter, Kreis|Insgesamt|1838.0
2024|05762|Höxter, Kreis|männlich|901.0
2024|05762|Höxter, Kreis|weiblich|937.0
2024|05766|Lippe, Kreis|Insgesamt|4492.0
2024|05766|Lippe, Kreis|männlich|2247.0
2024|05766|Lippe, Kreis|weiblich|2245.0
2024|05770|Minden-Lübbecke, Kreis|Insgesamt|4158.0
2024|05770|Minden-Lübbecke, Kreis|männlich|2042.0
2024|05770|Minden-Lübbecke, Kreis|weiblich|2116.0
2024|05774|Paderborn, Kreis|Insgesamt|3253.0
2024|05774|Paderborn, Kreis|männlich|1600.0
2024|05774|Paderborn, Kreis|weiblich|1653.0
2024|05911|Bochum, kreisfreie Stadt|Insgesamt|4534.0
2024|05911|Bochum, kreisfreie Stadt|männlich|2200.0
2024|05911|Bochum, kreisfreie Stadt|weiblich|2334.0
2024|05913|Dortmund, kreisfreie Stadt|Insgesamt|7466.0
2024|05913|Dortmund, kreisfreie Stadt|männlich|3628.0
2024|05913|Dortmund, kreisfreie Stadt|weiblich|3838.0
2024|05914|Hagen, kreisfreie Stadt|Insgesamt|2608.0
2024|05914|Hagen, kreisfreie Stadt|männlich|1290.0
2024|05914|Hagen, kreisfreie Stadt|weiblich|1318.0
2024|05915|Hamm, kreisfreie Stadt|Insgesamt|2348.0
2024|05915|Hamm, kreisfreie Stadt|männlich|1163.0
2024|05915|Hamm, kreisfreie Stadt|weiblich|1185.0
2024|05916|Herne, kreisfreie Stadt|Insgesamt|2324.0
2024|05916|Herne, kreisfreie Stadt|männlich|1108.0
2024|05916|Herne, kreisfreie Stadt|weiblich|1216.0
2024|05954|Ennepe-Ruhr-Kreis|Insgesamt|4427.0
2024|05954|Ennepe-Ruhr-Kreis|männlich|2095.0
2024|05954|Ennepe-Ruhr-Kreis|weiblich|2332.0
2024|05958|Hochsauerlandkreis|Insgesamt|3322.0
2024|05958|Hochsauerlandkreis|männlich|1624.0
2024|05958|Hochsauerlandkreis|weiblich|1698.0
2024|05962|Märkischer Kreis|Insgesamt|5434.0
2024|05962|Märkischer Kreis|männlich|2649.0
2024|05962|Märkischer Kreis|weiblich|2785.0
2024|05966|Olpe, Kreis|Insgesamt|1581.0
2024|05966|Olpe, Kreis|männlich|787.0
2024|05966|Olpe, Kreis|weiblich|794.0
2024|05970|Siegen-Wittgenstein, Kreis|Insgesamt|3488.0
2024|05970|Siegen-Wittgenstein, Kreis|männlich|1828.0
2024|05970|Siegen-Wittgenstein, Kreis|weiblich|1660.0
2024|05974|Soest, Kreis|Insgesamt|3855.0
2024|05974|Soest, Kreis|männlich|1890.0
2024|05974|Soest, Kreis|weiblich|1965.0
2024|05978|Unna, Kreis|Insgesamt|5495.0
2024|05978|Unna, Kreis|männlich|2737.0
2024|05978|Unna, Kreis|weiblich|2758.0
2024|06411|Darmstadt, kreisfreie Stadt, Wissenschaftsstadt|Insgesamt|1369.0
2024|06411|Darmstadt, kreisfreie Stadt, Wissenschaftsstadt|männlich|683.0
2024|06411|Darmstadt, kreisfreie Stadt, Wissenschaftsstadt|weiblich|686.0
2024|06412|Frankfurt am Main, kreisfreie Stadt|Insgesamt|6246.0
2024|06412|Frankfurt am Main, kreisfreie Stadt|männlich|3122.0
2024|06412|Frankfurt am Main, kreisfreie Stadt|weiblich|3124.0
2024|06413|Offenbach am Main, kreisfreie Stadt|Insgesamt|1157.0
2024|06413|Offenbach am Main, kreisfreie Stadt|männlich|568.0
2024|06413|Offenbach am Main, kreisfreie Stadt|weiblich|589.0
2024|06414|Wiesbaden, kreisfreie Stadt, Landeshauptstadt|Insgesamt|2967.0
2024|06414|Wiesbaden, kreisfreie Stadt, Landeshauptstadt|männlich|1451.0
2024|06414|Wiesbaden, kreisfreie Stadt, Landeshauptstadt|weiblich|1516.0
2024|06431|Bergstraße, Landkreis|Insgesamt|3333.0
2024|06431|Bergstraße, Landkreis|männlich|1635.0
2024|06431|Bergstraße, Landkreis|weiblich|1698.0
2024|06432|Darmstadt-Dieburg, Landkreis|Insgesamt|3260.0
2024|06432|Darmstadt-Dieburg, Landkreis|männlich|1674.0
2024|06432|Darmstadt-Dieburg, Landkreis|weiblich|1586.0
2024|06433|Groß-Gerau, Landkreis|Insgesamt|2888.0
2024|06433|Groß-Gerau, Landkreis|männlich|1488.0
2024|06433|Groß-Gerau, Landkreis|weiblich|1400.0
2024|06434|Hochtaunuskreis|Insgesamt|2763.0
2024|06434|Hochtaunuskreis|männlich|1358.0
2024|06434|Hochtaunuskreis|weiblich|1405.0
2024|06435|Main-Kinzig-Kreis|Insgesamt|4874.0
2024|06435|Main-Kinzig-Kreis|männlich|2475.0
2024|06435|Main-Kinzig-Kreis|weiblich|2399.0
2024|06436|Main-Taunus-Kreis|Insgesamt|2437.0
2024|06436|Main-Taunus-Kreis|männlich|1195.0
2024|06436|Main-Taunus-Kreis|weiblich|1242.0
2024|06437|Odenwaldkreis|Insgesamt|1313.0
2024|06437|Odenwaldkreis|männlich|672.0
2024|06437|Odenwaldkreis|weiblich|641.0
2024|06438|Offenbach, Landkreis|Insgesamt|3823.0
2024|06438|Offenbach, Landkreis|männlich|1904.0
2024|06438|Offenbach, Landkreis|weiblich|1919.0
2024|06439|Rheingau-Taunus-Kreis|Insgesamt|2289.0
2024|06439|Rheingau-Taunus-Kreis|männlich|1130.0
2024|06439|Rheingau-Taunus-Kreis|weiblich|1159.0
2024|06440|Wetteraukreis|Insgesamt|3774.0
2024|06440|Wetteraukreis|männlich|1866.0
2024|06440|Wetteraukreis|weiblich|1908.0
2024|06531|Gießen, Landkreis|Insgesamt|2996.0
2024|06531|Gießen, Landkreis|männlich|1517.0
2024|06531|Gießen, Landkreis|weiblich|1479.0
2024|06532|Lahn-Dill-Kreis|Insgesamt|3383.0
2024|06532|Lahn-Dill-Kreis|männlich|1747.0
2024|06532|Lahn-Dill-Kreis|weiblich|1636.0
2024|06533|Limburg-Weilburg, Landkreis|Insgesamt|2258.0
2024|06533|Limburg-Weilburg, Landkreis|männlich|1163.0
2024|06533|Limburg-Weilburg, Landkreis|weiblich|1095.0
2024|06534|Marburg-Biedenkopf, Landkreis|Insgesamt|2771.0
2024|06534|Marburg-Biedenkopf, Landkreis|männlich|1406.0
2024|06534|Marburg-Biedenkopf, Landkreis|weiblich|1365.0
2024|06535|Vogelsbergkreis|Insgesamt|1411.0
2024|06535|Vogelsbergkreis|männlich|693.0
2024|06535|Vogelsbergkreis|weiblich|718.0
2024|06611|Kassel, kreisfreie Stadt, documenta-Stadt|Insgesamt|2291.0
2024|06611|Kassel, kreisfreie Stadt, documenta-Stadt|männlich|1139.0
2024|06611|Kassel, kreisfreie Stadt, documenta-Stadt|weiblich|1152.0
2024|06631|Fulda, Landkreis|Insgesamt|2732.0
2024|06631|Fulda, Landkreis|männlich|1343.0
2024|06631|Fulda, Landkreis|weiblich|1389.0
2024|06632|Hersfeld-Rotenburg, Landkreis|Insgesamt|1754.0
2024|06632|Hersfeld-Rotenburg, Landkreis|männlich|892.0
2024|06632|Hersfeld-Rotenburg, Landkreis|weiblich|862.0
2024|06633|Kassel, Landkreis|Insgesamt|3251.0
2024|06633|Kassel, Landkreis|männlich|1606.0
2024|06633|Kassel, Landkreis|weiblich|1645.0
2024|06634|Schwalm-Eder-Kreis|Insgesamt|2494.0
2024|06634|Schwalm-Eder-Kreis|männlich|1258.0
2024|06634|Schwalm-Eder-Kreis|weiblich|1236.0
2024|06635|Waldeck-Frankenberg, Landkreis|Insgesamt|2163.0
2024|06635|Waldeck-Frankenberg, Landkreis|männlich|1052.0
2024|06635|Waldeck-Frankenberg, Landkreis|weiblich|1111.0
2024|06636|Werra-Meißner-Kreis|Insgesamt|1550.0
2024|06636|Werra-Meißner-Kreis|männlich|776.0
2024|06636|Werra-Meißner-Kreis|weiblich|774.0
2024|07111|Koblenz, kreisfreie Stadt|Insgesamt|1442.0
2024|07111|Koblenz, kreisfreie Stadt|männlich|656.0
2024|07111|Koblenz, kreisfreie Stadt|weiblich|786.0
2024|07131|Ahrweiler, Landkreis|Insgesamt|1613.0
2024|07131|Ahrweiler, Landkreis|männlich|849.0
2024|07131|Ahrweiler, Landkreis|weiblich|764.0
2024|07132|Altenkirchen (Westerwald), Landkreis|Insgesamt|1718.0
2024|07132|Altenkirchen (Westerwald), Landkreis|männlich|874.0
2024|07132|Altenkirchen (Westerwald), Landkreis|weiblich|844.0
2024|07133|Bad Kreuznach, Landkreis|Insgesamt|2153.0
2024|07133|Bad Kreuznach, Landkreis|männlich|1054.0
2024|07133|Bad Kreuznach, Landkreis|weiblich|1099.0
2024|07134|Birkenfeld, Landkreis|Insgesamt|1246.0
2024|07134|Birkenfeld, Landkreis|männlich|623.0
2024|07134|Birkenfeld, Landkreis|weiblich|623.0
2024|07135|Cochem-Zell, Landkreis|Insgesamt|877.0
2024|07135|Cochem-Zell, Landkreis|männlich|429.0
2024|07135|Cochem-Zell, Landkreis|weiblich|448.0
2024|07137|Mayen-Koblenz, Landkreis|Insgesamt|2746.0
2024|07137|Mayen-Koblenz, Landkreis|männlich|1392.0
2024|07137|Mayen-Koblenz, Landkreis|weiblich|1354.0
2024|07138|Neuwied, Landkreis|Insgesamt|2448.0
2024|07138|Neuwied, Landkreis|männlich|1225.0
2024|07138|Neuwied, Landkreis|weiblich|1223.0
2024|07140|Rhein-Hunsrück-Kreis|Insgesamt|1363.0
2024|07140|Rhein-Hunsrück-Kreis|männlich|667.0
2024|07140|Rhein-Hunsrück-Kreis|weiblich|696.0
2024|07141|Rhein-Lahn-Kreis|Insgesamt|1653.0
2024|07141|Rhein-Lahn-Kreis|männlich|836.0
2024|07141|Rhein-Lahn-Kreis|weiblich|817.0
2024|07143|Westerwaldkreis|Insgesamt|2538.0
2024|07143|Westerwaldkreis|männlich|1237.0
2024|07143|Westerwaldkreis|weiblich|1301.0
2024|07211|Trier, kreisfreie Stadt|Insgesamt|1193.0
2024|07211|Trier, kreisfreie Stadt|männlich|579.0
2024|07211|Trier, kreisfreie Stadt|weiblich|614.0
2024|07231|Bernkastel-Wittlich, Landkreis|Insgesamt|1449.0
2024|07231|Bernkastel-Wittlich, Landkreis|männlich|721.0
2024|07231|Bernkastel-Wittlich, Landkreis|weiblich|728.0
2024|07232|Eifelkreis Bitburg-Prüm|Insgesamt|1190.0
2024|07232|Eifelkreis Bitburg-Prüm|männlich|617.0
2024|07232|Eifelkreis Bitburg-Prüm|weiblich|573.0
2024|07233|Vulkaneifel, Landkreis|Insgesamt|892.0
2024|07233|Vulkaneifel, Landkreis|männlich|464.0
2024|07233|Vulkaneifel, Landkreis|weiblich|428.0
2024|07235|Trier-Saarburg, Landkreis|Insgesamt|1707.0
2024|07235|Trier-Saarburg, Landkreis|männlich|855.0
2024|07235|Trier-Saarburg, Landkreis|weiblich|852.0
2024|07311|Frankenthal (Pfalz), kreisfreie Stadt|Insgesamt|656.0
2024|07311|Frankenthal (Pfalz), kreisfreie Stadt|männlich|295.0
2024|07311|Frankenthal (Pfalz), kreisfreie Stadt|weiblich|361.0
2024|07312|Kaiserslautern, kreisfreie Stadt|Insgesamt|1279.0
2024|07312|Kaiserslautern, kreisfreie Stadt|männlich|639.0
2024|07312|Kaiserslautern, kreisfreie Stadt|weiblich|640.0
2024|07313|Landau in der Pfalz, kreisfreie Stadt|Insgesamt|554.0
2024|07313|Landau in der Pfalz, kreisfreie Stadt|männlich|251.0
2024|07313|Landau in der Pfalz, kreisfreie Stadt|weiblich|303.0
2024|07314|Ludwigshafen am Rhein, kreisfreie Stadt|Insgesamt|1903.0
2024|07314|Ludwigshafen am Rhein, kreisfreie Stadt|männlich|956.0
2024|07314|Ludwigshafen am Rhein, kreisfreie Stadt|weiblich|947.0
2024|07315|Mainz, kreisfreie Stadt|Insgesamt|2003.0
2024|07315|Mainz, kreisfreie Stadt|männlich|959.0
2024|07315|Mainz, kreisfreie Stadt|weiblich|1044.0
2024|07316|Neustadt an der Weinstraße, kreisfreie Stadt|Insgesamt|768.0
2024|07316|Neustadt an der Weinstraße, kreisfreie Stadt|männlich|405.0
2024|07316|Neustadt an der Weinstraße, kreisfreie Stadt|weiblich|363.0
2024|07317|Pirmasens, kreisfreie Stadt|Insgesamt|696.0
2024|07317|Pirmasens, kreisfreie Stadt|männlich|327.0
2024|07317|Pirmasens, kreisfreie Stadt|weiblich|369.0
2024|07318|Speyer, kreisfreie Stadt|Insgesamt|658.0
2024|07318|Speyer, kreisfreie Stadt|männlich|310.0
2024|07318|Speyer, kreisfreie Stadt|weiblich|348.0
2024|07319|Worms, kreisfreie Stadt|Insgesamt|968.0
2024|07319|Worms, kreisfreie Stadt|männlich|481.0
2024|07319|Worms, kreisfreie Stadt|weiblich|487.0
2024|07320|Zweibrücken, kreisfreie Stadt|Insgesamt|482.0
2024|07320|Zweibrücken, kreisfreie Stadt|männlich|233.0
2024|07320|Zweibrücken, kreisfreie Stadt|weiblich|249.0
2024|07331|Alzey-Worms, Landkreis|Insgesamt|1489.0
2024|07331|Alzey-Worms, Landkreis|männlich|737.0
2024|07331|Alzey-Worms, Landkreis|weiblich|752.0
2024|07332|Bad Dürkheim, Landkreis|Insgesamt|1726.0
2024|07332|Bad Dürkheim, Landkreis|männlich|905.0
2024|07332|Bad Dürkheim, Landkreis|weiblich|821.0
2024|07333|Donnersbergkreis|Insgesamt|985.0
2024|07333|Donnersbergkreis|männlich|470.0
2024|07333|Donnersbergkreis|weiblich|515.0
2024|07334|Germersheim, Landkreis|Insgesamt|1432.0
2024|07334|Germersheim, Landkreis|männlich|721.0
2024|07334|Germersheim, Landkreis|weiblich|711.0
2024|07335|Kaiserslautern, Landkreis|Insgesamt|1341.0
2024|07335|Kaiserslautern, Landkreis|männlich|691.0
2024|07335|Kaiserslautern, Landkreis|weiblich|650.0
2024|07336|Kusel, Landkreis|Insgesamt|1036.0
2024|07336|Kusel, Landkreis|männlich|520.0
2024|07336|Kusel, Landkreis|weiblich|516.0
2024|07337|Südliche Weinstraße, Landkreis|Insgesamt|1389.0
2024|07337|Südliche Weinstraße, Landkreis|männlich|706.0
2024|07337|Südliche Weinstraße, Landkreis|weiblich|683.0
2024|07338|Rhein-Pfalz-Kreis|Insgesamt|1889.0
2024|07338|Rhein-Pfalz-Kreis|männlich|938.0
2024|07338|Rhein-Pfalz-Kreis|weiblich|951.0
2024|07339|Mainz-Bingen, Landkreis|Insgesamt|2302.0
2024|07339|Mainz-Bingen, Landkreis|männlich|1138.0
2024|07339|Mainz-Bingen, Landkreis|weiblich|1164.0
2024|07340|Südwestpfalz, Landkreis|Insgesamt|1373.0
2024|07340|Südwestpfalz, Landkreis|männlich|707.0
2024|07340|Südwestpfalz, Landkreis|weiblich|666.0
2024|08111|Stuttgart, Stadtkreis|Insgesamt|5475.0
2024|08111|Stuttgart, Stadtkreis|männlich|2709.0
2024|08111|Stuttgart, Stadtkreis|weiblich|2766.0
2024|08115|Böblingen, Landkreis|Insgesamt|3898.0
2024|08115|Böblingen, Landkreis|männlich|2000.0
2024|08115|Böblingen, Landkreis|weiblich|1898.0
2024|08116|Esslingen, Landkreis|Insgesamt|5715.0
2024|08116|Esslingen, Landkreis|männlich|2888.0
2024|08116|Esslingen, Landkreis|weiblich|2827.0
2024|08117|Göppingen, Landkreis|Insgesamt|3107.0
2024|08117|Göppingen, Landkreis|männlich|1556.0
2024|08117|Göppingen, Landkreis|weiblich|1551.0
2024|08118|Ludwigsburg, Landkreis|Insgesamt|5456.0
2024|08118|Ludwigsburg, Landkreis|männlich|2730.0
2024|08118|Ludwigsburg, Landkreis|weiblich|2726.0
2024|08119|Rems-Murr-Kreis, Landkreis|Insgesamt|4726.0
2024|08119|Rems-Murr-Kreis, Landkreis|männlich|2412.0
2024|08119|Rems-Murr-Kreis, Landkreis|weiblich|2314.0
2024|08121|Heilbronn, Stadtkreis|Insgesamt|1418.0
2024|08121|Heilbronn, Stadtkreis|männlich|672.0
2024|08121|Heilbronn, Stadtkreis|weiblich|746.0
2024|08125|Heilbronn, Landkreis|Insgesamt|3603.0
2024|08125|Heilbronn, Landkreis|männlich|1798.0
2024|08125|Heilbronn, Landkreis|weiblich|1805.0
2024|08126|Hohenlohekreis, Landkreis|Insgesamt|1142.0
2024|08126|Hohenlohekreis, Landkreis|männlich|577.0
2024|08126|Hohenlohekreis, Landkreis|weiblich|565.0
2024|08127|Schwäbisch Hall, Landkreis|Insgesamt|2111.0
2024|08127|Schwäbisch Hall, Landkreis|männlich|1053.0
2024|08127|Schwäbisch Hall, Landkreis|weiblich|1058.0
2024|08128|Main-Tauber-Kreis, Landkreis|Insgesamt|1647.0
2024|08128|Main-Tauber-Kreis, Landkreis|männlich|859.0
2024|08128|Main-Tauber-Kreis, Landkreis|weiblich|788.0
2024|08135|Heidenheim, Landkreis|Insgesamt|1562.0
2024|08135|Heidenheim, Landkreis|männlich|777.0
2024|08135|Heidenheim, Landkreis|weiblich|785.0
2024|08136|Ostalbkreis, Landkreis|Insgesamt|3586.0
2024|08136|Ostalbkreis, Landkreis|männlich|1796.0
2024|08136|Ostalbkreis, Landkreis|weiblich|1790.0
2024|08211|Baden-Baden, Stadtkreis|Insgesamt|746.0
2024|08211|Baden-Baden, Stadtkreis|männlich|361.0
2024|08211|Baden-Baden, Stadtkreis|weiblich|385.0
2024|08212|Karlsruhe, Stadtkreis|Insgesamt|2990.0
2024|08212|Karlsruhe, Stadtkreis|männlich|1514.0
2024|08212|Karlsruhe, Stadtkreis|weiblich|1476.0
2024|08215|Karlsruhe, Landkreis|Insgesamt|4975.0
2024|08215|Karlsruhe, Landkreis|männlich|2531.0
2024|08215|Karlsruhe, Landkreis|weiblich|2444.0
2024|08216|Rastatt, Landkreis|Insgesamt|2627.0
2024|08216|Rastatt, Landkreis|männlich|1317.0
2024|08216|Rastatt, Landkreis|weiblich|1310.0
2024|08221|Heidelberg, Stadtkreis|Insgesamt|1294.0
2024|08221|Heidelberg, Stadtkreis|männlich|609.0
2024|08221|Heidelberg, Stadtkreis|weiblich|685.0
2024|08222|Mannheim, Stadtkreis|Insgesamt|3135.0
2024|08222|Mannheim, Stadtkreis|männlich|1550.0
2024|08222|Mannheim, Stadtkreis|weiblich|1585.0
2024|08225|Neckar-Odenwald-Kreis, Landkreis|Insgesamt|1779.0
2024|08225|Neckar-Odenwald-Kreis, Landkreis|männlich|895.0
2024|08225|Neckar-Odenwald-Kreis, Landkreis|weiblich|884.0
2024|08226|Rhein-Neckar-Kreis, Landkreis|Insgesamt|6116.0
2024|08226|Rhein-Neckar-Kreis, Landkreis|männlich|3070.0
2024|08226|Rhein-Neckar-Kreis, Landkreis|weiblich|3046.0
2024|08231|Pforzheim, Stadtkreis|Insgesamt|1460.0
2024|08231|Pforzheim, Stadtkreis|männlich|734.0
2024|08231|Pforzheim, Stadtkreis|weiblich|726.0
2024|08235|Calw, Landkreis|Insgesamt|1772.0
2024|08235|Calw, Landkreis|männlich|873.0
2024|08235|Calw, Landkreis|weiblich|899.0
2024|08236|Enzkreis, Landkreis|Insgesamt|2313.0
2024|08236|Enzkreis, Landkreis|männlich|1162.0
2024|08236|Enzkreis, Landkreis|weiblich|1151.0
2024|08237|Freudenstadt, Landkreis|Insgesamt|1348.0
2024|08237|Freudenstadt, Landkreis|männlich|650.0
2024|08237|Freudenstadt, Landkreis|weiblich|698.0
2024|08311|Freiburg im Breisgau, Stadtkreis|Insgesamt|1984.0
2024|08311|Freiburg im Breisgau, Stadtkreis|männlich|927.0
2024|08311|Freiburg im Breisgau, Stadtkreis|weiblich|1057.0
2024|08315|Breisgau-Hochschwarzwald, Landkreis|Insgesamt|2941.0
2024|08315|Breisgau-Hochschwarzwald, Landkreis|männlich|1501.0
2024|08315|Breisgau-Hochschwarzwald, Landkreis|weiblich|1440.0
2024|08316|Emmendingen, Landkreis|Insgesamt|1834.0
2024|08316|Emmendingen, Landkreis|männlich|899.0
2024|08316|Emmendingen, Landkreis|weiblich|935.0
2024|08317|Ortenaukreis, Landkreis|Insgesamt|4964.0
2024|08317|Ortenaukreis, Landkreis|männlich|2482.0
2024|08317|Ortenaukreis, Landkreis|weiblich|2482.0
2024|08325|Rottweil, Landkreis|Insgesamt|1592.0
2024|08325|Rottweil, Landkreis|männlich|791.0
2024|08325|Rottweil, Landkreis|weiblich|801.0
2024|08326|Schwarzwald-Baar-Kreis, Landkreis|Insgesamt|2583.0
2024|08326|Schwarzwald-Baar-Kreis, Landkreis|männlich|1302.0
2024|08326|Schwarzwald-Baar-Kreis, Landkreis|weiblich|1281.0
2024|08327|Tuttlingen, Landkreis|Insgesamt|1562.0
2024|08327|Tuttlingen, Landkreis|männlich|817.0
2024|08327|Tuttlingen, Landkreis|weiblich|745.0
2024|08335|Konstanz, Landkreis|Insgesamt|3241.0
2024|08335|Konstanz, Landkreis|männlich|1575.0
2024|08335|Konstanz, Landkreis|weiblich|1666.0
2024|08336|Lörrach, Landkreis|Insgesamt|2500.0
2024|08336|Lörrach, Landkreis|männlich|1270.0
2024|08336|Lörrach, Landkreis|weiblich|1230.0
2024|08337|Waldshut, Landkreis|Insgesamt|1873.0
2024|08337|Waldshut, Landkreis|männlich|949.0
2024|08337|Waldshut, Landkreis|weiblich|924.0
2024|08415|Reutlingen, Landkreis|Insgesamt|3124.0
2024|08415|Reutlingen, Landkreis|männlich|1578.0
2024|08415|Reutlingen, Landkreis|weiblich|1546.0
2024|08416|Tübingen, Landkreis|Insgesamt|1927.0
2024|08416|Tübingen, Landkreis|männlich|960.0
2024|08416|Tübingen, Landkreis|weiblich|967.0
2024|08417|Zollernalbkreis, Landkreis|Insgesamt|2392.0
2024|08417|Zollernalbkreis, Landkreis|männlich|1184.0
2024|08417|Zollernalbkreis, Landkreis|weiblich|1208.0
2024|08421|Ulm, Stadtkreis|Insgesamt|1241.0
2024|08421|Ulm, Stadtkreis|männlich|624.0
2024|08421|Ulm, Stadtkreis|weiblich|617.0
2024|08425|Alb-Donau-Kreis, Landkreis|Insgesamt|2066.0
2024|08425|Alb-Donau-Kreis, Landkreis|männlich|1030.0
2024|08425|Alb-Donau-Kreis, Landkreis|weiblich|1036.0
2024|08426|Biberach, Landkreis|Insgesamt|1982.0
2024|08426|Biberach, Landkreis|männlich|1013.0
2024|08426|Biberach, Landkreis|weiblich|969.0
2024|08435|Bodenseekreis, Landkreis|Insgesamt|2357.0
2024|08435|Bodenseekreis, Landkreis|männlich|1193.0
2024|08435|Bodenseekreis, Landkreis|weiblich|1164.0
2024|08436|Ravensburg, Landkreis|Insgesamt|2944.0
2024|08436|Ravensburg, Landkreis|männlich|1483.0
2024|08436|Ravensburg, Landkreis|weiblich|1461.0
2024|08437|Sigmaringen, Landkreis|Insgesamt|1475.0
2024|08437|Sigmaringen, Landkreis|männlich|733.0
2024|08437|Sigmaringen, Landkreis|weiblich|742.0
2024|09161|Ingolstadt, kreisfreie Stadt|Insgesamt|1408.0
2024|09161|Ingolstadt, kreisfreie Stadt|männlich|694.0
2024|09161|Ingolstadt, kreisfreie Stadt|weiblich|714.0
2024|09162|München, kreisfreie Stadt|Insgesamt|12509.0
2024|09162|München, kreisfreie Stadt|männlich|6096.0
2024|09162|München, kreisfreie Stadt|weiblich|6413.0
2024|09163|Rosenheim, kreisfreie Stadt|Insgesamt|618.0
2024|09163|Rosenheim, kreisfreie Stadt|männlich|310.0
2024|09163|Rosenheim, kreisfreie Stadt|weiblich|308.0
2024|09171|Altötting, Landkreis|Insgesamt|1377.0
2024|09171|Altötting, Landkreis|männlich|650.0
2024|09171|Altötting, Landkreis|weiblich|727.0
2024|09172|Berchtesgadener Land, Landkreis|Insgesamt|1214.0
2024|09172|Berchtesgadener Land, Landkreis|männlich|589.0
2024|09172|Berchtesgadener Land, Landkreis|weiblich|625.0
2024|09173|Bad Tölz-Wolfratshausen, Landkreis|Insgesamt|1379.0
2024|09173|Bad Tölz-Wolfratshausen, Landkreis|männlich|654.0
2024|09173|Bad Tölz-Wolfratshausen, Landkreis|weiblich|725.0
2024|09174|Dachau, Landkreis|Insgesamt|1527.0
2024|09174|Dachau, Landkreis|männlich|768.0
2024|09174|Dachau, Landkreis|weiblich|759.0
2024|09175|Ebersberg, Landkreis|Insgesamt|1392.0
2024|09175|Ebersberg, Landkreis|männlich|679.0
2024|09175|Ebersberg, Landkreis|weiblich|713.0
2024|09176|Eichstätt, Landkreis|Insgesamt|1140.0
2024|09176|Eichstätt, Landkreis|männlich|599.0
2024|09176|Eichstätt, Landkreis|weiblich|541.0
2024|09177|Erding, Landkreis|Insgesamt|1305.0
2024|09177|Erding, Landkreis|männlich|663.0
2024|09177|Erding, Landkreis|weiblich|642.0
2024|09178|Freising, Landkreis|Insgesamt|1549.0
2024|09178|Freising, Landkreis|männlich|805.0
2024|09178|Freising, Landkreis|weiblich|744.0
2024|09179|Fürstenfeldbruck, Landkreis|Insgesamt|2297.0
2024|09179|Fürstenfeldbruck, Landkreis|männlich|1130.0
2024|09179|Fürstenfeldbruck, Landkreis|weiblich|1167.0
2024|09180|Garmisch-Partenkirchen, Landkreis|Insgesamt|1117.0
2024|09180|Garmisch-Partenkirchen, Landkreis|männlich|557.0
2024|09180|Garmisch-Partenkirchen, Landkreis|weiblich|560.0
2024|09181|Landsberg am Lech, Landkreis|Insgesamt|1134.0
2024|09181|Landsberg am Lech, Landkreis|männlich|570.0
2024|09181|Landsberg am Lech, Landkreis|weiblich|564.0
2024|09182|Miesbach, Landkreis|Insgesamt|1008.0
2024|09182|Miesbach, Landkreis|männlich|503.0
2024|09182|Miesbach, Landkreis|weiblich|505.0
2024|09183|Mühldorf a.Inn, Landkreis|Insgesamt|1365.0
2024|09183|Mühldorf a.Inn, Landkreis|männlich|695.0
2024|09183|Mühldorf a.Inn, Landkreis|weiblich|670.0
2024|09184|München, Landkreis|Insgesamt|3685.0
2024|09184|München, Landkreis|männlich|1754.0
2024|09184|München, Landkreis|weiblich|1931.0
2024|09185|Neuburg-Schrobenhausen, Landkreis|Insgesamt|1088.0
2024|09185|Neuburg-Schrobenhausen, Landkreis|männlich|540.0
2024|09185|Neuburg-Schrobenhausen, Landkreis|weiblich|548.0
2024|09186|Pfaffenhofen a.d.Ilm, Landkreis|Insgesamt|1265.0
2024|09186|Pfaffenhofen a.d.Ilm, Landkreis|männlich|650.0
2024|09186|Pfaffenhofen a.d.Ilm, Landkreis|weiblich|615.0
2024|09187|Rosenheim, Landkreis|Insgesamt|2848.0
2024|09187|Rosenheim, Landkreis|männlich|1419.0
2024|09187|Rosenheim, Landkreis|weiblich|1429.0
2024|09188|Starnberg, Landkreis|Insgesamt|1492.0
2024|09188|Starnberg, Landkreis|männlich|737.0
2024|09188|Starnberg, Landkreis|weiblich|755.0
2024|09189|Traunstein, Landkreis|Insgesamt|2072.0
2024|09189|Traunstein, Landkreis|männlich|1085.0
2024|09189|Traunstein, Landkreis|weiblich|987.0
2024|09190|Weilheim-Schongau, Landkreis|Insgesamt|1532.0
2024|09190|Weilheim-Schongau, Landkreis|männlich|786.0
2024|09190|Weilheim-Schongau, Landkreis|weiblich|746.0
2024|09261|Landshut, kreisfreie Stadt|Insgesamt|852.0
2024|09261|Landshut, kreisfreie Stadt|männlich|396.0
2024|09261|Landshut, kreisfreie Stadt|weiblich|456.0
2024|09262|Passau, kreisfreie Stadt|Insgesamt|649.0
2024|09262|Passau, kreisfreie Stadt|männlich|298.0
2024|09262|Passau, kreisfreie Stadt|weiblich|351.0
2024|09263|Straubing, kreisfreie Stadt|Insgesamt|624.0
2024|09263|Straubing, kreisfreie Stadt|männlich|311.0
2024|09263|Straubing, kreisfreie Stadt|weiblich|313.0
2024|09271|Deggendorf, Landkreis|Insgesamt|1394.0
2024|09271|Deggendorf, Landkreis|männlich|688.0
2024|09271|Deggendorf, Landkreis|weiblich|706.0
2024|09272|Freyung-Grafenau, Landkreis|Insgesamt|958.0
2024|09272|Freyung-Grafenau, Landkreis|männlich|459.0
2024|09272|Freyung-Grafenau, Landkreis|weiblich|499.0
2024|09273|Kelheim, Landkreis|Insgesamt|1313.0
2024|09273|Kelheim, Landkreis|männlich|679.0
2024|09273|Kelheim, Landkreis|weiblich|634.0
2024|09274|Landshut, Landkreis|Insgesamt|1592.0
2024|09274|Landshut, Landkreis|männlich|809.0
2024|09274|Landshut, Landkreis|weiblich|783.0
2024|09275|Passau, Landkreis|Insgesamt|2261.0
2024|09275|Passau, Landkreis|männlich|1145.0
2024|09275|Passau, Landkreis|weiblich|1116.0
2024|09276|Regen, Landkreis|Insgesamt|1046.0
2024|09276|Regen, Landkreis|männlich|553.0
2024|09276|Regen, Landkreis|weiblich|493.0
2024|09277|Rottal-Inn, Landkreis|Insgesamt|1531.0
2024|09277|Rottal-Inn, Landkreis|männlich|762.0
2024|09277|Rottal-Inn, Landkreis|weiblich|769.0
2024|09278|Straubing-Bogen, Landkreis|Insgesamt|1120.0
2024|09278|Straubing-Bogen, Landkreis|männlich|544.0
2024|09278|Straubing-Bogen, Landkreis|weiblich|576.0
2024|09279|Dingolfing-Landau, Landkreis|Insgesamt|1038.0
2024|09279|Dingolfing-Landau, Landkreis|männlich|525.0
2024|09279|Dingolfing-Landau, Landkreis|weiblich|513.0
2024|09361|Amberg, kreisfreie Stadt|Insgesamt|587.0
2024|09361|Amberg, kreisfreie Stadt|männlich|286.0
2024|09361|Amberg, kreisfreie Stadt|weiblich|301.0
2024|09362|Regensburg, kreisfreie Stadt|Insgesamt|1540.0
2024|09362|Regensburg, kreisfreie Stadt|männlich|731.0
2024|09362|Regensburg, kreisfreie Stadt|weiblich|809.0
2024|09363|Weiden i.d.OPf., kreisfreie Stadt|Insgesamt|589.0
2024|09363|Weiden i.d.OPf., kreisfreie Stadt|männlich|301.0
2024|09363|Weiden i.d.OPf., kreisfreie Stadt|weiblich|288.0
2024|09371|Amberg-Sulzbach, Landkreis|Insgesamt|1280.0
2024|09371|Amberg-Sulzbach, Landkreis|männlich|639.0
2024|09371|Amberg-Sulzbach, Landkreis|weiblich|641.0
2024|09372|Cham, Landkreis|Insgesamt|1554.0
2024|09372|Cham, Landkreis|männlich|787.0
2024|09372|Cham, Landkreis|weiblich|767.0
2024|09373|Neumarkt i.d.OPf., Landkreis|Insgesamt|1465.0
2024|09373|Neumarkt i.d.OPf., Landkreis|männlich|729.0
2024|09373|Neumarkt i.d.OPf., Landkreis|weiblich|736.0
2024|09374|Neustadt a.d.Waldnaab, Landkreis|Insgesamt|1177.0
2024|09374|Neustadt a.d.Waldnaab, Landkreis|männlich|583.0
2024|09374|Neustadt a.d.Waldnaab, Landkreis|weiblich|594.0
2024|09375|Regensburg, Landkreis|Insgesamt|1947.0
2024|09375|Regensburg, Landkreis|männlich|960.0
2024|09375|Regensburg, Landkreis|weiblich|987.0
2024|09376|Schwandorf, Landkreis|Insgesamt|1768.0
2024|09376|Schwandorf, Landkreis|männlich|893.0
2024|09376|Schwandorf, Landkreis|weiblich|875.0
2024|09377|Tirschenreuth, Landkreis|Insgesamt|1072.0
2024|09377|Tirschenreuth, Landkreis|männlich|514.0
2024|09377|Tirschenreuth, Landkreis|weiblich|558.0
2024|09461|Bamberg, kreisfreie Stadt|Insgesamt|839.0
2024|09461|Bamberg, kreisfreie Stadt|männlich|412.0
2024|09461|Bamberg, kreisfreie Stadt|weiblich|427.0
2024|09462|Bayreuth, kreisfreie Stadt|Insgesamt|919.0
2024|09462|Bayreuth, kreisfreie Stadt|männlich|449.0
2024|09462|Bayreuth, kreisfreie Stadt|weiblich|470.0
2024|09463|Coburg, kreisfreie Stadt|Insgesamt|499.0
2024|09463|Coburg, kreisfreie Stadt|männlich|216.0
2024|09463|Coburg, kreisfreie Stadt|weiblich|283.0
2024|09464|Hof, kreisfreie Stadt|Insgesamt|681.0
2024|09464|Hof, kreisfreie Stadt|männlich|303.0
2024|09464|Hof, kreisfreie Stadt|weiblich|378.0
2024|09471|Bamberg, Landkreis|Insgesamt|1579.0
2024|09471|Bamberg, Landkreis|männlich|773.0
2024|09471|Bamberg, Landkreis|weiblich|806.0
2024|09472|Bayreuth, Landkreis|Insgesamt|1314.0
2024|09472|Bayreuth, Landkreis|männlich|636.0
2024|09472|Bayreuth, Landkreis|weiblich|678.0
2024|09473|Coburg, Landkreis|Insgesamt|1141.0
2024|09473|Coburg, Landkreis|männlich|531.0
2024|09473|Coburg, Landkreis|weiblich|610.0
2024|09474|Forchheim, Landkreis|Insgesamt|1332.0
2024|09474|Forchheim, Landkreis|männlich|668.0
2024|09474|Forchheim, Landkreis|weiblich|664.0
2024|09475|Hof, Landkreis|Insgesamt|1498.0
2024|09475|Hof, Landkreis|männlich|760.0
2024|09475|Hof, Landkreis|weiblich|738.0
2024|09476|Kronach, Landkreis|Insgesamt|923.0
2024|09476|Kronach, Landkreis|männlich|458.0
2024|09476|Kronach, Landkreis|weiblich|465.0
2024|09477|Kulmbach, Landkreis|Insgesamt|1006.0
2024|09477|Kulmbach, Landkreis|männlich|481.0
2024|09477|Kulmbach, Landkreis|weiblich|525.0
2024|09478|Lichtenfels, Landkreis|Insgesamt|967.0
2024|09478|Lichtenfels, Landkreis|männlich|478.0
2024|09478|Lichtenfels, Landkreis|weiblich|489.0
2024|09479|Wunsiedel i.Fichtelgebirge, Landkreis|Insgesamt|1162.0
2024|09479|Wunsiedel i.Fichtelgebirge, Landkreis|männlich|577.0
2024|09479|Wunsiedel i.Fichtelgebirge, Landkreis|weiblich|585.0
2024|09561|Ansbach, kreisfreie Stadt|Insgesamt|583.0
2024|09561|Ansbach, kreisfreie Stadt|männlich|276.0
2024|09561|Ansbach, kreisfreie Stadt|weiblich|307.0
2024|09562|Erlangen, kreisfreie Stadt|Insgesamt|1135.0
2024|09562|Erlangen, kreisfreie Stadt|männlich|543.0
2024|09562|Erlangen, kreisfreie Stadt|weiblich|592.0
2024|09563|Fürth, kreisfreie Stadt|Insgesamt|1398.0
2024|09563|Fürth, kreisfreie Stadt|männlich|676.0
2024|09563|Fürth, kreisfreie Stadt|weiblich|722.0
2024|09564|Nürnberg, kreisfreie Stadt|Insgesamt|5834.0
2024|09564|Nürnberg, kreisfreie Stadt|männlich|2848.0
2024|09564|Nürnberg, kreisfreie Stadt|weiblich|2986.0
2024|09565|Schwabach, kreisfreie Stadt|Insgesamt|504.0
2024|09565|Schwabach, kreisfreie Stadt|männlich|257.0
2024|09565|Schwabach, kreisfreie Stadt|weiblich|247.0
2024|09571|Ansbach, Landkreis|Insgesamt|2136.0
2024|09571|Ansbach, Landkreis|männlich|1062.0
2024|09571|Ansbach, Landkreis|weiblich|1074.0
2024|09572|Erlangen-Höchstadt, Landkreis|Insgesamt|1392.0
2024|09572|Erlangen-Höchstadt, Landkreis|männlich|699.0
2024|09572|Erlangen-Höchstadt, Landkreis|weiblich|693.0
2024|09573|Fürth, Landkreis|Insgesamt|1409.0
2024|09573|Fürth, Landkreis|männlich|694.0
2024|09573|Fürth, Landkreis|weiblich|715.0
2024|09574|Nürnberger Land, Landkreis|Insgesamt|2069.0
2024|09574|Nürnberger Land, Landkreis|männlich|1060.0
2024|09574|Nürnberger Land, Landkreis|weiblich|1009.0
2024|09575|Neustadt a.d.Aisch-Bad Windsheim, Landkreis|Insgesamt|1229.0
2024|09575|Neustadt a.d.Aisch-Bad Windsheim, Landkreis|männlich|645.0
2024|09575|Neustadt a.d.Aisch-Bad Windsheim, Landkreis|weiblich|584.0
2024|09576|Roth, Landkreis|Insgesamt|1464.0
2024|09576|Roth, Landkreis|männlich|741.0
2024|09576|Roth, Landkreis|weiblich|723.0
2024|09577|Weißenburg-Gunzenhausen, Landkreis|Insgesamt|1135.0
2024|09577|Weißenburg-Gunzenhausen, Landkreis|männlich|603.0
2024|09577|Weißenburg-Gunzenhausen, Landkreis|weiblich|532.0
2024|09661|Aschaffenburg, kreisfreie Stadt|Insgesamt|773.0
2024|09661|Aschaffenburg, kreisfreie Stadt|männlich|394.0
2024|09661|Aschaffenburg, kreisfreie Stadt|weiblich|379.0
2024|09662|Schweinfurt, kreisfreie Stadt|Insgesamt|725.0
2024|09662|Schweinfurt, kreisfreie Stadt|männlich|357.0
2024|09662|Schweinfurt, kreisfreie Stadt|weiblich|368.0
2024|09663|Würzburg, kreisfreie Stadt|Insgesamt|1484.0
2024|09663|Würzburg, kreisfreie Stadt|männlich|706.0
2024|09663|Würzburg, kreisfreie Stadt|weiblich|778.0
2024|09671|Aschaffenburg, Landkreis|Insgesamt|1960.0
2024|09671|Aschaffenburg, Landkreis|männlich|992.0
2024|09671|Aschaffenburg, Landkreis|weiblich|968.0
2024|09672|Bad Kissingen, Landkreis|Insgesamt|1400.0
2024|09672|Bad Kissingen, Landkreis|männlich|702.0
2024|09672|Bad Kissingen, Landkreis|weiblich|698.0
2024|09673|Rhön-Grabfeld, Landkreis|Insgesamt|963.0
2024|09673|Rhön-Grabfeld, Landkreis|männlich|480.0
2024|09673|Rhön-Grabfeld, Landkreis|weiblich|483.0
2024|09674|Haßberge, Landkreis|Insgesamt|994.0
2024|09674|Haßberge, Landkreis|männlich|553.0
2024|09674|Haßberge, Landkreis|weiblich|441.0
2024|09675|Kitzingen, Landkreis|Insgesamt|1058.0
2024|09675|Kitzingen, Landkreis|männlich|537.0
2024|09675|Kitzingen, Landkreis|weiblich|521.0
2024|09676|Miltenberg, Landkreis|Insgesamt|1491.0
2024|09676|Miltenberg, Landkreis|männlich|745.0
2024|09676|Miltenberg, Landkreis|weiblich|746.0
2024|09677|Main-Spessart, Landkreis|Insgesamt|1558.0
2024|09677|Main-Spessart, Landkreis|männlich|799.0
2024|09677|Main-Spessart, Landkreis|weiblich|759.0
2024|09678|Schweinfurt, Landkreis|Insgesamt|1394.0
2024|09678|Schweinfurt, Landkreis|männlich|712.0
2024|09678|Schweinfurt, Landkreis|weiblich|682.0
2024|09679|Würzburg, Landkreis|Insgesamt|1532.0
2024|09679|Würzburg, Landkreis|männlich|799.0
2024|09679|Würzburg, Landkreis|weiblich|733.0
2024|09761|Augsburg, kreisfreie Stadt|Insgesamt|3150.0
2024|09761|Augsburg, kreisfreie Stadt|männlich|1544.0
2024|09761|Augsburg, kreisfreie Stadt|weiblich|1606.0
2024|09762|Kaufbeuren, kreisfreie Stadt|Insgesamt|565.0
2024|09762|Kaufbeuren, kreisfreie Stadt|männlich|292.0
2024|09762|Kaufbeuren, kreisfreie Stadt|weiblich|273.0
2024|09763|Kempten (Allgäu), kreisfreie Stadt|Insgesamt|866.0
2024|09763|Kempten (Allgäu), kreisfreie Stadt|männlich|440.0
2024|09763|Kempten (Allgäu), kreisfreie Stadt|weiblich|426.0
2024|09764|Memmingen, kreisfreie Stadt|Insgesamt|522.0
2024|09764|Memmingen, kreisfreie Stadt|männlich|240.0
2024|09764|Memmingen, kreisfreie Stadt|weiblich|282.0
2024|09771|Aichach-Friedberg, Landkreis|Insgesamt|1327.0
2024|09771|Aichach-Friedberg, Landkreis|männlich|674.0
2024|09771|Aichach-Friedberg, Landkreis|weiblich|653.0
2024|09772|Augsburg, Landkreis|Insgesamt|2713.0
2024|09772|Augsburg, Landkreis|männlich|1334.0
2024|09772|Augsburg, Landkreis|weiblich|1379.0
2024|09773|Dillingen a.d.Donau, Landkreis|Insgesamt|1104.0
2024|09773|Dillingen a.d.Donau, Landkreis|männlich|569.0
2024|09773|Dillingen a.d.Donau, Landkreis|weiblich|535.0
2024|09774|Günzburg, Landkreis|Insgesamt|1368.0
2024|09774|Günzburg, Landkreis|männlich|670.0
2024|09774|Günzburg, Landkreis|weiblich|698.0
2024|09775|Neu-Ulm, Landkreis|Insgesamt|1917.0
2024|09775|Neu-Ulm, Landkreis|männlich|941.0
2024|09775|Neu-Ulm, Landkreis|weiblich|976.0
2024|09776|Lindau (Bodensee), Landkreis|Insgesamt|1043.0
2024|09776|Lindau (Bodensee), Landkreis|männlich|513.0
2024|09776|Lindau (Bodensee), Landkreis|weiblich|530.0
2024|09777|Ostallgäu, Landkreis|Insgesamt|1416.0
2024|09777|Ostallgäu, Landkreis|männlich|680.0
2024|09777|Ostallgäu, Landkreis|weiblich|736.0
2024|09778|Unterallgäu, Landkreis|Insgesamt|1657.0
2024|09778|Unterallgäu, Landkreis|männlich|847.0
2024|09778|Unterallgäu, Landkreis|weiblich|810.0
2024|09779|Donau-Ries, Landkreis|Insgesamt|1513.0
2024|09779|Donau-Ries, Landkreis|männlich|781.0
2024|09779|Donau-Ries, Landkreis|weiblich|732.0
2024|09780|Oberallgäu, Landkreis|Insgesamt|1742.0
2024|09780|Oberallgäu, Landkreis|männlich|883.0
2024|09780|Oberallgäu, Landkreis|weiblich|859.0
2024|10041|Saarbrücken, Regionalverband|Insgesamt|4766.0
2024|10041|Saarbrücken, Regionalverband|männlich|2349.0
2024|10041|Saarbrücken, Regionalverband|weiblich|2417.0
2024|10041100|Saarbrücken, Landeshauptstadt|Insgesamt|2389.0
2024|10041100|Saarbrücken, Landeshauptstadt|männlich|1177.0
2024|10041100|Saarbrücken, Landeshauptstadt|weiblich|1212.0
2024|10042|Merzig-Wadern, Landkreis|Insgesamt|1460.0
2024|10042|Merzig-Wadern, Landkreis|männlich|704.0
2024|10042|Merzig-Wadern, Landkreis|weiblich|756.0
2024|10043|Neunkirchen, Landkreis|Insgesamt|2105.0
2024|10043|Neunkirchen, Landkreis|männlich|1021.0
2024|10043|Neunkirchen, Landkreis|weiblich|1084.0
2024|10044|Saarlouis, Landkreis|Insgesamt|2792.0
2024|10044|Saarlouis, Landkreis|männlich|1373.0
2024|10044|Saarlouis, Landkreis|weiblich|1419.0
2024|10045|Saarpfalz-Kreis|Insgesamt|2133.0
2024|10045|Saarpfalz-Kreis|männlich|1017.0
2024|10045|Saarpfalz-Kreis|weiblich|1116.0
2024|10046|St. Wendel, Landkreis|Insgesamt|1265.0
2024|10046|St. Wendel, Landkreis|männlich|660.0
2024|10046|St. Wendel, Landkreis|weiblich|605.0
2024|11000|Berlin, kreisfreie Stadt|Insgesamt|37686.0
2024|11000|Berlin, kreisfreie Stadt|männlich|18823.0
2024|11000|Berlin, kreisfreie Stadt|weiblich|18863.0
2024|11001001|Berlin-Mitte|Insgesamt|2572.0
2024|11001001|Berlin-Mitte|männlich|1372.0
2024|11001001|Berlin-Mitte|weiblich|1200.0
2024|11002002|Berlin-Friedrichshain-Kreuzberg|Insgesamt|1743.0
2024|11002002|Berlin-Friedrichshain-Kreuzberg|männlich|936.0
2024|11002002|Berlin-Friedrichshain-Kreuzberg|weiblich|807.0
2024|11003003|Berlin-Pankow|Insgesamt|3495.0
2024|11003003|Berlin-Pankow|männlich|1731.0
2024|11003003|Berlin-Pankow|weiblich|1764.0
2024|11004004|Berlin-Charlottenburg-Wilmersdorf|Insgesamt|3558.0
2024|11004004|Berlin-Charlottenburg-Wilmersdorf|männlich|1731.0
2024|11004004|Berlin-Charlottenburg-Wilmersdorf|weiblich|1827.0
2024|11005005|Berlin-Spandau|Insgesamt|2979.0
2024|11005005|Berlin-Spandau|männlich|1457.0
2024|11005005|Berlin-Spandau|weiblich|1522.0
2024|11006006|Berlin-Steglitz-Zehlendorf|Insgesamt|3797.0
2024|11006006|Berlin-Steglitz-Zehlendorf|männlich|1750.0
2024|11006006|Berlin-Steglitz-Zehlendorf|weiblich|2047.0
2024|11007007|Berlin-Tempelhof-Schöneberg|Insgesamt|3515.0
2024|11007007|Berlin-Tempelhof-Schöneberg|männlich|1728.0
2024|11007007|Berlin-Tempelhof-Schöneberg|weiblich|1787.0
2024|11008008|Berlin-Neukölln|Insgesamt|3096.0
2024|11008008|Berlin-Neukölln|männlich|1557.0
2024|11008008|Berlin-Neukölln|weiblich|1539.0
2024|11009009|Berlin-Treptow-Köpenick|Insgesamt|3397.0
2024|11009009|Berlin-Treptow-Köpenick|männlich|1657.0
2024|11009009|Berlin-Treptow-Köpenick|weiblich|1740.0
2024|11010010|Berlin-Marzahn-Hellersdorf|Insgesamt|3161.0
2024|11010010|Berlin-Marzahn-Hellersdorf|männlich|1681.0
2024|11010010|Berlin-Marzahn-Hellersdorf|weiblich|1480.0
2024|11011011|Berlin-Lichtenberg|Insgesamt|3119.0
2024|11011011|Berlin-Lichtenberg|männlich|1627.0
2024|11011011|Berlin-Lichtenberg|weiblich|1492.0
2024|11012012|Berlin-Reinickendorf|Insgesamt|3254.0
2024|11012012|Berlin-Reinickendorf|männlich|1596.0
2024|11012012|Berlin-Reinickendorf|weiblich|1658.0
2024|12051|Brandenburg an der Havel, kreisfreie Stadt|Insgesamt|1176.0
2024|12051|Brandenburg an der Havel, kreisfreie Stadt|männlich|632.0
2024|12051|Brandenburg an der Havel, kreisfreie Stadt|weiblich|544.0
2024|12052|Cottbus, kreisfreie Stadt|Insgesamt|1450.0
2024|12052|Cottbus, kreisfreie Stadt|männlich|743.0
2024|12052|Cottbus, kreisfreie Stadt|weiblich|707.0
2024|12053|Frankfurt (Oder), kreisfreie Stadt|Insgesamt|874.0
2024|12053|Frankfurt (Oder), kreisfreie Stadt|männlich|459.0
2024|12053|Frankfurt (Oder), kreisfreie Stadt|weiblich|415.0
2024|12054|Potsdam, kreisfreie Stadt|Insgesamt|1859.0
2024|12054|Potsdam, kreisfreie Stadt|männlich|884.0
2024|12054|Potsdam, kreisfreie Stadt|weiblich|975.0
2024|12060|Barnim, Landkreis|Insgesamt|2487.0
2024|12060|Barnim, Landkreis|männlich|1280.0
2024|12060|Barnim, Landkreis|weiblich|1207.0
2024|12061|Dahme-Spreewald, Landkreis|Insgesamt|2241.0
2024|12061|Dahme-Spreewald, Landkreis|männlich|1138.0
2024|12061|Dahme-Spreewald, Landkreis|weiblich|1103.0
2024|12062|Elbe-Elster, Landkreis|Insgesamt|1767.0
2024|12062|Elbe-Elster, Landkreis|männlich|930.0
2024|12062|Elbe-Elster, Landkreis|weiblich|837.0
2024|12063|Havelland, Landkreis|Insgesamt|2136.0
2024|12063|Havelland, Landkreis|männlich|1113.0
2024|12063|Havelland, Landkreis|weiblich|1023.0
2024|12064|Märkisch-Oderland, Landkreis|Insgesamt|2724.0
2024|12064|Märkisch-Oderland, Landkreis|männlich|1451.0
2024|12064|Märkisch-Oderland, Landkreis|weiblich|1273.0
2024|12065|Oberhavel, Landkreis|Insgesamt|2695.0
2024|12065|Oberhavel, Landkreis|männlich|1327.0
2024|12065|Oberhavel, Landkreis|weiblich|1368.0
2024|12066|Oberspreewald-Lausitz, Landkreis|Insgesamt|1769.0
2024|12066|Oberspreewald-Lausitz, Landkreis|männlich|939.0
2024|12066|Oberspreewald-Lausitz, Landkreis|weiblich|830.0
2024|12067|Oder-Spree, Landkreis|Insgesamt|2719.0
2024|12067|Oder-Spree, Landkreis|männlich|1351.0
2024|12067|Oder-Spree, Landkreis|weiblich|1368.0
2024|12068|Ostprignitz-Ruppin, Landkreis|Insgesamt|1525.0
2024|12068|Ostprignitz-Ruppin, Landkreis|männlich|798.0
2024|12068|Ostprignitz-Ruppin, Landkreis|weiblich|727.0
2024|12069|Potsdam-Mittelmark, Landkreis|Insgesamt|2555.0
2024|12069|Potsdam-Mittelmark, Landkreis|männlich|1326.0
2024|12069|Potsdam-Mittelmark, Landkreis|weiblich|1229.0
2024|12070|Prignitz, Landkreis|Insgesamt|1263.0
2024|12070|Prignitz, Landkreis|männlich|654.0
2024|12070|Prignitz, Landkreis|weiblich|609.0
2024|12071|Spree-Neiße, Landkreis|Insgesamt|1779.0
2024|12071|Spree-Neiße, Landkreis|männlich|953.0
2024|12071|Spree-Neiße, Landkreis|weiblich|826.0
2024|12072|Teltow-Fläming, Landkreis|Insgesamt|2252.0
2024|12072|Teltow-Fläming, Landkreis|männlich|1173.0
2024|12072|Teltow-Fläming, Landkreis|weiblich|1079.0
2024|12073|Uckermark, Landkreis|Insgesamt|1983.0
2024|12073|Uckermark, Landkreis|männlich|1026.0
2024|12073|Uckermark, Landkreis|weiblich|957.0
2024|13003|Rostock, kreisfreie Stadt|Insgesamt|2800.0
2024|13003|Rostock, kreisfreie Stadt|männlich|1435.0
2024|13003|Rostock, kreisfreie Stadt|weiblich|1365.0
2024|13004|Schwerin, kreisfreie Stadt|Insgesamt|1575.0
2024|13004|Schwerin, kreisfreie Stadt|männlich|779.0
2024|13004|Schwerin, kreisfreie Stadt|weiblich|796.0
2024|13071|Mecklenburgische Seenplatte, Landkreis|Insgesamt|4095.0
2024|13071|Mecklenburgische Seenplatte, Landkreis|männlich|2122.0
2024|13071|Mecklenburgische Seenplatte, Landkreis|weiblich|1973.0
2024|13072|Landkreis Rostock|Insgesamt|3006.0
2024|13072|Landkreis Rostock|männlich|1578.0
2024|13072|Landkreis Rostock|weiblich|1428.0
2024|13073|Vorpommern-Rügen, Landkreis|Insgesamt|3580.0
2024|13073|Vorpommern-Rügen, Landkreis|männlich|1856.0
2024|13073|Vorpommern-Rügen, Landkreis|weiblich|1724.0
2024|13074|Nordwestmecklenburg, Landkreis|Insgesamt|2270.0
2024|13074|Nordwestmecklenburg, Landkreis|männlich|1186.0
2024|13074|Nordwestmecklenburg, Landkreis|weiblich|1084.0
2024|13075|Vorpommern-Greifswald, Landkreis|Insgesamt|3667.0
2024|13075|Vorpommern-Greifswald, Landkreis|männlich|1867.0
2024|13075|Vorpommern-Greifswald, Landkreis|weiblich|1800.0
2024|13076|Ludwigslust-Parchim, Landkreis|Insgesamt|2934.0
2024|13076|Ludwigslust-Parchim, Landkreis|männlich|1480.0
2024|13076|Ludwigslust-Parchim, Landkreis|weiblich|1454.0
2024|14511|Chemnitz, kreisfreie Stadt|Insgesamt|3598.0
2024|14511|Chemnitz, kreisfreie Stadt|männlich|1872.0
2024|14511|Chemnitz, kreisfreie Stadt|weiblich|1726.0
2024|14521|Erzgebirgskreis|Insgesamt|5186.0
2024|14521|Erzgebirgskreis|männlich|2592.0
2024|14521|Erzgebirgskreis|weiblich|2594.0
2024|14522|Mittelsachsen, Landkreis|Insgesamt|4578.0
2024|14522|Mittelsachsen, Landkreis|männlich|2364.0
2024|14522|Mittelsachsen, Landkreis|weiblich|2214.0
2024|14523|Vogtlandkreis|Insgesamt|3805.0
2024|14523|Vogtlandkreis|männlich|1892.0
2024|14523|Vogtlandkreis|weiblich|1913.0
2024|14524|Zwickau, Landkreis|Insgesamt|5289.0
2024|14524|Zwickau, Landkreis|männlich|2599.0
2024|14524|Zwickau, Landkreis|weiblich|2690.0
2024|14612|Dresden, kreisfreie Stadt|Insgesamt|5860.0
2024|14612|Dresden, kreisfreie Stadt|männlich|2865.0
2024|14612|Dresden, kreisfreie Stadt|weiblich|2995.0
2024|14625|Bautzen, Landkreis|Insgesamt|4361.0
2024|14625|Bautzen, Landkreis|männlich|2211.0
2024|14625|Bautzen, Landkreis|weiblich|2150.0
2024|14626|Görlitz, Landkreis|Insgesamt|4118.0
2024|14626|Görlitz, Landkreis|männlich|2032.0
2024|14626|Görlitz, Landkreis|weiblich|2086.0
2024|14627|Meißen, Landkreis|Insgesamt|3512.0
2024|14627|Meißen, Landkreis|männlich|1775.0
2024|14627|Meißen, Landkreis|weiblich|1737.0
2024|14628|Sächsische Schweiz-Osterzgebirge, Landkreis|Insgesamt|3497.0
2024|14628|Sächsische Schweiz-Osterzgebirge, Landkreis|männlich|1759.0
2024|14628|Sächsische Schweiz-Osterzgebirge, Landkreis|weiblich|1738.0
2024|14713|Leipzig, kreisfreie Stadt|Insgesamt|6751.0
2024|14713|Leipzig, kreisfreie Stadt|männlich|3374.0
2024|14713|Leipzig, kreisfreie Stadt|weiblich|3377.0
2024|14729|Leipzig, Landkreis|Insgesamt|3617.0
2024|14729|Leipzig, Landkreis|männlich|1836.0
2024|14729|Leipzig, Landkreis|weiblich|1781.0
2024|14730|Nordsachsen, Landkreis|Insgesamt|2796.0
2024|14730|Nordsachsen, Landkreis|männlich|1426.0
2024|14730|Nordsachsen, Landkreis|weiblich|1370.0
2024|15001|Dessau-Roßlau, kreisfreie Stadt|Insgesamt|1558.0
2024|15001|Dessau-Roßlau, kreisfreie Stadt|männlich|807.0
2024|15001|Dessau-Roßlau, kreisfreie Stadt|weiblich|751.0
2024|15002|Halle (Saale), kreisfreie Stadt|Insgesamt|3196.0
2024|15002|Halle (Saale), kreisfreie Stadt|männlich|1606.0
2024|15002|Halle (Saale), kreisfreie Stadt|weiblich|1590.0
2024|15003|Magdeburg, kreisfreie Stadt, Landeshauptstadt|Insgesamt|3337.0
2024|15003|Magdeburg, kreisfreie Stadt, Landeshauptstadt|männlich|1656.0
2024|15003|Magdeburg, kreisfreie Stadt, Landeshauptstadt|weiblich|1681.0
2024|15081|Altmarkkreis Salzwedel|Insgesamt|1230.0
2024|15081|Altmarkkreis Salzwedel|männlich|620.0
2024|15081|Altmarkkreis Salzwedel|weiblich|610.0
2024|15082|Anhalt-Bitterfeld, Landkreis|Insgesamt|2631.0
2024|15082|Anhalt-Bitterfeld, Landkreis|männlich|1341.0
2024|15082|Anhalt-Bitterfeld, Landkreis|weiblich|1290.0
2024|15083|Börde, Landkreis|Insgesamt|2392.0
2024|15083|Börde, Landkreis|männlich|1234.0
2024|15083|Börde, Landkreis|weiblich|1158.0
2024|15084|Burgenlandkreis|Insgesamt|2893.0
2024|15084|Burgenlandkreis|männlich|1392.0
2024|15084|Burgenlandkreis|weiblich|1501.0
2024|15085|Harz, Landkreis|Insgesamt|3740.0
2024|15085|Harz, Landkreis|männlich|1926.0
2024|15085|Harz, Landkreis|weiblich|1814.0
2024|15086|Jerichower Land, Landkreis|Insgesamt|1350.0
2024|15086|Jerichower Land, Landkreis|männlich|668.0
2024|15086|Jerichower Land, Landkreis|weiblich|682.0
2024|15087|Mansfeld-Südharz, Landkreis|Insgesamt|2375.0
2024|15087|Mansfeld-Südharz, Landkreis|männlich|1179.0
2024|15087|Mansfeld-Südharz, Landkreis|weiblich|1196.0
2024|15088|Saalekreis|Insgesamt|2583.0
2024|15088|Saalekreis|männlich|1298.0
2024|15088|Saalekreis|weiblich|1285.0
2024|15089|Salzlandkreis|Insgesamt|3148.0
2024|15089|Salzlandkreis|männlich|1619.0
2024|15089|Salzlandkreis|weiblich|1529.0
2024|15090|Stendal, Landkreis|Insgesamt|1806.0
2024|15090|Stendal, Landkreis|männlich|952.0
2024|15090|Stendal, Landkreis|weiblich|854.0
2024|15091|Wittenberg, Landkreis|Insgesamt|1966.0
2024|15091|Wittenberg, Landkreis|männlich|1012.0
2024|15091|Wittenberg, Landkreis|weiblich|954.0
2024|16051|Erfurt, kreisfreie Stadt|Insgesamt|2531.0
2024|16051|Erfurt, kreisfreie Stadt|männlich|1297.0
2024|16051|Erfurt, kreisfreie Stadt|weiblich|1234.0
2024|16052|Gera, kreisfreie Stadt|Insgesamt|1475.0
2024|16052|Gera, kreisfreie Stadt|männlich|750.0
2024|16052|Gera, kreisfreie Stadt|weiblich|725.0
2024|16053|Jena, kreisfreie Stadt|Insgesamt|1200.0
2024|16053|Jena, kreisfreie Stadt|männlich|629.0
2024|16053|Jena, kreisfreie Stadt|weiblich|571.0
2024|16054|Suhl, kreisfreie Stadt|Insgesamt|573.0
2024|16054|Suhl, kreisfreie Stadt|männlich|297.0
2024|16054|Suhl, kreisfreie Stadt|weiblich|276.0
2024|16055|Weimar, kreisfreie Stadt|Insgesamt|838.0
2024|16055|Weimar, kreisfreie Stadt|männlich|406.0
2024|16055|Weimar, kreisfreie Stadt|weiblich|432.0
2024|16061|Eichsfeld, Landkreis|Insgesamt|1304.0
2024|16061|Eichsfeld, Landkreis|männlich|664.0
2024|16061|Eichsfeld, Landkreis|weiblich|640.0
2024|16062|Nordhausen, Landkreis|Insgesamt|1344.0
2024|16062|Nordhausen, Landkreis|männlich|721.0
2024|16062|Nordhausen, Landkreis|weiblich|623.0
2024|16063|Wartburgkreis|Insgesamt|2260.0
2024|16063|Wartburgkreis|männlich|1209.0
2024|16063|Wartburgkreis|weiblich|1051.0
2024|16064|Unstrut-Hainich-Kreis|Insgesamt|1473.0
2024|16064|Unstrut-Hainich-Kreis|männlich|755.0
2024|16064|Unstrut-Hainich-Kreis|weiblich|718.0
2024|16065|Kyffhäuserkreis|Insgesamt|1224.0
2024|16065|Kyffhäuserkreis|männlich|655.0
2024|16065|Kyffhäuserkreis|weiblich|569.0
2024|16066|Schmalkalden-Meiningen, Landkreis|Insgesamt|1947.0
2024|16066|Schmalkalden-Meiningen, Landkreis|männlich|1009.0
2024|16066|Schmalkalden-Meiningen, Landkreis|weiblich|938.0
2024|16067|Gotha, Landkreis|Insgesamt|1974.0
2024|16067|Gotha, Landkreis|männlich|993.0
2024|16067|Gotha, Landkreis|weiblich|981.0
2024|16068|Sömmerda, Landkreis|Insgesamt|954.0
2024|16068|Sömmerda, Landkreis|männlich|502.0
2024|16068|Sömmerda, Landkreis|weiblich|452.0
2024|16069|Hildburghausen, Landkreis|Insgesamt|944.0
2024|16069|Hildburghausen, Landkreis|männlich|494.0
2024|16069|Hildburghausen, Landkreis|weiblich|450.0
2024|16070|Ilm-Kreis|Insgesamt|1548.0
2024|16070|Ilm-Kreis|männlich|756.0
2024|16070|Ilm-Kreis|weiblich|792.0
2024|16071|Weimarer Land, Landkreis|Insgesamt|1043.0
2024|16071|Weimarer Land, Landkreis|männlich|555.0
2024|16071|Weimarer Land, Landkreis|weiblich|488.0
2024|16072|Sonneberg, Landkreis|Insgesamt|943.0
2024|16072|Sonneberg, Landkreis|männlich|497.0
2024|16072|Sonneberg, Landkreis|weiblich|446.0
2024|16073|Saalfeld-Rudolstadt, Landkreis|Insgesamt|1641.0
2024|16073|Saalfeld-Rudolstadt, Landkreis|männlich|847.0
2024|16073|Saalfeld-Rudolstadt, Landkreis|weiblich|794.0
2024|16074|Saale-Holzland-Kreis|Insgesamt|1009.0
2024|16074|Saale-Holzland-Kreis|männlich|542.0
2024|16074|Saale-Holzland-Kreis|weiblich|467.0
2024|16075|Saale-Orla-Kreis|Insgesamt|1183.0
2024|16075|Saale-Orla-Kreis|männlich|613.0
2024|16075|Saale-Orla-Kreis|weiblich|570.0
2024|16076|Greiz, Landkreis|Insgesamt|1593.0
2024|16076|Greiz, Landkreis|männlich|802.0
2024|16076|Greiz, Landkreis|weiblich|791.0
2024|16077|Altenburger Land, Landkreis|Insgesamt|1453.0
2024|16077|Altenburger Land, Landkreis|männlich|718.0
2024|16077|Altenburger Land, Landkreis|weiblich|735.0
2024|010|Schleswig-Holstein|Insgesamt|38843.0
2024|010|Schleswig-Holstein|männlich|19435.0
2024|010|Schleswig-Holstein|weiblich|19408.0
2024|020|Hamburg|Insgesamt|18591.0
2024|020|Hamburg|männlich|9119.0
2024|020|Hamburg|weiblich|9472.0
2024|031|Braunschweig, Statistische Region|Insgesamt|21263.0
2024|031|Braunschweig, Statistische Region|männlich|10638.0
2024|031|Braunschweig, Statistische Region|weiblich|10625.0
2024|032|Hannover, Statistische Region|Insgesamt|28036.0
2024|032|Hannover, Statistische Region|männlich|13941.0
2024|032|Hannover, Statistische Region|weiblich|14095.0
2024|033|Lüneburg, Statistische Region|Insgesamt|22558.0
2024|033|Lüneburg, Statistische Region|männlich|11291.0
2024|033|Lüneburg, Statistische Region|weiblich|11267.0
2024|034|Weser-Ems, Statistische Region|Insgesamt|31277.0
2024|034|Weser-Ems, Statistische Region|männlich|15727.0
2024|034|Weser-Ems, Statistische Region|weiblich|15550.0
2024|040|Bremen|Insgesamt|8395.0
2024|040|Bremen|männlich|4255.0
2024|040|Bremen|weiblich|4140.0
2024|051|Düsseldorf, Regierungsbezirk|Insgesamt|66221.0
2024|051|Düsseldorf, Regierungsbezirk|männlich|32385.0
2024|051|Düsseldorf, Regierungsbezirk|weiblich|33836.0
2024|053|Köln, Regierungsbezirk|Insgesamt|51029.0
2024|053|Köln, Regierungsbezirk|männlich|25075.0
2024|053|Köln, Regierungsbezirk|weiblich|25954.0
2024|055|Münster, Regierungsbezirk|Insgesamt|31472.0
2024|055|Münster, Regierungsbezirk|männlich|15424.0
2024|055|Münster, Regierungsbezirk|weiblich|16048.0
2024|057|Detmold, Regierungsbezirk|Insgesamt|24828.0
2024|057|Detmold, Regierungsbezirk|männlich|12223.0
2024|057|Detmold, Regierungsbezirk|weiblich|12605.0
2024|059|Arnsberg, Regierungsbezirk|Insgesamt|46882.0
2024|059|Arnsberg, Regierungsbezirk|männlich|22999.0
2024|059|Arnsberg, Regierungsbezirk|weiblich|23883.0
2024|064|Darmstadt, Regierungsbezirk|Insgesamt|42493.0
2024|064|Darmstadt, Regierungsbezirk|männlich|21221.0
2024|064|Darmstadt, Regierungsbezirk|weiblich|21272.0
2024|065|Gießen, Regierungsbezirk|Insgesamt|12819.0
2024|065|Gießen, Regierungsbezirk|männlich|6526.0
2024|065|Gießen, Regierungsbezirk|weiblich|6293.0
2024|066|Kassel, Regierungsbezirk|Insgesamt|16235.0
2024|066|Kassel, Regierungsbezirk|männlich|8066.0
2024|066|Kassel, Regierungsbezirk|weiblich|8169.0
2024|071|Koblenz, Statistische Region|Insgesamt|19797.0
2024|071|Koblenz, Statistische Region|männlich|9842.0
2024|071|Koblenz, Statistische Region|weiblich|9955.0
2024|072|Trier, Statistische Region|Insgesamt|6431.0
2024|072|Trier, Statistische Region|männlich|3236.0
2024|072|Trier, Statistische Region|weiblich|3195.0
2024|073|Rheinhessen-Pfalz, Statistische Region|Insgesamt|24929.0
2024|073|Rheinhessen-Pfalz, Statistische Region|männlich|12389.0
2024|073|Rheinhessen-Pfalz, Statistische Region|weiblich|12540.0
2024|081|Stuttgart, Regierungsbezirk|Insgesamt|43446.0
2024|081|Stuttgart, Regierungsbezirk|männlich|21827.0
2024|081|Stuttgart, Regierungsbezirk|weiblich|21619.0
2024|082|Karlsruhe, Regierungsbezirk|Insgesamt|30555.0
2024|082|Karlsruhe, Regierungsbezirk|männlich|15266.0
2024|082|Karlsruhe, Regierungsbezirk|weiblich|15289.0
2024|083|Freiburg, Regierungsbezirk|Insgesamt|25074.0
2024|083|Freiburg, Regierungsbezirk|männlich|12513.0
2024|083|Freiburg, Regierungsbezirk|weiblich|12561.0
2024|084|Tübingen, Regierungsbezirk|Insgesamt|19508.0
2024|084|Tübingen, Regierungsbezirk|männlich|9798.0
2024|084|Tübingen, Regierungsbezirk|weiblich|9710.0
2024|091|Oberbayern, Regierungsbezirk|Insgesamt|46321.0
2024|091|Oberbayern, Regierungsbezirk|männlich|22933.0
2024|091|Oberbayern, Regierungsbezirk|weiblich|23388.0
2024|092|Niederbayern, Regierungsbezirk|Insgesamt|14378.0
2024|092|Niederbayern, Regierungsbezirk|männlich|7169.0
2024|092|Niederbayern, Regierungsbezirk|weiblich|7209.0
2024|093|Oberpfalz, Regierungsbezirk|Insgesamt|12979.0
2024|093|Oberpfalz, Regierungsbezirk|männlich|6423.0
2024|093|Oberpfalz, Regierungsbezirk|weiblich|6556.0
2024|094|Oberfranken, Regierungsbezirk|Insgesamt|13860.0
2024|094|Oberfranken, Regierungsbezirk|männlich|6742.0
2024|094|Oberfranken, Regierungsbezirk|weiblich|7118.0
2024|095|Mittelfranken, Regierungsbezirk|Insgesamt|20288.0
2024|095|Mittelfranken, Regierungsbezirk|männlich|10104.0
2024|095|Mittelfranken, Regierungsbezirk|weiblich|10184.0
2024|096|Unterfranken, Regierungsbezirk|Insgesamt|15332.0
2024|096|Unterfranken, Regierungsbezirk|männlich|7776.0
2024|096|Unterfranken, Regierungsbezirk|weiblich|7556.0
2024|097|Schwaben, Regierungsbezirk|Insgesamt|20903.0
2024|097|Schwaben, Regierungsbezirk|männlich|10408.0
2024|097|Schwaben, Regierungsbezirk|weiblich|10495.0
2024|100|Saarland, Regierungsbezirk|Insgesamt|14521.0
2024|100|Saarland, Regierungsbezirk|männlich|7124.0
2024|100|Saarland, Regierungsbezirk|weiblich|7397.0
2024|110|Berlin|Insgesamt|37686.0
2024|110|Berlin|männlich|18823.0
2024|110|Berlin|weiblich|18863.0
2024|120|Brandenburg|Insgesamt|35254.0
2024|120|Brandenburg|männlich|18177.0
2024|120|Brandenburg|weiblich|17077.0
2024|130|Mecklenburg-Vorpommern, Statistische Region|Insgesamt|23927.0
2024|130|Mecklenburg-Vorpommern, Statistische Region|männlich|12303.0
2024|130|Mecklenburg-Vorpommern, Statistische Region|weiblich|11624.0
2024|145|Chemnitz, Statistische Region|Insgesamt|22456.0
2024|145|Chemnitz, Statistische Region|männlich|11319.0
2024|145|Chemnitz, Statistische Region|weiblich|11137.0
2024|146|Dresden, Statistische Region|Insgesamt|21348.0
2024|146|Dresden, Statistische Region|männlich|10642.0
2024|146|Dresden, Statistische Region|weiblich|10706.0
2024|147|Leipzig, Statistische Region|Insgesamt|13164.0
2024|147|Leipzig, Statistische Region|männlich|6636.0
2024|147|Leipzig, Statistische Region|weiblich|6528.0
2024|150|Sachsen-Anhalt|Insgesamt|34205.0
2024|150|Sachsen-Anhalt|männlich|17310.0
2024|150|Sachsen-Anhalt|weiblich|16895.0
2024|160|Thüringen|Insgesamt|30454.0
2024|160|Thüringen|männlich|15711.0
2024|160|Thüringen|weiblich|14743.0
